t,measured_gauge_height_ft,tide_ft,temperature_f,wind_direction,short_forecast,is_daytime,wind_speed_mph,rain_inches,station,illumination,phase_angle,phase_name,rain_24h,rain_72h,rain_7d
2026-07-23 17:25:10+00:00,1.84,2.67,,,,,,0.0,KFBG,0.7122,71.22,waning_gibbous,0.0,0.0,0.0
2026-07-23 17:30:10+00:00,1.92,3.502,,,,,,0.0,KFBG,0.7158,71.58,waning_gibbous,0.0,0.0,0.0
2026-07-23 17:35:10+00:00,1.99,3.502,,,,,,0.0118110236220472,KACZ,0.7158,71.58,waning_gibbous,0.0118110236220472,0.0118110236220472,0.0118110236220472
2026-07-23 17:40:10+00:00,2.07,3.502,,,,,,0.0118110236220472,KACZ,0.7158,71.58,waning_gibbous,0.0236220472440944,0.0236220472440944,0.0236220472440944
2026-07-23 17:45:10+00:00,2.15,3.502,,,,,,0.0,KFBG,0.7158,71.58,waning_gibbous,0.0236220472440944,0.0236220472440944,0.0236220472440944
2026-07-23 17:50:10+00:00,2.21,3.502,,,,,,0.0,KFBG,0.7158,71.58,waning_gibbous,0.0236220472440944,0.0236220472440944,0.0236220472440944
2026-07-23 17:55:10+00:00,2.28,3.502,,,,,,0.0905511811023622,KFBG,0.7158,71.58,waning_gibbous,0.1141732283464566,0.1141732283464566,0.1141732283464566
2026-07-23 18:00:10+00:00,2.35,3.502,,,,,,0.0,KFBG,0.7158,71.58,waning_gibbous,0.1141732283464566,0.1141732283464566,0.1141732283464566
2026-07-23 18:05:10+00:00,2.4,3.502,,,,,,0.0,KFBG,0.7158,71.58,waning_gibbous,0.1141732283464566,0.1141732283464566,0.1141732283464566
2026-07-23 18:10:10+00:00,2.48,3.502,,,,,,0.0,KFBG,0.7158,71.58,waning_gibbous,0.1141732283464566,0.1141732283464566,0.1141732283464566
2026-07-23 18:15:10+00:00,2.54,3.502,,,,,,0.0,KFBG,0.7158,71.58,waning_gibbous,0.1141732283464566,0.1141732283464566,0.1141732283464566
2026-07-23 18:20:10+00:00,2.6,3.502,,,,,,0.0,KFBG,0.7158,71.58,waning_gibbous,0.1141732283464566,0.1141732283464566,0.1141732283464566
2026-07-23 18:25:10+00:00,2.65,3.502,,,,,,0.0,KFBG,0.7158,71.58,waning_gibbous,0.1141732283464566,0.1141732283464566,0.1141732283464566
2026-07-23 18:30:10+00:00,2.72,4.052,,,,,,0.0,KFBG,0.7194,71.94,waning_gibbous,0.1141732283464566,0.1141732283464566,0.1141732283464566
2026-07-23 18:35:10+00:00,2.78,4.052,,,,,,0.0984251968503937,KACZ,0.7194,71.94,waning_gibbous,0.2125984251968503,0.2125984251968503,0.2125984251968503
2026-07-23 18:40:10+00:00,2.83,4.052,,,,,,0.0,KFBG,0.7194,71.94,waning_gibbous,0.2125984251968503,0.2125984251968503,0.2125984251968503
2026-07-23 18:45:10+00:00,2.89,4.052,,,,,,0.0,KFBG,0.7194,71.94,waning_gibbous,0.2125984251968503,0.2125984251968503,0.2125984251968503
2026-07-23 18:50:10+00:00,2.94,4.052,,,,,,0.0,KFBG,0.7194,71.94,waning_gibbous,0.2125984251968503,0.2125984251968503,0.2125984251968503
2026-07-23 18:55:10+00:00,3.0,4.052,,,,,,0.0118110236220472,KFBG,0.7194,71.94,waning_gibbous,0.22440944881889752,0.22440944881889752,0.22440944881889752
2026-07-23 19:00:10+00:00,3.01,4.052,,,,,,0.0,KFBG,0.7194,71.94,waning_gibbous,0.22440944881889752,0.22440944881889752,0.22440944881889752
2026-07-23 19:05:10+00:00,3.1100000000000003,4.052,,,,,,0.0,KFBG,0.7194,71.94,waning_gibbous,0.22440944881889752,0.22440944881889752,0.22440944881889752
2026-07-23 19:10:10+00:00,3.18,4.052,,,,,,0.0,KFBG,0.7194,71.94,waning_gibbous,0.22440944881889752,0.22440944881889752,0.22440944881889752
2026-07-23 19:15:10+00:00,3.22,4.052,,,,,,0.0314960629921259,KACZ,0.7194,71.94,waning_gibbous,0.2559055118110234,0.2559055118110234,0.2559055118110234
2026-07-23 19:20:10+00:00,3.3,4.052,,,,,,0.0314960629921259,KACZ,0.7194,71.94,waning_gibbous,0.2874015748031493,0.2874015748031493,0.2874015748031493
2026-07-23 19:25:10+00:00,3.34,4.052,,,,,,0.0511811023622047,KACZ,0.7194,71.94,waning_gibbous,0.338582677165354,0.338582677165354,0.338582677165354
2026-07-23 19:30:10+00:00,3.39,4.186,,,,,,0.0511811023622047,KACZ,0.7229,72.29,waning_gibbous,0.3897637795275587,0.3897637795275587,0.3897637795275587
2026-07-23 19:35:10+00:00,3.43,4.186,,,,,,0.0511811023622047,KACZ,0.7229,72.29,waning_gibbous,0.44094488188976344,0.44094488188976344,0.44094488188976344
2026-07-23 19:40:10+00:00,3.49,4.186,,,,,,0.0511811023622047,KACZ,0.7229,72.29,waning_gibbous,0.49212598425196813,0.49212598425196813,0.49212598425196813
2026-07-23 19:45:10+00:00,3.51,4.186,,,,,,0.0,KFBG,0.7229,72.29,waning_gibbous,0.49212598425196813,0.49212598425196813,0.49212598425196813
2026-07-23 19:50:10+00:00,3.54,4.186,,,,,,0.0,KFBG,0.7229,72.29,waning_gibbous,0.49212598425196813,0.49212598425196813,0.49212598425196813
2026-07-23 19:55:10+00:00,3.55,4.186,,,,,,0.0708661417322834,KFBG,0.7229,72.29,waning_gibbous,0.5629921259842515,0.5629921259842515,0.5629921259842515
2026-07-23 20:00:10+00:00,3.58,4.186,,,,,,0.0,KFBG,0.7229,72.29,waning_gibbous,0.5629921259842515,0.5629921259842515,0.5629921259842515
2026-07-23 20:05:10+00:00,3.62,4.186,,,,,,0.0,KFBG,0.7229,72.29,waning_gibbous,0.5629921259842515,0.5629921259842515,0.5629921259842515
2026-07-23 20:10:10+00:00,3.63,4.186,,,,,,0.0,KFBG,0.7229,72.29,waning_gibbous,0.5629921259842515,0.5629921259842515,0.5629921259842515
2026-07-23 20:15:10+00:00,3.64,4.186,,,,,,0.0,KFBG,0.7229,72.29,waning_gibbous,0.5629921259842515,0.5629921259842515,0.5629921259842515
2026-07-23 20:20:10+00:00,3.62,4.186,,,,,,0.0,KFBG,0.7229,72.29,waning_gibbous,0.5629921259842515,0.5629921259842515,0.5629921259842515
2026-07-23 20:25:10+00:00,3.64,4.186,,,,,,0.0,KFBG,0.7229,72.29,waning_gibbous,0.5629921259842515,0.5629921259842515,0.5629921259842515
2026-07-23 20:30:10+00:00,3.67,3.917,,,,,,0.0,KFBG,0.7265,72.65,waning_gibbous,0.5629921259842515,0.5629921259842515,0.5629921259842515
2026-07-23 20:35:10+00:00,3.69,3.917,,,,,,0.0,KACZ,0.7265,72.65,waning_gibbous,0.5629921259842515,0.5629921259842515,0.5629921259842515
2026-07-23 20:40:10+00:00,3.69,3.917,,,,,,0.0,KFBG,0.7265,72.65,waning_gibbous,0.5629921259842515,0.5629921259842515,0.5629921259842515
2026-07-23 20:45:10+00:00,3.7,3.917,,,,,,0.0,KFBG,0.7265,72.65,waning_gibbous,0.5629921259842515,0.5629921259842515,0.5629921259842515
2026-07-23 20:50:10+00:00,3.69,3.917,,,,,,0.1417322834645669,KFBG,0.7265,72.65,waning_gibbous,0.7047244094488184,0.7047244094488184,0.7047244094488184
2026-07-23 20:55:10+00:00,3.7,3.917,,,,,,0.1417322834645669,KFBG,0.7265,72.65,waning_gibbous,0.8464566929133853,0.8464566929133853,0.8464566929133853
2026-07-23 21:00:10+00:00,3.67,3.917,,,,,,0.1417322834645669,KFBG,0.7265,72.65,waning_gibbous,0.9881889763779522,0.9881889763779522,0.9881889763779522
2026-07-23 21:05:10+00:00,3.65,3.917,,,,,,0.0,KACZ,0.7265,72.65,waning_gibbous,0.9881889763779522,0.9881889763779522,0.9881889763779522
2026-07-23 21:10:10+00:00,3.63,3.917,,,,,,0.0,KACZ,0.7265,72.65,waning_gibbous,0.9881889763779522,0.9881889763779522,0.9881889763779522
2026-07-23 21:15:10+00:00,3.58,3.917,,,,,,0.0,KACZ,0.7265,72.65,waning_gibbous,0.9881889763779522,0.9881889763779522,0.9881889763779522
2026-07-23 21:20:10+00:00,3.55,3.917,,,,,,0.0,KFBG,0.7265,72.65,waning_gibbous,0.9881889763779522,0.9881889763779522,0.9881889763779522
2026-07-23 21:25:10+00:00,3.52,3.917,,,,,,0.0,KFBG,0.7265,72.65,waning_gibbous,0.9881889763779522,0.9881889763779522,0.9881889763779522
2026-07-23 21:30:10+00:00,3.47,3.386,,,,,,0.0,KFBG,0.73,73.0,waning_gibbous,0.9881889763779522,0.9881889763779522,0.9881889763779522
2026-07-23 21:35:10+00:00,3.44,3.386,,,,,,0.0,KFBG,0.73,73.0,waning_gibbous,0.9881889763779522,0.9881889763779522,0.9881889763779522
2026-07-23 21:40:10+00:00,3.39,3.386,,,,,,0.0,KFBG,0.73,73.0,waning_gibbous,0.9881889763779522,0.9881889763779522,0.9881889763779522
2026-07-23 21:45:10+00:00,3.3600000000000003,3.386,,,,,,0.0,KFBG,0.73,73.0,waning_gibbous,0.9881889763779522,0.9881889763779522,0.9881889763779522
2026-07-23 21:50:10+00:00,3.27,3.386,,,,,,0.0,KFBG,0.73,73.0,waning_gibbous,0.9881889763779522,0.9881889763779522,0.9881889763779522
2026-07-23 21:55:10+00:00,3.22,3.386,,,,,,0.1614173228346456,KFBG,0.73,73.0,waning_gibbous,1.1496062992125977,1.1496062992125977,1.1496062992125977
2026-07-23 22:00:10+00:00,3.18,3.386,,,,,,0.0,KFBG,0.73,73.0,waning_gibbous,1.1496062992125977,1.1496062992125977,1.1496062992125977
2026-07-23 22:05:10+00:00,3.12,3.386,,,,,,0.0,KFBG,0.73,73.0,waning_gibbous,1.1496062992125977,1.1496062992125977,1.1496062992125977
2026-07-23 22:10:10+00:00,3.08,3.386,,,,,,0.0,KACZ,0.73,73.0,waning_gibbous,1.1496062992125977,1.1496062992125977,1.1496062992125977
2026-07-23 22:15:10+00:00,3.03,3.386,,,,,,0.0,KACZ,0.73,73.0,waning_gibbous,1.1496062992125977,1.1496062992125977,1.1496062992125977
2026-07-23 22:20:10+00:00,2.96,3.386,,,,,,0.0,KACZ,0.73,73.0,waning_gibbous,1.1496062992125977,1.1496062992125977,1.1496062992125977
2026-07-23 22:25:10+00:00,2.93,3.386,,,,,,0.0,KFBG,0.73,73.0,waning_gibbous,1.1496062992125977,1.1496062992125977,1.1496062992125977
2026-07-23 22:30:10+00:00,2.87,2.724,,,,,,0.0,KFBG,0.7335,73.35,waning_gibbous,1.1496062992125977,1.1496062992125977,1.1496062992125977
2026-07-23 22:35:10+00:00,2.82,2.724,,,,,,0.0,KACZ,0.7335,73.35,waning_gibbous,1.1496062992125977,1.1496062992125977,1.1496062992125977
2026-07-23 22:40:10+00:00,2.79,2.724,,,,,,0.0,KACZ,0.7335,73.35,waning_gibbous,1.1496062992125977,1.1496062992125977,1.1496062992125977
2026-07-23 22:45:10+00:00,2.73,2.724,,,,,,0.0196850393700787,KFBG,0.7335,73.35,waning_gibbous,1.1692913385826764,1.1692913385826764,1.1692913385826764
2026-07-23 22:50:10+00:00,2.68,2.724,,,,,,0.0196850393700787,KFBG,0.7335,73.35,waning_gibbous,1.1889763779527551,1.1889763779527551,1.1889763779527551
2026-07-23 22:55:10+00:00,2.62,2.724,,,,,,0.0196850393700787,KFBG,0.7335,73.35,waning_gibbous,1.2086614173228338,1.2086614173228338,1.2086614173228338
2026-07-23 23:00:10+00:00,2.59,2.724,,,,,,0.0196850393700787,KFBG,0.7335,73.35,waning_gibbous,1.2283464566929125,1.2283464566929125,1.2283464566929125
2026-07-23 23:05:10+00:00,2.53,2.724,,,,,,0.0,KFBG,0.7335,73.35,waning_gibbous,1.2283464566929125,1.2283464566929125,1.2283464566929125
2026-07-23 23:10:10+00:00,2.49,2.724,,,,,,0.0,KFBG,0.7335,73.35,waning_gibbous,1.2283464566929125,1.2283464566929125,1.2283464566929125
2026-07-23 23:15:10+00:00,2.43,2.724,,,,,,0.0,KFBG,0.7335,73.35,waning_gibbous,1.2283464566929125,1.2283464566929125,1.2283464566929125
2026-07-23 23:20:10+00:00,2.37,2.724,,,,,,0.0,KFBG,0.7335,73.35,waning_gibbous,1.2283464566929125,1.2283464566929125,1.2283464566929125
2026-07-23 23:25:10+00:00,2.32,2.724,,,,,,0.0,KFBG,0.7335,73.35,waning_gibbous,1.2283464566929125,1.2283464566929125,1.2283464566929125
2026-07-23 23:30:10+00:00,2.27,2.014,,,,,,0.0,KFBG,0.737,73.7,waning_gibbous,1.2283464566929125,1.2283464566929125,1.2283464566929125
2026-07-23 23:35:10+00:00,2.22,2.014,,,,,,0.0984251968503937,KACZ,0.737,73.7,waning_gibbous,1.3267716535433063,1.3267716535433063,1.3267716535433063
2026-07-23 23:40:10+00:00,2.18,2.014,,,,,,0.0,KFBG,0.737,73.7,waning_gibbous,1.3267716535433063,1.3267716535433063,1.3267716535433063
2026-07-23 23:45:10+00:00,2.14,2.014,,,,,,0.0,KFBG,0.737,73.7,waning_gibbous,1.3267716535433063,1.3267716535433063,1.3267716535433063
2026-07-23 23:50:10+00:00,2.08,2.014,,,,,,0.0,KFBG,0.737,73.7,waning_gibbous,1.3267716535433063,1.3267716535433063,1.3267716535433063
2026-07-23 23:55:10+00:00,2.03,2.014,,,,,,0.0,KFBG,0.737,73.7,waning_gibbous,1.3267716535433063,1.3267716535433063,1.3267716535433063
2026-07-24 00:00:10+00:00,1.96,2.014,,,,,,0.0,KFBG,0.737,73.7,waning_gibbous,1.3267716535433063,1.3267716535433063,1.3267716535433063
2026-07-24 00:05:10+00:00,1.9,2.014,,,,,,0.0,KFBG,0.737,73.7,waning_gibbous,1.3267716535433063,1.3267716535433063,1.3267716535433063
2026-07-24 00:10:10+00:00,1.85,2.014,,,,,,0.0118110236220472,KACZ,0.737,73.7,waning_gibbous,1.3385826771653535,1.3385826771653535,1.3385826771653535
2026-07-24 00:15:10+00:00,1.79,2.014,,,,,,0.0118110236220472,KACZ,0.737,73.7,waning_gibbous,1.3503937007874007,1.3503937007874007,1.3503937007874007
2026-07-24 00:20:10+00:00,1.74,2.014,,,,,,0.0,KFBG,0.737,73.7,waning_gibbous,1.3503937007874007,1.3503937007874007,1.3503937007874007
2026-07-24 00:25:10+00:00,1.7,2.014,,,,,,0.0,KFBG,0.737,73.7,waning_gibbous,1.3503937007874007,1.3503937007874007,1.3503937007874007
2026-07-24 00:30:10+00:00,1.64,1.378,,,,,,0.0118110236220472,KACZ,0.7405,74.05,waning_gibbous,1.362204724409448,1.362204724409448,1.362204724409448
2026-07-24 00:35:10+00:00,1.58,1.378,,,,,,0.0118110236220472,KACZ,0.7405,74.05,waning_gibbous,1.3740157480314952,1.3740157480314952,1.3740157480314952
2026-07-24 00:40:10+00:00,1.54,1.378,,,,,,0.0118110236220472,KACZ,0.7405,74.05,waning_gibbous,1.3858267716535424,1.3858267716535424,1.3858267716535424
2026-07-24 00:45:10+00:00,1.48,1.378,,,,,,0.0,KFBG,0.7405,74.05,waning_gibbous,1.3858267716535424,1.3858267716535424,1.3858267716535424
2026-07-24 00:50:10+00:00,1.4300000000000002,1.378,,,,,,0.0,KFBG,0.7405,74.05,waning_gibbous,1.3858267716535424,1.3858267716535424,1.3858267716535424
2026-07-24 00:55:10+00:00,1.4,1.378,,,,,,0.0,KFBG,0.7405,74.05,waning_gibbous,1.3858267716535424,1.3858267716535424,1.3858267716535424
2026-07-24 01:00:10+00:00,1.36,1.378,,,,,,0.0,KFBG,0.7405,74.05,waning_gibbous,1.3858267716535424,1.3858267716535424,1.3858267716535424
2026-07-24 01:05:10+00:00,1.3,1.378,,,,,,0.0,KACZ,0.7405,74.05,waning_gibbous,1.3858267716535424,1.3858267716535424,1.3858267716535424
2026-07-24 01:10:10+00:00,1.25,1.378,,,,,,0.0,KACZ,0.7405,74.05,waning_gibbous,1.3858267716535424,1.3858267716535424,1.3858267716535424
2026-07-24 01:15:10+00:00,1.21,1.378,,,,,,0.0,KACZ,0.7405,74.05,waning_gibbous,1.3858267716535424,1.3858267716535424,1.3858267716535424
2026-07-24 01:20:10+00:00,1.17,1.378,,,,,,0.0,KACZ,0.7405,74.05,waning_gibbous,1.3858267716535424,1.3858267716535424,1.3858267716535424
2026-07-24 01:25:10+00:00,1.13,1.378,,,,,,0.0,KFBG,0.7405,74.05,waning_gibbous,1.3858267716535424,1.3858267716535424,1.3858267716535424
2026-07-24 01:30:10+00:00,1.09,1.009,,,,,,0.0,KFBG,0.7439,74.39,waning_gibbous,1.3858267716535424,1.3858267716535424,1.3858267716535424
2026-07-24 01:35:10+00:00,1.05,1.009,,,,,,0.0,KACZ,0.7439,74.39,waning_gibbous,1.3858267716535424,1.3858267716535424,1.3858267716535424
2026-07-24 01:40:10+00:00,1.0,1.009,,,,,,0.0,KFBG,0.7439,74.39,waning_gibbous,1.3858267716535424,1.3858267716535424,1.3858267716535424
2026-07-24 01:45:10+00:00,0.98,1.009,,,,,,0.0,KFBG,0.7439,74.39,waning_gibbous,1.3858267716535424,1.3858267716535424,1.3858267716535424
2026-07-24 01:50:10+00:00,0.94,1.009,,,,,,0.0708661417322834,KFBG,0.7439,74.39,waning_gibbous,1.4566929133858257,1.4566929133858257,1.4566929133858257
2026-07-24 01:55:10+00:00,0.91,1.009,,,,,,0.0708661417322834,KFBG,0.7439,74.39,waning_gibbous,1.527559055118109,1.527559055118109,1.527559055118109
2026-07-24 02:00:10+00:00,0.8899999999999999,1.009,,,,,,0.0708661417322834,KFBG,0.7439,74.39,waning_gibbous,1.5984251968503926,1.5984251968503926,1.5984251968503926
2026-07-24 02:05:10+00:00,0.8400000000000001,1.009,,,,,,0.0,KACZ,0.7439,74.39,waning_gibbous,1.5984251968503926,1.5984251968503926,1.5984251968503926
2026-07-24 02:10:10+00:00,0.8300000000000001,1.009,,,,,,0.0,KACZ,0.7439,74.39,waning_gibbous,1.5984251968503926,1.5984251968503926,1.5984251968503926
2026-07-24 02:15:10+00:00,0.81,1.009,,,,,,0.0,KACZ,0.7439,74.39,waning_gibbous,1.5984251968503926,1.5984251968503926,1.5984251968503926
2026-07-24 02:20:10+00:00,0.81,1.009,,,,,,0.0,KACZ,0.7439,74.39,waning_gibbous,1.5984251968503926,1.5984251968503926,1.5984251968503926
2026-07-24 02:25:10+00:00,0.78,1.009,,,,,,0.0,KACZ,0.7439,74.39,waning_gibbous,1.5984251968503926,1.5984251968503926,1.5984251968503926
2026-07-24 02:30:10+00:00,0.76,1.04,,,,,,0.0,KACZ,0.7474,74.74,waning_gibbous,1.5984251968503926,1.5984251968503926,1.5984251968503926
2026-07-24 02:35:10+00:00,0.72,1.04,,,,,,0.0,KACZ,0.7474,74.74,waning_gibbous,1.5984251968503926,1.5984251968503926,1.5984251968503926
2026-07-24 02:40:10+00:00,0.69,1.04,,,,,,0.0,KACZ,0.7474,74.74,waning_gibbous,1.5984251968503926,1.5984251968503926,1.5984251968503926
2026-07-24 02:45:10+00:00,0.69,1.04,,,,,,0.0393700787401574,KFBG,0.7474,74.74,waning_gibbous,1.6377952755905498,1.6377952755905498,1.6377952755905498
2026-07-24 02:50:10+00:00,0.6799999999999999,1.04,,,,,,0.0393700787401574,KFBG,0.7474,74.74,waning_gibbous,1.6771653543307072,1.6771653543307072,1.6771653543307072
2026-07-24 02:55:10+00:00,0.6699999999999999,1.04,,,,,,0.0393700787401574,KFBG,0.7474,74.74,waning_gibbous,1.7165354330708646,1.7165354330708646,1.7165354330708646
2026-07-24 03:00:10+00:00,0.69,1.04,,,,,,0.0393700787401574,KFBG,0.7474,74.74,waning_gibbous,1.755905511811022,1.755905511811022,1.755905511811022
2026-07-24 03:05:10+00:00,0.69,1.04,,,,,,0.0,KACZ,0.7474,74.74,waning_gibbous,1.755905511811022,1.755905511811022,1.755905511811022
2026-07-24 03:10:10+00:00,0.73,1.04,,,,,,0.0,KACZ,0.7474,74.74,waning_gibbous,1.755905511811022,1.755905511811022,1.755905511811022
2026-07-24 03:15:10+00:00,0.77,1.04,,,,,,0.0,KACZ,0.7474,74.74,waning_gibbous,1.755905511811022,1.755905511811022,1.755905511811022
2026-07-24 03:20:10+00:00,0.79,1.04,,,,,,0.0,KACZ,0.7474,74.74,waning_gibbous,1.755905511811022,1.755905511811022,1.755905511811022
2026-07-24 03:25:10+00:00,0.8,1.04,,,,,,0.0,KFBG,0.7474,74.74,waning_gibbous,1.755905511811022,1.755905511811022,1.755905511811022
2026-07-24 03:30:10+00:00,0.8,1.421,,,,,,0.0,KFBG,0.7508,75.08,waning_gibbous,1.755905511811022,1.755905511811022,1.755905511811022
2026-07-24 03:35:10+00:00,0.8200000000000001,1.421,,,,,,0.0,KFBG,0.7508,75.08,waning_gibbous,1.755905511811022,1.755905511811022,1.755905511811022
2026-07-24 03:40:10+00:00,0.8799999999999999,1.421,,,,,,0.0,KFBG,0.7508,75.08,waning_gibbous,1.755905511811022,1.755905511811022,1.755905511811022
2026-07-24 03:45:10+00:00,0.93,1.421,,,,,,0.0118110236220472,KFBG,0.7508,75.08,waning_gibbous,1.7677165354330693,1.7677165354330693,1.7677165354330693
2026-07-24 03:50:10+00:00,0.99,1.421,,,,,,0.0118110236220472,KFBG,0.7508,75.08,waning_gibbous,1.7795275590551165,1.7795275590551165,1.7795275590551165
2026-07-24 03:55:10+00:00,1.01,1.421,,,,,,0.0118110236220472,KFBG,0.7508,75.08,waning_gibbous,1.7913385826771637,1.7913385826771637,1.7913385826771637
2026-07-24 04:00:10+00:00,1.04,1.421,,,,,,0.0118110236220472,KFBG,0.7508,75.08,waning_gibbous,1.803149606299211,1.803149606299211,1.803149606299211
2026-07-24 04:05:10+00:00,1.05,1.421,,,,,,0.0,KACZ,0.7508,75.08,waning_gibbous,1.803149606299211,1.803149606299211,1.803149606299211
2026-07-24 04:10:10+00:00,1.09,1.421,,,,,,0.0,KACZ,0.7508,75.08,waning_gibbous,1.803149606299211,1.803149606299211,1.803149606299211
2026-07-24 04:15:10+00:00,1.11,1.421,,,,,,0.0,KACZ,0.7508,75.08,waning_gibbous,1.803149606299211,1.803149606299211,1.803149606299211
2026-07-24 04:20:10+00:00,1.16,1.421,,,,,,0.0,KACZ,0.7508,75.08,waning_gibbous,1.803149606299211,1.803149606299211,1.803149606299211
2026-07-24 04:25:10+00:00,1.23,1.421,,,,,,0.0118110236220472,KACZ,0.7508,75.08,waning_gibbous,1.8149606299212582,1.8149606299212582,1.8149606299212582
2026-07-24 04:30:10+00:00,1.27,1.98,,,,,,0.0118110236220472,KACZ,0.7542,75.42,waning_gibbous,1.8267716535433054,1.8267716535433054,1.8267716535433054
2026-07-24 04:35:10+00:00,1.29,1.98,,,,,,0.0118110236220472,KACZ,0.7542,75.42,waning_gibbous,1.8385826771653526,1.8385826771653526,1.8385826771653526
2026-07-24 04:40:10+00:00,1.3199999999999998,1.98,,,,,,0.0118110236220472,KACZ,0.7542,75.42,waning_gibbous,1.8503937007873998,1.8503937007873998,1.8503937007873998
2026-07-24 04:45:10+00:00,1.34,1.98,,,,,,0.0,KFBG,0.7542,75.42,waning_gibbous,1.8503937007873998,1.8503937007873998,1.8503937007873998
2026-07-24 04:50:10+00:00,1.37,1.98,,,,,,0.0,KFBG,0.7542,75.42,waning_gibbous,1.8503937007873998,1.8503937007873998,1.8503937007873998
2026-07-24 04:55:10+00:00,1.42,1.98,,,,,,0.0787401574803149,KFBG,0.7542,75.42,waning_gibbous,1.9291338582677147,1.9291338582677147,1.9291338582677147
2026-07-24 05:00:10+00:00,1.45,1.98,,,,,,0.0,KFBG,0.7542,75.42,waning_gibbous,1.9291338582677147,1.9291338582677147,1.9291338582677147
2026-07-24 05:05:10+00:00,1.5,1.98,,,,,,0.0,KFBG,0.7542,75.42,waning_gibbous,1.9291338582677147,1.9291338582677147,1.9291338582677147
2026-07-24 05:10:10+00:00,1.53,1.98,,,,,,0.0,KFBG,0.7542,75.42,waning_gibbous,1.9291338582677147,1.9291338582677147,1.9291338582677147
2026-07-24 05:15:10+00:00,1.57,1.98,,,,,,0.0,KACZ,0.7542,75.42,waning_gibbous,1.9291338582677147,1.9291338582677147,1.9291338582677147
2026-07-24 05:20:10+00:00,1.6,1.98,,,,,,0.0,KFBG,0.7542,75.42,waning_gibbous,1.9291338582677147,1.9291338582677147,1.9291338582677147
2026-07-24 05:25:10+00:00,1.64,1.98,,,,,,0.0,KFBG,0.7542,75.42,waning_gibbous,1.9291338582677147,1.9291338582677147,1.9291338582677147
2026-07-24 05:30:10+00:00,1.7,2.536,,,,,,0.0,KFBG,0.7576,75.76,waning_gibbous,1.9291338582677147,1.9291338582677147,1.9291338582677147
2026-07-24 05:35:10+00:00,1.75,2.536,,,,,,0.0,KFBG,0.7576,75.76,waning_gibbous,1.9291338582677147,1.9291338582677147,1.9291338582677147
2026-07-24 05:40:10+00:00,1.8,2.536,,,,,,0.0,KFBG,0.7576,75.76,waning_gibbous,1.9291338582677147,1.9291338582677147,1.9291338582677147
2026-07-24 05:45:10+00:00,1.86,2.536,,,,,,0.0,KFBG,0.7576,75.76,waning_gibbous,1.9291338582677147,1.9291338582677147,1.9291338582677147
2026-07-24 05:50:10+00:00,1.9,2.536,,,,,,0.0,KFBG,0.7576,75.76,waning_gibbous,1.9291338582677147,1.9291338582677147,1.9291338582677147
2026-07-24 05:55:10+00:00,1.96,2.536,,,,,,0.8110236220472442,KFBG,0.7576,75.76,waning_gibbous,2.740157480314959,2.740157480314959,2.740157480314959
2026-07-24 06:00:10+00:00,2.02,2.536,,,,,,0.0,KFBG,0.7576,75.76,waning_gibbous,2.740157480314959,2.740157480314959,2.740157480314959
2026-07-24 06:05:10+00:00,2.06,2.536,,,,,,0.0,KFBG,0.7576,75.76,waning_gibbous,2.740157480314959,2.740157480314959,2.740157480314959
2026-07-24 06:10:10+00:00,2.12,2.536,,,,,,0.0,KFBG,0.7576,75.76,waning_gibbous,2.740157480314959,2.740157480314959,2.740157480314959
2026-07-24 06:15:10+00:00,2.19,2.536,,,,,,0.0,KFBG,0.7576,75.76,waning_gibbous,2.740157480314959,2.740157480314959,2.740157480314959
2026-07-24 06:20:10+00:00,2.26,2.536,,,,,,0.0,KFBG,0.7576,75.76,waning_gibbous,2.740157480314959,2.740157480314959,2.740157480314959
2026-07-24 06:25:10+00:00,2.32,2.536,,,,,,0.0,KACZ,0.7576,75.76,waning_gibbous,2.740157480314959,2.740157480314959,2.740157480314959
2026-07-24 06:30:10+00:00,2.37,2.939,,,,,,0.0,KACZ,0.761,76.1,waning_gibbous,2.740157480314959,2.740157480314959,2.740157480314959
2026-07-24 06:35:10+00:00,2.42,2.939,,,,,,0.0,KACZ,0.761,76.1,waning_gibbous,2.740157480314959,2.740157480314959,2.740157480314959
2026-07-24 06:40:10+00:00,2.47,2.939,,,,,,0.0,KFBG,0.761,76.1,waning_gibbous,2.740157480314959,2.740157480314959,2.740157480314959
2026-07-24 06:45:10+00:00,2.51,2.939,,,,,,0.0,KFBG,0.761,76.1,waning_gibbous,2.740157480314959,2.740157480314959,2.740157480314959
2026-07-24 06:50:10+00:00,2.57,2.939,,,,,,0.0,KFBG,0.761,76.1,waning_gibbous,2.740157480314959,2.740157480314959,2.740157480314959
2026-07-24 06:55:10+00:00,2.62,2.939,,,,,,0.0984251968503937,KFBG,0.761,76.1,waning_gibbous,2.8385826771653524,2.8385826771653524,2.8385826771653524
2026-07-24 07:00:10+00:00,2.67,2.939,,,,,,0.0,KFBG,0.761,76.1,waning_gibbous,2.8385826771653524,2.8385826771653524,2.8385826771653524
2026-07-24 07:05:10+00:00,2.71,2.939,,,,,,0.0,KFBG,0.761,76.1,waning_gibbous,2.8385826771653524,2.8385826771653524,2.8385826771653524
2026-07-24 07:10:10+00:00,2.74,2.939,,,,,,0.0,KACZ,0.761,76.1,waning_gibbous,2.8385826771653524,2.8385826771653524,2.8385826771653524
2026-07-24 07:15:10+00:00,2.79,2.939,,,,,,0.0,KACZ,0.761,76.1,waning_gibbous,2.8385826771653524,2.8385826771653524,2.8385826771653524
2026-07-24 07:20:10+00:00,2.84,2.939,,,,,,0.0,KACZ,0.761,76.1,waning_gibbous,2.8385826771653524,2.8385826771653524,2.8385826771653524
2026-07-24 07:25:10+00:00,2.87,2.939,,,,,,0.0,KACZ,0.761,76.1,waning_gibbous,2.8385826771653524,2.8385826771653524,2.8385826771653524
2026-07-24 07:30:10+00:00,2.92,3.067,,,,,,0.0,KACZ,0.7644,76.44,waning_gibbous,2.8385826771653524,2.8385826771653524,2.8385826771653524
2026-07-24 07:35:10+00:00,2.95,3.067,,,,,,0.0,KACZ,0.7644,76.44,waning_gibbous,2.8385826771653524,2.8385826771653524,2.8385826771653524
2026-07-24 07:40:10+00:00,2.98,3.067,,,,,,0.0,KACZ,0.7644,76.44,waning_gibbous,2.8385826771653524,2.8385826771653524,2.8385826771653524
2026-07-24 07:45:10+00:00,3.02,3.067,,,,,,0.0,KFBG,0.7644,76.44,waning_gibbous,2.8385826771653524,2.8385826771653524,2.8385826771653524
2026-07-24 07:50:10+00:00,3.05,3.067,,,,,,0.0,KFBG,0.7644,76.44,waning_gibbous,2.8385826771653524,2.8385826771653524,2.8385826771653524
2026-07-24 07:55:10+00:00,3.08,3.067,,,,,,0.0,KFBG,0.7644,76.44,waning_gibbous,2.8385826771653524,2.8385826771653524,2.8385826771653524
2026-07-24 08:00:10+00:00,3.1,3.067,,,,,,0.0,KFBG,0.7644,76.44,waning_gibbous,2.8385826771653524,2.8385826771653524,2.8385826771653524
2026-07-24 08:05:10+00:00,3.12,3.067,,,,,,0.0,KFBG,0.7644,76.44,waning_gibbous,2.8385826771653524,2.8385826771653524,2.8385826771653524
2026-07-24 08:10:10+00:00,3.13,3.067,,,,,,0.0,KFBG,0.7644,76.44,waning_gibbous,2.8385826771653524,2.8385826771653524,2.8385826771653524
2026-07-24 08:15:10+00:00,3.16,3.067,,,,,,0.0,KFBG,0.7644,76.44,waning_gibbous,2.8385826771653524,2.8385826771653524,2.8385826771653524
2026-07-24 08:20:10+00:00,3.17,3.067,,,,,,0.0,KFBG,0.7644,76.44,waning_gibbous,2.8385826771653524,2.8385826771653524,2.8385826771653524
2026-07-24 08:25:10+00:00,3.17,3.067,,,,,,0.0708661417322834,KACZ,0.7644,76.44,waning_gibbous,2.909448818897636,2.909448818897636,2.909448818897636
2026-07-24 08:30:10+00:00,3.17,2.885,,,,,,0.0708661417322834,KACZ,0.7677,76.77,waning_gibbous,2.9803149606299195,2.9803149606299195,2.9803149606299195
2026-07-24 08:35:10+00:00,3.18,2.885,,,,,,0.0708661417322834,KACZ,0.7677,76.77,waning_gibbous,3.051181102362203,3.051181102362203,3.051181102362203
2026-07-24 08:40:10+00:00,3.19,2.885,,,,,,0.0,KFBG,0.7677,76.77,waning_gibbous,3.051181102362203,3.051181102362203,3.051181102362203
2026-07-24 08:45:10+00:00,3.19,2.885,,,,,,0.0,KFBG,0.7677,76.77,waning_gibbous,3.051181102362203,3.051181102362203,3.051181102362203
2026-07-24 08:50:10+00:00,3.17,2.885,,,,,,0.0,KFBG,0.7677,76.77,waning_gibbous,3.051181102362203,3.051181102362203,3.051181102362203
2026-07-24 08:55:10+00:00,3.17,2.885,,,,,,0.0,KFBG,0.7677,76.77,waning_gibbous,3.051181102362203,3.051181102362203,3.051181102362203
2026-07-24 09:00:10+00:00,3.16,2.885,,,,,,0.0,KFBG,0.7677,76.77,waning_gibbous,3.051181102362203,3.051181102362203,3.051181102362203
2026-07-24 09:05:10+00:00,3.14,2.885,,,,,,0.0,KACZ,0.7677,76.77,waning_gibbous,3.051181102362203,3.051181102362203,3.051181102362203
2026-07-24 09:10:10+00:00,3.1,2.885,,,,,,0.0,KACZ,0.7677,76.77,waning_gibbous,3.051181102362203,3.051181102362203,3.051181102362203
2026-07-24 09:15:10+00:00,3.06,2.885,,,,,,0.0,KACZ,0.7677,76.77,waning_gibbous,3.051181102362203,3.051181102362203,3.051181102362203
2026-07-24 09:20:10+00:00,3.04,2.885,,,,,,0.0,KFBG,0.7677,76.77,waning_gibbous,3.051181102362203,3.051181102362203,3.051181102362203
2026-07-24 09:25:10+00:00,3.01,2.885,,,,,,0.0,KFBG,0.7677,76.77,waning_gibbous,3.051181102362203,3.051181102362203,3.051181102362203
2026-07-24 09:30:10+00:00,2.98,2.476,,,,,,0.0,KACZ,0.7711,77.11,waning_gibbous,3.051181102362203,3.051181102362203,3.051181102362203
2026-07-24 09:35:10+00:00,2.92,2.476,,,,,,0.0,KACZ,0.7711,77.11,waning_gibbous,3.051181102362203,3.051181102362203,3.051181102362203
2026-07-24 09:40:10+00:00,2.85,2.476,,,,,,0.0,KFBG,0.7711,77.11,waning_gibbous,3.051181102362203,3.051181102362203,3.051181102362203
2026-07-24 09:45:10+00:00,2.8,2.476,,,,,,0.0,KFBG,0.7711,77.11,waning_gibbous,3.051181102362203,3.051181102362203,3.051181102362203
2026-07-24 09:50:10+00:00,2.74,2.476,,,,,,0.0,KFBG,0.7711,77.11,waning_gibbous,3.051181102362203,3.051181102362203,3.051181102362203
2026-07-24 09:55:10+00:00,2.69,2.476,,,,,,0.0,KFBG,0.7711,77.11,waning_gibbous,3.051181102362203,3.051181102362203,3.051181102362203
2026-07-24 10:00:10+00:00,2.65,2.476,,,,,,0.0,KFBG,0.7711,77.11,waning_gibbous,3.051181102362203,3.051181102362203,3.051181102362203
2026-07-24 10:05:10+00:00,2.59,2.476,,,,,,0.0,KFBG,0.7711,77.11,waning_gibbous,3.051181102362203,3.051181102362203,3.051181102362203
2026-07-24 10:10:10+00:00,2.56,2.476,,,,,,0.0,KFBG,0.7711,77.11,waning_gibbous,3.051181102362203,3.051181102362203,3.051181102362203
2026-07-24 10:15:10+00:00,2.52,2.476,,,,,,0.0,KACZ,0.7711,77.11,waning_gibbous,3.051181102362203,3.051181102362203,3.051181102362203
2026-07-24 10:20:10+00:00,2.48,2.476,,,,,,0.0,KACZ,0.7711,77.11,waning_gibbous,3.051181102362203,3.051181102362203,3.051181102362203
2026-07-24 10:25:10+00:00,2.43,2.476,,,,,,0.0,KACZ,0.7711,77.11,waning_gibbous,3.051181102362203,3.051181102362203,3.051181102362203
2026-07-24 10:30:10+00:00,2.37,1.953,,,,,,0.0,KACZ,0.7744,77.44,waning_gibbous,3.051181102362203,3.051181102362203,3.051181102362203
2026-07-24 10:35:10+00:00,2.35,1.953,,,,,,0.0,KACZ,0.7744,77.44,waning_gibbous,3.051181102362203,3.051181102362203,3.051181102362203
2026-07-24 10:40:10+00:00,2.3,1.953,,,,,,0.0,KACZ,0.7744,77.44,waning_gibbous,3.051181102362203,3.051181102362203,3.051181102362203
2026-07-24 10:45:10+00:00,2.27,1.953,,,,,,0.0,KACZ,0.7744,77.44,waning_gibbous,3.051181102362203,3.051181102362203,3.051181102362203
2026-07-24 10:50:10+00:00,2.23,1.953,,,,,,0.0,KACZ,0.7744,77.44,waning_gibbous,3.051181102362203,3.051181102362203,3.051181102362203
2026-07-24 10:55:10+00:00,2.2,1.953,,,,,,0.0,KACZ,0.7744,77.44,waning_gibbous,3.051181102362203,3.051181102362203,3.051181102362203
2026-07-24 11:00:10+00:00,2.15,1.953,,,,,,0.0,KACZ,0.7744,77.44,waning_gibbous,3.051181102362203,3.051181102362203,3.051181102362203
2026-07-24 11:05:10+00:00,2.11,1.953,,,,,,0.0,KACZ,0.7744,77.44,waning_gibbous,3.051181102362203,3.051181102362203,3.051181102362203
2026-07-24 11:10:10+00:00,2.07,1.953,,,,,,0.0,KACZ,0.7744,77.44,waning_gibbous,3.051181102362203,3.051181102362203,3.051181102362203
2026-07-24 11:15:10+00:00,2.01,1.953,,,,,,0.0,KACZ,0.7744,77.44,waning_gibbous,3.051181102362203,3.051181102362203,3.051181102362203
2026-07-24 11:20:10+00:00,1.97,1.953,,,,,,0.0,KACZ,0.7744,77.44,waning_gibbous,3.051181102362203,3.051181102362203,3.051181102362203
2026-07-24 11:25:10+00:00,1.93,1.953,,,,,,0.0118110236220472,KACZ,0.7744,77.44,waning_gibbous,3.06299212598425,3.06299212598425,3.06299212598425
2026-07-24 11:30:10+00:00,1.87,1.389,,,,,,0.0118110236220472,KACZ,0.7777,77.77,waning_gibbous,3.0748031496062973,3.0748031496062973,3.0748031496062973
2026-07-24 11:35:10+00:00,1.81,1.389,,,,,,0.0118110236220472,KACZ,0.7777,77.77,waning_gibbous,3.0866141732283445,3.0866141732283445,3.0866141732283445
2026-07-24 11:40:10+00:00,1.78,1.389,,,,,,0.0118110236220472,KACZ,0.7777,77.77,waning_gibbous,3.0984251968503917,3.0984251968503917,3.0984251968503917
2026-07-24 11:45:10+00:00,1.73,1.389,,,,,,0.0118110236220472,KACZ,0.7777,77.77,waning_gibbous,3.110236220472439,3.110236220472439,3.110236220472439
2026-07-24 11:50:10+00:00,1.69,1.389,,,,,,0.0,KFBG,0.7777,77.77,waning_gibbous,3.110236220472439,3.110236220472439,3.110236220472439
2026-07-24 11:55:10+00:00,1.62,1.389,,,,,,0.0,KFBG,0.7777,77.77,waning_gibbous,3.110236220472439,3.110236220472439,3.110236220472439
2026-07-24 12:00:10+00:00,1.56,1.389,,,,,,0.0,KFBG,0.7777,77.77,waning_gibbous,3.110236220472439,3.110236220472439,3.110236220472439
2026-07-24 12:05:10+00:00,1.5,1.389,,,,,,0.0,KFBG,0.7777,77.77,waning_gibbous,3.110236220472439,3.110236220472439,3.110236220472439
2026-07-24 12:10:10+00:00,1.45,1.389,,,,,,0.0,KFBG,0.7777,77.77,waning_gibbous,3.110236220472439,3.110236220472439,3.110236220472439
2026-07-24 12:15:10+00:00,1.39,1.389,,,,,,0.0,KFBG,0.7777,77.77,waning_gibbous,3.110236220472439,3.110236220472439,3.110236220472439
2026-07-24 12:20:10+00:00,1.34,1.389,,,,,,0.0,KFBG,0.7777,77.77,waning_gibbous,3.110236220472439,3.110236220472439,3.110236220472439
2026-07-24 12:25:10+00:00,1.29,1.389,,,,,,0.0,KFBG,0.7777,77.77,waning_gibbous,3.110236220472439,3.110236220472439,3.110236220472439
2026-07-24 12:30:10+00:00,1.23,0.871,,,,,,0.0,KFBG,0.7809,78.09,waning_gibbous,3.110236220472439,3.110236220472439,3.110236220472439
2026-07-24 12:35:10+00:00,1.1800000000000002,0.871,,,,,,0.0,KACZ,0.7809,78.09,waning_gibbous,3.110236220472439,3.110236220472439,3.110236220472439
2026-07-24 12:40:10+00:00,1.12,0.871,,,,,,0.0,KFBG,0.7809,78.09,waning_gibbous,3.110236220472439,3.110236220472439,3.110236220472439
2026-07-24 12:45:10+00:00,1.08,0.871,,,,,,0.0,KFBG,0.7809,78.09,waning_gibbous,3.110236220472439,3.110236220472439,3.110236220472439
2026-07-24 12:50:10+00:00,1.03,0.871,,,,,,0.0,KFBG,0.7809,78.09,waning_gibbous,3.110236220472439,3.110236220472439,3.110236220472439
2026-07-24 12:55:10+00:00,1.0,0.871,,,,,,0.0511811023622047,KFBG,0.7809,78.09,waning_gibbous,3.1614173228346436,3.1614173228346436,3.1614173228346436
2026-07-24 13:00:10+00:00,0.95,0.871,,,,,,0.0511811023622047,KFBG,0.7809,78.09,waning_gibbous,3.2125984251968482,3.2125984251968482,3.2125984251968482
2026-07-24 13:05:10+00:00,0.8999999999999999,0.871,,,,,,0.0,KFBG,0.7809,78.09,waning_gibbous,3.2125984251968482,3.2125984251968482,3.2125984251968482
2026-07-24 13:10:10+00:00,0.8700000000000001,0.871,,,,,,0.0,KFBG,0.7809,78.09,waning_gibbous,3.2125984251968482,3.2125984251968482,3.2125984251968482
2026-07-24 13:15:10+00:00,0.8200000000000001,0.871,,,,,,0.0,KACZ,0.7809,78.09,waning_gibbous,3.2125984251968482,3.2125984251968482,3.2125984251968482
2026-07-24 13:20:10+00:00,0.78,0.871,,,,,,0.0,KACZ,0.7809,78.09,waning_gibbous,3.2125984251968482,3.2125984251968482,3.2125984251968482
2026-07-24 13:25:10+00:00,0.76,0.871,,,,,,0.0,KACZ,0.7809,78.09,waning_gibbous,3.2125984251968482,3.2125984251968482,3.2125984251968482
2026-07-24 13:30:10+00:00,0.74,0.57,,,,,,0.0,KACZ,0.7842,78.42,waning_gibbous,3.2125984251968482,3.2125984251968482,3.2125984251968482
2026-07-24 13:35:10+00:00,0.71,0.57,,,,,,0.0,KACZ,0.7842,78.42,waning_gibbous,3.2125984251968482,3.2125984251968482,3.2125984251968482
2026-07-24 13:40:10+00:00,0.6699999999999999,0.57,,,,,,0.0,KFBG,0.7842,78.42,waning_gibbous,3.2125984251968482,3.2125984251968482,3.2125984251968482
2026-07-24 13:45:10+00:00,0.6399999999999999,0.57,,,,,,0.0,KFBG,0.7842,78.42,waning_gibbous,3.2125984251968482,3.2125984251968482,3.2125984251968482
2026-07-24 13:50:10+00:00,0.6299999999999999,0.57,,,,,,0.0118110236220472,KFBG,0.7842,78.42,waning_gibbous,3.2244094488188955,3.2244094488188955,3.2244094488188955
2026-07-24 13:55:10+00:00,0.6200000000000001,0.57,,,,,,0.0118110236220472,KFBG,0.7842,78.42,waning_gibbous,3.2362204724409427,3.2362204724409427,3.2362204724409427
2026-07-24 14:00:10+00:00,0.6000000000000001,0.57,,,,,,0.0118110236220472,KFBG,0.7842,78.42,waning_gibbous,3.24803149606299,3.24803149606299,3.24803149606299
2026-07-24 14:05:10+00:00,0.5900000000000001,0.57,,,,,,0.0,KACZ,0.7842,78.42,waning_gibbous,3.24803149606299,3.24803149606299,3.24803149606299
2026-07-24 14:10:10+00:00,0.5700000000000001,0.57,,,,,,0.0,KACZ,0.7842,78.42,waning_gibbous,3.24803149606299,3.24803149606299,3.24803149606299
2026-07-24 14:15:10+00:00,0.54,0.57,,,,,,0.0,KACZ,0.7842,78.42,waning_gibbous,3.24803149606299,3.24803149606299,3.24803149606299
2026-07-24 14:20:10+00:00,0.54,0.57,,,,,,0.0,KFBG,0.7842,78.42,waning_gibbous,3.24803149606299,3.24803149606299,3.24803149606299
2026-07-24 14:25:10+00:00,0.49,0.57,,,,,,0.0,KFBG,0.7842,78.42,waning_gibbous,3.24803149606299,3.24803149606299,3.24803149606299
2026-07-24 14:30:10+00:00,0.4299999999999999,0.664,,,,,,0.0,KACZ,0.7874,78.74,waning_gibbous,3.24803149606299,3.24803149606299,3.24803149606299
2026-07-24 14:35:10+00:00,0.4199999999999999,0.664,,,,,,0.0,KACZ,0.7874,78.74,waning_gibbous,3.24803149606299,3.24803149606299,3.24803149606299
2026-07-24 14:40:10+00:00,0.4399999999999999,0.664,,,,,,0.0,KACZ,0.7874,78.74,waning_gibbous,3.24803149606299,3.24803149606299,3.24803149606299
2026-07-24 14:45:10+00:00,0.4599999999999999,0.664,,,,,,0.0,KFBG,0.7874,78.74,waning_gibbous,3.24803149606299,3.24803149606299,3.24803149606299
2026-07-24 14:50:10+00:00,0.4299999999999999,0.664,,,,,,0.0,KFBG,0.7874,78.74,waning_gibbous,3.24803149606299,3.24803149606299,3.24803149606299
2026-07-24 14:55:10+00:00,0.3799999999999999,0.664,,,,,,0.0,KFBG,0.7874,78.74,waning_gibbous,3.24803149606299,3.24803149606299,3.24803149606299
2026-07-24 15:00:10+00:00,0.3899999999999999,0.664,,,,,,0.0,KFBG,0.7874,78.74,waning_gibbous,3.24803149606299,3.24803149606299,3.24803149606299
2026-07-24 15:05:10+00:00,0.4599999999999999,0.664,,,,,,0.0,KFBG,0.7874,78.74,waning_gibbous,3.24803149606299,3.24803149606299,3.24803149606299
2026-07-24 15:10:10+00:00,0.47,0.664,,,,,,0.0,KFBG,0.7874,78.74,waning_gibbous,3.24803149606299,3.24803149606299,3.24803149606299
2026-07-24 15:15:10+00:00,0.4599999999999999,0.664,,,,,,0.0,KFBG,0.7874,78.74,waning_gibbous,3.24803149606299,3.24803149606299,3.24803149606299
2026-07-24 15:20:10+00:00,0.4499999999999999,0.664,,,,,,0.0,KFBG,0.7874,78.74,waning_gibbous,3.24803149606299,3.24803149606299,3.24803149606299
2026-07-24 15:25:10+00:00,0.4299999999999999,0.664,,,,,,0.0,KFBG,0.7874,78.74,waning_gibbous,3.24803149606299,3.24803149606299,3.24803149606299
2026-07-24 15:30:10+00:00,0.4399999999999999,1.176,,,,,,0.0,KFBG,0.7906,79.06,waning_gibbous,3.24803149606299,3.24803149606299,3.24803149606299
2026-07-24 15:35:10+00:00,0.4599999999999999,1.176,,,,,,0.0,KACZ,0.7906,79.06,waning_gibbous,3.24803149606299,3.24803149606299,3.24803149606299
2026-07-24 15:40:10+00:00,0.54,1.176,,,,,,0.0,KFBG,0.7906,79.06,waning_gibbous,3.24803149606299,3.24803149606299,3.24803149606299
2026-07-24 15:45:10+00:00,0.5700000000000001,1.176,,,,,,0.0,KFBG,0.7906,79.06,waning_gibbous,3.24803149606299,3.24803149606299,3.24803149606299
2026-07-24 15:50:10+00:00,0.5800000000000001,1.176,,,,,,0.0,KFBG,0.7906,79.06,waning_gibbous,3.24803149606299,3.24803149606299,3.24803149606299
2026-07-24 15:55:10+00:00,0.6200000000000001,1.176,,,,,,0.0,KFBG,0.7906,79.06,waning_gibbous,3.24803149606299,3.24803149606299,3.24803149606299
2026-07-24 16:00:10+00:00,0.6599999999999999,1.176,,,,,,0.0,KFBG,0.7906,79.06,waning_gibbous,3.24803149606299,3.24803149606299,3.24803149606299
2026-07-24 16:05:10+00:00,0.73,1.176,,,,,,0.0,KFBG,0.7906,79.06,waning_gibbous,3.24803149606299,3.24803149606299,3.24803149606299
2026-07-24 16:10:10+00:00,0.75,1.176,,,,,,0.0,KFBG,0.7906,79.06,waning_gibbous,3.24803149606299,3.24803149606299,3.24803149606299
2026-07-24 16:15:10+00:00,0.78,1.176,,,,,,0.0,KACZ,0.7906,79.06,waning_gibbous,3.24803149606299,3.24803149606299,3.24803149606299
2026-07-24 16:20:10+00:00,0.8600000000000001,1.176,,,,,,0.0,KACZ,0.7906,79.06,waning_gibbous,3.24803149606299,3.24803149606299,3.24803149606299
2026-07-24 16:25:10+00:00,0.91,1.176,,,,,,0.0,KACZ,0.7906,79.06,waning_gibbous,3.24803149606299,3.24803149606299,3.24803149606299
2026-07-24 16:30:10+00:00,0.92,1.961,,,,,,0.0,KACZ,0.7938,79.38,waning_gibbous,3.24803149606299,3.24803149606299,3.24803149606299
2026-07-24 16:35:10+00:00,0.95,1.961,,,,,,0.0,KACZ,0.7938,79.38,waning_gibbous,3.24803149606299,3.24803149606299,3.24803149606299
2026-07-24 16:40:10+00:00,1.02,1.961,,,,,,0.0,KACZ,0.7938,79.38,waning_gibbous,3.24803149606299,3.24803149606299,3.24803149606299
2026-07-24 16:45:10+00:00,1.05,1.961,,,,,,0.0314960629921259,KACZ,0.7938,79.38,waning_gibbous,3.279527559055116,3.279527559055116,3.279527559055116
2026-07-24 16:50:10+00:00,1.15,1.961,,,,,,0.0314960629921259,KACZ,0.7938,79.38,waning_gibbous,3.3110236220472418,3.3110236220472418,3.3110236220472418
2026-07-24 16:55:10+00:00,1.22,1.961,,,,,,0.0314960629921259,KACZ,0.7938,79.38,waning_gibbous,3.3425196850393677,3.3425196850393677,3.3425196850393677
2026-07-24 17:00:10+00:00,1.27,1.961,,,,,,0.0314960629921259,KACZ,0.7938,79.38,waning_gibbous,3.374015748031493,3.374015748031493,3.374015748031493
2026-07-24 17:05:10+00:00,1.33,1.961,,,,,,0.0118110236220472,KACZ,0.7938,79.38,waning_gibbous,3.3858267716535404,3.3858267716535404,3.3858267716535404
2026-07-24 17:10:10+00:00,1.37,1.961,,,,,,0.0118110236220472,KACZ,0.7938,79.38,waning_gibbous,3.3976377952755876,3.3976377952755876,3.3976377952755876
2026-07-24 17:15:10+00:00,1.4300000000000002,1.961,,,,,,0.0118110236220472,KACZ,0.7938,79.38,waning_gibbous,3.409448818897635,3.409448818897635,3.409448818897635
2026-07-24 17:20:10+00:00,1.51,1.961,,,,,,0.0118110236220472,KACZ,0.7938,79.38,waning_gibbous,3.421259842519682,3.421259842519682,3.421259842519682
2026-07-24 17:25:10+00:00,1.56,1.961,,,,,,0.0,KACZ,0.7938,79.38,waning_gibbous,3.421259842519682,3.421259842519682,3.421259842519682
2026-07-24 17:35:10+00:00,1.75,2.826,,,,,,0.0,KACZ,0.797,79.7,waning_gibbous,3.409448818897635,3.421259842519682,3.421259842519682
2026-07-24 17:45:10+00:00,1.95,2.826,,,,,,0.0,KACZ,0.797,79.7,waning_gibbous,3.3976377952755876,3.421259842519682,3.421259842519682
2026-07-24 17:50:10+00:00,2.01,2.826,,,,,,0.0,KACZ,0.797,79.7,waning_gibbous,3.3976377952755876,3.421259842519682,3.421259842519682
2026-07-24 17:55:10+00:00,2.11,2.826,,,,,,0.0,KACZ,0.797,79.7,waning_gibbous,3.3070866141732256,3.421259842519682,3.421259842519682
2026-07-24 18:00:10+00:00,2.17,2.826,,,,,,0.0,KACZ,0.797,79.7,waning_gibbous,3.3070866141732256,3.421259842519682,3.421259842519682
2026-07-24 18:05:10+00:00,2.23,2.826,,,,,,0.0,KACZ,0.797,79.7,waning_gibbous,3.3070866141732256,3.421259842519682,3.421259842519682
2026-07-24 18:10:10+00:00,2.27,2.826,,,,,,0.0,KACZ,0.797,79.7,waning_gibbous,3.3070866141732256,3.421259842519682,3.421259842519682
2026-07-24 18:15:10+00:00,2.36,2.826,,,,,,0.0,KACZ,0.797,79.7,waning_gibbous,3.3070866141732256,3.421259842519682,3.421259842519682
2026-07-24 18:20:10+00:00,2.42,2.826,,,,,,0.0,KACZ,0.797,79.7,waning_gibbous,3.3070866141732256,3.421259842519682,3.421259842519682
2026-07-24 18:25:10+00:00,2.45,2.826,,,,,,0.0,KACZ,0.797,79.7,waning_gibbous,3.3070866141732256,3.421259842519682,3.421259842519682
2026-07-24 18:30:10+00:00,2.52,3.593,,,,,,0.0,KACZ,0.8002,80.02,waning_gibbous,3.3070866141732256,3.421259842519682,3.421259842519682
2026-07-24 18:35:10+00:00,2.56,3.593,,,,,,0.0,KACZ,0.8002,80.02,waning_gibbous,3.2086614173228316,3.421259842519682,3.421259842519682
2026-07-24 18:40:10+00:00,2.68,3.593,,,,,,0.0,KACZ,0.8002,80.02,waning_gibbous,3.2086614173228316,3.421259842519682,3.421259842519682
2026-07-24 18:45:10+00:00,2.8,3.593,,,,,,0.0,KACZ,0.8002,80.02,waning_gibbous,3.2086614173228316,3.421259842519682,3.421259842519682
2026-07-24 18:50:10+00:00,2.89,3.593,,,,,,0.0,KACZ,0.8002,80.02,waning_gibbous,3.2086614173228316,3.421259842519682,3.421259842519682
2026-07-24 18:55:10+00:00,2.97,3.593,,,,,,0.0,KACZ,0.8002,80.02,waning_gibbous,3.1968503937007844,3.421259842519682,3.421259842519682
2026-07-24 19:00:10+00:00,3.02,3.593,,,,,,0.0,KACZ,0.8002,80.02,waning_gibbous,3.1968503937007844,3.421259842519682,3.421259842519682
2026-07-24 19:05:10+00:00,3.1,3.593,,,,,,0.0,KACZ,0.8002,80.02,waning_gibbous,3.1968503937007844,3.421259842519682,3.421259842519682
2026-07-24 19:10:10+00:00,3.16,3.593,,,,,,0.0,KACZ,0.8002,80.02,waning_gibbous,3.1968503937007844,3.421259842519682,3.421259842519682
2026-07-24 19:15:10+00:00,3.2,3.593,,,,,,0.0,KACZ,0.8002,80.02,waning_gibbous,3.1653543307086585,3.421259842519682,3.421259842519682
2026-07-24 19:20:10+00:00,3.24,3.593,,,,,,0.0,KACZ,0.8002,80.02,waning_gibbous,3.133858267716533,3.421259842519682,3.421259842519682
2026-07-24 19:25:10+00:00,3.31,3.593,,,,,,0.0,KACZ,0.8002,80.02,waning_gibbous,3.082677165354328,3.421259842519682,3.421259842519682
2026-07-24 19:30:10+00:00,3.35,4.095,,,,,,0.0,KACZ,0.8033,80.33,waning_gibbous,3.0314960629921233,3.421259842519682,3.421259842519682
2026-07-24 19:35:10+00:00,3.41,4.095,,,,,,0.0,KACZ,0.8033,80.33,waning_gibbous,2.9803149606299186,3.421259842519682,3.421259842519682
2026-07-24 19:40:10+00:00,3.45,4.095,,,,,,0.0,KACZ,0.8033,80.33,waning_gibbous,2.929133858267714,3.421259842519682,3.421259842519682
2026-07-24 19:45:10+00:00,3.5,4.095,,,,,,0.0,KACZ,0.8033,80.33,waning_gibbous,2.929133858267714,3.421259842519682,3.421259842519682
2026-07-24 19:50:10+00:00,3.53,4.095,,,,,,0.0,KACZ,0.8033,80.33,waning_gibbous,2.929133858267714,3.421259842519682,3.421259842519682
2026-07-24 19:55:10+00:00,3.55,4.095,,,,,,0.0,KACZ,0.8033,80.33,waning_gibbous,2.8582677165354307,3.421259842519682,3.421259842519682
2026-07-24 20:00:10+00:00,3.58,4.095,,,,,,0.0,KACZ,0.8033,80.33,waning_gibbous,2.8582677165354307,3.421259842519682,3.421259842519682
2026-07-24 20:05:10+00:00,3.65,4.095,,,,,,0.0,KACZ,0.8033,80.33,waning_gibbous,2.8582677165354307,3.421259842519682,3.421259842519682
2026-07-24 20:10:10+00:00,3.67,4.095,,,,,,0.0,KACZ,0.8033,80.33,waning_gibbous,2.8582677165354307,3.421259842519682,3.421259842519682
2026-07-24 20:15:10+00:00,3.71,4.095,,,,,,0.0,KACZ,0.8033,80.33,waning_gibbous,2.8582677165354307,3.421259842519682,3.421259842519682
2026-07-24 20:20:10+00:00,3.76,4.095,,,,,,0.0,KACZ,0.8033,80.33,waning_gibbous,2.8582677165354307,3.421259842519682,3.421259842519682
2026-07-24 20:25:10+00:00,3.78,4.095,,,,,,0.0,KACZ,0.8033,80.33,waning_gibbous,2.8582677165354307,3.421259842519682,3.421259842519682
2026-07-24 20:30:10+00:00,3.81,4.207,,,,,,0.0,KACZ,0.8065,80.65,waning_gibbous,2.8582677165354307,3.421259842519682,3.421259842519682
2026-07-24 20:35:10+00:00,3.84,4.207,,,,,,0.0,KACZ,0.8065,80.65,waning_gibbous,2.8582677165354307,3.421259842519682,3.421259842519682
2026-07-24 20:40:10+00:00,3.88,4.207,,,,,,0.0,KACZ,0.8065,80.65,waning_gibbous,2.8582677165354307,3.421259842519682,3.421259842519682
2026-07-24 20:45:10+00:00,3.92,4.207,,,,,,0.0,KACZ,0.8065,80.65,waning_gibbous,2.8582677165354307,3.421259842519682,3.421259842519682
2026-07-24 20:50:10+00:00,3.96,4.207,,,,,,0.0,KACZ,0.8065,80.65,waning_gibbous,2.7165354330708635,3.421259842519682,3.421259842519682
2026-07-24 20:55:10+00:00,3.98,4.207,,,,,,0.0,KACZ,0.8065,80.65,waning_gibbous,2.574803149606297,3.421259842519682,3.421259842519682
2026-07-24 21:00:10+00:00,4.0,4.207,,,,,,0.0,KACZ,0.8065,80.65,waning_gibbous,2.4330708661417297,3.421259842519682,3.421259842519682
2026-07-24 21:05:10+00:00,4.029999999999999,4.207,,,,,,0.0,KACZ,0.8065,80.65,waning_gibbous,2.4330708661417297,3.421259842519682,3.421259842519682
2026-07-24 21:10:10+00:00,4.0600000000000005,4.207,,,,,,0.0,KACZ,0.8065,80.65,waning_gibbous,2.4330708661417297,3.421259842519682,3.421259842519682
2026-07-24 21:15:10+00:00,4.09,4.207,,,,,,0.0,KACZ,0.8065,80.65,waning_gibbous,2.4330708661417297,3.421259842519682,3.421259842519682
2026-07-24 21:20:10+00:00,4.1,4.207,,,,,,0.0,KACZ,0.8065,80.65,waning_gibbous,2.4330708661417297,3.421259842519682,3.421259842519682
2026-07-24 21:25:10+00:00,4.12,4.207,,,,,,0.0,KACZ,0.8065,80.65,waning_gibbous,2.4330708661417297,3.421259842519682,3.421259842519682
2026-07-24 21:30:10+00:00,4.13,3.928,,,,,,0.0,KACZ,0.8096,80.96,waning_gibbous,2.4330708661417297,3.421259842519682,3.421259842519682
2026-07-24 21:35:10+00:00,4.12,3.928,,,,,,0.0,KACZ,0.8096,80.96,waning_gibbous,2.4330708661417297,3.421259842519682,3.421259842519682
2026-07-24 21:40:10+00:00,4.08,3.928,,,,,,0.0,KACZ,0.8096,80.96,waning_gibbous,2.4330708661417297,3.421259842519682,3.421259842519682
2026-07-24 21:45:10+00:00,4.04,3.928,,,,,,0.0,KACZ,0.8096,80.96,waning_gibbous,2.4330708661417297,3.421259842519682,3.421259842519682
2026-07-24 21:50:10+00:00,4.0,3.928,,,,,,0.0,KACZ,0.8096,80.96,waning_gibbous,2.4330708661417297,3.421259842519682,3.421259842519682
2026-07-24 21:55:10+00:00,3.97,3.928,,,,,,0.0,KACZ,0.8096,80.96,waning_gibbous,2.2716535433070844,3.421259842519682,3.421259842519682
2026-07-24 22:00:10+00:00,3.93,3.928,,,,,,0.0,KACZ,0.8096,80.96,waning_gibbous,2.2716535433070844,3.421259842519682,3.421259842519682
2026-07-24 22:05:10+00:00,3.87,3.928,,,,,,0.0,KACZ,0.8096,80.96,waning_gibbous,2.2716535433070844,3.421259842519682,3.421259842519682
2026-07-24 22:10:10+00:00,3.82,3.928,,,,,,0.0,KACZ,0.8096,80.96,waning_gibbous,2.2716535433070844,3.421259842519682,3.421259842519682
2026-07-24 22:15:10+00:00,3.78,3.928,,,,,,0.0,KACZ,0.8096,80.96,waning_gibbous,2.2716535433070844,3.421259842519682,3.421259842519682
2026-07-24 22:20:10+00:00,3.76,3.928,,,,,,0.0,KACZ,0.8096,80.96,waning_gibbous,2.2716535433070844,3.421259842519682,3.421259842519682
2026-07-24 22:25:10+00:00,3.73,3.928,,,,,,0.0,KACZ,0.8096,80.96,waning_gibbous,2.2716535433070844,3.421259842519682,3.421259842519682
2026-07-24 22:30:10+00:00,3.68,3.367,,,,,,0.0,KACZ,0.8127,81.27,waning_gibbous,2.2716535433070844,3.421259842519682,3.421259842519682
2026-07-24 22:35:10+00:00,3.64,3.367,,,,,,0.0,KACZ,0.8127,81.27,waning_gibbous,2.2716535433070844,3.421259842519682,3.421259842519682
2026-07-24 22:40:10+00:00,3.59,3.367,,,,,,0.0,KACZ,0.8127,81.27,waning_gibbous,2.2716535433070844,3.421259842519682,3.421259842519682
2026-07-24 22:45:10+00:00,3.59,3.367,,,,,,0.0,KACZ,0.8127,81.27,waning_gibbous,2.2519685039370057,3.421259842519682,3.421259842519682
2026-07-24 22:50:10+00:00,3.54,3.367,,,,,,0.0,KFBG,0.8127,81.27,waning_gibbous,2.232283464566927,3.421259842519682,3.421259842519682
2026-07-24 22:55:10+00:00,3.49,3.367,,,,,,0.0,KFBG,0.8127,81.27,waning_gibbous,2.2125984251968482,3.421259842519682,3.421259842519682
2026-07-24 23:00:10+00:00,3.43,3.367,,,,,,0.0,KFBG,0.8127,81.27,waning_gibbous,2.1929133858267695,3.421259842519682,3.421259842519682
2026-07-24 23:05:10+00:00,3.39,3.367,,,,,,0.0,KFBG,0.8127,81.27,waning_gibbous,2.1929133858267695,3.421259842519682,3.421259842519682
2026-07-24 23:10:10+00:00,3.34,3.367,,,,,,0.0,KFBG,0.8127,81.27,waning_gibbous,2.1929133858267695,3.421259842519682,3.421259842519682
2026-07-24 23:15:10+00:00,3.31,3.367,,,,,,0.0,KFBG,0.8127,81.27,waning_gibbous,2.1929133858267695,3.421259842519682,3.421259842519682
2026-07-24 23:20:10+00:00,3.25,3.367,,,,,,0.0,KFBG,0.8127,81.27,waning_gibbous,2.1929133858267695,3.421259842519682,3.421259842519682
2026-07-24 23:25:10+00:00,3.21,3.367,,,,,,0.0,KACZ,0.8127,81.27,waning_gibbous,2.1929133858267695,3.421259842519682,3.421259842519682
2026-07-24 23:30:10+00:00,3.17,2.649,,,,,,0.0,KACZ,0.8157,81.57,waning_gibbous,2.1929133858267695,3.421259842519682,3.421259842519682
2026-07-24 23:35:10+00:00,3.1100000000000003,2.649,,,,,,0.0,KACZ,0.8157,81.57,waning_gibbous,2.0944881889763756,3.421259842519682,3.421259842519682
2026-07-24 23:40:10+00:00,3.06,2.649,,,,,,0.0,KFBG,0.8157,81.57,waning_gibbous,2.0944881889763756,3.421259842519682,3.421259842519682
2026-07-24 23:45:10+00:00,3.0,2.649,,,,,,0.0,KFBG,0.8157,81.57,waning_gibbous,2.0944881889763756,3.421259842519682,3.421259842519682
2026-07-24 23:50:10+00:00,2.95,2.649,,,,,,0.0,KFBG,0.8157,81.57,waning_gibbous,2.0944881889763756,3.421259842519682,3.421259842519682
2026-07-24 23:55:10+00:00,2.9,2.649,,,,,,0.0,KFBG,0.8157,81.57,waning_gibbous,2.0944881889763756,3.421259842519682,3.421259842519682
2026-07-25 00:00:10+00:00,2.86,2.649,,,,,,0.0,KFBG,0.8157,81.57,waning_gibbous,2.0944881889763756,3.421259842519682,3.421259842519682
2026-07-25 00:05:10+00:00,2.83,2.649,,,,,,0.0,KFBG,0.8157,81.57,waning_gibbous,2.0944881889763756,3.421259842519682,3.421259842519682
2026-07-25 00:10:10+00:00,2.79,2.649,,,,,,0.0,KACZ,0.8157,81.57,waning_gibbous,2.0826771653543283,3.421259842519682,3.421259842519682
2026-07-25 00:15:10+00:00,2.73,2.649,,,,,,0.0,KACZ,0.8157,81.57,waning_gibbous,2.070866141732281,3.421259842519682,3.421259842519682
2026-07-25 00:20:10+00:00,2.65,2.649,,,,,,0.0,KFBG,0.8157,81.57,waning_gibbous,2.070866141732281,3.421259842519682,3.421259842519682
2026-07-25 00:25:10+00:00,2.58,2.649,,,,,,0.0,KFBG,0.8157,81.57,waning_gibbous,2.070866141732281,3.421259842519682,3.421259842519682
2026-07-25 00:30:10+00:00,2.53,1.892,,,,,,0.0,KFBG,0.8188,81.88,waning_gibbous,2.0590551181102343,3.421259842519682,3.421259842519682
2026-07-25 00:35:10+00:00,2.46,1.892,,,,,,0.0,KACZ,0.8188,81.88,waning_gibbous,2.047244094488187,3.421259842519682,3.421259842519682
2026-07-25 00:40:10+00:00,2.41,1.892,,,,,,0.0,KFBG,0.8188,81.88,waning_gibbous,2.03543307086614,3.421259842519682,3.421259842519682
2026-07-25 00:45:10+00:00,2.37,1.892,,,,,,0.0,KFBG,0.8188,81.88,waning_gibbous,2.03543307086614,3.421259842519682,3.421259842519682
2026-07-25 00:50:10+00:00,2.32,1.892,,,,,,0.0,KFBG,0.8188,81.88,waning_gibbous,2.03543307086614,3.421259842519682,3.421259842519682
2026-07-25 00:55:10+00:00,2.27,1.892,,,,,,0.0,KFBG,0.8188,81.88,waning_gibbous,2.03543307086614,3.421259842519682,3.421259842519682
2026-07-25 01:00:10+00:00,2.21,1.892,,,,,,0.0,KFBG,0.8188,81.88,waning_gibbous,2.03543307086614,3.421259842519682,3.421259842519682
2026-07-25 01:05:10+00:00,2.14,1.892,,,,,,0.0,KFBG,0.8188,81.88,waning_gibbous,2.03543307086614,3.421259842519682,3.421259842519682
2026-07-25 01:10:10+00:00,2.08,1.892,,,,,,0.0,KFBG,0.8188,81.88,waning_gibbous,2.03543307086614,3.421259842519682,3.421259842519682
2026-07-25 01:15:10+00:00,2.02,1.892,,,,,,0.0,KACZ,0.8188,81.88,waning_gibbous,2.03543307086614,3.421259842519682,3.421259842519682
2026-07-25 01:20:10+00:00,1.98,1.892,,,,,,0.0,KFBG,0.8188,81.88,waning_gibbous,2.03543307086614,3.421259842519682,3.421259842519682
2026-07-25 01:25:10+00:00,1.94,1.892,,,,,,0.0,KFBG,0.8188,81.88,waning_gibbous,2.03543307086614,3.421259842519682,3.421259842519682
2026-07-25 01:30:10+00:00,1.9,1.267,,,,,,0.0,KFBG,0.8218,82.18,waning_gibbous,2.03543307086614,3.421259842519682,3.421259842519682
2026-07-25 01:35:10+00:00,1.85,1.267,,,,,,0.0,KACZ,0.8218,82.18,waning_gibbous,2.03543307086614,3.421259842519682,3.421259842519682
2026-07-25 01:40:10+00:00,1.8,1.267,,,,,,0.0,KACZ,0.8218,82.18,waning_gibbous,2.03543307086614,3.421259842519682,3.421259842519682
2026-07-25 01:45:10+00:00,1.75,1.267,,,,,,0.0,KFBG,0.8218,82.18,waning_gibbous,2.03543307086614,3.421259842519682,3.421259842519682
2026-07-25 01:50:10+00:00,1.71,1.267,,,,,,0.0,KFBG,0.8218,82.18,waning_gibbous,1.9645669291338563,3.421259842519682,3.421259842519682
2026-07-25 01:55:10+00:00,1.66,1.267,,,,,,0.0118110236220472,KFBG,0.8218,82.18,waning_gibbous,1.9055118110236202,3.4330708661417293,3.4330708661417293
2026-07-25 02:00:10+00:00,1.6,1.267,,,,,,0.0118110236220472,KFBG,0.8218,82.18,waning_gibbous,1.8464566929133839,3.4448818897637765,3.4448818897637765
2026-07-25 02:05:10+00:00,1.57,1.267,,,,,,0.0,KFBG,0.8218,82.18,waning_gibbous,1.8464566929133839,3.4448818897637765,3.4448818897637765
2026-07-25 02:10:10+00:00,1.52,1.267,,,,,,0.0,KFBG,0.8218,82.18,waning_gibbous,1.8464566929133839,3.4448818897637765,3.4448818897637765
2026-07-25 02:15:10+00:00,1.49,1.267,,,,,,0.0,KACZ,0.8218,82.18,waning_gibbous,1.8464566929133839,3.4448818897637765,3.4448818897637765
2026-07-25 02:20:10+00:00,1.46,1.267,,,,,,0.0,KFBG,0.8218,82.18,waning_gibbous,1.8464566929133839,3.4448818897637765,3.4448818897637765
2026-07-25 02:25:10+00:00,1.41,1.267,,,,,,0.0,KFBG,0.8218,82.18,waning_gibbous,1.8464566929133839,3.4448818897637765,3.4448818897637765
2026-07-25 02:30:10+00:00,1.37,0.969,,,,,,0.0,KFBG,0.8248,82.48,waning_gibbous,1.8464566929133839,3.4448818897637765,3.4448818897637765
2026-07-25 02:35:10+00:00,1.3199999999999998,0.969,,,,,,0.0,KFBG,0.8248,82.48,waning_gibbous,1.8464566929133839,3.4448818897637765,3.4448818897637765
2026-07-25 02:40:10+00:00,1.27,0.969,,,,,,0.0,KFBG,0.8248,82.48,waning_gibbous,1.8464566929133839,3.4448818897637765,3.4448818897637765
2026-07-25 02:45:10+00:00,1.22,0.969,,,,,,0.0,KFBG,0.8248,82.48,waning_gibbous,1.8070866141732267,3.4448818897637765,3.4448818897637765
2026-07-25 02:50:10+00:00,1.19,0.969,,,,,,0.0,KFBG,0.8248,82.48,waning_gibbous,1.7677165354330693,3.4448818897637765,3.4448818897637765
2026-07-25 02:55:10+00:00,1.15,0.969,,,,,,0.0,KFBG,0.8248,82.48,waning_gibbous,1.7283464566929119,3.4448818897637765,3.4448818897637765
2026-07-25 03:00:10+00:00,1.11,0.969,,,,,,0.0,KFBG,0.8248,82.48,waning_gibbous,1.6889763779527545,3.4448818897637765,3.4448818897637765
2026-07-25 03:05:10+00:00,1.06,0.969,,,,,,0.0,KFBG,0.8248,82.48,waning_gibbous,1.6889763779527545,3.4448818897637765,3.4448818897637765
2026-07-25 03:10:10+00:00,1.03,0.969,,,,,,0.0,KFBG,0.8248,82.48,waning_gibbous,1.6889763779527545,3.4448818897637765,3.4448818897637765
2026-07-25 03:15:10+00:00,1.01,0.969,,,,,,0.0,KACZ,0.8248,82.48,waning_gibbous,1.6889763779527545,3.4448818897637765,3.4448818897637765
2026-07-25 03:20:10+00:00,0.99,0.969,,,,,,0.0,KFBG,0.8248,82.48,waning_gibbous,1.6889763779527545,3.4448818897637765,3.4448818897637765
2026-07-25 03:25:10+00:00,0.95,0.969,,,,,,0.0,KFBG,0.8248,82.48,waning_gibbous,1.6889763779527545,3.4448818897637765,3.4448818897637765
2026-07-25 03:30:10+00:00,0.8999999999999999,1.077,,,,,,0.0,KACZ,0.8278,82.78,waning_gibbous,1.6889763779527545,3.4448818897637765,3.4448818897637765
2026-07-25 03:35:10+00:00,0.8799999999999999,1.077,,,,,,0.0,KACZ,0.8278,82.78,waning_gibbous,1.6889763779527545,3.4448818897637765,3.4448818897637765
2026-07-25 03:40:10+00:00,0.8600000000000001,1.077,,,,,,0.0,KACZ,0.8278,82.78,waning_gibbous,1.6889763779527545,3.4448818897637765,3.4448818897637765
2026-07-25 03:45:10+00:00,0.8700000000000001,1.077,,,,,,0.0,KFBG,0.8278,82.78,waning_gibbous,1.6771653543307072,3.4448818897637765,3.4448818897637765
2026-07-25 03:50:10+00:00,0.8899999999999999,1.077,,,,,,0.0,KFBG,0.8278,82.78,waning_gibbous,1.66535433070866,3.4448818897637765,3.4448818897637765
2026-07-25 03:55:10+00:00,0.8999999999999999,1.077,,,,,,0.0,KFBG,0.8278,82.78,waning_gibbous,1.6535433070866128,3.4448818897637765,3.4448818897637765
2026-07-25 04:00:10+00:00,0.92,1.077,,,,,,0.0,KFBG,0.8278,82.78,waning_gibbous,1.6417322834645656,3.4448818897637765,3.4448818897637765
2026-07-25 04:05:10+00:00,0.93,1.077,,,,,,0.0,KACZ,0.8278,82.78,waning_gibbous,1.6417322834645656,3.4448818897637765,3.4448818897637765
2026-07-25 04:10:10+00:00,0.94,1.077,,,,,,0.0,KACZ,0.8278,82.78,waning_gibbous,1.6417322834645656,3.4448818897637765,3.4448818897637765
2026-07-25 04:15:10+00:00,0.97,1.077,,,,,,0.0,KACZ,0.8278,82.78,waning_gibbous,1.6417322834645656,3.4448818897637765,3.4448818897637765
2026-07-25 04:20:10+00:00,1.02,1.077,,,,,,0.0,KACZ,0.8278,82.78,waning_gibbous,1.6417322834645656,3.4448818897637765,3.4448818897637765
2026-07-25 04:25:10+00:00,1.0699999999999998,1.077,,,,,,0.0,KACZ,0.8278,82.78,waning_gibbous,1.6299212598425183,3.4448818897637765,3.4448818897637765
2026-07-25 04:30:10+00:00,1.11,1.487,,,,,,0.0,KACZ,0.8308,83.08,waning_gibbous,1.6181102362204711,3.4448818897637765,3.4448818897637765
2026-07-25 04:35:10+00:00,1.1800000000000002,1.487,,,,,,0.0,KACZ,0.8308,83.08,waning_gibbous,1.606299212598424,3.4448818897637765,3.4448818897637765
2026-07-25 04:40:10+00:00,1.23,1.487,,,,,,0.0,KFBG,0.8308,83.08,waning_gibbous,1.5944881889763767,3.4448818897637765,3.4448818897637765
2026-07-25 04:45:10+00:00,1.28,1.487,,,,,,0.0,KFBG,0.8308,83.08,waning_gibbous,1.5944881889763767,3.4448818897637765,3.4448818897637765
2026-07-25 04:50:10+00:00,1.3199999999999998,1.487,,,,,,0.0,KFBG,0.8308,83.08,waning_gibbous,1.5944881889763767,3.4448818897637765,3.4448818897637765
2026-07-25 04:55:10+00:00,1.37,1.487,,,,,,0.0,KFBG,0.8308,83.08,waning_gibbous,1.5157480314960619,3.4448818897637765,3.4448818897637765
2026-07-25 05:00:10+00:00,1.41,1.487,,,,,,0.0,KFBG,0.8308,83.08,waning_gibbous,1.5157480314960619,3.4448818897637765,3.4448818897637765
2026-07-25 05:05:10+00:00,1.46,1.487,,,,,,0.0,KFBG,0.8308,83.08,waning_gibbous,1.5157480314960619,3.4448818897637765,3.4448818897637765
2026-07-25 05:10:10+00:00,1.49,1.487,,,,,,0.0,KFBG,0.8308,83.08,waning_gibbous,1.5157480314960619,3.4448818897637765,3.4448818897637765
2026-07-25 05:15:10+00:00,1.52,1.487,,,,,,0.0,KFBG,0.8308,83.08,waning_gibbous,1.5157480314960619,3.4448818897637765,3.4448818897637765
2026-07-25 05:20:10+00:00,1.57,1.487,,,,,,0.0,KFBG,0.8308,83.08,waning_gibbous,1.5157480314960619,3.4448818897637765,3.4448818897637765
2026-07-25 05:25:10+00:00,1.59,1.487,,,,,,0.0,KFBG,0.8308,83.08,waning_gibbous,1.5157480314960619,3.4448818897637765,3.4448818897637765
2026-07-25 05:30:10+00:00,1.61,2.02,,,,,,0.0,KFBG,0.8337,83.37,waning_gibbous,1.5157480314960619,3.4448818897637765,3.4448818897637765
2026-07-25 05:35:10+00:00,1.62,2.02,,,,,,0.0,KFBG,0.8337,83.37,waning_gibbous,1.5157480314960619,3.4448818897637765,3.4448818897637765
2026-07-25 05:40:10+00:00,1.63,2.02,,,,,,0.0,KFBG,0.8337,83.37,waning_gibbous,1.5157480314960619,3.4448818897637765,3.4448818897637765
2026-07-25 05:45:10+00:00,1.64,2.02,,,,,,0.0,KFBG,0.8337,83.37,waning_gibbous,1.5157480314960619,3.4448818897637765,3.4448818897637765
2026-07-25 05:50:10+00:00,1.67,2.02,,,,,,0.0,KFBG,0.8337,83.37,waning_gibbous,1.5157480314960619,3.4448818897637765,3.4448818897637765
2026-07-25 05:55:10+00:00,1.72,2.02,,,,,,0.0,KFBG,0.8337,83.37,waning_gibbous,0.7047244094488178,3.4448818897637765,3.4448818897637765
2026-07-25 06:00:10+00:00,1.75,2.02,,,,,,0.0,KFBG,0.8337,83.37,waning_gibbous,0.7047244094488178,3.4448818897637765,3.4448818897637765
2026-07-25 06:05:10+00:00,1.78,2.02,,,,,,0.0,KFBG,0.8337,83.37,waning_gibbous,0.7047244094488178,3.4448818897637765,3.4448818897637765
2026-07-25 06:10:10+00:00,1.83,2.02,,,,,,0.0,KFBG,0.8337,83.37,waning_gibbous,0.7047244094488178,3.4448818897637765,3.4448818897637765
2026-07-25 06:15:10+00:00,1.88,2.02,,,,,,0.0,KACZ,0.8337,83.37,waning_gibbous,0.7047244094488178,3.4448818897637765,3.4448818897637765
2026-07-25 06:20:10+00:00,1.93,2.02,,,,,,0.0,KFBG,0.8337,83.37,waning_gibbous,0.7047244094488178,3.4448818897637765,3.4448818897637765
2026-07-25 06:25:10+00:00,1.97,2.02,,,,,,0.0,KFBG,0.8337,83.37,waning_gibbous,0.7047244094488178,3.4448818897637765,3.4448818897637765
2026-07-25 06:30:10+00:00,2.02,2.535,,,,,,0.0,KACZ,0.8366,83.66,waning_gibbous,0.7047244094488178,3.4448818897637765,3.4448818897637765
2026-07-25 06:35:10+00:00,2.09,2.535,,,,,,0.0,KACZ,0.8366,83.66,waning_gibbous,0.7047244094488178,3.4448818897637765,3.4448818897637765
2026-07-25 06:40:10+00:00,2.15,2.535,,,,,,0.0,KFBG,0.8366,83.66,waning_gibbous,0.7047244094488178,3.4448818897637765,3.4448818897637765
2026-07-25 06:45:10+00:00,2.18,2.535,,,,,,0.0,KFBG,0.8366,83.66,waning_gibbous,0.7047244094488178,3.4448818897637765,3.4448818897637765
2026-07-25 06:50:10+00:00,2.23,2.535,,,,,,0.0,KFBG,0.8366,83.66,waning_gibbous,0.7047244094488178,3.4448818897637765,3.4448818897637765
2026-07-25 06:55:10+00:00,2.27,2.535,,,,,,0.0,KFBG,0.8366,83.66,waning_gibbous,0.606299212598424,3.4448818897637765,3.4448818897637765
2026-07-25 07:00:10+00:00,2.32,2.535,,,,,,0.0,KFBG,0.8366,83.66,waning_gibbous,0.606299212598424,3.4448818897637765,3.4448818897637765
2026-07-25 07:05:10+00:00,2.35,2.535,,,,,,0.0,KFBG,0.8366,83.66,waning_gibbous,0.606299212598424,3.4448818897637765,3.4448818897637765
2026-07-25 07:10:10+00:00,2.39,2.535,,,,,,0.0,KACZ,0.8366,83.66,waning_gibbous,0.606299212598424,3.4448818897637765,3.4448818897637765
2026-07-25 07:15:10+00:00,2.44,2.535,,,,,,0.0,KACZ,0.8366,83.66,waning_gibbous,0.606299212598424,3.4448818897637765,3.4448818897637765
2026-07-25 07:20:10+00:00,2.49,2.535,,,,,,0.0,KFBG,0.8366,83.66,waning_gibbous,0.606299212598424,3.4448818897637765,3.4448818897637765
2026-07-25 07:25:10+00:00,2.53,2.535,,,,,,0.0,KFBG,0.8366,83.66,waning_gibbous,0.606299212598424,3.4448818897637765,3.4448818897637765
2026-07-25 07:30:10+00:00,2.57,2.913,,,,,,0.0,KFBG,0.8395,83.95,waning_gibbous,0.606299212598424,3.4448818897637765,3.4448818897637765
2026-07-25 07:35:10+00:00,2.61,2.913,,,,,,0.0,KACZ,0.8395,83.95,waning_gibbous,0.606299212598424,3.4448818897637765,3.4448818897637765
2026-07-25 07:40:10+00:00,2.65,2.913,,,,,,0.0,KACZ,0.8395,83.95,waning_gibbous,0.606299212598424,3.4448818897637765,3.4448818897637765
2026-07-25 07:45:10+00:00,2.7,2.913,,,,,,0.0,KFBG,0.8395,83.95,waning_gibbous,0.606299212598424,3.4448818897637765,3.4448818897637765
2026-07-25 07:50:10+00:00,2.76,2.913,,,,,,0.0,KFBG,0.8395,83.95,waning_gibbous,0.606299212598424,3.4448818897637765,3.4448818897637765
2026-07-25 07:55:10+00:00,2.8,2.913,,,,,,0.0,KFBG,0.8395,83.95,waning_gibbous,0.606299212598424,3.4448818897637765,3.4448818897637765
2026-07-25 08:00:10+00:00,2.84,2.913,,,,,,0.0,KFBG,0.8395,83.95,waning_gibbous,0.606299212598424,3.4448818897637765,3.4448818897637765
2026-07-25 08:05:10+00:00,2.89,2.913,,,,,,0.0,KFBG,0.8395,83.95,waning_gibbous,0.606299212598424,3.4448818897637765,3.4448818897637765
2026-07-25 08:10:10+00:00,2.95,2.913,,,,,,0.0,KFBG,0.8395,83.95,waning_gibbous,0.606299212598424,3.4448818897637765,3.4448818897637765
2026-07-25 08:15:10+00:00,3.01,2.913,,,,,,0.0,KACZ,0.8395,83.95,waning_gibbous,0.606299212598424,3.4448818897637765,3.4448818897637765
2026-07-25 08:20:10+00:00,3.06,2.913,,,,,,0.0,KFBG,0.8395,83.95,waning_gibbous,0.606299212598424,3.4448818897637765,3.4448818897637765
2026-07-25 08:25:10+00:00,3.1,2.913,,,,,,0.0,KFBG,0.8395,83.95,waning_gibbous,0.5354330708661407,3.4448818897637765,3.4448818897637765
2026-07-25 08:30:10+00:00,3.15,3.037,,,,,,0.0,KFBG,0.8424,84.24,waning_gibbous,0.4645669291338572,3.4448818897637765,3.4448818897637765
2026-07-25 08:35:10+00:00,3.19,3.037,,,,,,0.0,KACZ,0.8424,84.24,waning_gibbous,0.3937007874015738,3.4448818897637765,3.4448818897637765
2026-07-25 08:40:10+00:00,3.23,3.037,,,,,,0.0,KACZ,0.8424,84.24,waning_gibbous,0.3937007874015738,3.4448818897637765,3.4448818897637765
2026-07-25 08:45:10+00:00,3.27,3.037,,,,,,0.0,KFBG,0.8424,84.24,waning_gibbous,0.3937007874015738,3.4448818897637765,3.4448818897637765
2026-07-25 08:50:10+00:00,3.31,3.037,,,,,,0.0,KFBG,0.8424,84.24,waning_gibbous,0.3937007874015738,3.4448818897637765,3.4448818897637765
2026-07-25 08:55:10+00:00,3.34,3.037,,,,,,0.0196850393700787,KFBG,0.8424,84.24,waning_gibbous,0.41338582677165253,3.464566929133855,3.464566929133855
2026-07-25 09:00:10+00:00,3.3600000000000003,3.037,,,,,,0.0,KFBG,0.8424,84.24,waning_gibbous,0.41338582677165253,3.464566929133855,3.464566929133855
2026-07-25 09:05:10+00:00,3.38,3.037,,,,,,0.0,KFBG,0.8424,84.24,waning_gibbous,0.41338582677165253,3.464566929133855,3.464566929133855
2026-07-25 09:10:10+00:00,3.4,3.037,,,,,,0.0,KFBG,0.8424,84.24,waning_gibbous,0.41338582677165253,3.464566929133855,3.464566929133855
2026-07-25 09:15:10+00:00,3.42,3.037,,,,,,0.0,KFBG,0.8424,84.24,waning_gibbous,0.41338582677165253,3.464566929133855,3.464566929133855
2026-07-25 09:20:10+00:00,3.43,3.037,,,,,,0.0,KFBG,0.8424,84.24,waning_gibbous,0.41338582677165253,3.464566929133855,3.464566929133855
2026-07-25 09:25:10+00:00,3.43,3.037,,,,,,0.0,KFBG,0.8424,84.24,waning_gibbous,0.41338582677165253,3.464566929133855,3.464566929133855
2026-07-25 09:30:10+00:00,3.42,2.855,,,,,,0.0,KFBG,0.8453,84.53,waning_gibbous,0.41338582677165253,3.464566929133855,3.464566929133855
2026-07-25 09:35:10+00:00,3.42,2.855,,,,,,0.0,KFBG,0.8453,84.53,waning_gibbous,0.41338582677165253,3.464566929133855,3.464566929133855
2026-07-25 09:40:10+00:00,3.4,2.855,,,,,,0.0,KFBG,0.8453,84.53,waning_gibbous,0.41338582677165253,3.464566929133855,3.464566929133855
2026-07-25 09:45:10+00:00,3.38,2.855,,,,,,0.0,KFBG,0.8453,84.53,waning_gibbous,0.41338582677165253,3.464566929133855,3.464566929133855
2026-07-25 09:50:10+00:00,3.3600000000000003,2.855,,,,,,0.0,KFBG,0.8453,84.53,waning_gibbous,0.41338582677165253,3.464566929133855,3.464566929133855
2026-07-25 09:55:10+00:00,3.34,2.855,,,,,,0.9488188976377954,KFBG,0.8453,84.53,waning_gibbous,1.362204724409448,4.41338582677165,4.41338582677165
2026-07-25 10:00:10+00:00,3.29,2.855,,,,,,0.0,KFBG,0.8453,84.53,waning_gibbous,1.362204724409448,4.41338582677165,4.41338582677165
2026-07-25 10:05:10+00:00,3.27,2.855,,,,,,0.0,KFBG,0.8453,84.53,waning_gibbous,1.362204724409448,4.41338582677165,4.41338582677165
2026-07-25 10:10:10+00:00,3.24,2.855,,,,,,0.0,KFBG,0.8453,84.53,waning_gibbous,1.362204724409448,4.41338582677165,4.41338582677165
2026-07-25 10:15:10+00:00,3.22,2.855,,,,,,0.0,KACZ,0.8453,84.53,waning_gibbous,1.362204724409448,4.41338582677165,4.41338582677165
2026-07-25 10:20:10+00:00,3.19,2.855,,,,,,0.0,KFBG,0.8453,84.53,waning_gibbous,1.362204724409448,4.41338582677165,4.41338582677165
2026-07-25 10:25:10+00:00,3.15,2.855,,,,,,0.0,KFBG,0.8453,84.53,waning_gibbous,1.362204724409448,4.41338582677165,4.41338582677165
2026-07-25 10:30:10+00:00,3.1100000000000003,2.429,,,,,,0.0,KFBG,0.8481,84.81,waning_gibbous,1.362204724409448,4.41338582677165,4.41338582677165
2026-07-25 10:35:10+00:00,3.08,2.429,,,,,,0.0,KFBG,0.8481,84.81,waning_gibbous,1.362204724409448,4.41338582677165,4.41338582677165
2026-07-25 10:40:10+00:00,3.04,2.429,,,,,,0.0,KFBG,0.8481,84.81,waning_gibbous,1.362204724409448,4.41338582677165,4.41338582677165
2026-07-25 10:45:10+00:00,3.01,2.429,,,,,,0.0,KFBG,0.8481,84.81,waning_gibbous,1.362204724409448,4.41338582677165,4.41338582677165
2026-07-25 10:50:10+00:00,2.98,2.429,,,,,,0.2795275590551181,KFBG,0.8481,84.81,waning_gibbous,1.641732283464566,4.692913385826769,4.692913385826769
2026-07-25 10:55:10+00:00,2.94,2.429,,,,,,0.2795275590551181,KFBG,0.8481,84.81,waning_gibbous,1.9212598425196843,4.972440944881887,4.972440944881887
2026-07-25 11:00:10+00:00,2.9,2.429,,,,,,0.0,KFBG,0.8481,84.81,waning_gibbous,1.9212598425196843,4.972440944881887,4.972440944881887
2026-07-25 11:05:10+00:00,2.87,2.429,,,,,,0.0,KFBG,0.8481,84.81,waning_gibbous,1.9212598425196843,4.972440944881887,4.972440944881887
2026-07-25 11:10:10+00:00,2.84,2.429,,,,,,0.0,KFBG,0.8481,84.81,waning_gibbous,1.9212598425196843,4.972440944881887,4.972440944881887
2026-07-25 11:15:10+00:00,2.81,2.429,,,,,,0.0118110236220472,KACZ,0.8481,84.81,waning_gibbous,1.9330708661417313,4.984251968503934,4.984251968503934
2026-07-25 11:20:10+00:00,2.77,2.429,,,,,,0.0,KFBG,0.8481,84.81,waning_gibbous,1.9330708661417313,4.984251968503934,4.984251968503934
2026-07-25 11:25:10+00:00,2.73,2.429,,,,,,0.0,KFBG,0.8481,84.81,waning_gibbous,1.921259842519684,4.984251968503934,4.984251968503934
2026-07-25 11:30:10+00:00,2.68,1.868,,,,,,0.0,KFBG,0.8509,85.09,waning_gibbous,1.9094488188976368,4.984251968503934,4.984251968503934
2026-07-25 11:35:10+00:00,2.63,1.868,,,,,,0.0,KFBG,0.8509,85.09,waning_gibbous,1.8976377952755896,4.984251968503934,4.984251968503934
2026-07-25 11:40:10+00:00,2.57,1.868,,,,,,0.0,KFBG,0.8509,85.09,waning_gibbous,1.8858267716535424,4.984251968503934,4.984251968503934
2026-07-25 11:45:10+00:00,2.53,1.868,,,,,,0.0,KFBG,0.8509,85.09,waning_gibbous,1.8740157480314952,4.984251968503934,4.984251968503934
2026-07-25 11:50:10+00:00,2.47,1.868,,,,,,0.0,KFBG,0.8509,85.09,waning_gibbous,1.8740157480314952,4.984251968503934,4.984251968503934
2026-07-25 11:55:10+00:00,2.43,1.868,,,,,,0.4015748031496063,KFBG,0.8509,85.09,waning_gibbous,2.2755905511811014,5.38582677165354,5.38582677165354
2026-07-25 12:00:10+00:00,2.38,1.868,,,,,,0.4015748031496063,KFBG,0.8509,85.09,waning_gibbous,2.677165354330708,5.787401574803146,5.787401574803146
2026-07-25 12:05:10+00:00,2.32,1.868,,,,,,0.0,KACZ,0.8509,85.09,waning_gibbous,2.677165354330708,5.787401574803146,5.787401574803146
2026-07-25 12:10:10+00:00,2.27,1.868,,,,,,0.0,KACZ,0.8509,85.09,waning_gibbous,2.677165354330708,5.787401574803146,5.787401574803146
2026-07-25 12:15:10+00:00,2.21,1.868,,,,,,0.0,KACZ,0.8509,85.09,waning_gibbous,2.677165354330708,5.787401574803146,5.787401574803146
2026-07-25 12:20:10+00:00,2.16,1.868,,,,,,0.0,KFBG,0.8509,85.09,waning_gibbous,2.677165354330708,5.787401574803146,5.787401574803146
2026-07-25 12:25:10+00:00,2.12,1.868,,,,,,0.0,KFBG,0.8509,85.09,waning_gibbous,2.677165354330708,5.787401574803146,5.787401574803146
2026-07-25 12:30:10+00:00,2.07,1.273,,,,,,0.0,KFBG,0.8537,85.37,waning_gibbous,2.677165354330708,5.787401574803146,5.787401574803146
2026-07-25 12:35:10+00:00,2.01,1.273,,,,,,0.0,KACZ,0.8537,85.37,waning_gibbous,2.677165354330708,5.787401574803146,5.787401574803146
2026-07-25 12:40:10+00:00,1.97,1.273,,,,,,0.0,KFBG,0.8537,85.37,waning_gibbous,2.677165354330708,5.787401574803146,5.787401574803146
2026-07-25 12:45:10+00:00,1.92,1.273,,,,,,0.0,KFBG,0.8537,85.37,waning_gibbous,2.677165354330708,5.787401574803146,5.787401574803146
2026-07-25 12:50:10+00:00,1.87,1.273,,,,,,0.0393700787401574,KFBG,0.8537,85.37,waning_gibbous,2.7165354330708653,5.826771653543304,5.826771653543304
2026-07-25 12:55:10+00:00,1.82,1.273,,,,,,0.0393700787401574,KFBG,0.8537,85.37,waning_gibbous,2.704724409448818,5.866141732283461,5.866141732283461
2026-07-25 13:00:10+00:00,1.75,1.273,,,,,,0.0,KFBG,0.8537,85.37,waning_gibbous,2.6535433070866135,5.866141732283461,5.866141732283461
2026-07-25 13:05:10+00:00,1.71,1.273,,,,,,0.0,KFBG,0.8537,85.37,waning_gibbous,2.6535433070866135,5.866141732283461,5.866141732283461
2026-07-25 13:10:10+00:00,1.67,1.273,,,,,,0.0,KACZ,0.8537,85.37,waning_gibbous,2.6535433070866135,5.866141732283461,5.866141732283461
2026-07-25 13:15:10+00:00,1.62,1.273,,,,,,0.0,KACZ,0.8537,85.37,waning_gibbous,2.6535433070866135,5.866141732283461,5.866141732283461
2026-07-25 13:20:10+00:00,1.56,1.273,,,,,,0.0,KFBG,0.8537,85.37,waning_gibbous,2.6535433070866135,5.866141732283461,5.866141732283461
2026-07-25 13:25:10+00:00,1.5,1.273,,,,,,0.0,KFBG,0.8537,85.37,waning_gibbous,2.6535433070866135,5.866141732283461,5.866141732283461
2026-07-25 13:30:10+00:00,1.47,0.777,,,,,,0.0,KFBG,0.8565,85.65,waning_gibbous,2.6535433070866135,5.866141732283461,5.866141732283461
2026-07-25 13:35:10+00:00,1.4300000000000002,0.777,,,,,,0.0,KACZ,0.8565,85.65,waning_gibbous,2.6535433070866135,5.866141732283461,5.866141732283461
2026-07-25 13:40:10+00:00,1.4,0.777,,,,,,0.0,KFBG,0.8565,85.65,waning_gibbous,2.6535433070866135,5.866141732283461,5.866141732283461
2026-07-25 13:45:10+00:00,1.33,0.777,,,,,,0.0,KFBG,0.8565,85.65,waning_gibbous,2.6535433070866135,5.866141732283461,5.866141732283461
2026-07-25 13:50:10+00:00,1.25,0.777,,,,,,0.0,KFBG,0.8565,85.65,waning_gibbous,2.6417322834645662,5.866141732283461,5.866141732283461
2026-07-25 13:55:10+00:00,1.27,0.777,,,,,,0.7401574803149606,KFBG,0.8565,85.65,waning_gibbous,3.3700787401574797,6.606299212598422,6.606299212598422
2026-07-25 14:00:10+00:00,1.23,0.777,,,,,,0.0,KFBG,0.8565,85.65,waning_gibbous,3.3582677165354324,6.606299212598422,6.606299212598422
2026-07-25 14:05:10+00:00,1.1800000000000002,0.777,,,,,,0.0,KFBG,0.8565,85.65,waning_gibbous,3.3582677165354324,6.606299212598422,6.606299212598422
2026-07-25 14:10:10+00:00,1.15,0.777,,,,,,0.0,KFBG,0.8565,85.65,waning_gibbous,3.3582677165354324,6.606299212598422,6.606299212598422
2026-07-25 14:15:10+00:00,1.17,0.777,,,,,,0.0,KACZ,0.8565,85.65,waning_gibbous,3.3582677165354324,6.606299212598422,6.606299212598422
2026-07-25 14:20:10+00:00,1.12,0.777,,,,,,0.0,KFBG,0.8565,85.65,waning_gibbous,3.3582677165354324,6.606299212598422,6.606299212598422
2026-07-25 14:25:10+00:00,1.05,0.777,,,,,,0.0,KFBG,0.8565,85.65,waning_gibbous,3.3582677165354324,6.606299212598422,6.606299212598422
2026-07-25 14:30:10+00:00,0.97,0.566,,,,,,0.0,KFBG,0.8592,85.92,waning_gibbous,3.3582677165354324,6.606299212598422,6.606299212598422
2026-07-25 14:35:10+00:00,0.91,0.566,,,,,,0.0118110236220472,KACZ,0.8592,85.92,waning_gibbous,3.3700787401574797,6.61811023622047,6.61811023622047
2026-07-25 14:40:10+00:00,0.8600000000000001,0.566,,,,,,0.0,KFBG,0.8592,85.92,waning_gibbous,3.3700787401574797,6.61811023622047,6.61811023622047
2026-07-25 14:45:10+00:00,0.8200000000000001,0.566,,,,,,0.0,KFBG,0.8592,85.92,waning_gibbous,3.3700787401574797,6.61811023622047,6.61811023622047
2026-07-25 14:50:10+00:00,0.79,0.566,,,,,,0.1692913385826771,KFBG,0.8592,85.92,waning_gibbous,3.5393700787401565,6.787401574803146,6.787401574803146
2026-07-25 14:55:10+00:00,0.74,0.566,,,,,,0.1692913385826771,KFBG,0.8592,85.92,waning_gibbous,3.708661417322834,6.956692913385823,6.956692913385823
2026-07-25 15:00:10+00:00,0.7,0.566,,,,,,0.0,KFBG,0.8592,85.92,waning_gibbous,3.708661417322834,6.956692913385823,6.956692913385823
2026-07-25 15:05:10+00:00,0.69,0.566,,,,,,0.0,KFBG,0.8592,85.92,waning_gibbous,3.708661417322834,6.956692913385823,6.956692913385823
2026-07-25 15:10:10+00:00,0.6499999999999999,0.566,,,,,,0.0,KFBG,0.8592,85.92,waning_gibbous,3.708661417322834,6.956692913385823,6.956692913385823
2026-07-25 15:15:10+00:00,0.6499999999999999,0.566,,,,,,0.0118110236220472,KACZ,0.8592,85.92,waning_gibbous,3.720472440944881,6.9685039370078705,6.9685039370078705
2026-07-25 15:20:10+00:00,0.6299999999999999,0.566,,,,,,0.0118110236220472,KACZ,0.8592,85.92,waning_gibbous,3.7322834645669283,6.980314960629918,6.980314960629918
2026-07-25 15:25:10+00:00,0.6100000000000001,0.566,,,,,,0.0118110236220472,KACZ,0.8592,85.92,waning_gibbous,3.7440944881889755,6.992125984251965,6.992125984251965
2026-07-25 15:30:10+00:00,0.6200000000000001,0.774,,,,,,0.0118110236220472,KACZ,0.862,86.2,waning_gibbous,3.7559055118110227,7.003937007874012,7.003937007874012
2026-07-25 15:35:10+00:00,0.6100000000000001,0.774,,,,,,0.0118110236220472,KACZ,0.862,86.2,waning_gibbous,3.76771653543307,7.015748031496059,7.015748031496059
2026-07-25 15:40:10+00:00,0.6100000000000001,0.774,,,,,,0.0,KFBG,0.862,86.2,waning_gibbous,3.76771653543307,7.015748031496059,7.015748031496059
2026-07-25 15:45:10+00:00,0.55,0.774,,,,,,0.0,KFBG,0.862,86.2,waning_gibbous,3.76771653543307,7.015748031496059,7.015748031496059
2026-07-25 15:50:10+00:00,0.51,0.774,,,,,,0.0,KFBG,0.862,86.2,waning_gibbous,3.76771653543307,7.015748031496059,7.015748031496059
2026-07-25 15:55:10+00:00,0.6100000000000001,0.774,,,,,,0.0196850393700787,KFBG,0.862,86.2,waning_gibbous,3.7874015748031487,7.035433070866138,7.035433070866138
2026-07-25 16:00:10+00:00,0.6399999999999999,0.774,,,,,,0.0196850393700787,KFBG,0.862,86.2,waning_gibbous,3.8070866141732274,7.055118110236217,7.055118110236217
2026-07-25 16:05:10+00:00,0.6599999999999999,0.774,,,,,,0.0196850393700787,KACZ,0.862,86.2,waning_gibbous,3.826771653543306,7.0748031496062955,7.0748031496062955
2026-07-25 16:10:10+00:00,0.69,0.774,,,,,,0.0196850393700787,KACZ,0.862,86.2,waning_gibbous,3.8464566929133848,7.094488188976374,7.094488188976374
2026-07-25 16:15:10+00:00,0.69,0.774,,,,,,0.0196850393700787,KACZ,0.862,86.2,waning_gibbous,3.8661417322834635,7.114173228346453,7.114173228346453
2026-07-25 16:20:10+00:00,0.6599999999999999,0.774,,,,,,0.0196850393700787,KACZ,0.862,86.2,waning_gibbous,3.885826771653542,7.133858267716532,7.133858267716532
2026-07-25 16:25:10+00:00,0.6699999999999999,0.774,,,,,,0.421259842519685,KACZ,0.862,86.2,waning_gibbous,4.307086614173227,7.555118110236217,7.555118110236217
2026-07-25 16:30:10+00:00,0.75,1.362,,,,,,0.421259842519685,KACZ,0.8647,86.47,waning_gibbous,4.728346456692912,7.976377952755902,7.976377952755902
2026-07-25 16:35:10+00:00,0.79,1.362,,,,,,0.421259842519685,KACZ,0.8647,86.47,waning_gibbous,5.149606299212597,8.397637795275587,8.397637795275587
2026-07-25 16:40:10+00:00,0.8300000000000001,1.362,,,,,,0.0,KFBG,0.8647,86.47,waning_gibbous,5.149606299212597,8.397637795275587,8.397637795275587
2026-07-25 16:45:10+00:00,0.75,1.362,,,,,,0.0,KFBG,0.8647,86.47,waning_gibbous,5.118110236220471,8.397637795275587,8.397637795275587
2026-07-25 16:50:10+00:00,0.71,1.362,,,,,,0.0,KFBG,0.8647,86.47,waning_gibbous,5.086614173228345,8.397637795275587,8.397637795275587
2026-07-25 16:55:10+00:00,0.78,1.362,,,,,,0.0,KFBG,0.8647,86.47,waning_gibbous,5.0551181102362195,8.397637795275587,8.397637795275587
2026-07-25 17:00:10+00:00,0.8500000000000001,1.362,,,,,,0.0,KFBG,0.8647,86.47,waning_gibbous,5.023622047244094,8.397637795275587,8.397637795275587
2026-07-25 17:05:10+00:00,0.94,1.362,,,,,,0.0118110236220472,KACZ,0.8647,86.47,waning_gibbous,5.023622047244094,8.409448818897634,8.409448818897634
2026-07-25 17:10:10+00:00,0.97,1.362,,,,,,0.0118110236220472,KACZ,0.8647,86.47,waning_gibbous,5.023622047244094,8.421259842519682,8.421259842519682
2026-07-25 17:15:10+00:00,1.01,1.362,,,,,,0.0118110236220472,KACZ,0.8647,86.47,waning_gibbous,5.023622047244094,8.433070866141728,8.433070866141728
2026-07-25 17:20:10+00:00,1.1,1.362,,,,,,0.0118110236220472,KACZ,0.8647,86.47,waning_gibbous,5.023622047244094,8.444881889763776,8.444881889763776
2026-07-25 17:25:10+00:00,1.1800000000000002,1.362,,,,,,0.0393700787401574,KACZ,0.8647,86.47,waning_gibbous,5.062992125984251,8.484251968503933,8.484251968503933
2026-07-25 17:30:10+00:00,1.26,2.164,,,,,,0.0393700787401574,KACZ,0.8674,86.74,waning_gibbous,5.102362204724408,8.523622047244091,8.523622047244091
2026-07-25 17:35:10+00:00,1.34,2.164,,,,,,0.0393700787401574,KACZ,0.8674,86.74,waning_gibbous,5.141732283464566,8.562992125984248,8.562992125984248
2026-07-25 17:40:10+00:00,1.4,2.164,,,,,,0.0393700787401574,KACZ,0.8674,86.74,waning_gibbous,5.181102362204723,8.602362204724406,8.602362204724406
2026-07-25 17:45:10+00:00,1.49,2.164,,,,,,0.0,KFBG,0.8674,86.74,waning_gibbous,5.181102362204723,8.602362204724406,8.602362204724406
2026-07-25 17:50:10+00:00,1.58,2.164,,,,,,0.0,KFBG,0.8674,86.74,waning_gibbous,5.181102362204723,8.602362204724406,8.602362204724406
2026-07-25 17:55:10+00:00,1.65,2.164,,,,,,0.0,KFBG,0.8674,86.74,waning_gibbous,5.181102362204723,8.602362204724406,8.602362204724406
2026-07-25 18:00:10+00:00,1.71,2.164,,,,,,0.0,KFBG,0.8674,86.74,waning_gibbous,5.181102362204723,8.602362204724406,8.602362204724406
2026-07-25 18:05:10+00:00,1.73,2.164,,,,,,0.0,KMQI,0.8674,86.74,waning_gibbous,5.181102362204723,8.602362204724406,8.602362204724406
2026-07-25 18:10:10+00:00,1.77,2.164,,,,,,0.0,KMQI,0.8674,86.74,waning_gibbous,5.181102362204723,8.602362204724406,8.602362204724406
2026-07-25 18:15:10+00:00,1.82,2.164,,,,,,0.0,KMQI,0.8674,86.74,waning_gibbous,5.181102362204723,8.602362204724406,8.602362204724406
2026-07-25 18:20:10+00:00,1.9,2.164,,,,,,0.0,KMQI,0.8674,86.74,waning_gibbous,5.181102362204723,8.602362204724406,8.602362204724406
2026-07-25 18:25:10+00:00,1.96,2.164,,,,,,0.0393700787401574,KACZ,0.8674,86.74,waning_gibbous,5.220472440944881,8.641732283464563,8.641732283464563
2026-07-25 18:30:10+00:00,1.98,3.011,,,,,,0.0393700787401574,KACZ,0.87,87.0,waning_gibbous,5.259842519685038,8.68110236220472,8.68110236220472
2026-07-25 18:35:10+00:00,2.03,3.011,,,,,,0.0393700787401574,KACZ,0.87,87.0,waning_gibbous,5.299212598425195,8.720472440944878,8.720472440944878
2026-07-25 18:40:10+00:00,2.11,3.011,,,,,,0.0,KFBG,0.87,87.0,waning_gibbous,5.299212598425195,8.720472440944878,8.720472440944878
2026-07-25 18:45:10+00:00,2.23,3.011,,,,,,0.0,KFBG,0.87,87.0,waning_gibbous,5.299212598425195,8.720472440944878,8.720472440944878
2026-07-25 18:50:10+00:00,2.31,3.011,,,,,,0.0,KFBG,0.87,87.0,waning_gibbous,5.299212598425195,8.720472440944878,8.720472440944878
2026-07-25 18:55:10+00:00,2.3,3.011,,,,,,0.0,KFBG,0.87,87.0,waning_gibbous,5.299212598425195,8.720472440944878,8.720472440944878
2026-07-25 19:00:10+00:00,2.28,3.011,,,,,,0.0,KFBG,0.87,87.0,waning_gibbous,5.299212598425195,8.720472440944878,8.720472440944878
2026-07-25 19:05:10+00:00,2.3,3.011,,,,,,0.0,KACZ,0.87,87.0,waning_gibbous,5.299212598425195,8.720472440944878,8.720472440944878
2026-07-25 19:10:10+00:00,2.42,3.011,,,,,,0.0,KACZ,0.87,87.0,waning_gibbous,5.299212598425195,8.720472440944878,8.720472440944878
2026-07-25 19:15:10+00:00,2.53,3.011,,,,,,0.0,KACZ,0.87,87.0,waning_gibbous,5.299212598425195,8.720472440944878,8.720472440944878
2026-07-25 19:20:10+00:00,2.58,3.011,,,,,,0.0,KFBG,0.87,87.0,waning_gibbous,5.299212598425195,8.720472440944878,8.720472440944878
2026-07-25 19:25:10+00:00,2.6,3.011,,,,,,0.0,KFBG,0.87,87.0,waning_gibbous,5.299212598425195,8.720472440944878,8.720472440944878
2026-07-25 19:30:10+00:00,2.68,3.751,,,,,,0.0118110236220472,KACZ,0.8727,87.27,waning_gibbous,5.311023622047243,8.732283464566924,8.732283464566924
2026-07-25 19:35:10+00:00,2.77,3.751,,,,,,0.0118110236220472,KACZ,0.8727,87.27,waning_gibbous,5.32283464566929,8.744094488188972,8.744094488188972
2026-07-25 19:40:10+00:00,2.86,3.751,,,,,,0.0118110236220472,KACZ,0.8727,87.27,waning_gibbous,5.334645669291337,8.755905511811019,8.755905511811019
2026-07-25 19:45:10+00:00,2.93,3.751,,,,,,0.0,KFBG,0.8727,87.27,waning_gibbous,5.334645669291337,8.755905511811019,8.755905511811019
2026-07-25 19:50:10+00:00,2.99,3.751,,,,,,0.0,KFBG,0.8727,87.27,waning_gibbous,5.334645669291337,8.755905511811019,8.755905511811019
2026-07-25 19:55:10+00:00,3.0700000000000003,3.751,,,,,,0.0,KFBG,0.8727,87.27,waning_gibbous,5.334645669291337,8.755905511811019,8.755905511811019
2026-07-25 20:00:10+00:00,3.14,3.751,,,,,,0.0,KFBG,0.8727,87.27,waning_gibbous,5.334645669291337,8.755905511811019,8.755905511811019
2026-07-25 20:05:10+00:00,3.22,3.751,,,,,,0.0,KACZ,0.8727,87.27,waning_gibbous,5.334645669291337,8.755905511811019,8.755905511811019
2026-07-25 20:10:10+00:00,3.29,3.751,,,,,,0.0,KACZ,0.8727,87.27,waning_gibbous,5.334645669291337,8.755905511811019,8.755905511811019
2026-07-25 20:15:10+00:00,3.37,3.751,,,,,,0.0,KACZ,0.8727,87.27,waning_gibbous,5.334645669291337,8.755905511811019,8.755905511811019
2026-07-25 20:20:10+00:00,3.44,3.751,,,,,,0.0,KFBG,0.8727,87.27,waning_gibbous,5.334645669291337,8.755905511811019,8.755905511811019
2026-07-25 20:25:10+00:00,3.49,3.751,,,,,,0.0,KFBG,0.8727,87.27,waning_gibbous,5.334645669291337,8.755905511811019,8.755905511811019
2026-07-25 20:30:10+00:00,3.56,4.217,,,,,,0.0,KFBG,0.8753,87.53,waning_gibbous,5.334645669291337,8.755905511811019,8.755905511811019
2026-07-25 20:35:10+00:00,3.62,4.217,,,,,,0.0,KACZ,0.8753,87.53,waning_gibbous,5.334645669291337,8.755905511811019,8.755905511811019
2026-07-25 20:40:10+00:00,3.69,4.217,,,,,,0.0,KACZ,0.8753,87.53,waning_gibbous,5.334645669291337,8.755905511811019,8.755905511811019
2026-07-25 20:45:10+00:00,3.76,4.217,,,,,,0.0,KFBG,0.8753,87.53,waning_gibbous,5.334645669291337,8.755905511811019,8.755905511811019
2026-07-25 20:50:10+00:00,3.81,4.217,,,,,,0.0,KFBG,0.8753,87.53,waning_gibbous,5.334645669291337,8.755905511811019,8.755905511811019
2026-07-25 20:55:10+00:00,3.87,4.217,,,,,,0.0,KFBG,0.8753,87.53,waning_gibbous,5.334645669291337,8.755905511811019,8.755905511811019
2026-07-25 21:00:10+00:00,3.93,4.217,,,,,,0.0,KFBG,0.8753,87.53,waning_gibbous,5.334645669291337,8.755905511811019,8.755905511811019
2026-07-25 21:05:10+00:00,3.98,4.217,,,,,,0.0,KACZ,0.8753,87.53,waning_gibbous,5.334645669291337,8.755905511811019,8.755905511811019
2026-07-25 21:10:10+00:00,4.029999999999999,4.217,,,,,,0.0,KACZ,0.8753,87.53,waning_gibbous,5.334645669291337,8.755905511811019,8.755905511811019
2026-07-25 21:15:10+00:00,4.08,4.217,,,,,,0.0,KACZ,0.8753,87.53,waning_gibbous,5.334645669291337,8.755905511811019,8.755905511811019
2026-07-25 21:20:10+00:00,4.140000000000001,4.217,,,,,,0.0,KACZ,0.8753,87.53,waning_gibbous,5.334645669291337,8.755905511811019,8.755905511811019
2026-07-25 21:25:10+00:00,4.18,4.217,,,,,,0.0,KACZ,0.8753,87.53,waning_gibbous,5.334645669291337,8.755905511811019,8.755905511811019
2026-07-25 21:30:10+00:00,4.220000000000001,4.272,,,,,,0.0,KACZ,0.8779,87.79,waning_gibbous,5.334645669291337,8.755905511811019,8.755905511811019
2026-07-25 21:35:10+00:00,4.24,4.272,,,,,,0.0,KACZ,0.8779,87.79,waning_gibbous,5.334645669291337,8.755905511811019,8.755905511811019
2026-07-25 21:40:10+00:00,4.279999999999999,4.272,,,,,,0.0,KFBG,0.8779,87.79,waning_gibbous,5.334645669291337,8.755905511811019,8.755905511811019
2026-07-25 21:45:10+00:00,4.3100000000000005,4.272,,,,,,0.0,KFBG,0.8779,87.79,waning_gibbous,5.334645669291337,8.755905511811019,8.755905511811019
2026-07-25 21:50:10+00:00,4.3,4.272,,,,,,0.0,KFBG,0.8779,87.79,waning_gibbous,5.334645669291337,8.755905511811019,8.755905511811019
2026-07-25 21:55:10+00:00,4.34,4.272,,,,,,0.0,KFBG,0.8779,87.79,waning_gibbous,5.334645669291337,8.755905511811019,8.755905511811019
2026-07-25 22:00:10+00:00,4.38,4.272,,,,,,0.0,KFBG,0.8779,87.79,waning_gibbous,5.334645669291337,8.755905511811019,8.755905511811019
2026-07-25 22:05:10+00:00,4.4,4.272,,,,,,0.0,KACZ,0.8779,87.79,waning_gibbous,5.334645669291337,8.755905511811019,8.755905511811019
2026-07-25 22:10:10+00:00,4.390000000000001,4.272,,,,,,0.0,KACZ,0.8779,87.79,waning_gibbous,5.334645669291337,8.755905511811019,8.755905511811019
2026-07-25 22:15:10+00:00,4.38,4.272,,,,,,0.0,KACZ,0.8779,87.79,waning_gibbous,5.334645669291337,8.755905511811019,8.755905511811019
2026-07-25 22:20:10+00:00,4.359999999999999,4.272,,,,,,0.0,KACZ,0.8779,87.79,waning_gibbous,5.334645669291337,8.755905511811019,8.755905511811019
2026-07-25 22:25:10+00:00,4.33,4.272,,,,,,0.0,KFBG,0.8779,87.79,waning_gibbous,5.334645669291337,8.755905511811019,8.755905511811019
2026-07-25 22:30:10+00:00,4.32,3.909,,,,,,0.0,KFBG,0.8804,88.04,waning_gibbous,5.334645669291337,8.755905511811019,8.755905511811019
2026-07-25 22:35:10+00:00,4.3,3.909,,,,,,0.0,KFBG,0.8804,88.04,waning_gibbous,5.334645669291337,8.755905511811019,8.755905511811019
2026-07-25 22:40:10+00:00,4.27,3.909,,,,,,0.0,KFBG,0.8804,88.04,waning_gibbous,5.334645669291337,8.755905511811019,8.755905511811019
2026-07-25 22:45:10+00:00,4.26,3.909,,,,,,0.0,KFBG,0.8804,88.04,waning_gibbous,5.334645669291337,8.755905511811019,8.755905511811019
2026-07-25 22:50:10+00:00,4.24,3.909,,,,,,0.0,KFBG,0.8804,88.04,waning_gibbous,5.334645669291337,8.755905511811019,8.755905511811019
2026-07-25 22:55:10+00:00,4.2,3.909,,,,,,0.0,KFBG,0.8804,88.04,waning_gibbous,5.334645669291337,8.755905511811019,8.755905511811019
2026-07-25 23:00:10+00:00,4.16,3.909,,,,,,0.0,KFBG,0.8804,88.04,waning_gibbous,5.334645669291337,8.755905511811019,8.755905511811019
2026-07-25 23:05:10+00:00,4.13,3.909,,,,,,0.0,KACZ,0.8804,88.04,waning_gibbous,5.334645669291337,8.755905511811019,8.755905511811019
2026-07-25 23:10:10+00:00,4.109999999999999,3.909,,,,,,0.0,KACZ,0.8804,88.04,waning_gibbous,5.334645669291337,8.755905511811019,8.755905511811019
2026-07-25 23:15:10+00:00,4.1,3.909,,,,,,0.0,KACZ,0.8804,88.04,waning_gibbous,5.334645669291337,8.755905511811019,8.755905511811019
2026-07-25 23:20:10+00:00,4.07,3.909,,,,,,0.0,KACZ,0.8804,88.04,waning_gibbous,5.334645669291337,8.755905511811019,8.755905511811019
2026-07-25 23:25:10+00:00,4.02,3.909,,,,,,0.0,KACZ,0.8804,88.04,waning_gibbous,5.334645669291337,8.755905511811019,8.755905511811019
2026-07-25 23:30:10+00:00,3.98,3.25,,,,,,0.0,KACZ,0.883,88.3,waning_gibbous,5.334645669291337,8.755905511811019,8.755905511811019
2026-07-25 23:35:10+00:00,3.94,3.25,,,,,,0.0,KACZ,0.883,88.3,waning_gibbous,5.334645669291337,8.755905511811019,8.755905511811019
2026-07-25 23:40:10+00:00,3.88,3.25,,,,,,0.0,KACZ,0.883,88.3,waning_gibbous,5.334645669291337,8.755905511811019,8.755905511811019
2026-07-25 23:45:10+00:00,3.82,3.25,,,,,,0.0,KFBG,0.883,88.3,waning_gibbous,5.334645669291337,8.755905511811019,8.755905511811019
2026-07-25 23:50:10+00:00,3.77,3.25,,,,,,0.0,KFBG,0.883,88.3,waning_gibbous,5.334645669291337,8.755905511811019,8.755905511811019
2026-07-25 23:55:10+00:00,3.74,3.25,,,,,,0.0,KFBG,0.883,88.3,waning_gibbous,5.334645669291337,8.755905511811019,8.755905511811019
2026-07-26 00:00:10+00:00,3.7,3.25,,,,,,0.0,KFBG,0.883,88.3,waning_gibbous,5.334645669291337,8.755905511811019,8.755905511811019
2026-07-26 00:05:10+00:00,3.65,3.25,,,,,,0.0,KACZ,0.883,88.3,waning_gibbous,5.334645669291337,8.755905511811019,8.755905511811019
2026-07-26 00:10:10+00:00,3.61,3.25,,,,,,0.0,KACZ,0.883,88.3,waning_gibbous,5.334645669291337,8.755905511811019,8.755905511811019
2026-07-26 00:15:10+00:00,3.5700000000000003,3.25,,,,,,0.0,KACZ,0.883,88.3,waning_gibbous,5.334645669291337,8.755905511811019,8.755905511811019
2026-07-26 00:20:10+00:00,3.54,3.25,,,,,,0.0,KACZ,0.883,88.3,waning_gibbous,5.334645669291337,8.755905511811019,8.755905511811019
2026-07-26 00:25:10+00:00,3.5,3.25,,,,,,0.0,KACZ,0.883,88.3,waning_gibbous,5.334645669291337,8.755905511811019,8.755905511811019
2026-07-26 00:30:10+00:00,3.46,2.45,,,,,,0.0,KACZ,0.8855,88.55,waning_gibbous,5.334645669291337,8.755905511811019,8.755905511811019
2026-07-26 00:35:10+00:00,3.39,2.45,,,,,,0.0,KACZ,0.8855,88.55,waning_gibbous,5.334645669291337,8.755905511811019,8.755905511811019
2026-07-26 00:40:10+00:00,3.33,2.45,,,,,,0.0,KACZ,0.8855,88.55,waning_gibbous,5.334645669291337,8.755905511811019,8.755905511811019
2026-07-26 00:45:10+00:00,3.27,2.45,,,,,,0.0,KFBG,0.8855,88.55,waning_gibbous,5.334645669291337,8.755905511811019,8.755905511811019
2026-07-26 00:50:10+00:00,3.21,2.45,,,,,,0.0,KFBG,0.8855,88.55,waning_gibbous,5.334645669291337,8.755905511811019,8.755905511811019
2026-07-26 00:55:10+00:00,3.16,2.45,,,,,,0.0,KFBG,0.8855,88.55,waning_gibbous,5.334645669291337,8.755905511811019,8.755905511811019
2026-07-26 01:00:10+00:00,3.09,2.45,,,,,,0.0,KFBG,0.8855,88.55,waning_gibbous,5.334645669291337,8.755905511811019,8.755905511811019
2026-07-26 01:05:10+00:00,3.03,2.45,,,,,,0.0,KACZ,0.8855,88.55,waning_gibbous,5.334645669291337,8.755905511811019,8.755905511811019
2026-07-26 01:10:10+00:00,2.98,2.45,,,,,,0.0,KACZ,0.8855,88.55,waning_gibbous,5.334645669291337,8.755905511811019,8.755905511811019
2026-07-26 01:15:10+00:00,2.91,2.45,,,,,,0.0,KACZ,0.8855,88.55,waning_gibbous,5.334645669291337,8.755905511811019,8.755905511811019
2026-07-26 01:20:10+00:00,2.83,2.45,,,,,,0.0,KACZ,0.8855,88.55,waning_gibbous,5.334645669291337,8.755905511811019,8.755905511811019
2026-07-26 01:25:10+00:00,2.74,2.45,,,,,,0.0,KACZ,0.8855,88.55,waning_gibbous,5.334645669291337,8.755905511811019,8.755905511811019
2026-07-26 01:30:10+00:00,2.67,1.669,,,,,,0.0,KACZ,0.888,88.8,waning_gibbous,5.334645669291337,8.755905511811019,8.755905511811019
2026-07-26 01:35:10+00:00,2.62,1.669,,,,,,0.0,KACZ,0.888,88.8,waning_gibbous,5.334645669291337,8.755905511811019,8.755905511811019
2026-07-26 01:40:10+00:00,2.57,1.669,,,,,,0.0,KACZ,0.888,88.8,waning_gibbous,5.334645669291337,8.755905511811019,8.755905511811019
2026-07-26 01:45:10+00:00,2.51,1.669,,,,,,0.0,KFBG,0.888,88.8,waning_gibbous,5.334645669291337,8.755905511811019,8.755905511811019
2026-07-26 01:50:10+00:00,2.44,1.669,,,,,,0.0,KFBG,0.888,88.8,waning_gibbous,5.334645669291337,8.755905511811019,8.755905511811019
2026-07-26 01:55:10+00:00,2.38,1.669,,,,,,0.0,KFBG,0.888,88.8,waning_gibbous,5.32283464566929,8.755905511811019,8.755905511811019
2026-07-26 02:00:10+00:00,2.31,1.669,,,,,,0.0,KFBG,0.888,88.8,waning_gibbous,5.311023622047243,8.755905511811019,8.755905511811019
2026-07-26 02:05:10+00:00,2.23,1.669,,,,,,0.0,KFBG,0.888,88.8,waning_gibbous,5.311023622047243,8.755905511811019,8.755905511811019
2026-07-26 02:10:10+00:00,2.17,1.669,,,,,,0.0,KACZ,0.888,88.8,waning_gibbous,5.311023622047243,8.755905511811019,8.755905511811019
2026-07-26 02:15:10+00:00,2.11,1.669,,,,,,0.0,KACZ,0.888,88.8,waning_gibbous,5.311023622047243,8.755905511811019,8.755905511811019
2026-07-26 02:20:10+00:00,2.05,1.669,,,,,,0.0,KACZ,0.888,88.8,waning_gibbous,5.311023622047243,8.755905511811019,8.755905511811019
2026-07-26 02:25:10+00:00,2.0,1.669,,,,,,0.0,KACZ,0.888,88.8,waning_gibbous,5.311023622047243,8.755905511811019,8.755905511811019
2026-07-26 02:30:10+00:00,1.94,1.096,,,,,,0.0,KACZ,0.8905,89.05,waning_gibbous,5.311023622047243,8.755905511811019,8.755905511811019
2026-07-26 02:35:10+00:00,1.89,1.096,,,,,,0.0,KACZ,0.8905,89.05,waning_gibbous,5.311023622047243,8.755905511811019,8.755905511811019
2026-07-26 02:40:10+00:00,1.81,1.096,,,,,,0.0,KACZ,0.8905,89.05,waning_gibbous,5.311023622047243,8.755905511811019,8.755905511811019
2026-07-26 02:45:10+00:00,1.76,1.096,,,,,,0.0,KFBG,0.8905,89.05,waning_gibbous,5.311023622047243,8.755905511811019,8.755905511811019
2026-07-26 02:50:10+00:00,1.71,1.096,,,,,,0.0,KFBG,0.8905,89.05,waning_gibbous,5.311023622047243,8.755905511811019,8.755905511811019
2026-07-26 02:55:10+00:00,1.65,1.096,,,,,,0.0,KFBG,0.8905,89.05,waning_gibbous,5.311023622047243,8.755905511811019,8.755905511811019
2026-07-26 03:00:10+00:00,1.59,1.096,,,,,,0.0,KFBG,0.8905,89.05,waning_gibbous,5.311023622047243,8.755905511811019,8.755905511811019
2026-07-26 03:05:10+00:00,1.53,1.096,,,,,,0.0,KFBG,0.8905,89.05,waning_gibbous,5.311023622047243,8.755905511811019,8.755905511811019
2026-07-26 03:10:10+00:00,1.48,1.096,,,,,,0.0,KFBG,0.8905,89.05,waning_gibbous,5.311023622047243,8.755905511811019,8.755905511811019
2026-07-26 03:15:10+00:00,1.44,1.096,,,,,,0.0,KACZ,0.8905,89.05,waning_gibbous,5.311023622047243,8.755905511811019,8.755905511811019
2026-07-26 03:20:10+00:00,1.4300000000000002,1.096,,,,,,0.0,KACZ,0.8905,89.05,waning_gibbous,5.311023622047243,8.755905511811019,8.755905511811019
2026-07-26 03:25:10+00:00,1.4,1.096,,,,,,0.0,KACZ,0.8905,89.05,waning_gibbous,5.311023622047243,8.755905511811019,8.755905511811019
2026-07-26 03:30:10+00:00,1.35,0.899,,,,,,0.0,KACZ,0.8929,89.29,waning_gibbous,5.311023622047243,8.755905511811019,8.755905511811019
2026-07-26 03:35:10+00:00,1.3199999999999998,0.899,,,,,,0.0,KACZ,0.8929,89.29,waning_gibbous,5.311023622047243,8.755905511811019,8.755905511811019
2026-07-26 03:40:10+00:00,1.3,0.899,,,,,,0.0,KACZ,0.8929,89.29,waning_gibbous,5.311023622047243,8.755905511811019,8.755905511811019
2026-07-26 03:45:10+00:00,1.26,0.899,,,,,,0.0,KFBG,0.8929,89.29,waning_gibbous,5.311023622047243,8.755905511811019,8.755905511811019
2026-07-26 03:50:10+00:00,1.24,0.899,,,,,,0.0,KFBG,0.8929,89.29,waning_gibbous,5.311023622047243,8.755905511811019,8.755905511811019
2026-07-26 03:55:10+00:00,1.23,0.899,,,,,,0.0,KFBG,0.8929,89.29,waning_gibbous,5.311023622047243,8.755905511811019,8.755905511811019
2026-07-26 04:00:10+00:00,1.21,0.899,,,,,,0.0,KFBG,0.8929,89.29,waning_gibbous,5.311023622047243,8.755905511811019,8.755905511811019
2026-07-26 04:05:10+00:00,1.2,0.899,,,,,,0.0,KACZ,0.8929,89.29,waning_gibbous,5.311023622047243,8.755905511811019,8.755905511811019
2026-07-26 04:10:10+00:00,1.19,0.899,,,,,,0.0,KACZ,0.8929,89.29,waning_gibbous,5.311023622047243,8.755905511811019,8.755905511811019
2026-07-26 04:15:10+00:00,1.21,0.899,,,,,,0.0,KACZ,0.8929,89.29,waning_gibbous,5.311023622047243,8.755905511811019,8.755905511811019
2026-07-26 04:20:10+00:00,1.23,0.899,,,,,,0.0,KACZ,0.8929,89.29,waning_gibbous,5.311023622047243,8.755905511811019,8.755905511811019
2026-07-26 04:25:10+00:00,1.26,0.899,,,,,,0.0,KACZ,0.8929,89.29,waning_gibbous,5.311023622047243,8.755905511811019,8.755905511811019
2026-07-26 04:30:10+00:00,1.26,1.096,,,,,,0.0,KACZ,0.8954,89.54,waning_gibbous,5.311023622047243,8.755905511811019,8.755905511811019
2026-07-26 04:35:10+00:00,1.26,1.096,,,,,,0.0,KACZ,0.8954,89.54,waning_gibbous,5.311023622047243,8.755905511811019,8.755905511811019
2026-07-26 04:40:10+00:00,1.24,1.096,,,,,,0.0,KACZ,0.8954,89.54,waning_gibbous,5.311023622047243,8.755905511811019,8.755905511811019
2026-07-26 04:45:10+00:00,1.26,1.096,,,,,,0.0,KFBG,0.8954,89.54,waning_gibbous,5.311023622047243,8.755905511811019,8.755905511811019
2026-07-26 04:50:10+00:00,1.27,1.096,,,,,,0.0,KFBG,0.8954,89.54,waning_gibbous,5.311023622047243,8.755905511811019,8.755905511811019
2026-07-26 04:55:10+00:00,1.28,1.096,,,,,,0.0,KFBG,0.8954,89.54,waning_gibbous,5.311023622047243,8.755905511811019,8.755905511811019
2026-07-26 05:00:10+00:00,1.27,1.096,,,,,,0.0,KFBG,0.8954,89.54,waning_gibbous,5.311023622047243,8.755905511811019,8.755905511811019
2026-07-26 05:05:10+00:00,1.28,1.096,,,,,,0.0,KACZ,0.8954,89.54,waning_gibbous,5.311023622047243,8.755905511811019,8.755905511811019
2026-07-26 05:10:10+00:00,1.28,1.096,,,,,,0.0,KACZ,0.8954,89.54,waning_gibbous,5.311023622047243,8.755905511811019,8.755905511811019
2026-07-26 05:15:10+00:00,1.3,1.096,,,,,,0.0,KACZ,0.8954,89.54,waning_gibbous,5.311023622047243,8.755905511811019,8.755905511811019
2026-07-26 05:20:10+00:00,1.3199999999999998,1.096,,,,,,0.0,KFBG,0.8954,89.54,waning_gibbous,5.311023622047243,8.755905511811019,8.755905511811019
2026-07-26 05:25:10+00:00,1.34,1.096,,,,,,0.0,KFBG,0.8954,89.54,waning_gibbous,5.311023622047243,8.755905511811019,8.755905511811019
2026-07-26 05:30:10+00:00,1.34,1.551,,,,,,0.0,KACZ,0.8978,89.78,waning_gibbous,5.311023622047243,8.755905511811019,8.755905511811019
2026-07-26 05:35:10+00:00,1.36,1.551,,,,,,0.0,KACZ,0.8978,89.78,waning_gibbous,5.311023622047243,8.755905511811019,8.755905511811019
2026-07-26 05:40:10+00:00,1.35,1.551,,,,,,0.0,KACZ,0.8978,89.78,waning_gibbous,5.311023622047243,8.755905511811019,8.755905511811019
2026-07-26 05:45:10+00:00,1.38,1.551,,,,,,0.0,KFBG,0.8978,89.78,waning_gibbous,5.311023622047243,8.755905511811019,8.755905511811019
2026-07-26 05:50:10+00:00,1.41,1.551,,,,,,0.0,KFBG,0.8978,89.78,waning_gibbous,5.311023622047243,8.755905511811019,8.755905511811019
2026-07-26 05:55:10+00:00,1.45,1.551,,,,,,0.0,KFBG,0.8978,89.78,waning_gibbous,5.311023622047243,8.755905511811019,8.755905511811019
2026-07-26 06:00:10+00:00,1.49,1.551,,,,,,0.0,KFBG,0.8978,89.78,waning_gibbous,5.311023622047243,8.755905511811019,8.755905511811019
2026-07-26 06:05:10+00:00,1.55,1.551,,,,,,0.0,KACZ,0.8978,89.78,waning_gibbous,5.311023622047243,8.755905511811019,8.755905511811019
2026-07-26 06:10:10+00:00,1.6,1.551,,,,,,0.0,KACZ,0.8978,89.78,waning_gibbous,5.311023622047243,8.755905511811019,8.755905511811019
2026-07-26 06:15:10+00:00,1.63,1.551,,,,,,0.0,KACZ,0.8978,89.78,waning_gibbous,5.311023622047243,8.755905511811019,8.755905511811019
2026-07-26 06:20:10+00:00,1.68,1.551,,,,,,0.0,KACZ,0.8978,89.78,waning_gibbous,5.311023622047243,8.755905511811019,8.755905511811019
2026-07-26 06:25:10+00:00,1.74,1.551,,,,,,0.0,KACZ,0.8978,89.78,waning_gibbous,5.311023622047243,8.755905511811019,8.755905511811019
2026-07-26 06:30:10+00:00,1.79,2.1,,,,,,0.0,KACZ,0.9001,90.01,waning_gibbous,5.311023622047243,8.755905511811019,8.755905511811019
2026-07-26 06:35:10+00:00,1.84,2.1,,,,,,0.0,KACZ,0.9001,90.01,waning_gibbous,5.311023622047243,8.755905511811019,8.755905511811019
2026-07-26 06:40:10+00:00,1.89,2.1,,,,,,0.0,KACZ,0.9001,90.01,waning_gibbous,5.311023622047243,8.755905511811019,8.755905511811019
2026-07-26 06:45:10+00:00,1.94,2.1,,,,,,0.0,KFBG,0.9001,90.01,waning_gibbous,5.311023622047243,8.755905511811019,8.755905511811019
2026-07-26 06:50:10+00:00,1.98,2.1,,,,,,0.0,KFBG,0.9001,90.01,waning_gibbous,5.311023622047243,8.755905511811019,8.755905511811019
2026-07-26 06:55:10+00:00,2.02,2.1,,,,,,0.0,KFBG,0.9001,90.01,waning_gibbous,5.311023622047243,8.755905511811019,8.755905511811019
2026-07-26 07:00:10+00:00,2.07,2.1,,,,,,0.0,KFBG,0.9001,90.01,waning_gibbous,5.311023622047243,8.755905511811019,8.755905511811019
2026-07-26 07:05:10+00:00,2.11,2.1,,,,,,0.0,KACZ,0.9001,90.01,waning_gibbous,5.311023622047243,8.755905511811019,8.755905511811019
2026-07-26 07:10:10+00:00,2.15,2.1,,,,,,0.0,KACZ,0.9001,90.01,waning_gibbous,5.311023622047243,8.755905511811019,8.755905511811019
2026-07-26 07:15:10+00:00,2.19,2.1,,,,,,0.0,KACZ,0.9001,90.01,waning_gibbous,5.311023622047243,8.755905511811019,8.755905511811019
2026-07-26 07:20:10+00:00,2.22,2.1,,,,,,0.0,KACZ,0.9001,90.01,waning_gibbous,5.311023622047243,8.755905511811019,8.755905511811019
2026-07-26 07:25:10+00:00,2.25,2.1,,,,,,0.0118110236220472,KACZ,0.9001,90.01,waning_gibbous,5.322834645669289,8.767716535433067,8.767716535433067
2026-07-26 07:30:10+00:00,2.3,2.626,,,,,,0.0118110236220472,KACZ,0.9025,90.25,waning_gibbous,5.334645669291336,8.779527559055113,8.779527559055113
2026-07-26 07:35:10+00:00,2.35,2.626,,,,,,0.0118110236220472,KACZ,0.9025,90.25,waning_gibbous,5.346456692913383,8.791338582677161,8.791338582677161
2026-07-26 07:40:10+00:00,2.4,2.626,,,,,,0.0,KFBG,0.9025,90.25,waning_gibbous,5.346456692913383,8.791338582677161,8.791338582677161
2026-07-26 07:45:10+00:00,2.45,2.626,,,,,,0.0,KFBG,0.9025,90.25,waning_gibbous,5.346456692913383,8.791338582677161,8.791338582677161
2026-07-26 07:50:10+00:00,2.51,2.626,,,,,,0.0,KFBG,0.9025,90.25,waning_gibbous,5.346456692913383,8.791338582677161,8.791338582677161
2026-07-26 07:55:10+00:00,2.57,2.626,,,,,,0.0,KFBG,0.9025,90.25,waning_gibbous,5.346456692913383,8.791338582677161,8.791338582677161
2026-07-26 08:00:10+00:00,2.63,2.626,,,,,,0.0,KFBG,0.9025,90.25,waning_gibbous,5.346456692913383,8.791338582677161,8.791338582677161
2026-07-26 08:05:10+00:00,2.69,2.626,,,,,,0.0,KFBG,0.9025,90.25,waning_gibbous,5.346456692913383,8.791338582677161,8.791338582677161
2026-07-26 08:10:10+00:00,2.75,2.626,,,,,,0.0,KACZ,0.9025,90.25,waning_gibbous,5.346456692913383,8.791338582677161,8.791338582677161
2026-07-26 08:15:10+00:00,2.8,2.626,,,,,,0.0,KACZ,0.9025,90.25,waning_gibbous,5.346456692913383,8.791338582677161,8.791338582677161
2026-07-26 08:20:10+00:00,2.87,2.626,,,,,,0.0,KACZ,0.9025,90.25,waning_gibbous,5.346456692913383,8.791338582677161,8.791338582677161
2026-07-26 08:25:10+00:00,2.93,2.626,,,,,,0.0,KACZ,0.9025,90.25,waning_gibbous,5.346456692913383,8.791338582677161,8.791338582677161
2026-07-26 08:30:10+00:00,2.95,3.006,,,,,,0.0,KACZ,0.9048,90.48,waning_gibbous,5.346456692913383,8.791338582677161,8.791338582677161
2026-07-26 08:35:10+00:00,3.01,3.006,,,,,,0.0,KACZ,0.9048,90.48,waning_gibbous,5.346456692913383,8.791338582677161,8.791338582677161
2026-07-26 08:40:10+00:00,3.08,3.006,,,,,,0.0,KFBG,0.9048,90.48,waning_gibbous,5.346456692913383,8.791338582677161,8.791338582677161
2026-07-26 08:45:10+00:00,3.1100000000000003,3.006,,,,,,0.0,KFBG,0.9048,90.48,waning_gibbous,5.346456692913383,8.791338582677161,8.791338582677161
2026-07-26 08:50:10+00:00,3.15,3.006,,,,,,0.0,KFBG,0.9048,90.48,waning_gibbous,5.346456692913383,8.791338582677161,8.791338582677161
2026-07-26 08:55:10+00:00,3.19,3.006,,,,,,0.0,KFBG,0.9048,90.48,waning_gibbous,5.326771653543305,8.791338582677161,8.791338582677161
2026-07-26 09:00:10+00:00,3.24,3.006,,,,,,0.0,KFBG,0.9048,90.48,waning_gibbous,5.326771653543305,8.791338582677161,8.791338582677161
2026-07-26 09:05:10+00:00,3.27,3.006,,,,,,0.0,KFBG,0.9048,90.48,waning_gibbous,5.326771653543305,8.791338582677161,8.791338582677161
2026-07-26 09:10:10+00:00,3.29,3.006,,,,,,0.0,KFBG,0.9048,90.48,waning_gibbous,5.326771653543305,8.791338582677161,8.791338582677161
2026-07-26 09:15:10+00:00,3.34,3.006,,,,,,0.0,KFBG,0.9048,90.48,waning_gibbous,5.326771653543305,8.791338582677161,8.791338582677161
2026-07-26 09:20:10+00:00,3.3600000000000003,3.006,,,,,,0.0,KFBG,0.9048,90.48,waning_gibbous,5.326771653543305,8.791338582677161,8.791338582677161
2026-07-26 09:25:10+00:00,3.4,3.006,,,,,,0.0,KFBG,0.9048,90.48,waning_gibbous,5.326771653543305,8.791338582677161,8.791338582677161
2026-07-26 09:30:10+00:00,3.42,3.101,,,,,,0.0,KFBG,0.9071,90.71,waning_gibbous,5.326771653543305,8.791338582677161,8.791338582677161
2026-07-26 09:35:10+00:00,3.44,3.101,,,,,,0.0,KFBG,0.9071,90.71,waning_gibbous,5.326771653543305,8.791338582677161,8.791338582677161
2026-07-26 09:40:10+00:00,3.47,3.101,,,,,,0.0,KFBG,0.9071,90.71,waning_gibbous,5.326771653543305,8.791338582677161,8.791338582677161
2026-07-26 09:45:10+00:00,3.5,3.101,,,,,,0.0,KFBG,0.9071,90.71,waning_gibbous,5.326771653543305,8.791338582677161,8.791338582677161
2026-07-26 09:50:10+00:00,3.52,3.101,,,,,,0.0,KFBG,0.9071,90.71,waning_gibbous,5.326771653543305,8.791338582677161,8.791338582677161
2026-07-26 09:55:10+00:00,3.55,3.101,,,,,,0.0,KFBG,0.9071,90.71,waning_gibbous,4.377952755905509,8.791338582677161,8.791338582677161
2026-07-26 10:00:10+00:00,3.5700000000000003,3.101,,,,,,0.0,KFBG,0.9071,90.71,waning_gibbous,4.377952755905509,8.791338582677161,8.791338582677161
2026-07-26 10:05:10+00:00,3.6,3.101,,,,,,0.0,KACZ,0.9071,90.71,waning_gibbous,4.377952755905509,8.791338582677161,8.791338582677161
2026-07-26 10:10:10+00:00,3.61,3.101,,,,,,0.0,KACZ,0.9071,90.71,waning_gibbous,4.377952755905509,8.791338582677161,8.791338582677161
2026-07-26 10:15:10+00:00,3.61,3.101,,,,,,0.0,KACZ,0.9071,90.71,waning_gibbous,4.377952755905509,8.791338582677161,8.791338582677161
2026-07-26 10:20:10+00:00,3.61,3.101,,,,,,0.0,KACZ,0.9071,90.71,waning_gibbous,4.377952755905509,8.791338582677161,8.791338582677161
2026-07-26 10:25:10+00:00,3.62,3.101,,,,,,0.0,KACZ,0.9071,90.71,waning_gibbous,4.377952755905509,8.791338582677161,8.791338582677161
2026-07-26 10:30:10+00:00,3.64,2.856,,,,,,0.0,KACZ,0.9094,90.94,waning_gibbous,4.377952755905509,8.791338582677161,8.791338582677161
2026-07-26 10:35:10+00:00,3.64,2.856,,,,,,0.0,KACZ,0.9094,90.94,waning_gibbous,4.377952755905509,8.791338582677161,8.791338582677161
2026-07-26 10:40:10+00:00,3.64,2.856,,,,,,0.0,KFBG,0.9094,90.94,waning_gibbous,4.377952755905509,8.791338582677161,8.791338582677161
2026-07-26 10:45:10+00:00,3.65,2.856,,,,,,0.0,KFBG,0.9094,90.94,waning_gibbous,4.377952755905509,8.791338582677161,8.791338582677161
2026-07-26 10:50:10+00:00,3.67,2.856,,,,,,0.0,KFBG,0.9094,90.94,waning_gibbous,4.098425196850392,8.791338582677161,8.791338582677161
2026-07-26 10:55:10+00:00,3.68,2.856,,,,,,0.0,KFBG,0.9094,90.94,waning_gibbous,3.8188976377952737,8.791338582677161,8.791338582677161
2026-07-26 11:00:10+00:00,3.67,2.856,,,,,,0.0,KFBG,0.9094,90.94,waning_gibbous,3.8188976377952737,8.791338582677161,8.791338582677161
2026-07-26 11:05:10+00:00,3.65,2.856,,,,,,0.0,KFBG,0.9094,90.94,waning_gibbous,3.8188976377952737,8.791338582677161,8.791338582677161
2026-07-26 11:10:10+00:00,3.61,2.856,,,,,,0.0,KFBG,0.9094,90.94,waning_gibbous,3.8188976377952737,8.791338582677161,8.791338582677161
2026-07-26 11:15:10+00:00,3.62,2.856,,,,,,0.0,KACZ,0.9094,90.94,waning_gibbous,3.8070866141732265,8.791338582677161,8.791338582677161
2026-07-26 11:20:10+00:00,3.58,2.856,,,,,,0.0,KFBG,0.9094,90.94,waning_gibbous,3.8070866141732265,8.791338582677161,8.791338582677161
2026-07-26 11:25:10+00:00,3.56,2.856,,,,,,0.0,KFBG,0.9094,90.94,waning_gibbous,3.8070866141732265,8.791338582677161,8.791338582677161
2026-07-26 11:30:10+00:00,3.5,2.349,,,,,,0.0,KACZ,0.9117,91.17,waning_gibbous,3.8070866141732265,8.791338582677161,8.791338582677161
2026-07-26 11:35:10+00:00,3.44,2.349,,,,,,0.0,KACZ,0.9117,91.17,waning_gibbous,3.8070866141732265,8.791338582677161,8.791338582677161
2026-07-26 11:40:10+00:00,3.39,2.349,,,,,,0.0,KACZ,0.9117,91.17,waning_gibbous,3.8070866141732265,8.791338582677161,8.791338582677161
2026-07-26 11:45:10+00:00,3.37,2.349,,,,,,0.0,KFBG,0.9117,91.17,waning_gibbous,3.8070866141732265,8.791338582677161,8.791338582677161
2026-07-26 11:50:10+00:00,3.3200000000000003,2.349,,,,,,0.0,KFBG,0.9117,91.17,waning_gibbous,3.8070866141732265,8.791338582677161,8.791338582677161
2026-07-26 11:55:10+00:00,3.25,2.349,,,,,,0.0,KFBG,0.9117,91.17,waning_gibbous,3.4055118110236204,8.791338582677161,8.791338582677161
2026-07-26 12:00:10+00:00,3.18,2.349,,,,,,0.0,KFBG,0.9117,91.17,waning_gibbous,3.003937007874014,8.791338582677161,8.791338582677161
2026-07-26 12:05:10+00:00,3.12,2.349,,,,,,0.0,KACZ,0.9117,91.17,waning_gibbous,3.003937007874014,8.791338582677161,8.791338582677161
2026-07-26 12:10:10+00:00,3.06,2.349,,,,,,0.0,KACZ,0.9117,91.17,waning_gibbous,3.003937007874014,8.791338582677161,8.791338582677161
2026-07-26 12:15:10+00:00,3.02,2.349,,,,,,0.0,KACZ,0.9117,91.17,waning_gibbous,3.003937007874014,8.791338582677161,8.791338582677161
2026-07-26 12:20:10+00:00,2.97,2.349,,,,,,0.0,KACZ,0.9117,91.17,waning_gibbous,3.003937007874014,8.791338582677161,8.791338582677161
2026-07-26 12:25:10+00:00,2.92,2.349,,,,,,0.0,KFBG,0.9117,91.17,waning_gibbous,3.003937007874014,8.791338582677161,8.791338582677161
2026-07-26 12:30:10+00:00,2.86,1.722,,,,,,0.0,KFBG,0.9139,91.39,waning_gibbous,3.003937007874014,8.791338582677161,8.791338582677161
2026-07-26 12:35:10+00:00,2.8,1.722,,,,,,0.0,KACZ,0.9139,91.39,waning_gibbous,3.003937007874014,8.791338582677161,8.791338582677161
2026-07-26 12:40:10+00:00,2.76,1.722,,,,,,0.0,KACZ,0.9139,91.39,waning_gibbous,3.003937007874014,8.791338582677161,8.791338582677161
2026-07-26 12:45:10+00:00,2.75,1.722,,,,,,0.0,KFBG,0.9139,91.39,waning_gibbous,3.003937007874014,8.791338582677161,8.791338582677161
2026-07-26 12:50:10+00:00,2.7,1.722,,,,,,0.0,KFBG,0.9139,91.39,waning_gibbous,2.9645669291338566,8.791338582677161,8.791338582677161
2026-07-26 12:55:10+00:00,2.65,1.722,,,,,,0.0,KFBG,0.9139,91.39,waning_gibbous,2.925196850393699,8.791338582677161,8.791338582677161
2026-07-26 13:00:10+00:00,2.57,1.722,,,,,,0.0,KFBG,0.9139,91.39,waning_gibbous,2.925196850393699,8.791338582677161,8.791338582677161
2026-07-26 13:05:10+00:00,2.52,1.722,,,,,,0.0,KFBG,0.9139,91.39,waning_gibbous,2.925196850393699,8.791338582677161,8.791338582677161
2026-07-26 13:10:10+00:00,2.5,1.722,,,,,,0.0,KFBG,0.9139,91.39,waning_gibbous,2.925196850393699,8.791338582677161,8.791338582677161
2026-07-26 13:15:10+00:00,2.47,1.722,,,,,,0.0,KFBG,0.9139,91.39,waning_gibbous,2.925196850393699,8.791338582677161,8.791338582677161
2026-07-26 13:20:10+00:00,2.44,1.722,,,,,,0.0,KFBG,0.9139,91.39,waning_gibbous,2.925196850393699,8.791338582677161,8.791338582677161
2026-07-26 13:25:10+00:00,2.37,1.722,,,,,,0.0,KFBG,0.9139,91.39,waning_gibbous,2.925196850393699,8.791338582677161,8.791338582677161
2026-07-26 13:30:10+00:00,2.33,1.11,,,,,,0.0,KACZ,0.9161,91.61,waning_gibbous,2.925196850393699,8.791338582677161,8.791338582677161
2026-07-26 13:35:10+00:00,2.27,1.11,,,,,,0.0,KACZ,0.9161,91.61,waning_gibbous,2.925196850393699,8.791338582677161,8.791338582677161
2026-07-26 13:40:10+00:00,2.24,1.11,,,,,,0.0,KACZ,0.9161,91.61,waning_gibbous,2.925196850393699,8.791338582677161,8.791338582677161
2026-07-26 13:45:10+00:00,2.17,1.11,,,,,,0.0,KFBG,0.9161,91.61,waning_gibbous,2.925196850393699,8.791338582677161,8.791338582677161
2026-07-26 13:50:10+00:00,2.13,1.11,,,,,,0.0,KFBG,0.9161,91.61,waning_gibbous,2.925196850393699,8.791338582677161,8.791338582677161
2026-07-26 13:55:10+00:00,2.07,1.11,,,,,,0.0,KFBG,0.9161,91.61,waning_gibbous,2.1850393700787385,8.791338582677161,8.791338582677161
2026-07-26 14:00:10+00:00,2.02,1.11,,,,,,0.0,KFBG,0.9161,91.61,waning_gibbous,2.1850393700787385,8.791338582677161,8.791338582677161
2026-07-26 14:05:10+00:00,1.96,1.11,,,,,,0.0,KFBG,0.9161,91.61,waning_gibbous,2.1850393700787385,8.791338582677161,8.791338582677161
2026-07-26 14:10:10+00:00,1.9,1.11,,,,,,0.0,KFBG,0.9161,91.61,waning_gibbous,2.1850393700787385,8.791338582677161,8.791338582677161
2026-07-26 14:15:10+00:00,1.85,1.11,,,,,,0.0,KFBG,0.9161,91.61,waning_gibbous,2.1850393700787385,8.791338582677161,8.791338582677161
2026-07-26 14:20:10+00:00,1.8,1.11,,,,,,0.0,KFBG,0.9161,91.61,waning_gibbous,2.1850393700787385,8.791338582677161,8.791338582677161
2026-07-26 14:25:10+00:00,1.73,1.11,,,,,,0.0,KFBG,0.9161,91.61,waning_gibbous,2.1850393700787385,8.791338582677161,8.791338582677161
2026-07-26 14:30:10+00:00,1.67,0.667,,,,,,0.0,KFBG,0.9183,91.83,waning_gibbous,2.1850393700787385,8.791338582677161,8.791338582677161
2026-07-26 14:35:10+00:00,1.63,0.667,,,,,,0.0,KFBG,0.9183,91.83,waning_gibbous,2.1732283464566913,8.791338582677161,8.791338582677161
2026-07-26 14:40:10+00:00,1.61,0.667,,,,,,0.0,KFBG,0.9183,91.83,waning_gibbous,2.1732283464566913,8.791338582677161,8.791338582677161
2026-07-26 14:45:10+00:00,1.56,0.667,,,,,,0.0,KFBG,0.9183,91.83,waning_gibbous,2.1732283464566913,8.791338582677161,8.791338582677161
2026-07-26 14:50:10+00:00,1.52,0.667,,,,,,0.0,KFBG,0.9183,91.83,waning_gibbous,2.0039370078740144,8.791338582677161,8.791338582677161
2026-07-26 14:55:10+00:00,1.48,0.667,,,,,,0.0,KFBG,0.9183,91.83,waning_gibbous,1.834645669291337,8.791338582677161,8.791338582677161
2026-07-26 15:00:10+00:00,1.45,0.667,,,,,,0.0,KFBG,0.9183,91.83,waning_gibbous,1.834645669291337,8.791338582677161,8.791338582677161
2026-07-26 15:05:10+00:00,1.41,0.667,,,,,,0.0,KFBG,0.9183,91.83,waning_gibbous,1.834645669291337,8.791338582677161,8.791338582677161
2026-07-26 15:10:10+00:00,1.39,0.667,,,,,,0.0,KFBG,0.9183,91.83,waning_gibbous,1.834645669291337,8.791338582677161,8.791338582677161
2026-07-26 15:15:10+00:00,1.3199999999999998,0.667,,,,,,0.0,KACZ,0.9183,91.83,waning_gibbous,1.8228346456692899,8.791338582677161,8.791338582677161
2026-07-26 15:20:10+00:00,1.27,0.667,,,,,,0.0,KACZ,0.9183,91.83,waning_gibbous,1.8110236220472427,8.791338582677161,8.791338582677161
2026-07-26 15:25:10+00:00,1.21,0.667,,,,,,0.0,KACZ,0.9183,91.83,waning_gibbous,1.7992125984251954,8.791338582677161,8.791338582677161
2026-07-26 15:30:10+00:00,1.17,0.565,,,,,,0.0,KACZ,0.9204,92.04,waning_gibbous,1.7874015748031484,8.791338582677161,8.791338582677161
2026-07-26 15:35:10+00:00,1.13,0.565,,,,,,0.0,KACZ,0.9204,92.04,waning_gibbous,1.7755905511811012,8.791338582677161,8.791338582677161
2026-07-26 15:40:10+00:00,1.0699999999999998,0.565,,,,,,0.0,KACZ,0.9204,92.04,waning_gibbous,1.7755905511811012,8.791338582677161,8.791338582677161
2026-07-26 15:45:10+00:00,1.05,0.565,,,,,,0.0,KFBG,0.9204,92.04,waning_gibbous,1.7755905511811012,8.791338582677161,8.791338582677161
2026-07-26 15:50:10+00:00,1.01,0.565,,,,,,0.0,KFBG,0.9204,92.04,waning_gibbous,1.7755905511811012,8.791338582677161,8.791338582677161
2026-07-26 15:55:10+00:00,0.97,0.565,,,,,,0.0,KFBG,0.9204,92.04,waning_gibbous,1.7559055118110225,8.791338582677161,8.791338582677161
2026-07-26 16:00:10+00:00,0.98,0.565,,,,,,0.0,KFBG,0.9204,92.04,waning_gibbous,1.7362204724409438,8.791338582677161,8.791338582677161
2026-07-26 16:05:10+00:00,0.97,0.565,,,,,,0.0,KFBG,0.9204,92.04,waning_gibbous,1.716535433070865,8.791338582677161,8.791338582677161
2026-07-26 16:10:10+00:00,0.95,0.565,,,,,,0.0,KFBG,0.9204,92.04,waning_gibbous,1.6968503937007864,8.791338582677161,8.791338582677161
2026-07-26 16:15:10+00:00,0.92,0.565,,,,,,0.0,KFBG,0.9204,92.04,waning_gibbous,1.6771653543307077,8.791338582677161,8.791338582677161
2026-07-26 16:20:10+00:00,0.8700000000000001,0.565,,,,,,0.0,KFBG,0.9204,92.04,waning_gibbous,1.657480314960629,8.791338582677161,8.791338582677161
2026-07-26 16:25:10+00:00,0.8500000000000001,0.565,,,,,,0.0,KFBG,0.9204,92.04,waning_gibbous,1.236220472440944,8.791338582677161,8.791338582677161
2026-07-26 16:30:10+00:00,0.8500000000000001,0.887,,,,,,0.0,KACZ,0.9226,92.26,waning_gibbous,0.8149606299212588,8.791338582677161,8.791338582677161
2026-07-26 16:35:10+00:00,0.8500000000000001,0.887,,,,,,0.0,KACZ,0.9226,92.26,waning_gibbous,0.3937007874015738,8.791338582677161,8.791338582677161
2026-07-26 16:40:10+00:00,0.8700000000000001,0.887,,,,,,0.0,KACZ,0.9226,92.26,waning_gibbous,0.3937007874015738,8.791338582677161,8.791338582677161
2026-07-26 16:45:10+00:00,0.91,0.887,,,,,,0.0,KFBG,0.9226,92.26,waning_gibbous,0.3937007874015738,8.791338582677161,8.791338582677161
2026-07-26 16:50:10+00:00,0.91,0.887,,,,,,0.0,KFBG,0.9226,92.26,waning_gibbous,0.3937007874015738,8.791338582677161,8.791338582677161
2026-07-26 16:55:10+00:00,0.91,0.887,,,,,,0.0,KFBG,0.9226,92.26,waning_gibbous,0.3937007874015738,8.791338582677161,8.791338582677161
2026-07-26 17:05:10+00:00,3.43,0.887,,,,,,0.0,KFBG,0.9226,92.26,waning_gibbous,0.3818897637795266,8.791338582677161,8.791338582677161
2026-07-26 17:15:10+00:00,1.05,0.887,,,,,,0.0,KACZ,0.9226,92.26,waning_gibbous,0.3582677165354322,8.791338582677161,8.791338582677161
2026-07-26 17:20:10+00:00,1.1,0.887,,,,,,0.0,KACZ,0.9226,92.26,waning_gibbous,0.34645669291338504,8.791338582677161,8.791338582677161
2026-07-26 17:25:10+00:00,1.16,0.887,,,,,,0.0,KACZ,0.9226,92.26,waning_gibbous,0.30708661417322763,8.791338582677161,8.791338582677161
2026-07-26 17:30:10+00:00,1.21,1.555,,,,,,0.0,KACZ,0.9247,92.47,waning_gibbous,0.2677165354330702,8.791338582677161,8.791338582677161
2026-07-26 17:35:10+00:00,1.25,1.555,,,,,,0.0,KACZ,0.9247,92.47,waning_gibbous,0.2283464566929128,8.779527559055115,8.791338582677161
2026-07-26 17:40:10+00:00,1.27,1.555,,,,,,0.0,KFBG,0.9247,92.47,waning_gibbous,0.1889763779527554,8.767716535433067,8.791338582677161
2026-07-26 17:45:10+00:00,1.29,1.555,,,,,,0.0,KFBG,0.9247,92.47,waning_gibbous,0.1889763779527554,8.767716535433067,8.791338582677161
2026-07-26 17:50:10+00:00,1.37,1.555,,,,,,0.0,KFBG,0.9247,92.47,waning_gibbous,0.1889763779527554,8.767716535433067,8.791338582677161
2026-07-26 17:55:10+00:00,1.4300000000000002,1.555,,,,,,0.0,KFBG,0.9247,92.47,waning_gibbous,0.1889763779527554,8.677165354330704,8.791338582677161
2026-07-26 18:00:10+00:00,1.5,1.555,,,,,,0.0,KFBG,0.9247,92.47,waning_gibbous,0.1889763779527554,8.677165354330704,8.791338582677161
2026-07-26 18:05:10+00:00,1.55,1.555,,,,,,0.0,KFBG,0.9247,92.47,waning_gibbous,0.1889763779527554,8.677165354330704,8.791338582677161
2026-07-26 18:10:10+00:00,1.59,1.555,,,,,,0.0,KACZ,0.9247,92.47,waning_gibbous,0.1889763779527554,8.677165354330704,8.791338582677161
2026-07-26 18:15:10+00:00,1.63,1.555,,,,,,0.0,KACZ,0.9247,92.47,waning_gibbous,0.1889763779527554,8.677165354330704,8.791338582677161
2026-07-26 18:20:10+00:00,1.65,1.555,,,,,,0.0,KACZ,0.9247,92.47,waning_gibbous,0.1889763779527554,8.677165354330704,8.791338582677161
2026-07-26 18:25:10+00:00,1.72,1.555,,,,,,0.0,KACZ,0.9247,92.47,waning_gibbous,0.149606299212598,8.677165354330704,8.791338582677161
2026-07-26 18:30:10+00:00,1.79,2.4,,,,,,0.0,KACZ,0.9267,92.67,waning_gibbous,0.11023622047244061,8.677165354330704,8.791338582677161
2026-07-26 18:35:10+00:00,1.83,2.4,,,,,,0.0,KACZ,0.9267,92.67,waning_gibbous,0.0708661417322832,8.578740157480311,8.791338582677161
2026-07-26 18:40:10+00:00,1.89,2.4,,,,,,0.0,KACZ,0.9267,92.67,waning_gibbous,0.0708661417322832,8.578740157480311,8.791338582677161
2026-07-26 18:45:10+00:00,1.93,2.4,,,,,,0.0,KFBG,0.9267,92.67,waning_gibbous,0.0708661417322832,8.578740157480311,8.791338582677161
2026-07-26 18:50:10+00:00,1.99,2.4,,,,,,0.0,KFBG,0.9267,92.67,waning_gibbous,0.0708661417322832,8.578740157480311,8.791338582677161
2026-07-26 18:55:10+00:00,2.1,2.4,,,,,,0.0,KFBG,0.9267,92.67,waning_gibbous,0.0708661417322832,8.566929133858263,8.791338582677161
2026-07-26 19:00:10+00:00,2.16,2.4,,,,,,0.0,KFBG,0.9267,92.67,waning_gibbous,0.0708661417322832,8.566929133858263,8.791338582677161
2026-07-26 19:05:10+00:00,2.24,2.4,,,,,,0.0,KACZ,0.9267,92.67,waning_gibbous,0.0708661417322832,8.566929133858263,8.791338582677161
2026-07-26 19:10:10+00:00,2.28,2.4,,,,,,0.0,KACZ,0.9267,92.67,waning_gibbous,0.0708661417322832,8.566929133858263,8.791338582677161
2026-07-26 19:15:10+00:00,2.35,2.4,,,,,,0.0,KACZ,0.9267,92.67,waning_gibbous,0.0708661417322832,8.535433070866137,8.791338582677161
2026-07-26 19:20:10+00:00,2.42,2.4,,,,,,0.0,KACZ,0.9267,92.67,waning_gibbous,0.0708661417322832,8.503937007874011,8.791338582677161
2026-07-26 19:25:10+00:00,2.47,2.4,,,,,,0.0,KACZ,0.9267,92.67,waning_gibbous,0.0708661417322832,8.452755905511808,8.791338582677161
2026-07-26 19:30:10+00:00,2.56,3.264,,,,,,0.0,KACZ,0.9288,92.88,waning_gibbous,0.059055118110236005,8.401574803149602,8.791338582677161
2026-07-26 19:35:10+00:00,2.65,3.264,,,,,,0.0,KACZ,0.9288,92.88,waning_gibbous,0.04724409448818881,8.350393700787398,8.791338582677161
2026-07-26 19:40:10+00:00,2.74,3.264,,,,,,0.0,KACZ,0.9288,92.88,waning_gibbous,0.0354330708661416,8.299212598425193,8.791338582677161
2026-07-26 19:45:10+00:00,2.79,3.264,,,,,,0.0,KFBG,0.9288,92.88,waning_gibbous,0.0354330708661416,8.299212598425193,8.791338582677161
2026-07-26 19:50:10+00:00,2.86,3.264,,,,,,0.0,KFBG,0.9288,92.88,waning_gibbous,0.0354330708661416,8.299212598425193,8.791338582677161
2026-07-26 19:55:10+00:00,2.93,3.264,,,,,,0.0,KFBG,0.9288,92.88,waning_gibbous,0.0354330708661416,8.22834645669291,8.791338582677161
2026-07-26 20:00:10+00:00,2.99,3.264,,,,,,0.0,KFBG,0.9288,92.88,waning_gibbous,0.0354330708661416,8.22834645669291,8.791338582677161
2026-07-26 20:05:10+00:00,3.0700000000000003,3.264,,,,,,0.0,KACZ,0.9288,92.88,waning_gibbous,0.0354330708661416,8.22834645669291,8.791338582677161
2026-07-26 20:10:10+00:00,3.1,3.264,,,,,,0.0,KACZ,0.9288,92.88,waning_gibbous,0.0354330708661416,8.22834645669291,8.791338582677161
2026-07-26 20:15:10+00:00,3.19,3.264,,,,,,0.0,KACZ,0.9288,92.88,waning_gibbous,0.0354330708661416,8.22834645669291,8.791338582677161
2026-07-26 20:20:10+00:00,3.27,3.264,,,,,,0.0,KACZ,0.9288,92.88,waning_gibbous,0.0354330708661416,8.22834645669291,8.791338582677161
2026-07-26 20:25:10+00:00,3.35,3.264,,,,,,0.0,KACZ,0.9288,92.88,waning_gibbous,0.0354330708661416,8.22834645669291,8.791338582677161
2026-07-26 20:30:10+00:00,3.41,3.988,,,,,,0.0,KACZ,0.9308,93.08,waning_gibbous,0.0354330708661416,8.22834645669291,8.791338582677161
2026-07-26 20:35:10+00:00,3.49,3.988,,,,,,0.0,KACZ,0.9308,93.08,waning_gibbous,0.0354330708661416,8.22834645669291,8.791338582677161
2026-07-26 20:40:10+00:00,3.55,3.988,,,,,,0.0,KACZ,0.9308,93.08,waning_gibbous,0.0354330708661416,8.22834645669291,8.791338582677161
2026-07-26 20:45:10+00:00,3.61,3.988,,,,,,0.0,KFBG,0.9308,93.08,waning_gibbous,0.0354330708661416,8.22834645669291,8.791338582677161
2026-07-26 20:50:10+00:00,3.71,3.988,,,,,,0.0,KFBG,0.9308,93.08,waning_gibbous,0.0354330708661416,8.086614173228343,8.791338582677161
2026-07-26 20:55:10+00:00,3.77,3.988,,,,,,0.0,KFBG,0.9308,93.08,waning_gibbous,0.0354330708661416,7.944881889763775,8.791338582677161
2026-07-26 21:00:10+00:00,3.84,3.988,,,,,,0.0,KFBG,0.9308,93.08,waning_gibbous,0.0354330708661416,7.8031496062992085,8.791338582677161
2026-07-26 21:05:10+00:00,3.9,3.988,,,,,,0.0,KACZ,0.9308,93.08,waning_gibbous,0.0354330708661416,7.8031496062992085,8.791338582677161
2026-07-26 21:10:10+00:00,3.95,3.988,,,,,,0.0,KACZ,0.9308,93.08,waning_gibbous,0.0354330708661416,7.8031496062992085,8.791338582677161
2026-07-26 21:15:10+00:00,4.02,3.988,,,,,,0.0,KACZ,0.9308,93.08,waning_gibbous,0.0354330708661416,7.8031496062992085,8.791338582677161
2026-07-26 21:20:10+00:00,4.08,3.988,,,,,,0.0,KACZ,0.9308,93.08,waning_gibbous,0.0354330708661416,7.8031496062992085,8.791338582677161
2026-07-26 21:25:10+00:00,4.13,3.988,,,,,,0.0,KACZ,0.9308,93.08,waning_gibbous,0.0354330708661416,7.8031496062992085,8.791338582677161
2026-07-26 21:30:10+00:00,4.2,4.383,,,,,,0.0,KACZ,0.9328,93.28,waning_gibbous,0.0354330708661416,7.8031496062992085,8.791338582677161
2026-07-26 21:35:10+00:00,4.27,4.383,,,,,,0.0,KACZ,0.9328,93.28,waning_gibbous,0.0354330708661416,7.8031496062992085,8.791338582677161
2026-07-26 21:40:10+00:00,4.32,4.383,,,,,,0.0,KACZ,0.9328,93.28,waning_gibbous,0.0354330708661416,7.8031496062992085,8.791338582677161
2026-07-26 21:45:10+00:00,4.38,4.383,,,,,,0.0,KFBG,0.9328,93.28,waning_gibbous,0.0354330708661416,7.8031496062992085,8.791338582677161
2026-07-26 21:50:10+00:00,4.43,4.383,,,,,,0.0,KFBG,0.9328,93.28,waning_gibbous,0.0354330708661416,7.8031496062992085,8.791338582677161
2026-07-26 21:55:10+00:00,4.49,4.383,,,,,,0.0,KFBG,0.9328,93.28,waning_gibbous,0.0354330708661416,7.641732283464562,8.791338582677161
2026-07-26 22:00:10+00:00,4.55,4.383,,,,,,0.0,KFBG,0.9328,93.28,waning_gibbous,0.0354330708661416,7.641732283464562,8.791338582677161
2026-07-26 22:05:10+00:00,4.62,4.383,,,,,,0.0,KACZ,0.9328,93.28,waning_gibbous,0.0354330708661416,7.641732283464562,8.791338582677161
2026-07-26 22:10:10+00:00,4.66,4.383,,,,,,0.0,KACZ,0.9328,93.28,waning_gibbous,0.0354330708661416,7.641732283464562,8.791338582677161
2026-07-26 22:15:10+00:00,4.69,4.383,,,,,,0.0,KACZ,0.9328,93.28,waning_gibbous,0.0354330708661416,7.641732283464562,8.791338582677161
2026-07-26 22:20:10+00:00,4.71,4.383,,,,,,0.0,KACZ,0.9328,93.28,waning_gibbous,0.0354330708661416,7.641732283464562,8.791338582677161
2026-07-26 22:25:10+00:00,4.76,4.383,,,,,,0.0,KACZ,0.9328,93.28,waning_gibbous,0.0354330708661416,7.641732283464562,8.791338582677161
2026-07-26 22:30:10+00:00,4.8100000000000005,4.311,,,,,,0.0,KACZ,0.9348,93.48,waning_gibbous,0.0354330708661416,7.641732283464562,8.791338582677161
2026-07-26 22:35:10+00:00,4.82,4.311,,,,,,0.0,KACZ,0.9348,93.48,waning_gibbous,0.0354330708661416,7.641732283464562,8.791338582677161
2026-07-26 22:40:10+00:00,4.84,4.311,,,,,,0.0,KACZ,0.9348,93.48,waning_gibbous,0.0354330708661416,7.641732283464562,8.791338582677161
2026-07-26 22:45:10+00:00,4.85,4.311,,,,,,0.0,KFBG,0.9348,93.48,waning_gibbous,0.0354330708661416,7.6220472440944835,8.791338582677161
2026-07-26 22:50:10+00:00,4.85,4.311,,,,,,0.0,KFBG,0.9348,93.48,waning_gibbous,0.0354330708661416,7.602362204724405,8.791338582677161
2026-07-26 22:55:10+00:00,4.890000000000001,4.311,,,,,,0.0,KFBG,0.9348,93.48,waning_gibbous,0.0354330708661416,7.582677165354326,8.791338582677161
2026-07-26 23:00:10+00:00,4.88,4.311,,,,,,0.0,KFBG,0.9348,93.48,waning_gibbous,0.0354330708661416,7.562992125984247,8.791338582677161
2026-07-26 23:05:10+00:00,4.88,4.311,,,,,,0.0,KACZ,0.9348,93.48,waning_gibbous,0.0354330708661416,7.562992125984247,8.791338582677161
2026-07-26 23:10:10+00:00,4.87,4.311,,,,,,0.0,KACZ,0.9348,93.48,waning_gibbous,0.0354330708661416,7.562992125984247,8.791338582677161
2026-07-26 23:15:10+00:00,4.859999999999999,4.311,,,,,,0.0,KACZ,0.9348,93.48,waning_gibbous,0.0354330708661416,7.562992125984247,8.791338582677161
2026-07-26 23:20:10+00:00,4.85,4.311,,,,,,0.0,KACZ,0.9348,93.48,waning_gibbous,0.0354330708661416,7.562992125984247,8.791338582677161
2026-07-26 23:25:10+00:00,4.82,4.311,,,,,,0.0,KACZ,0.9348,93.48,waning_gibbous,0.0354330708661416,7.562992125984247,8.791338582677161
2026-07-26 23:30:10+00:00,4.8,3.801,,,,,,0.0,KACZ,0.9367,93.67,waning_gibbous,0.0354330708661416,7.562992125984247,8.791338582677161
2026-07-26 23:35:10+00:00,4.75,3.801,,,,,,0.0,KACZ,0.9367,93.67,waning_gibbous,0.0354330708661416,7.464566929133854,8.791338582677161
2026-07-26 23:40:10+00:00,4.720000000000001,3.801,,,,,,0.0,KACZ,0.9367,93.67,waning_gibbous,0.0354330708661416,7.464566929133854,8.791338582677161
2026-07-26 23:45:10+00:00,4.69,3.801,,,,,,0.0,KFBG,0.9367,93.67,waning_gibbous,0.0354330708661416,7.464566929133854,8.791338582677161
2026-07-26 23:50:10+00:00,4.67,3.801,,,,,,0.0,KFBG,0.9367,93.67,waning_gibbous,0.0354330708661416,7.464566929133854,8.791338582677161
2026-07-26 23:55:10+00:00,4.63,3.801,,,,,,0.0,KFBG,0.9367,93.67,waning_gibbous,0.0354330708661416,7.464566929133854,8.791338582677161
2026-07-27 00:00:10+00:00,4.58,3.801,,,,,,0.0,KFBG,0.9367,93.67,waning_gibbous,0.0354330708661416,7.464566929133854,8.791338582677161
2026-07-27 00:05:10+00:00,4.52,3.801,,,,,,0.0,KACZ,0.9367,93.67,waning_gibbous,0.0354330708661416,7.464566929133854,8.791338582677161
2026-07-27 00:10:10+00:00,4.49,3.801,,,,,,0.0,KACZ,0.9367,93.67,waning_gibbous,0.0354330708661416,7.452755905511807,8.791338582677161
2026-07-27 00:15:10+00:00,4.45,3.801,,,,,,0.0,KACZ,0.9367,93.67,waning_gibbous,0.0354330708661416,7.440944881889759,8.791338582677161
2026-07-27 00:20:10+00:00,4.41,3.801,,,,,,0.0,KACZ,0.9367,93.67,waning_gibbous,0.0354330708661416,7.440944881889759,8.791338582677161
2026-07-27 00:25:10+00:00,4.35,3.801,,,,,,0.0,KACZ,0.9367,93.67,waning_gibbous,0.0354330708661416,7.440944881889759,8.791338582677161
2026-07-27 00:30:10+00:00,4.3,3.019,,,,,,0.0,KACZ,0.9386,93.86,waning_gibbous,0.0354330708661416,7.429133858267712,8.791338582677161
2026-07-27 00:35:10+00:00,4.279999999999999,3.019,,,,,,0.0,KACZ,0.9386,93.86,waning_gibbous,0.0354330708661416,7.417322834645665,8.791338582677161
2026-07-27 00:40:10+00:00,4.220000000000001,3.019,,,,,,0.0,KACZ,0.9386,93.86,waning_gibbous,0.0354330708661416,7.405511811023618,8.791338582677161
2026-07-27 00:45:10+00:00,4.16,3.019,,,,,,0.0,KFBG,0.9386,93.86,waning_gibbous,0.0354330708661416,7.405511811023618,8.791338582677161
2026-07-27 00:50:10+00:00,4.109999999999999,3.019,,,,,,0.0,KFBG,0.9386,93.86,waning_gibbous,0.0354330708661416,7.405511811023618,8.791338582677161
2026-07-27 00:55:10+00:00,4.0600000000000005,3.019,,,,,,0.0,KFBG,0.9386,93.86,waning_gibbous,0.0354330708661416,7.405511811023618,8.791338582677161
2026-07-27 01:00:10+00:00,4.029999999999999,3.019,,,,,,0.0,KFBG,0.9386,93.86,waning_gibbous,0.0354330708661416,7.405511811023618,8.791338582677161
2026-07-27 01:05:10+00:00,3.97,3.019,,,,,,0.0,KACZ,0.9386,93.86,waning_gibbous,0.0354330708661416,7.405511811023618,8.791338582677161
2026-07-27 01:10:10+00:00,3.91,3.019,,,,,,0.0,KACZ,0.9386,93.86,waning_gibbous,0.0354330708661416,7.405511811023618,8.791338582677161
2026-07-27 01:15:10+00:00,3.86,3.019,,,,,,0.0,KACZ,0.9386,93.86,waning_gibbous,0.0354330708661416,7.405511811023618,8.791338582677161
2026-07-27 01:20:10+00:00,3.81,3.019,,,,,,0.0,KACZ,0.9386,93.86,waning_gibbous,0.0354330708661416,7.405511811023618,8.791338582677161
2026-07-27 01:25:10+00:00,3.74,3.019,,,,,,0.0,KACZ,0.9386,93.86,waning_gibbous,0.0354330708661416,7.405511811023618,8.791338582677161
2026-07-27 01:30:10+00:00,3.67,2.154,,,,,,0.0,KACZ,0.9405,94.05,waning_gibbous,0.0354330708661416,7.405511811023618,8.791338582677161
2026-07-27 01:35:10+00:00,3.62,2.154,,,,,,0.0,KACZ,0.9405,94.05,waning_gibbous,0.0354330708661416,7.405511811023618,8.791338582677161
2026-07-27 01:40:10+00:00,3.56,2.154,,,,,,0.0,KACZ,0.9405,94.05,waning_gibbous,0.0354330708661416,7.405511811023618,8.791338582677161
2026-07-27 01:45:10+00:00,3.49,2.154,,,,,,0.0,KFBG,0.9405,94.05,waning_gibbous,0.0354330708661416,7.405511811023618,8.791338582677161
2026-07-27 01:50:10+00:00,3.45,2.154,,,,,,0.0,KFBG,0.9405,94.05,waning_gibbous,0.0354330708661416,7.334645669291334,8.791338582677161
2026-07-27 01:55:10+00:00,3.4,2.154,,,,,,0.0,KFBG,0.9405,94.05,waning_gibbous,0.0354330708661416,7.263779527559051,8.791338582677161
2026-07-27 02:00:10+00:00,3.35,2.154,,,,,,0.0,KFBG,0.9405,94.05,waning_gibbous,0.0354330708661416,7.192913385826768,8.791338582677161
2026-07-27 02:05:10+00:00,3.29,2.154,,,,,,0.0,KACZ,0.9405,94.05,waning_gibbous,0.0354330708661416,7.192913385826768,8.791338582677161
2026-07-27 02:10:10+00:00,3.21,2.154,,,,,,0.0,KACZ,0.9405,94.05,waning_gibbous,0.0354330708661416,7.192913385826768,8.791338582677161
2026-07-27 02:15:10+00:00,3.18,2.154,,,,,,0.0,KACZ,0.9405,94.05,waning_gibbous,0.0354330708661416,7.192913385826768,8.791338582677161
2026-07-27 02:20:10+00:00,3.12,2.154,,,,,,0.0,KACZ,0.9405,94.05,waning_gibbous,0.0354330708661416,7.192913385826768,8.791338582677161
2026-07-27 02:25:10+00:00,3.06,2.154,,,,,,0.0,KACZ,0.9405,94.05,waning_gibbous,0.0354330708661416,7.192913385826768,8.791338582677161
2026-07-27 02:30:10+00:00,2.99,1.385,,,,,,0.0,KACZ,0.9424,94.24,waning_gibbous,0.0354330708661416,7.192913385826768,8.791338582677161
2026-07-27 02:35:10+00:00,2.92,1.385,,,,,,0.0,KACZ,0.9424,94.24,waning_gibbous,0.0354330708661416,7.192913385826768,8.791338582677161
2026-07-27 02:40:10+00:00,2.87,1.385,,,,,,0.0,KACZ,0.9424,94.24,waning_gibbous,0.0354330708661416,7.192913385826768,8.791338582677161
2026-07-27 02:45:10+00:00,2.82,1.385,,,,,,0.0,KFBG,0.9424,94.24,waning_gibbous,0.0354330708661416,7.15354330708661,8.791338582677161
2026-07-27 02:50:10+00:00,2.74,1.385,,,,,,0.0,KFBG,0.9424,94.24,waning_gibbous,0.0354330708661416,7.114173228346453,8.791338582677161
2026-07-27 02:55:10+00:00,2.71,1.385,,,,,,0.0,KFBG,0.9424,94.24,waning_gibbous,0.0354330708661416,7.0748031496062955,8.791338582677161
2026-07-27 03:00:10+00:00,2.64,1.385,,,,,,0.0,KFBG,0.9424,94.24,waning_gibbous,0.0354330708661416,7.035433070866138,8.791338582677161
2026-07-27 03:05:10+00:00,2.57,1.385,,,,,,0.0,KACZ,0.9424,94.24,waning_gibbous,0.0354330708661416,7.035433070866138,8.791338582677161
2026-07-27 03:10:10+00:00,2.49,1.385,,,,,,0.0,KACZ,0.9424,94.24,waning_gibbous,0.0354330708661416,7.035433070866138,8.791338582677161
2026-07-27 03:15:10+00:00,2.43,1.385,,,,,,0.0,KACZ,0.9424,94.24,waning_gibbous,0.0354330708661416,7.035433070866138,8.791338582677161
2026-07-27 03:20:10+00:00,2.38,1.385,,,,,,0.0,KACZ,0.9424,94.24,waning_gibbous,0.0354330708661416,7.035433070866138,8.791338582677161
2026-07-27 03:25:10+00:00,2.32,1.385,,,,,,0.0,KFBG,0.9424,94.24,waning_gibbous,0.0354330708661416,7.035433070866138,8.791338582677161
2026-07-27 03:30:10+00:00,2.27,0.894,,,,,,0.0,KFBG,0.9442,94.42,waning_gibbous,0.0354330708661416,7.035433070866138,8.791338582677161
2026-07-27 03:35:10+00:00,2.2,0.894,,,,,,0.0,KACZ,0.9442,94.42,waning_gibbous,0.0354330708661416,7.035433070866138,8.791338582677161
2026-07-27 03:40:10+00:00,2.16,0.894,,,,,,0.0,KACZ,0.9442,94.42,waning_gibbous,0.0354330708661416,7.035433070866138,8.791338582677161
2026-07-27 03:45:10+00:00,2.1,0.894,,,,,,0.0,KFBG,0.9442,94.42,waning_gibbous,0.0354330708661416,7.023622047244091,8.791338582677161
2026-07-27 03:50:10+00:00,2.05,0.894,,,,,,0.0,KFBG,0.9442,94.42,waning_gibbous,0.0354330708661416,7.011811023622044,8.791338582677161
2026-07-27 03:55:10+00:00,1.97,0.894,,,,,,0.0,KFBG,0.9442,94.42,waning_gibbous,0.0354330708661416,6.9999999999999964,8.791338582677161
2026-07-27 04:00:10+00:00,1.93,0.894,,,,,,0.0,KFBG,0.9442,94.42,waning_gibbous,0.0354330708661416,6.988188976377949,8.791338582677161
2026-07-27 04:05:10+00:00,1.86,0.894,,,,,,0.0,KFBG,0.9442,94.42,waning_gibbous,0.0354330708661416,6.988188976377949,8.791338582677161
2026-07-27 04:10:10+00:00,1.81,0.894,,,,,,0.0,KFBG,0.9442,94.42,waning_gibbous,0.0354330708661416,6.988188976377949,8.791338582677161
2026-07-27 04:15:10+00:00,1.76,0.894,,,,,,0.0,KACZ,0.9442,94.42,waning_gibbous,0.0354330708661416,6.988188976377949,8.791338582677161
2026-07-27 04:20:10+00:00,1.71,0.894,,,,,,0.0,KACZ,0.9442,94.42,waning_gibbous,0.0354330708661416,6.988188976377949,8.791338582677161
2026-07-27 04:25:10+00:00,1.65,0.894,,,,,,0.0,KACZ,0.9442,94.42,waning_gibbous,0.0354330708661416,6.976377952755902,8.791338582677161
2026-07-27 04:30:10+00:00,1.6,0.812,,,,,,0.0,KACZ,0.946,94.6,waning_gibbous,0.0354330708661416,6.964566929133855,8.791338582677161
2026-07-27 04:35:10+00:00,1.55,0.812,,,,,,0.0,KACZ,0.946,94.6,waning_gibbous,0.0354330708661416,6.9527559055118076,8.791338582677161
2026-07-27 04:40:10+00:00,1.51,0.812,,,,,,0.0,KACZ,0.946,94.6,waning_gibbous,0.0354330708661416,6.94094488188976,8.791338582677161
2026-07-27 04:45:10+00:00,1.47,0.812,,,,,,0.0,KFBG,0.946,94.6,waning_gibbous,0.0354330708661416,6.94094488188976,8.791338582677161
2026-07-27 04:50:10+00:00,1.42,0.812,,,,,,0.0,KFBG,0.946,94.6,waning_gibbous,0.0354330708661416,6.94094488188976,8.791338582677161
2026-07-27 04:55:10+00:00,1.37,0.812,,,,,,0.0,KFBG,0.946,94.6,waning_gibbous,0.0354330708661416,6.8622047244094455,8.791338582677161
2026-07-27 05:00:10+00:00,1.34,0.812,,,,,,0.0,KFBG,0.946,94.6,waning_gibbous,0.0354330708661416,6.8622047244094455,8.791338582677161
2026-07-27 05:05:10+00:00,1.34,0.812,,,,,,0.0,KACZ,0.946,94.6,waning_gibbous,0.0354330708661416,6.8622047244094455,8.791338582677161
2026-07-27 05:10:10+00:00,1.31,0.812,,,,,,0.0,KACZ,0.946,94.6,waning_gibbous,0.0354330708661416,6.8622047244094455,8.791338582677161
2026-07-27 05:15:10+00:00,1.28,0.812,,,,,,0.0,KACZ,0.946,94.6,waning_gibbous,0.0354330708661416,6.8622047244094455,8.791338582677161
2026-07-27 05:20:10+00:00,1.25,0.812,,,,,,0.0,KACZ,0.946,94.6,waning_gibbous,0.0354330708661416,6.8622047244094455,8.791338582677161
2026-07-27 05:25:10+00:00,1.21,0.812,,,,,,0.0,KACZ,0.946,94.6,waning_gibbous,0.0354330708661416,6.8622047244094455,8.791338582677161
2026-07-27 05:30:10+00:00,1.1800000000000002,1.117,,,,,,0.0,KACZ,0.9478,94.78,waning_gibbous,0.0354330708661416,6.8622047244094455,8.791338582677161
2026-07-27 05:35:10+00:00,1.16,1.117,,,,,,0.0,KACZ,0.9478,94.78,waning_gibbous,0.0354330708661416,6.8622047244094455,8.791338582677161
2026-07-27 05:40:10+00:00,1.14,1.117,,,,,,0.0,KACZ,0.9478,94.78,waning_gibbous,0.0354330708661416,6.8622047244094455,8.791338582677161
2026-07-27 05:45:10+00:00,1.15,1.117,,,,,,0.0,KFBG,0.9478,94.78,waning_gibbous,0.0354330708661416,6.8622047244094455,8.791338582677161
2026-07-27 05:50:10+00:00,1.17,1.117,,,,,,0.0,KFBG,0.9478,94.78,waning_gibbous,0.0354330708661416,6.8622047244094455,8.791338582677161
2026-07-27 05:55:10+00:00,1.21,1.117,,,,,,0.0,KFBG,0.9478,94.78,waning_gibbous,0.0354330708661416,6.051181102362202,8.791338582677161
2026-07-27 06:00:10+00:00,1.24,1.117,,,,,,0.0,KFBG,0.9478,94.78,waning_gibbous,0.0354330708661416,6.051181102362202,8.791338582677161
2026-07-27 06:05:10+00:00,1.28,1.117,,,,,,0.0,KACZ,0.9478,94.78,waning_gibbous,0.0354330708661416,6.051181102362202,8.791338582677161
2026-07-27 06:10:10+00:00,1.3199999999999998,1.117,,,,,,0.0,KACZ,0.9478,94.78,waning_gibbous,0.0354330708661416,6.051181102362202,8.791338582677161
2026-07-27 06:15:10+00:00,1.35,1.117,,,,,,0.0,KACZ,0.9478,94.78,waning_gibbous,0.0354330708661416,6.051181102362202,8.791338582677161
2026-07-27 06:20:10+00:00,1.41,1.117,,,,,,0.0,KACZ,0.9478,94.78,waning_gibbous,0.0354330708661416,6.051181102362202,8.791338582677161
2026-07-27 06:25:10+00:00,1.47,1.117,,,,,,0.0,KFBG,0.9478,94.78,waning_gibbous,0.0354330708661416,6.051181102362202,8.791338582677161
2026-07-27 06:30:10+00:00,1.52,1.656,,,,,,0.0,KFBG,0.9495,94.95,waning_gibbous,0.0354330708661416,6.051181102362202,8.791338582677161
2026-07-27 06:35:10+00:00,1.59,1.656,,,,,,0.0,KACZ,0.9495,94.95,waning_gibbous,0.0354330708661416,6.051181102362202,8.791338582677161
2026-07-27 06:40:10+00:00,1.66,1.656,,,,,,0.0,KACZ,0.9495,94.95,waning_gibbous,0.0354330708661416,6.051181102362202,8.791338582677161
2026-07-27 06:45:10+00:00,1.72,1.656,,,,,,0.0,KFBG,0.9495,94.95,waning_gibbous,0.0354330708661416,6.051181102362202,8.791338582677161
2026-07-27 06:50:10+00:00,1.74,1.656,,,,,,0.0,KFBG,0.9495,94.95,waning_gibbous,0.0354330708661416,6.051181102362202,8.791338582677161
2026-07-27 06:55:10+00:00,1.78,1.656,,,,,,0.0,KFBG,0.9495,94.95,waning_gibbous,0.0354330708661416,5.9527559055118076,8.791338582677161
2026-07-27 07:00:10+00:00,1.83,1.656,,,,,,0.0,KFBG,0.9495,94.95,waning_gibbous,0.0354330708661416,5.9527559055118076,8.791338582677161
2026-07-27 07:05:10+00:00,1.88,1.656,,,,,,0.0,KACZ,0.9495,94.95,waning_gibbous,0.0354330708661416,5.9527559055118076,8.791338582677161
2026-07-27 07:10:10+00:00,1.92,1.656,,,,,,0.0,KACZ,0.9495,94.95,waning_gibbous,0.0354330708661416,5.9527559055118076,8.791338582677161
2026-07-27 07:15:10+00:00,1.97,1.656,,,,,,0.0,KACZ,0.9495,94.95,waning_gibbous,0.0354330708661416,5.9527559055118076,8.791338582677161
2026-07-27 07:20:10+00:00,2.01,1.656,,,,,,0.0,KACZ,0.9495,94.95,waning_gibbous,0.0354330708661416,5.9527559055118076,8.791338582677161
2026-07-27 07:25:10+00:00,2.07,1.656,,,,,,0.0,KACZ,0.9495,94.95,waning_gibbous,0.0236220472440944,5.9527559055118076,8.791338582677161
2026-07-27 07:30:10+00:00,2.12,2.27,,,,,,0.0,KACZ,0.9513,95.13,waning_gibbous,0.0118110236220472,5.9527559055118076,8.791338582677161
2026-07-27 07:35:10+00:00,2.17,2.27,,,,,,0.0,KACZ,0.9513,95.13,waning_gibbous,0.0,5.9527559055118076,8.791338582677161
2026-07-27 07:40:10+00:00,2.23,2.27,,,,,,0.0,KACZ,0.9513,95.13,waning_gibbous,0.0,5.9527559055118076,8.791338582677161
2026-07-27 07:45:10+00:00,2.28,2.27,,,,,,0.0,KFBG,0.9513,95.13,waning_gibbous,0.0,5.9527559055118076,8.791338582677161
2026-07-27 07:50:10+00:00,2.35,2.27,,,,,,0.0,KFBG,0.9513,95.13,waning_gibbous,0.0,5.9527559055118076,8.791338582677161
2026-07-27 07:55:10+00:00,2.39,2.27,,,,,,0.0,KFBG,0.9513,95.13,waning_gibbous,0.0,5.9527559055118076,8.791338582677161
2026-07-27 08:00:10+00:00,2.43,2.27,,,,,,0.0,KFBG,0.9513,95.13,waning_gibbous,0.0,5.9527559055118076,8.791338582677161
2026-07-27 08:05:10+00:00,2.47,2.27,,,,,,0.0,KFBG,0.9513,95.13,waning_gibbous,0.0,5.9527559055118076,8.791338582677161
2026-07-27 08:10:10+00:00,2.52,2.27,,,,,,0.0,KACZ,0.9513,95.13,waning_gibbous,0.0,5.9527559055118076,8.791338582677161
2026-07-27 08:15:10+00:00,2.56,2.27,,,,,,0.0,KACZ,0.9513,95.13,waning_gibbous,0.0,5.9527559055118076,8.791338582677161
2026-07-27 08:20:10+00:00,2.63,2.27,,,,,,0.0,KFBG,0.9513,95.13,waning_gibbous,0.0,5.9527559055118076,8.791338582677161
2026-07-27 08:25:10+00:00,2.71,2.27,,,,,,0.0,KFBG,0.9513,95.13,waning_gibbous,0.0,5.881889763779524,8.791338582677161
2026-07-27 08:30:10+00:00,2.77,2.829,,,,,,0.0,KACZ,0.953,95.3,waning_gibbous,0.0,5.811023622047241,8.791338582677161
2026-07-27 08:35:10+00:00,2.81,2.829,,,,,,0.0,KACZ,0.953,95.3,waning_gibbous,0.0,5.7401574803149575,8.791338582677161
2026-07-27 08:40:10+00:00,2.86,2.829,,,,,,0.0,KACZ,0.953,95.3,waning_gibbous,0.0,5.7401574803149575,8.791338582677161
2026-07-27 08:45:10+00:00,2.91,2.829,,,,,,0.0,KFBG,0.953,95.3,waning_gibbous,0.0,5.7401574803149575,8.791338582677161
2026-07-27 08:50:10+00:00,2.98,2.829,,,,,,0.0,KFBG,0.953,95.3,waning_gibbous,0.0,5.7401574803149575,8.791338582677161
2026-07-27 08:55:10+00:00,3.03,2.829,,,,,,0.0,KFBG,0.953,95.3,waning_gibbous,0.0,5.7401574803149575,8.791338582677161
2026-07-27 09:00:10+00:00,3.09,2.829,,,,,,0.0,KFBG,0.953,95.3,waning_gibbous,0.0,5.7401574803149575,8.791338582677161
2026-07-27 09:05:10+00:00,3.16,2.829,,,,,,0.0,KACZ,0.953,95.3,waning_gibbous,0.0,5.7401574803149575,8.791338582677161
2026-07-27 09:10:10+00:00,3.21,2.829,,,,,,0.0,KACZ,0.953,95.3,waning_gibbous,0.0,5.7401574803149575,8.791338582677161
2026-07-27 09:15:10+00:00,3.26,2.829,,,,,,0.0,KACZ,0.953,95.3,waning_gibbous,0.0,5.7401574803149575,8.791338582677161
2026-07-27 09:20:10+00:00,3.3,2.829,,,,,,0.0,KACZ,0.953,95.3,waning_gibbous,0.0,5.7401574803149575,8.791338582677161
2026-07-27 09:25:10+00:00,3.3600000000000003,2.829,,,,,,0.0,KACZ,0.953,95.3,waning_gibbous,0.0,5.7401574803149575,8.791338582677161
2026-07-27 09:30:10+00:00,3.41,3.183,,,,,,0.0,KACZ,0.9546,95.46,waning_gibbous,0.0,5.7401574803149575,8.791338582677161
2026-07-27 09:35:10+00:00,3.46,3.183,,,,,,0.0,KACZ,0.9546,95.46,waning_gibbous,0.0,5.7401574803149575,8.791338582677161
2026-07-27 09:40:10+00:00,3.48,3.183,,,,,,0.0,KACZ,0.9546,95.46,waning_gibbous,0.0,5.7401574803149575,8.791338582677161
2026-07-27 09:45:10+00:00,3.52,3.183,,,,,,0.0,KFBG,0.9546,95.46,waning_gibbous,0.0,5.7401574803149575,8.791338582677161
2026-07-27 09:50:10+00:00,3.54,3.183,,,,,,0.0,KFBG,0.9546,95.46,waning_gibbous,0.0,5.7401574803149575,8.791338582677161
2026-07-27 09:55:10+00:00,3.5700000000000003,3.183,,,,,,0.0,KFBG,0.9546,95.46,waning_gibbous,0.0,5.7401574803149575,8.791338582677161
2026-07-27 10:00:10+00:00,3.6,3.183,,,,,,0.0,KFBG,0.9546,95.46,waning_gibbous,0.0,5.7401574803149575,8.791338582677161
2026-07-27 10:05:10+00:00,3.63,3.183,,,,,,0.0,KACZ,0.9546,95.46,waning_gibbous,0.0,5.7401574803149575,8.791338582677161
2026-07-27 10:10:10+00:00,3.69,3.183,,,,,,0.0,KACZ,0.9546,95.46,waning_gibbous,0.0,5.7401574803149575,8.791338582677161
2026-07-27 10:15:10+00:00,3.73,3.183,,,,,,0.0,KACZ,0.9546,95.46,waning_gibbous,0.0,5.7401574803149575,8.791338582677161
2026-07-27 10:20:10+00:00,3.76,3.183,,,,,,0.0,KACZ,0.9546,95.46,waning_gibbous,0.0,5.7401574803149575,8.791338582677161
2026-07-27 10:25:10+00:00,3.82,3.183,,,,,,0.0,KFBG,0.9546,95.46,waning_gibbous,0.0,5.7401574803149575,8.791338582677161
2026-07-27 10:30:10+00:00,3.86,3.189,,,,,,0.0,KFBG,0.9563,95.63,waning_gibbous,0.0,5.7401574803149575,8.791338582677161
2026-07-27 10:35:10+00:00,3.89,3.189,,,,,,0.0,KMQI,0.9563,95.63,waning_gibbous,0.0,5.7401574803149575,8.791338582677161
2026-07-27 10:40:10+00:00,3.89,3.189,,,,,,0.0,KMQI,0.9563,95.63,waning_gibbous,0.0,5.7401574803149575,8.791338582677161
2026-07-27 10:45:10+00:00,3.92,3.189,,,,,,0.0,KFBG,0.9563,95.63,waning_gibbous,0.0,5.7401574803149575,8.791338582677161
2026-07-27 10:50:10+00:00,3.96,3.189,,,,,,0.0,KFBG,0.9563,95.63,waning_gibbous,0.0,5.7401574803149575,8.791338582677161
2026-07-27 10:55:10+00:00,3.98,3.189,,,,,,0.0,KFBG,0.9563,95.63,waning_gibbous,0.0,5.7401574803149575,8.791338582677161
2026-07-27 11:00:10+00:00,3.98,3.189,,,,,,0.0,KFBG,0.9563,95.63,waning_gibbous,0.0,5.7401574803149575,8.791338582677161
2026-07-27 11:05:10+00:00,3.99,3.189,,,,,,0.0,KACZ,0.9563,95.63,waning_gibbous,0.0,5.7401574803149575,8.791338582677161
2026-07-27 11:10:10+00:00,3.99,3.189,,,,,,0.0,KACZ,0.9563,95.63,waning_gibbous,0.0,5.7401574803149575,8.791338582677161
2026-07-27 11:15:10+00:00,3.98,3.189,,,,,,0.0,KACZ,0.9563,95.63,waning_gibbous,0.0,5.7401574803149575,8.791338582677161
2026-07-27 11:20:10+00:00,3.97,3.189,,,,,,0.0,KACZ,0.9563,95.63,waning_gibbous,0.0,5.7401574803149575,8.791338582677161
2026-07-27 11:25:10+00:00,3.94,3.189,,,,,,0.0,KACZ,0.9563,95.63,waning_gibbous,0.0,5.72834645669291,8.791338582677161
2026-07-27 11:30:10+00:00,3.91,2.822,,,,,,0.0,KACZ,0.9579,95.79,waning_gibbous,0.0,5.716535433070863,8.791338582677161
2026-07-27 11:35:10+00:00,3.89,2.822,,,,,,0.0,KACZ,0.9579,95.79,waning_gibbous,0.0,5.704724409448816,8.791338582677161
2026-07-27 11:40:10+00:00,3.84,2.822,,,,,,0.0,KACZ,0.9579,95.79,waning_gibbous,0.0,5.692913385826769,8.791338582677161
2026-07-27 11:45:10+00:00,3.79,2.822,,,,,,0.0,KFBG,0.9579,95.79,waning_gibbous,0.0,5.681102362204721,8.791338582677161
2026-07-27 11:50:10+00:00,3.74,2.822,,,,,,0.0,KFBG,0.9579,95.79,waning_gibbous,0.0,5.681102362204721,8.791338582677161
2026-07-27 11:55:10+00:00,3.7,2.822,,,,,,0.0,KFBG,0.9579,95.79,waning_gibbous,0.0,5.681102362204721,8.791338582677161
2026-07-27 12:00:10+00:00,3.66,2.822,,,,,,0.0,KFBG,0.9579,95.79,waning_gibbous,0.0,5.681102362204721,8.791338582677161
2026-07-27 12:05:10+00:00,3.63,2.822,,,,,,0.0,KFBG,0.9579,95.79,waning_gibbous,0.0,5.681102362204721,8.791338582677161
2026-07-27 12:10:10+00:00,3.58,2.822,,,,,,0.0,KFBG,0.9579,95.79,waning_gibbous,0.0,5.681102362204721,8.791338582677161
2026-07-27 12:15:10+00:00,3.53,2.822,,,,,,0.0,KACZ,0.9579,95.79,waning_gibbous,0.0,5.681102362204721,8.791338582677161
2026-07-27 12:20:10+00:00,3.5,2.822,,,,,,0.0,KFBG,0.9579,95.79,waning_gibbous,0.0,5.681102362204721,8.791338582677161
2026-07-27 12:25:10+00:00,3.46,2.822,,,,,,0.0,KFBG,0.9579,95.79,waning_gibbous,0.0,5.681102362204721,8.791338582677161
2026-07-27 12:30:10+00:00,3.42,2.21,,,,,,0.0,KFBG,0.9595,95.95,waning_gibbous,0.0,5.681102362204721,8.791338582677161
2026-07-27 12:35:10+00:00,3.35,2.21,,,,,,0.0,KACZ,0.9595,95.95,waning_gibbous,0.0,5.681102362204721,8.791338582677161
2026-07-27 12:40:10+00:00,3.31,2.21,,,,,,0.0,KFBG,0.9595,95.95,waning_gibbous,0.0,5.681102362204721,8.791338582677161
2026-07-27 12:45:10+00:00,3.27,2.21,,,,,,0.0,KFBG,0.9595,95.95,waning_gibbous,0.0,5.681102362204721,8.791338582677161
2026-07-27 12:50:10+00:00,3.21,2.21,,,,,,0.0,KFBG,0.9595,95.95,waning_gibbous,0.0,5.681102362204721,8.791338582677161
2026-07-27 12:55:10+00:00,3.18,2.21,,,,,,0.0,KFBG,0.9595,95.95,waning_gibbous,0.0,5.629921259842517,8.791338582677161
2026-07-27 13:00:10+00:00,3.14,2.21,,,,,,0.0,KFBG,0.9595,95.95,waning_gibbous,0.0,5.578740157480312,8.791338582677161
2026-07-27 13:05:10+00:00,3.09,2.21,,,,,,0.0,KFBG,0.9595,95.95,waning_gibbous,0.0,5.578740157480312,8.791338582677161
2026-07-27 13:10:10+00:00,3.04,2.21,,,,,,0.0,KFBG,0.9595,95.95,waning_gibbous,0.0,5.578740157480312,8.791338582677161
2026-07-27 13:15:10+00:00,3.0,2.21,,,,,,0.0,KFBG,0.9595,95.95,waning_gibbous,0.0,5.578740157480312,8.791338582677161
2026-07-27 13:20:10+00:00,2.96,2.21,,,,,,0.0,KFBG,0.9595,95.95,waning_gibbous,0.0,5.578740157480312,8.791338582677161
2026-07-27 13:25:10+00:00,2.91,2.21,,,,,,0.0,KFBG,0.9595,95.95,waning_gibbous,0.0,5.578740157480312,8.791338582677161
2026-07-27 13:30:10+00:00,2.84,1.529,,,,,,0.0,KFBG,0.961,96.1,waning_gibbous,0.0,5.578740157480312,8.791338582677161
2026-07-27 13:35:10+00:00,2.79,1.529,,,,,,0.0,KFBG,0.961,96.1,waning_gibbous,0.0,5.578740157480312,8.791338582677161
2026-07-27 13:40:10+00:00,2.75,1.529,,,,,,0.0,KFBG,0.961,96.1,waning_gibbous,0.0,5.578740157480312,8.791338582677161
2026-07-27 13:45:10+00:00,2.71,1.529,,,,,,0.0,KFBG,0.961,96.1,waning_gibbous,0.0,5.578740157480312,8.791338582677161
2026-07-27 13:50:10+00:00,2.66,1.529,,,,,,0.0,KFBG,0.961,96.1,waning_gibbous,0.0,5.566929133858265,8.791338582677161
2026-07-27 13:55:10+00:00,2.62,1.529,,,,,,0.0,KFBG,0.961,96.1,waning_gibbous,0.0,5.555118110236218,8.791338582677161
2026-07-27 14:00:10+00:00,2.58,1.529,,,,,,0.0,KFBG,0.961,96.1,waning_gibbous,0.0,5.5433070866141705,8.791338582677161
2026-07-27 14:05:10+00:00,2.53,1.529,,,,,,0.0,KFBG,0.961,96.1,waning_gibbous,0.0,5.5433070866141705,8.791338582677161
2026-07-27 14:10:10+00:00,2.5,1.529,,,,,,0.0,KFBG,0.961,96.1,waning_gibbous,0.0,5.5433070866141705,8.791338582677161
2026-07-27 14:15:10+00:00,2.42,1.529,,,,,,0.0,KFBG,0.961,96.1,waning_gibbous,0.0,5.5433070866141705,8.791338582677161
2026-07-27 14:20:10+00:00,2.38,1.529,,,,,,0.0,KMQI,0.961,96.1,waning_gibbous,0.0,5.5433070866141705,8.791338582677161
2026-07-27 14:25:10+00:00,2.34,1.529,,,,,,0.0,KMQI,0.961,96.1,waning_gibbous,0.0,5.5433070866141705,8.791338582677161
2026-07-27 14:30:10+00:00,2.31,0.927,,,,,,0.0,KMQI,0.9625,96.25,waning_gibbous,0.0,5.5433070866141705,8.791338582677161
2026-07-27 14:35:10+00:00,2.25,0.927,,,,,,0.0,KMQI,0.9625,96.25,waning_gibbous,0.0,5.5433070866141705,8.791338582677161
2026-07-27 14:40:10+00:00,2.22,0.927,,,,,,0.0,KMQI,0.9625,96.25,waning_gibbous,0.0,5.5433070866141705,8.791338582677161
2026-07-27 14:45:10+00:00,2.17,0.927,,,,,,0.0,KFBG,0.9625,96.25,waning_gibbous,0.0,5.5433070866141705,8.791338582677161
2026-07-27 14:50:10+00:00,2.15,0.927,,,,,,0.0,KFBG,0.9625,96.25,waning_gibbous,0.0,5.5433070866141705,8.791338582677161
2026-07-27 14:55:10+00:00,2.09,0.927,,,,,,0.0,KFBG,0.9625,96.25,waning_gibbous,0.0,5.5433070866141705,8.791338582677161
2026-07-27 15:00:10+00:00,2.03,0.927,,,,,,0.0,KFBG,0.9625,96.25,waning_gibbous,0.0,5.5433070866141705,8.791338582677161
2026-07-27 15:05:10+00:00,1.99,0.927,,,,,,0.0,KFBG,0.9625,96.25,waning_gibbous,0.0,5.5433070866141705,8.791338582677161
2026-07-27 15:10:10+00:00,1.93,0.927,,,,,,0.0,KFBG,0.9625,96.25,waning_gibbous,0.0,5.5433070866141705,8.791338582677161
2026-07-27 15:15:10+00:00,1.88,0.927,,,,,,0.0,KACZ,0.9625,96.25,waning_gibbous,0.0,5.5433070866141705,8.791338582677161
2026-07-27 15:20:10+00:00,1.83,0.927,,,,,,0.0,KACZ,0.9625,96.25,waning_gibbous,0.0,5.5433070866141705,8.791338582677161
2026-07-27 15:25:10+00:00,1.78,0.927,,,,,,0.0,KFBG,0.9625,96.25,waning_gibbous,0.0,5.5433070866141705,8.791338582677161
2026-07-27 15:30:10+00:00,1.73,0.556,,,,,,0.0,KFBG,0.964,96.4,waning_gibbous,0.0,5.5433070866141705,8.791338582677161
2026-07-27 15:35:10+00:00,1.69,0.556,,,,,,0.0,KACZ,0.964,96.4,waning_gibbous,0.0,5.5433070866141705,8.791338582677161
2026-07-27 15:40:10+00:00,1.64,0.556,,,,,,0.0,KFBG,0.964,96.4,waning_gibbous,0.0,5.5433070866141705,8.791338582677161
2026-07-27 15:45:10+00:00,1.53,0.556,,,,,,0.0,KFBG,0.964,96.4,waning_gibbous,0.0,5.5433070866141705,8.791338582677161
2026-07-27 15:50:10+00:00,1.5,0.556,,,,,,0.0,KFBG,0.964,96.4,waning_gibbous,0.0,5.5433070866141705,8.791338582677161
2026-07-27 15:55:10+00:00,1.44,0.556,,,,,,0.0,KFBG,0.964,96.4,waning_gibbous,0.0,5.5433070866141705,8.791338582677161
2026-07-27 16:00:10+00:00,1.37,0.556,,,,,,0.0,KFBG,0.964,96.4,waning_gibbous,0.0,5.5433070866141705,8.791338582677161
2026-07-27 16:05:10+00:00,1.3199999999999998,0.556,,,,,,0.0,KACZ,0.964,96.4,waning_gibbous,0.0,5.5433070866141705,8.791338582677161
2026-07-27 16:10:10+00:00,1.26,0.556,,,,,,0.0,KACZ,0.964,96.4,waning_gibbous,0.0,5.5433070866141705,8.791338582677161
2026-07-27 16:15:10+00:00,1.21,0.556,,,,,,0.0,KACZ,0.964,96.4,waning_gibbous,0.0,5.5433070866141705,8.791338582677161
2026-07-27 16:20:10+00:00,1.16,0.556,,,,,,0.0,KACZ,0.964,96.4,waning_gibbous,0.0,5.5433070866141705,8.791338582677161
2026-07-27 16:25:10+00:00,1.11,0.556,,,,,,0.0,KACZ,0.964,96.4,waning_gibbous,0.0,5.5433070866141705,8.791338582677161
2026-07-27 16:30:10+00:00,1.06,0.568,,,,,,0.0,KACZ,0.9655,96.55,waning_gibbous,0.0,5.5433070866141705,8.791338582677161
2026-07-27 16:35:10+00:00,1.03,0.568,,,,,,0.0,KACZ,0.9655,96.55,waning_gibbous,0.0,5.5433070866141705,8.791338582677161
2026-07-27 16:40:10+00:00,0.99,0.568,,,,,,0.0,KACZ,0.9655,96.55,waning_gibbous,0.0,5.5433070866141705,8.791338582677161
2026-07-27 16:45:10+00:00,0.93,0.568,,,,,,0.0,KFBG,0.9655,96.55,waning_gibbous,0.0,5.511811023622045,8.791338582677161
2026-07-27 16:50:10+00:00,0.94,0.568,,,,,,0.0,KFBG,0.9655,96.55,waning_gibbous,0.0,5.480314960629919,8.791338582677161
2026-07-27 16:55:10+00:00,0.94,0.568,,,,,,0.0,KFBG,0.9655,96.55,waning_gibbous,0.0,5.448818897637793,8.791338582677161
2026-07-27 17:00:10+00:00,0.91,0.568,,,,,,0.0,KFBG,0.9655,96.55,waning_gibbous,0.0,5.417322834645667,8.791338582677161
2026-07-27 17:05:10+00:00,0.8799999999999999,0.568,,,,,,0.0,KACZ,0.9655,96.55,waning_gibbous,0.0,5.4055118110236196,8.791338582677161
2026-07-27 17:10:10+00:00,0.8999999999999999,0.568,,,,,,0.0,KACZ,0.9655,96.55,waning_gibbous,0.0,5.393700787401572,8.791338582677161
2026-07-27 17:15:10+00:00,0.8999999999999999,0.568,,,,,,0.0,KACZ,0.9655,96.55,waning_gibbous,0.0,5.381889763779525,8.791338582677161
2026-07-27 17:20:10+00:00,0.91,0.568,,,,,,0.0,KACZ,0.9655,96.55,waning_gibbous,0.0,5.370078740157478,8.791338582677161
2026-07-27 17:25:10+00:00,0.8999999999999999,0.568,,,,,,0.0,KACZ,0.9655,96.55,waning_gibbous,0.0,5.370078740157478,8.791338582677161
2026-07-27 17:30:10+00:00,0.95,1.014,,,,,,0.0,KACZ,0.9669,96.69,waning_gibbous,0.0,5.370078740157478,8.791338582677161
2026-07-27 17:35:10+00:00,0.93,1.014,,,,,,0.0,KFBG,0.9669,96.69,waning_gibbous,0.0,5.370078740157478,8.791338582677161
2026-07-27 17:40:10+00:00,0.95,1.014,,,,,,0.0,KFBG,0.9669,96.69,waning_gibbous,0.0,5.370078740157478,8.791338582677161
2026-07-27 17:45:10+00:00,0.95,1.014,,,,,,0.0,KFBG,0.9669,96.69,waning_gibbous,0.0,5.370078740157478,8.791338582677161
2026-07-27 17:50:10+00:00,0.93,1.014,,,,,,0.0,KFBG,0.9669,96.69,waning_gibbous,0.0,5.370078740157478,8.791338582677161
2026-07-27 17:55:10+00:00,0.93,1.014,,,,,,0.0,KFBG,0.9669,96.69,waning_gibbous,0.0,5.370078740157478,8.791338582677161
2026-07-27 18:00:10+00:00,0.93,1.014,,,,,,0.0,KFBG,0.9669,96.69,waning_gibbous,0.0,5.370078740157478,8.791338582677161
2026-07-27 18:05:10+00:00,0.97,1.014,,,,,,0.0,KACZ,0.9669,96.69,waning_gibbous,0.0,5.370078740157478,8.791338582677161
2026-07-27 18:10:10+00:00,1.0,1.014,,,,,,0.0,KACZ,0.9669,96.69,waning_gibbous,0.0,5.370078740157478,8.791338582677161
2026-07-27 18:15:10+00:00,1.05,1.014,,,,,,0.0,KACZ,0.9669,96.69,waning_gibbous,0.0,5.370078740157478,8.791338582677161
2026-07-27 18:20:10+00:00,1.06,1.014,,,,,,0.0,KACZ,0.9669,96.69,waning_gibbous,0.0,5.370078740157478,8.791338582677161
2026-07-27 18:25:10+00:00,1.11,1.014,,,,,,0.0,KFBG,0.9669,96.69,waning_gibbous,0.0,5.370078740157478,8.791338582677161
2026-07-27 18:30:10+00:00,1.19,1.787,,,,,,0.0,KFBG,0.9683,96.83,waning_gibbous,0.0,5.370078740157478,8.791338582677161
2026-07-27 18:35:10+00:00,1.23,1.787,,,,,,0.0,KACZ,0.9683,96.83,waning_gibbous,0.0,5.370078740157478,8.791338582677161
2026-07-27 18:40:10+00:00,1.26,1.787,,,,,,0.0,KACZ,0.9683,96.83,waning_gibbous,0.0,5.370078740157478,8.791338582677161
2026-07-27 18:45:10+00:00,1.33,1.787,,,,,,0.0,KFBG,0.9683,96.83,waning_gibbous,0.0,5.370078740157478,8.791338582677161
2026-07-27 18:50:10+00:00,1.36,1.787,,,,,,0.0,KFBG,0.9683,96.83,waning_gibbous,0.0,5.370078740157478,8.791338582677161
2026-07-27 18:55:10+00:00,1.4300000000000002,1.787,,,,,,0.0,KFBG,0.9683,96.83,waning_gibbous,0.0,5.370078740157478,8.791338582677161
2026-07-27 19:00:10+00:00,1.48,1.787,,,,,,0.0,KFBG,0.9683,96.83,waning_gibbous,0.0,5.370078740157478,8.791338582677161
2026-07-27 19:05:10+00:00,1.56,1.787,,,,,,0.0,KMQI,0.9683,96.83,waning_gibbous,0.0,5.370078740157478,8.791338582677161
2026-07-27 19:10:10+00:00,1.61,1.787,,,,,,0.0,KMQI,0.9683,96.83,waning_gibbous,0.0,5.370078740157478,8.791338582677161
2026-07-27 19:15:10+00:00,1.66,1.787,,,,,,0.0,KACZ,0.9683,96.83,waning_gibbous,0.0,5.370078740157478,8.791338582677161
2026-07-27 19:20:10+00:00,1.73,1.787,,,,,,0.0,KACZ,0.9683,96.83,waning_gibbous,0.0,5.370078740157478,8.791338582677161
2026-07-27 19:25:10+00:00,1.82,1.787,,,,,,0.0,KACZ,0.9683,96.83,waning_gibbous,0.0,5.370078740157478,8.791338582677161
2026-07-27 19:30:10+00:00,1.89,2.706,,,,,,0.0,KACZ,0.9697,96.97,waning_gibbous,0.0,5.370078740157478,8.791338582677161
2026-07-27 19:35:10+00:00,1.93,2.706,,,,,,0.0,KACZ,0.9697,96.97,waning_gibbous,0.0,5.370078740157478,8.791338582677161
2026-07-27 19:40:10+00:00,1.99,2.706,,,,,,0.0,KACZ,0.9697,96.97,waning_gibbous,0.0,5.370078740157478,8.791338582677161
2026-07-27 19:45:10+00:00,2.05,2.706,,,,,,0.0,KFBG,0.9697,96.97,waning_gibbous,0.0,5.370078740157478,8.791338582677161
2026-07-27 19:50:10+00:00,2.14,2.706,,,,,,0.0,KFBG,0.9697,96.97,waning_gibbous,0.0,5.370078740157478,8.791338582677161
2026-07-27 19:55:10+00:00,2.18,2.706,,,,,,0.0,KFBG,0.9697,96.97,waning_gibbous,0.0,5.370078740157478,8.791338582677161
2026-07-27 20:00:10+00:00,2.24,2.706,,,,,,0.0,KFBG,0.9697,96.97,waning_gibbous,0.0,5.370078740157478,8.791338582677161
2026-07-27 20:05:10+00:00,2.32,2.706,,,,,,0.0,KACZ,0.9697,96.97,waning_gibbous,0.0,5.370078740157478,8.791338582677161
2026-07-27 20:10:10+00:00,2.37,2.706,,,,,,0.0,KACZ,0.9697,96.97,waning_gibbous,0.0,5.370078740157478,8.791338582677161
2026-07-27 20:15:10+00:00,2.45,2.706,,,,,,0.0,KACZ,0.9697,96.97,waning_gibbous,0.0,5.370078740157478,8.791338582677161
2026-07-27 20:20:10+00:00,2.53,2.706,,,,,,0.0,KACZ,0.9697,96.97,waning_gibbous,0.0,5.370078740157478,8.791338582677161
2026-07-27 20:25:10+00:00,2.6,2.706,,,,,,0.0,KACZ,0.9697,96.97,waning_gibbous,0.0,5.370078740157478,8.791338582677161
2026-07-27 20:30:10+00:00,2.71,3.593,,,,,,0.0,KACZ,0.9711,97.11,full,0.0,5.370078740157478,8.791338582677161
2026-07-27 20:35:10+00:00,2.76,3.593,,,,,,0.0,KACZ,0.9711,97.11,full,0.0,5.370078740157478,8.791338582677161
2026-07-27 20:40:10+00:00,2.86,3.593,,,,,,0.0,KACZ,0.9711,97.11,full,0.0,5.370078740157478,8.791338582677161
2026-07-27 20:45:10+00:00,2.93,3.593,,,,,,0.0,KFBG,0.9711,97.11,full,0.0,5.370078740157478,8.791338582677161
2026-07-27 20:50:10+00:00,2.99,3.593,,,,,,0.0,KFBG,0.9711,97.11,full,0.0,5.370078740157478,8.791338582677161
2026-07-27 20:55:10+00:00,3.08,3.593,,,,,,0.0,KFBG,0.9711,97.11,full,0.0,5.370078740157478,8.791338582677161
2026-07-27 21:00:10+00:00,3.14,3.593,,,,,,0.0,KFBG,0.9711,97.11,full,0.0,5.370078740157478,8.791338582677161
2026-07-27 21:05:10+00:00,3.22,3.593,,,,,,0.0,KACZ,0.9711,97.11,full,0.0,5.370078740157478,8.791338582677161
2026-07-27 21:10:10+00:00,3.28,3.593,,,,,,0.0,KACZ,0.9711,97.11,full,0.0,5.370078740157478,8.791338582677161
2026-07-27 21:15:10+00:00,3.38,3.593,,,,,,0.0,KACZ,0.9711,97.11,full,0.0,5.370078740157478,8.791338582677161
2026-07-27 21:20:10+00:00,3.46,3.593,,,,,,0.0,KACZ,0.9711,97.11,full,0.0,5.370078740157478,8.791338582677161
2026-07-27 21:25:10+00:00,3.56,3.593,,,,,,0.0,KACZ,0.9711,97.11,full,0.0,5.370078740157478,8.791338582677161
2026-07-27 21:30:10+00:00,3.63,4.264,,,,,,0.0,KACZ,0.9724,97.24,full,0.0,5.370078740157478,8.791338582677161
2026-07-27 21:35:10+00:00,3.7,4.264,,,,,,0.0,KACZ,0.9724,97.24,full,0.0,5.370078740157478,8.791338582677161
2026-07-27 21:40:10+00:00,3.8,4.264,,,,,,0.0,KACZ,0.9724,97.24,full,0.0,5.370078740157478,8.791338582677161
2026-07-27 21:45:10+00:00,3.89,4.264,,,,,,0.0,KFBG,0.9724,97.24,full,0.0,5.370078740157478,8.791338582677161
2026-07-27 21:50:10+00:00,3.97,4.264,,,,,,0.0,KFBG,0.9724,97.24,full,0.0,5.370078740157478,8.791338582677161
2026-07-27 21:55:10+00:00,4.02,4.264,,,,,,0.0,KFBG,0.9724,97.24,full,0.0,5.370078740157478,8.791338582677161
2026-07-27 22:00:10+00:00,4.1,4.264,,,,,,0.0,KFBG,0.9724,97.24,full,0.0,5.370078740157478,8.791338582677161
2026-07-27 22:05:10+00:00,4.2,4.264,,,,,,0.0,KMQI,0.9724,97.24,full,0.0,5.370078740157478,8.791338582677161
2026-07-27 22:10:10+00:00,4.25,4.264,,,,,,0.0,KMQI,0.9724,97.24,full,0.0,5.370078740157478,8.791338582677161
2026-07-27 22:15:10+00:00,4.32,4.264,,,,,,0.0,KMQI,0.9724,97.24,full,0.0,5.370078740157478,8.791338582677161
2026-07-27 22:20:10+00:00,4.37,4.264,,,,,,0.0,KACZ,0.9724,97.24,full,0.0,5.370078740157478,8.791338582677161
2026-07-27 22:25:10+00:00,4.44,4.264,,,,,,0.0,KFBG,0.9724,97.24,full,0.0,5.370078740157478,8.791338582677161
2026-07-27 22:30:10+00:00,4.49,4.518,,,,,,0.0,KMQI,0.9737,97.37,full,0.0,5.370078740157478,8.791338582677161
2026-07-27 22:35:10+00:00,4.55,4.518,,,,,,0.0,KMQI,0.9737,97.37,full,0.0,5.370078740157478,8.791338582677161
2026-07-27 22:40:10+00:00,4.6,4.518,,,,,,0.0,KMQI,0.9737,97.37,full,0.0,5.370078740157478,8.791338582677161
2026-07-27 22:45:10+00:00,4.66,4.518,,,,,,0.0,KFBG,0.9737,97.37,full,0.0,5.370078740157478,8.791338582677161
2026-07-27 22:50:10+00:00,4.720000000000001,4.518,,,,,,0.0,KFBG,0.9737,97.37,full,0.0,5.370078740157478,8.791338582677161
2026-07-27 22:55:10+00:00,4.76,4.518,,,,,,0.0,KFBG,0.9737,97.37,full,0.0,5.370078740157478,8.791338582677161
2026-07-27 23:00:10+00:00,4.779999999999999,4.518,,,,,,0.0,KFBG,0.9737,97.37,full,0.0,5.370078740157478,8.791338582677161
2026-07-27 23:05:10+00:00,4.85,4.518,,,,,,0.0,KACZ,0.9737,97.37,full,0.0,5.370078740157478,8.791338582677161
2026-07-27 23:10:10+00:00,4.9,4.518,,,,,,0.0,KACZ,0.9737,97.37,full,0.0,5.370078740157478,8.791338582677161
2026-07-27 23:15:10+00:00,4.92,4.518,,,,,,0.0,KACZ,0.9737,97.37,full,0.0,5.370078740157478,8.791338582677161
2026-07-27 23:20:10+00:00,4.96,4.518,,,,,,0.0,KACZ,0.9737,97.37,full,0.0,5.370078740157478,8.791338582677161
2026-07-27 23:25:10+00:00,4.98,4.518,,,,,,0.0,KFBG,0.9737,97.37,full,0.0,5.370078740157478,8.791338582677161
2026-07-27 23:30:10+00:00,5.029999999999999,4.26,,,,,,0.0,KFBG,0.9749,97.49,full,0.0,5.370078740157478,8.791338582677161
2026-07-27 23:35:10+00:00,5.0600000000000005,4.26,,,,,,0.0,KACZ,0.9749,97.49,full,0.0,5.370078740157478,8.791338582677161
2026-07-27 23:40:10+00:00,5.08,4.26,,,,,,0.0,KACZ,0.9749,97.49,full,0.0,5.370078740157478,8.791338582677161
2026-07-27 23:45:10+00:00,5.09,4.26,,,,,,0.0,KFBG,0.9749,97.49,full,0.0,5.370078740157478,8.791338582677161
2026-07-27 23:50:10+00:00,5.09,4.26,,,,,,0.0,KFBG,0.9749,97.49,full,0.0,5.370078740157478,8.791338582677161
2026-07-27 23:55:10+00:00,5.08,4.26,,,,,,0.0,KFBG,0.9749,97.49,full,0.0,5.370078740157478,8.791338582677161
2026-07-28 00:00:10+00:00,5.07,4.26,,,,,,0.0,KFBG,0.9749,97.49,full,0.0,5.370078740157478,8.791338582677161
2026-07-28 00:05:10+00:00,5.04,4.26,,,,,,0.0,KACZ,0.9749,97.49,full,0.0,5.370078740157478,8.791338582677161
2026-07-28 00:10:10+00:00,5.0,4.26,,,,,,0.0,KACZ,0.9749,97.49,full,0.0,5.370078740157478,8.791338582677161
2026-07-28 00:15:10+00:00,4.970000000000001,4.26,,,,,,0.0,KACZ,0.9749,97.49,full,0.0,5.370078740157478,8.791338582677161
2026-07-28 00:20:10+00:00,4.93,4.26,,,,,,0.0,KACZ,0.9749,97.49,full,0.0,5.370078740157478,8.791338582677161
2026-07-28 00:25:10+00:00,4.87,4.26,,,,,,0.0,KACZ,0.9749,97.49,full,0.0,5.370078740157478,8.791338582677161
2026-07-28 00:30:10+00:00,4.8,3.583,,,,,,0.0,KACZ,0.9762,97.62,full,0.0,5.370078740157478,8.791338582677161
2026-07-28 00:35:10+00:00,4.75,3.583,,,,,,0.0,KACZ,0.9762,97.62,full,0.0,5.370078740157478,8.791338582677161
2026-07-28 00:40:10+00:00,4.7,3.583,,,,,,0.0,KACZ,0.9762,97.62,full,0.0,5.370078740157478,8.791338582677161
2026-07-28 00:45:10+00:00,4.640000000000001,3.583,,,,,,0.0,KFBG,0.9762,97.62,full,0.0,5.370078740157478,8.791338582677161
2026-07-28 00:50:10+00:00,4.58,3.583,,,,,,0.0,KFBG,0.9762,97.62,full,0.0,5.370078740157478,8.791338582677161
2026-07-28 00:55:10+00:00,4.51,3.583,,,,,,0.0,KFBG,0.9762,97.62,full,0.0,5.370078740157478,8.791338582677161
2026-07-28 01:00:10+00:00,4.470000000000001,3.583,,,,,,0.0,KFBG,0.9762,97.62,full,0.0,5.370078740157478,8.791338582677161
2026-07-28 01:05:10+00:00,4.41,3.583,,,,,,0.0,KMQI,0.9762,97.62,full,0.0,5.370078740157478,8.791338582677161
2026-07-28 01:10:10+00:00,4.33,3.583,,,,,,0.0,KMQI,0.9762,97.62,full,0.0,5.370078740157478,8.791338582677161
2026-07-28 01:15:10+00:00,4.27,3.583,,,,,,0.0,KMQI,0.9762,97.62,full,0.0,5.370078740157478,8.791338582677161
2026-07-28 01:20:10+00:00,4.220000000000001,3.583,,,,,,0.0,KMQI,0.9762,97.62,full,0.0,5.370078740157478,8.791338582677161
2026-07-28 01:25:10+00:00,4.18,3.583,,,,,,0.0,KACZ,0.9762,97.62,full,0.0,5.370078740157478,8.791338582677161
2026-07-28 01:30:10+00:00,4.12,2.695,,,,,,0.0,KACZ,0.9774,97.74,full,0.0,5.370078740157478,8.791338582677161
2026-07-28 01:35:10+00:00,4.04,2.695,,,,,,0.0,KACZ,0.9774,97.74,full,0.0,5.370078740157478,8.791338582677161
2026-07-28 01:40:10+00:00,3.99,2.695,,,,,,0.0,KACZ,0.9774,97.74,full,0.0,5.370078740157478,8.791338582677161
2026-07-28 01:45:10+00:00,3.92,2.695,,,,,,0.0,KFBG,0.9774,97.74,full,0.0,5.370078740157478,8.791338582677161
2026-07-28 01:50:10+00:00,3.87,2.695,,,,,,0.0,KFBG,0.9774,97.74,full,0.0,5.370078740157478,8.791338582677161
2026-07-28 01:55:10+00:00,3.83,2.695,,,,,,0.0,KFBG,0.9774,97.74,full,0.0,5.358267716535431,8.791338582677161
2026-07-28 02:00:10+00:00,3.77,2.695,,,,,,0.0,KFBG,0.9774,97.74,full,0.0,5.346456692913383,8.791338582677161
2026-07-28 02:05:10+00:00,3.72,2.695,,,,,,0.0,KMQI,0.9774,97.74,full,0.0,5.346456692913383,8.791338582677161
2026-07-28 02:10:10+00:00,3.66,2.695,,,,,,0.0,KMQI,0.9774,97.74,full,0.0,5.346456692913383,8.791338582677161
2026-07-28 02:15:10+00:00,3.61,2.695,,,,,,0.0,KMQI,0.9774,97.74,full,0.0,5.346456692913383,8.791338582677161
2026-07-28 02:20:10+00:00,3.51,2.695,,,,,,0.0,KMQI,0.9774,97.74,full,0.0,5.346456692913383,8.791338582677161
2026-07-28 02:25:10+00:00,3.45,2.695,,,,,,0.0,KMQI,0.9774,97.74,full,0.0,5.346456692913383,8.791338582677161
2026-07-28 02:30:10+00:00,3.37,1.799,,,,,,0.0,KMQI,0.9785,97.85,full,0.0,5.346456692913383,8.791338582677161
2026-07-28 02:35:10+00:00,3.3200000000000003,1.799,,,,,,0.0,KMQI,0.9785,97.85,full,0.0,5.346456692913383,8.791338582677161
2026-07-28 02:40:10+00:00,3.26,1.799,,,,,,0.0,KMQI,0.9785,97.85,full,0.0,5.346456692913383,8.791338582677161
2026-07-28 02:45:10+00:00,3.19,1.799,,,,,,0.0,KFBG,0.9785,97.85,full,0.0,5.346456692913383,8.791338582677161
2026-07-28 02:50:10+00:00,3.13,1.799,,,,,,0.0,KFBG,0.9785,97.85,full,0.0,5.346456692913383,8.791338582677161
2026-07-28 02:55:10+00:00,3.04,1.799,,,,,,0.0,KFBG,0.9785,97.85,full,0.0,5.346456692913383,8.791338582677161
2026-07-28 03:00:10+00:00,2.98,1.799,,,,,,0.0,KFBG,0.9785,97.85,full,0.0,5.346456692913383,8.791338582677161
2026-07-28 03:05:10+00:00,2.91,1.799,,,,,,0.0,KACZ,0.9785,97.85,full,0.0,5.346456692913383,8.791338582677161
2026-07-28 03:10:10+00:00,2.86,1.799,,,,,,0.0,KACZ,0.9785,97.85,full,0.0,5.346456692913383,8.791338582677161
2026-07-28 03:15:10+00:00,2.78,1.799,,,,,,0.0,KACZ,0.9785,97.85,full,0.0,5.346456692913383,8.791338582677161
2026-07-28 03:20:10+00:00,2.71,1.799,,,,,,0.0,KACZ,0.9785,97.85,full,0.0,5.346456692913383,8.791338582677161
2026-07-28 03:25:10+00:00,2.64,1.799,,,,,,0.0,KMQI,0.9785,97.85,full,0.0,5.346456692913383,8.791338582677161
2026-07-28 03:30:10+00:00,2.58,1.069,,,,,,0.0,KMQI,0.9797,97.97,full,0.0,5.346456692913383,8.791338582677161
2026-07-28 03:35:10+00:00,2.52,1.069,,,,,,0.0,KMQI,0.9797,97.97,full,0.0,5.346456692913383,8.791338582677161
2026-07-28 03:40:10+00:00,2.46,1.069,,,,,,0.0,KMQI,0.9797,97.97,full,0.0,5.346456692913383,8.791338582677161
2026-07-28 03:45:10+00:00,2.39,1.069,,,,,,0.0,KFBG,0.9797,97.97,full,0.0,5.346456692913383,8.791338582677161
2026-07-28 03:50:10+00:00,2.33,1.069,,,,,,0.0,KFBG,0.9797,97.97,full,0.0,5.346456692913383,8.791338582677161
2026-07-28 03:55:10+00:00,2.26,1.069,,,,,,0.0,KFBG,0.9797,97.97,full,0.0,5.346456692913383,8.791338582677161
2026-07-28 04:00:10+00:00,2.21,1.069,,,,,,0.0,KFBG,0.9797,97.97,full,0.0,5.346456692913383,8.791338582677161
2026-07-28 04:05:10+00:00,2.15,1.069,,,,,,0.0,KACZ,0.9797,97.97,full,0.0,5.346456692913383,8.791338582677161
2026-07-28 04:10:10+00:00,2.1,1.069,,,,,,0.0,KACZ,0.9797,97.97,full,0.0,5.346456692913383,8.791338582677161
2026-07-28 04:15:10+00:00,2.04,1.069,,,,,,0.0,KACZ,0.9797,97.97,full,0.0,5.346456692913383,8.791338582677161
2026-07-28 04:20:10+00:00,1.97,1.069,,,,,,0.0,KACZ,0.9797,97.97,full,0.0,5.346456692913383,8.791338582677161
2026-07-28 04:25:10+00:00,1.94,1.069,,,,,,0.0,KACZ,0.9797,97.97,full,0.0,5.346456692913383,8.791338582677161
2026-07-28 04:30:10+00:00,1.88,0.679,,,,,,0.0,KACZ,0.9808,98.08,full,0.0,5.346456692913383,8.791338582677161
2026-07-28 04:35:10+00:00,1.81,0.679,,,,,,0.0,KACZ,0.9808,98.08,full,0.0,5.346456692913383,8.791338582677161
2026-07-28 04:40:10+00:00,1.75,0.679,,,,,,0.0,KACZ,0.9808,98.08,full,0.0,5.346456692913383,8.791338582677161
2026-07-28 04:45:10+00:00,1.71,0.679,,,,,,0.0,KFBG,0.9808,98.08,full,0.0,5.346456692913383,8.791338582677161
2026-07-28 04:50:10+00:00,1.66,0.679,,,,,,0.0,KFBG,0.9808,98.08,full,0.0,5.346456692913383,8.791338582677161
2026-07-28 04:55:10+00:00,1.61,0.679,,,,,,0.0,KFBG,0.9808,98.08,full,0.0,5.346456692913383,8.791338582677161
2026-07-28 05:00:10+00:00,1.57,0.679,,,,,,0.0,KACZ,0.9808,98.08,full,0.0,5.346456692913383,8.791338582677161
2026-07-28 05:05:10+00:00,1.52,0.679,,,,,,0.0,KACZ,0.9808,98.08,full,0.0,5.346456692913383,8.791338582677161
2026-07-28 05:10:10+00:00,1.47,0.679,,,,,,0.0,KACZ,0.9808,98.08,full,0.0,5.346456692913383,8.791338582677161
2026-07-28 05:15:10+00:00,1.44,0.679,,,,,,0.0,KACZ,0.9808,98.08,full,0.0,5.346456692913383,8.791338582677161
2026-07-28 05:20:10+00:00,1.39,0.679,,,,,,0.0,KACZ,0.9808,98.08,full,0.0,5.346456692913383,8.791338582677161
2026-07-28 05:25:10+00:00,1.36,0.679,,,,,,0.0,KACZ,0.9808,98.08,full,0.0,5.346456692913383,8.791338582677161
2026-07-28 05:30:10+00:00,1.33,0.738,,,,,,0.0,KACZ,0.9819,98.19,full,0.0,5.346456692913383,8.791338582677161
2026-07-28 05:35:10+00:00,1.31,0.738,,,,,,0.0,KACZ,0.9819,98.19,full,0.0,5.346456692913383,8.791338582677161
2026-07-28 05:40:10+00:00,1.25,0.738,,,,,,0.0,KACZ,0.9819,98.19,full,0.0,5.346456692913383,8.791338582677161
2026-07-28 05:45:10+00:00,1.2,0.738,,,,,,0.0,KFBG,0.9819,98.19,full,0.0,5.346456692913383,8.791338582677161
2026-07-28 05:50:10+00:00,1.17,0.738,,,,,,0.0,KFBG,0.9819,98.19,full,0.0,5.346456692913383,8.791338582677161
2026-07-28 05:55:10+00:00,1.13,0.738,,,,,,0.0,KFBG,0.9819,98.19,full,0.0,5.346456692913383,8.791338582677161
2026-07-28 06:00:10+00:00,1.1,0.738,,,,,,0.0,KFBG,0.9819,98.19,full,0.0,5.346456692913383,8.791338582677161
2026-07-28 06:05:10+00:00,1.06,0.738,,,,,,0.0,KMQI,0.9819,98.19,full,0.0,5.346456692913383,8.791338582677161
2026-07-28 06:10:10+00:00,1.05,0.738,,,,,,0.0,KMQI,0.9819,98.19,full,0.0,5.346456692913383,8.791338582677161
2026-07-28 06:15:10+00:00,1.05,0.738,,,,,,0.0,KACZ,0.9819,98.19,full,0.0,5.346456692913383,8.791338582677161
2026-07-28 06:20:10+00:00,1.05,0.738,,,,,,0.0,KACZ,0.9819,98.19,full,0.0,5.346456692913383,8.791338582677161
2026-07-28 06:25:10+00:00,1.02,0.738,,,,,,0.0,KACZ,0.9819,98.19,full,0.0,5.346456692913383,8.791338582677161
2026-07-28 06:30:10+00:00,1.03,1.189,,,,,,0.0,KACZ,0.9829,98.29,full,0.0,5.346456692913383,8.791338582677161
2026-07-28 06:35:10+00:00,1.04,1.189,,,,,,0.0,KACZ,0.9829,98.29,full,0.0,5.346456692913383,8.791338582677161
2026-07-28 06:40:10+00:00,1.06,1.189,,,,,,0.0,KACZ,0.9829,98.29,full,0.0,5.346456692913383,8.791338582677161
2026-07-28 06:45:10+00:00,1.1,1.189,,,,,,0.0,KFBG,0.9829,98.29,full,0.0,5.346456692913383,8.791338582677161
2026-07-28 06:50:10+00:00,1.14,1.189,,,,,,0.0,KFBG,0.9829,98.29,full,0.0,5.346456692913383,8.791338582677161
2026-07-28 06:55:10+00:00,1.17,1.189,,,,,,0.0,KFBG,0.9829,98.29,full,0.0,5.346456692913383,8.791338582677161
2026-07-28 07:00:10+00:00,1.24,1.189,,,,,,0.0,KFBG,0.9829,98.29,full,0.0,5.346456692913383,8.791338582677161
2026-07-28 07:05:10+00:00,1.29,1.189,,,,,,0.0,KACZ,0.9829,98.29,full,0.0,5.346456692913383,8.791338582677161
2026-07-28 07:10:10+00:00,1.35,1.189,,,,,,0.0,KACZ,0.9829,98.29,full,0.0,5.346456692913383,8.791338582677161
2026-07-28 07:15:10+00:00,1.4,1.189,,,,,,0.0,KACZ,0.9829,98.29,full,0.0,5.346456692913383,8.791338582677161
2026-07-28 07:20:10+00:00,1.4300000000000002,1.189,,,,,,0.0,KACZ,0.9829,98.29,full,0.0,5.346456692913383,8.791338582677161
2026-07-28 07:25:10+00:00,1.46,1.189,,,,,,0.0,KACZ,0.9829,98.29,full,0.0,5.346456692913383,8.791338582677161
2026-07-28 07:30:10+00:00,1.47,1.854,,,,,,0.0,KACZ,0.9839,98.39,full,0.0,5.346456692913383,8.791338582677161
2026-07-28 07:35:10+00:00,1.54,1.854,,,,,,0.0,KACZ,0.9839,98.39,full,0.0,5.346456692913383,8.791338582677161
2026-07-28 07:40:10+00:00,1.58,1.854,,,,,,0.0,KACZ,0.9839,98.39,full,0.0,5.346456692913383,8.791338582677161
2026-07-28 07:45:10+00:00,1.61,1.854,,,,,,0.0,KFBG,0.9839,98.39,full,0.0,5.346456692913383,8.791338582677161
2026-07-28 07:50:10+00:00,1.65,1.854,,,,,,0.0,KFBG,0.9839,98.39,full,0.0,5.346456692913383,8.791338582677161
2026-07-28 07:55:10+00:00,1.68,1.854,,,,,,0.0,KFBG,0.9839,98.39,full,0.0,5.346456692913383,8.791338582677161
2026-07-28 08:00:10+00:00,1.73,1.854,,,,,,0.0,KFBG,0.9839,98.39,full,0.0,5.346456692913383,8.791338582677161
2026-07-28 08:05:10+00:00,1.8,1.854,,,,,,0.0,KACZ,0.9839,98.39,full,0.0,5.346456692913383,8.791338582677161
2026-07-28 08:10:10+00:00,1.85,1.854,,,,,,0.0,KACZ,0.9839,98.39,full,0.0,5.346456692913383,8.791338582677161
2026-07-28 08:15:10+00:00,1.89,1.854,,,,,,0.0,KACZ,0.9839,98.39,full,0.0,5.346456692913383,8.791338582677161
2026-07-28 08:20:10+00:00,1.93,1.854,,,,,,0.0,KACZ,0.9839,98.39,full,0.0,5.346456692913383,8.791338582677161
2026-07-28 08:25:10+00:00,1.99,1.854,,,,,,0.0,KACZ,0.9839,98.39,full,0.0,5.346456692913383,8.791338582677161
2026-07-28 08:30:10+00:00,2.06,2.548,,,,,,0.0,KACZ,0.9849,98.49,full,0.0,5.346456692913383,8.791338582677161
2026-07-28 08:35:10+00:00,2.11,2.548,,,,,,0.0,KACZ,0.9849,98.49,full,0.0,5.346456692913383,8.791338582677161
2026-07-28 08:40:10+00:00,2.16,2.548,,,,,,0.0,KACZ,0.9849,98.49,full,0.0,5.346456692913383,8.791338582677161
2026-07-28 08:45:10+00:00,2.24,2.548,,,,,,0.0,KFBG,0.9849,98.49,full,0.0,5.346456692913383,8.791338582677161
2026-07-28 08:50:10+00:00,2.28,2.548,,,,,,0.0,KFBG,0.9849,98.49,full,0.0,5.346456692913383,8.791338582677161
2026-07-28 08:55:10+00:00,2.33,2.548,,,,,,0.0,KFBG,0.9849,98.49,full,0.0,5.326771653543305,8.791338582677161
2026-07-28 09:00:10+00:00,2.4,2.548,,,,,,0.0,KFBG,0.9849,98.49,full,0.0,5.326771653543305,8.791338582677161
2026-07-28 09:05:10+00:00,2.47,2.548,,,,,,0.0,KACZ,0.9849,98.49,full,0.0,5.326771653543305,8.791338582677161
2026-07-28 09:10:10+00:00,2.52,2.548,,,,,,0.0,KACZ,0.9849,98.49,full,0.0,5.326771653543305,8.791338582677161
2026-07-28 09:15:10+00:00,2.58,2.548,,,,,,0.0,KACZ,0.9849,98.49,full,0.0,5.326771653543305,8.791338582677161
2026-07-28 09:20:10+00:00,2.63,2.548,,,,,,0.0,KACZ,0.9849,98.49,full,0.0,5.326771653543305,8.791338582677161
2026-07-28 09:25:10+00:00,2.7,2.548,,,,,,0.0,KACZ,0.9849,98.49,full,0.0,5.326771653543305,8.791338582677161
2026-07-28 09:30:10+00:00,2.75,3.11,,,,,,0.0,KACZ,0.9859,98.59,full,0.0,5.326771653543305,8.791338582677161
2026-07-28 09:35:10+00:00,2.79,3.11,,,,,,0.0,KACZ,0.9859,98.59,full,0.0,5.326771653543305,8.791338582677161
2026-07-28 09:40:10+00:00,2.84,3.11,,,,,,0.0,KACZ,0.9859,98.59,full,0.0,5.326771653543305,8.791338582677161
2026-07-28 09:45:10+00:00,2.9,3.11,,,,,,0.0,KFBG,0.9859,98.59,full,0.0,5.326771653543305,8.791338582677161
2026-07-28 09:50:10+00:00,2.96,3.11,,,,,,0.0,KFBG,0.9859,98.59,full,0.0,5.326771653543305,8.791338582677161
2026-07-28 09:55:10+00:00,3.01,3.11,,,,,,0.0,KFBG,0.9859,98.59,full,0.0,4.377952755905509,8.791338582677161
2026-07-28 10:00:10+00:00,3.06,3.11,,,,,,0.0,KFBG,0.9859,98.59,full,0.0,4.377952755905509,8.791338582677161
2026-07-28 10:05:10+00:00,3.1100000000000003,3.11,,,,,,0.0,KACZ,0.9859,98.59,full,0.0,4.377952755905509,8.791338582677161
2026-07-28 10:10:10+00:00,3.18,3.11,,,,,,0.0,KACZ,0.9859,98.59,full,0.0,4.377952755905509,8.791338582677161
2026-07-28 10:15:10+00:00,3.24,3.11,,,,,,0.0,KACZ,0.9859,98.59,full,0.0,4.377952755905509,8.791338582677161
2026-07-28 10:20:10+00:00,3.29,3.11,,,,,,0.0,KACZ,0.9859,98.59,full,0.0,4.377952755905509,8.791338582677161
2026-07-28 10:25:10+00:00,3.34,3.11,,,,,,0.0,KACZ,0.9859,98.59,full,0.0,4.377952755905509,8.791338582677161
2026-07-28 10:30:10+00:00,3.39,3.376,,,,,,0.0,KACZ,0.9868,98.68,full,0.0,4.377952755905509,8.791338582677161
2026-07-28 10:35:10+00:00,3.46,3.376,,,,,,0.0,KACZ,0.9868,98.68,full,0.0,4.377952755905509,8.791338582677161
2026-07-28 10:40:10+00:00,3.51,3.376,,,,,,0.0,KFBG,0.9868,98.68,full,0.0,4.377952755905509,8.791338582677161
2026-07-28 10:45:10+00:00,3.55,3.376,,,,,,0.0,KFBG,0.9868,98.68,full,0.0,4.377952755905509,8.791338582677161
2026-07-28 10:50:10+00:00,3.59,3.376,,,,,,0.0,KFBG,0.9868,98.68,full,0.0,4.098425196850392,8.791338582677161
2026-07-28 10:55:10+00:00,3.63,3.376,,,,,,0.0,KFBG,0.9868,98.68,full,0.0,3.8188976377952737,8.791338582677161
2026-07-28 11:00:10+00:00,3.68,3.376,,,,,,0.0,KFBG,0.9868,98.68,full,0.0,3.8188976377952737,8.791338582677161
2026-07-28 11:05:10+00:00,3.72,3.376,,,,,,0.0,KACZ,0.9868,98.68,full,0.0,3.8188976377952737,8.791338582677161
2026-07-28 11:10:10+00:00,3.76,3.376,,,,,,0.0,KACZ,0.9868,98.68,full,0.0,3.8188976377952737,8.791338582677161
2026-07-28 11:15:10+00:00,3.79,3.376,,,,,,0.0,KACZ,0.9868,98.68,full,0.0,3.8070866141732265,8.791338582677161
2026-07-28 11:20:10+00:00,3.82,3.376,,,,,,0.0,KACZ,0.9868,98.68,full,0.0,3.8070866141732265,8.791338582677161
2026-07-28 11:25:10+00:00,3.85,3.376,,,,,,0.0,KACZ,0.9868,98.68,full,0.0,3.8070866141732265,8.791338582677161
2026-07-28 11:30:10+00:00,3.89,3.235,,,,,,0.0,KACZ,0.9877,98.77,full,0.0,3.8070866141732265,8.791338582677161
2026-07-28 11:35:10+00:00,3.92,3.235,,,,,,0.0,KACZ,0.9877,98.77,full,0.0,3.8070866141732265,8.791338582677161
2026-07-28 11:40:10+00:00,3.94,3.235,,,,,,0.0,KACZ,0.9877,98.77,full,0.0,3.8070866141732265,8.791338582677161
2026-07-28 11:45:10+00:00,3.95,3.235,,,,,,0.0,KFBG,0.9877,98.77,full,0.0,3.8070866141732265,8.791338582677161
2026-07-28 11:50:10+00:00,3.97,3.235,,,,,,0.0,KFBG,0.9877,98.77,full,0.0,3.8070866141732265,8.791338582677161
2026-07-28 11:55:10+00:00,3.98,3.235,,,,,,0.0,KFBG,0.9877,98.77,full,0.0,3.40551181102362,8.791338582677161
2026-07-28 12:00:10+00:00,3.99,3.235,,,,,,0.0,KFBG,0.9877,98.77,full,0.0,3.003937007874014,8.791338582677161
2026-07-28 12:05:10+00:00,3.98,3.235,,,,,,0.0,KACZ,0.9877,98.77,full,0.0,3.003937007874014,8.791338582677161
2026-07-28 12:10:10+00:00,3.97,3.235,,,,,,0.0,KACZ,0.9877,98.77,full,0.0,3.003937007874014,8.791338582677161
2026-07-28 12:15:10+00:00,3.95,3.235,,,,,,0.0,KACZ,0.9877,98.77,full,0.0,3.003937007874014,8.791338582677161
2026-07-28 12:20:10+00:00,3.94,3.235,,,,,,0.0,KACZ,0.9877,98.77,full,0.0,3.003937007874014,8.791338582677161
2026-07-28 12:25:10+00:00,3.91,3.235,,,,,,0.0,KFBG,0.9877,98.77,full,0.0,3.003937007874014,8.791338582677161
2026-07-28 12:30:10+00:00,3.87,2.727,,,,,,0.0,KFBG,0.9886,98.86,full,0.0,3.003937007874014,8.791338582677161
2026-07-28 12:35:10+00:00,3.82,2.727,,,,,,0.0,KACZ,0.9886,98.86,full,0.0,3.003937007874014,8.791338582677161
2026-07-28 12:40:10+00:00,3.77,2.727,,,,,,0.0,KACZ,0.9886,98.86,full,0.0,3.003937007874014,8.791338582677161
2026-07-28 12:45:10+00:00,3.73,2.727,,,,,,0.0,KFBG,0.9886,98.86,full,0.0,3.003937007874014,8.791338582677161
2026-07-28 12:50:10+00:00,3.69,2.727,,,,,,0.0,KFBG,0.9886,98.86,full,0.0,2.9645669291338566,8.791338582677161
2026-07-28 12:55:10+00:00,3.65,2.727,,,,,,0.0,KFBG,0.9886,98.86,full,0.0,2.925196850393699,8.791338582677161
2026-07-28 13:00:10+00:00,3.61,2.727,,,,,,0.0,KFBG,0.9886,98.86,full,0.0,2.925196850393699,8.791338582677161
2026-07-28 13:05:10+00:00,3.5700000000000003,2.727,,,,,,0.0,KACZ,0.9886,98.86,full,0.0,2.925196850393699,8.791338582677161
2026-07-28 13:10:10+00:00,3.52,2.727,,,,,,0.0,KACZ,0.9886,98.86,full,0.0,2.925196850393699,8.791338582677161
2026-07-28 13:15:10+00:00,3.44,2.727,84.0,SW,Mostly Sunny,True,5.0,0.0,KACZ,0.9886,98.86,full,0.0,2.925196850393699,8.791338582677161
2026-07-28 13:20:10+00:00,3.41,2.727,84.0,SW,Mostly Sunny,True,5.0,0.0,KACZ,0.9886,98.86,full,0.0,2.925196850393699,8.791338582677161
2026-07-28 13:25:10+00:00,3.38,2.727,84.0,SW,Mostly Sunny,True,5.0,0.0,KACZ,0.9886,98.86,full,0.0,2.925196850393699,8.791338582677161
2026-07-28 13:30:10+00:00,3.35,2.026,84.0,SW,Mostly Sunny,True,5.0,0.0,KACZ,0.9894,98.94,full,0.0,2.925196850393699,8.791338582677161
2026-07-28 13:35:10+00:00,3.27,2.026,84.0,SW,Mostly Sunny,True,5.0,0.0,KACZ,0.9894,98.94,full,0.0,2.925196850393699,8.791338582677161
2026-07-28 13:40:10+00:00,3.22,2.026,84.0,SW,Mostly Sunny,True,5.0,0.0,KACZ,0.9894,98.94,full,0.0,2.925196850393699,8.791338582677161
2026-07-28 13:45:10+00:00,3.17,2.026,84.0,SW,Mostly Sunny,True,5.0,0.0,KFBG,0.9894,98.94,full,0.0,2.925196850393699,8.791338582677161
2026-07-28 13:50:10+00:00,3.1100000000000003,2.026,84.0,SW,Mostly Sunny,True,5.0,0.0,KFBG,0.9894,98.94,full,0.0,2.925196850393699,8.791338582677161
2026-07-28 13:55:10+00:00,3.05,2.026,84.0,SW,Mostly Sunny,True,5.0,0.0,KFBG,0.9894,98.94,full,0.0,2.185039370078738,8.791338582677161
2026-07-28 14:00:10+00:00,3.01,2.026,84.0,SW,Mostly Sunny,True,5.0,0.0,KFBG,0.9894,98.94,full,0.0,2.185039370078738,8.791338582677161
2026-07-28 14:05:10+00:00,2.97,2.026,84.0,SW,Mostly Sunny,True,5.0,0.0,KACZ,0.9894,98.94,full,0.0,2.185039370078738,8.791338582677161
2026-07-28 14:10:10+00:00,2.91,2.026,84.0,SW,Mostly Sunny,True,5.0,0.0,KACZ,0.9894,98.94,full,0.0,2.185039370078738,8.791338582677161
2026-07-28 14:15:10+00:00,2.83,2.026,84.0,SW,Mostly Sunny,True,5.0,0.0,KACZ,0.9894,98.94,full,0.0,2.185039370078738,8.791338582677161
2026-07-28 14:20:10+00:00,2.79,2.026,84.0,SW,Mostly Sunny,True,5.0,0.0,KACZ,0.9894,98.94,full,0.0,2.185039370078738,8.791338582677161
2026-07-28 14:25:10+00:00,2.73,2.026,84.0,SW,Mostly Sunny,True,5.0,0.0,KACZ,0.9894,98.94,full,0.0,2.185039370078738,8.791338582677161
2026-07-28 14:30:10+00:00,2.68,1.315,87.0,SW,Mostly Sunny,True,7.0,0.0,KACZ,0.9902,99.02,full,0.0,2.185039370078738,8.791338582677161
2026-07-28 14:35:10+00:00,2.61,1.315,87.0,SW,Mostly Sunny,True,7.0,0.0,KACZ,0.9902,99.02,full,0.0,2.1732283464566913,8.791338582677161
2026-07-28 14:40:10+00:00,2.55,1.315,87.0,SW,Mostly Sunny,True,7.0,0.0,KACZ,0.9902,99.02,full,0.0,2.1732283464566913,8.791338582677161
2026-07-28 14:45:10+00:00,2.49,1.315,87.0,SW,Mostly Sunny,True,7.0,0.0,KFBG,0.9902,99.02,full,0.0,2.1732283464566913,8.791338582677161
2026-07-28 14:50:10+00:00,2.45,1.315,87.0,SW,Mostly Sunny,True,7.0,0.0,KFBG,0.9902,99.02,full,0.0,2.003937007874014,8.791338582677161
2026-07-28 14:55:10+00:00,2.4,1.315,87.0,SW,Mostly Sunny,True,7.0,0.0,KFBG,0.9902,99.02,full,0.0,1.834645669291337,8.791338582677161
2026-07-28 15:00:10+00:00,2.35,1.315,87.0,SW,Mostly Sunny,True,7.0,0.0,KFBG,0.9902,99.02,full,0.0,1.834645669291337,8.791338582677161
2026-07-28 15:05:10+00:00,2.31,1.315,87.0,SW,Mostly Sunny,True,7.0,0.0,KACZ,0.9902,99.02,full,0.0,1.834645669291337,8.791338582677161
2026-07-28 15:10:10+00:00,2.26,1.315,87.0,SW,Mostly Sunny,True,7.0,0.0,KACZ,0.9902,99.02,full,0.0,1.834645669291337,8.791338582677161
2026-07-28 15:15:10+00:00,2.17,1.315,87.0,SW,Mostly Sunny,True,7.0,0.0,KACZ,0.9902,99.02,full,0.0,1.8228346456692899,8.791338582677161
2026-07-28 15:20:10+00:00,2.13,1.315,87.0,SW,Mostly Sunny,True,7.0,0.0,KACZ,0.9902,99.02,full,0.0,1.8110236220472427,8.791338582677161
2026-07-28 15:25:10+00:00,2.09,1.315,87.0,SW,Mostly Sunny,True,7.0,0.0,KACZ,0.9902,99.02,full,0.0,1.7992125984251954,8.791338582677161
2026-07-28 15:30:10+00:00,2.02,0.739,89.0,SW,Mostly Sunny,True,8.0,0.0,KACZ,0.991,99.1,full,0.0,1.7874015748031484,8.791338582677161
2026-07-28 15:35:10+00:00,1.95,0.739,89.0,SW,Mostly Sunny,True,8.0,0.0,KACZ,0.991,99.1,full,0.0,1.7755905511811012,8.791338582677161
2026-07-28 15:40:10+00:00,1.89,0.739,89.0,SW,Mostly Sunny,True,8.0,0.0,KACZ,0.991,99.1,full,0.0,1.7755905511811012,8.791338582677161
2026-07-28 15:45:10+00:00,1.83,0.739,89.0,SW,Mostly Sunny,True,8.0,0.0,KFBG,0.991,99.1,full,0.0,1.7755905511811012,8.791338582677161
2026-07-28 15:50:10+00:00,1.76,0.739,89.0,SW,Mostly Sunny,True,8.0,0.0,KFBG,0.991,99.1,full,0.0,1.7755905511811012,8.791338582677161
2026-07-28 15:55:10+00:00,1.68,0.739,89.0,SW,Mostly Sunny,True,8.0,0.0,KFBG,0.991,99.1,full,0.0,1.7559055118110225,8.791338582677161
2026-07-28 16:00:10+00:00,1.62,0.739,89.0,SW,Mostly Sunny,True,8.0,0.0,KFBG,0.991,99.1,full,0.0,1.7362204724409438,8.791338582677161
2026-07-28 16:05:10+00:00,1.55,0.739,89.0,SW,Mostly Sunny,True,8.0,0.0,KOAJ,0.991,99.1,full,0.0,1.716535433070865,8.791338582677161
2026-07-28 16:10:10+00:00,1.51,0.739,89.0,SW,Mostly Sunny,True,8.0,0.0,KOAJ,0.991,99.1,full,0.0,1.6968503937007864,8.791338582677161
2026-07-28 16:15:10+00:00,1.46,0.739,89.0,SW,Mostly Sunny,True,8.0,0.0,KOAJ,0.991,99.1,full,0.0,1.6771653543307077,8.791338582677161
2026-07-28 16:20:10+00:00,1.36,0.739,89.0,SW,Mostly Sunny,True,8.0,0.0,KOAJ,0.991,99.1,full,0.0,1.657480314960629,8.791338582677161
2026-07-28 16:25:10+00:00,1.31,0.739,89.0,SW,Mostly Sunny,True,8.0,0.0,KOAJ,0.991,99.1,full,0.0,1.236220472440944,8.791338582677161
2026-07-28 16:30:10+00:00,1.29,0.449,90.0,SW,Mostly Sunny,True,9.0,0.0,KOAJ,0.9917,99.17,full,0.0,0.8149606299212588,8.791338582677161
2026-07-28 16:35:10+00:00,1.2,0.449,90.0,SW,Mostly Sunny,True,9.0,0.0,KACZ,0.9917,99.17,full,0.0,0.3937007874015738,8.791338582677161
2026-07-28 16:40:10+00:00,1.1800000000000002,0.449,90.0,SW,Mostly Sunny,True,9.0,0.0,KOAJ,0.9917,99.17,full,0.0,0.3937007874015738,8.791338582677161
2026-07-28 16:45:10+00:00,1.12,0.449,90.0,SW,Mostly Sunny,True,9.0,0.0,KOAJ,0.9917,99.17,full,0.0,0.3937007874015738,8.791338582677161
2026-07-28 16:50:10+00:00,1.08,0.449,90.0,SW,Mostly Sunny,True,9.0,0.0,KOAJ,0.9917,99.17,full,0.0,0.3937007874015738,8.791338582677161
2026-07-28 16:55:10+00:00,1.04,0.449,90.0,SW,Mostly Sunny,True,9.0,0.0,KFBG,0.9917,99.17,full,0.0,0.3937007874015738,8.791338582677161
2026-07-28 17:00:10+00:00,0.98,0.449,90.0,SW,Mostly Sunny,True,9.0,0.0,KOAJ,0.9917,99.17,full,0.0,0.3937007874015738,8.791338582677161
2026-07-28 17:05:10+00:00,0.96,0.449,90.0,SW,Mostly Sunny,True,9.0,0.0,KOAJ,0.9917,99.17,full,0.0,0.3818897637795266,8.791338582677161
2026-07-28 17:10:10+00:00,0.92,0.449,90.0,SW,Mostly Sunny,True,9.0,0.0,KOAJ,0.9917,99.17,full,0.0,0.37007874015747944,8.791338582677161
2026-07-28 17:15:10+00:00,0.8799999999999999,0.449,90.0,SW,Mostly Sunny,True,9.0,0.0,KACZ,0.9917,99.17,full,0.0,0.3582677165354322,8.791338582677161
2026-07-28 17:20:10+00:00,0.8600000000000001,0.449,90.0,SW,Mostly Sunny,True,9.0,0.0,KOAJ,0.9917,99.17,full,0.0,0.34645669291338504,8.791338582677161
2026-07-28 17:25:10+00:00,0.8200000000000001,0.449,90.0,SW,Mostly Sunny,True,9.0,0.0,KOAJ,0.9917,99.17,full,0.0,0.30708661417322763,8.791338582677161
2026-07-28 17:30:10+00:00,0.74,0.59,91.0,SW,Mostly Sunny,True,12.0,0.0,KOAJ,0.9924,99.24,full,0.0,0.2677165354330702,8.791338582677161
2026-07-28 17:35:10+00:00,0.71,0.59,91.0,SW,Mostly Sunny,True,12.0,0.0,KACZ,0.9924,99.24,full,0.0,0.2283464566929128,8.791338582677161
2026-07-28 17:40:10+00:00,0.71,0.59,91.0,SW,Mostly Sunny,True,12.0,0.0,KOAJ,0.9924,99.24,full,0.0,0.1889763779527554,8.791338582677161
2026-07-28 17:45:10+00:00,0.6799999999999999,0.59,91.0,SW,Mostly Sunny,True,12.0,0.0,KOAJ,0.9924,99.24,full,0.0,0.1889763779527554,8.791338582677161
2026-07-28 17:50:10+00:00,0.6499999999999999,0.59,91.0,SW,Mostly Sunny,True,12.0,0.0,KOAJ,0.9924,99.24,full,0.0,0.1889763779527554,8.791338582677161
2026-07-28 17:55:10+00:00,0.6100000000000001,0.59,91.0,SW,Mostly Sunny,True,12.0,0.0,KFBG,0.9924,99.24,full,0.0,0.1889763779527554,8.791338582677161
2026-07-28 18:00:10+00:00,0.6000000000000001,0.59,91.0,SW,Mostly Sunny,True,12.0,0.0,KOAJ,0.9924,99.24,full,0.0,0.1889763779527554,8.791338582677161
2026-07-28 18:05:10+00:00,0.55,0.59,91.0,SW,Mostly Sunny,True,12.0,0.0,KOAJ,0.9924,99.24,full,0.0,0.1889763779527554,8.791338582677161
2026-07-28 18:10:10+00:00,0.53,0.59,91.0,SW,Mostly Sunny,True,12.0,0.0,KOAJ,0.9924,99.24,full,0.0,0.1889763779527554,8.791338582677161
2026-07-28 18:15:10+00:00,0.55,0.59,91.0,SW,Mostly Sunny,True,12.0,0.0,KACZ,0.9924,99.24,full,0.0,0.1889763779527554,8.791338582677161
2026-07-28 18:20:10+00:00,0.54,0.59,91.0,SW,Mostly Sunny,True,12.0,0.0,KOAJ,0.9924,99.24,full,0.0,0.1889763779527554,8.791338582677161
2026-07-28 18:25:10+00:00,0.55,0.59,91.0,SW,Mostly Sunny,True,12.0,0.0,KOAJ,0.9924,99.24,full,0.0,0.149606299212598,8.791338582677161
2026-07-28 18:30:10+00:00,0.56,1.187,91.0,SW,Partly Sunny,True,12.0,0.0,KOAJ,0.9931,99.31,full,0.0,0.11023622047244061,8.791338582677161
2026-07-28 18:35:10+00:00,0.56,1.187,91.0,SW,Partly Sunny,True,12.0,0.0,KFBG,0.9931,99.31,full,0.0,0.0708661417322832,8.791338582677161
2026-07-28 18:40:10+00:00,0.6100000000000001,1.187,91.0,SW,Partly Sunny,True,12.0,0.0,KOAJ,0.9931,99.31,full,0.0,0.0708661417322832,8.791338582677161
2026-07-28 18:45:10+00:00,0.6299999999999999,1.187,91.0,SW,Partly Sunny,True,12.0,0.0,KOAJ,0.9931,99.31,full,0.0,0.0708661417322832,8.791338582677161
2026-07-28 18:50:10+00:00,0.6799999999999999,1.187,91.0,SW,Partly Sunny,True,12.0,0.0,KOAJ,0.9931,99.31,full,0.0,0.0708661417322832,8.791338582677161
2026-07-28 18:55:10+00:00,0.71,1.187,91.0,SW,Partly Sunny,True,12.0,0.0,KFBG,0.9931,99.31,full,0.0,0.0708661417322832,8.791338582677161
2026-07-28 19:00:10+00:00,0.78,1.187,91.0,SW,Partly Sunny,True,12.0,0.0,KOAJ,0.9931,99.31,full,0.0,0.0708661417322832,8.791338582677161
2026-07-28 19:05:10+00:00,0.8500000000000001,1.187,91.0,SW,Partly Sunny,True,12.0,0.0,KOAJ,0.9931,99.31,full,0.0,0.0708661417322832,8.791338582677161
2026-07-28 19:10:10+00:00,0.8700000000000001,1.187,91.0,SW,Partly Sunny,True,12.0,0.0,KOAJ,0.9931,99.31,full,0.0,0.0708661417322832,8.791338582677161
2026-07-28 19:15:10+00:00,0.95,1.187,91.0,SW,Partly Sunny,True,12.0,0.0,KACZ,0.9931,99.31,full,0.0,0.0708661417322832,8.791338582677161
2026-07-28 19:20:10+00:00,1.03,1.187,91.0,SW,Partly Sunny,True,12.0,0.0,KOAJ,0.9931,99.31,full,0.0,0.0708661417322832,8.791338582677161
2026-07-28 19:25:10+00:00,1.09,1.187,91.0,SW,Partly Sunny,True,12.0,0.0,KFBG,0.9931,99.31,full,0.0,0.0708661417322832,8.791338582677161
2026-07-28 19:30:10+00:00,1.16,2.093,90.0,SW,Partly Sunny,True,13.0,0.0,KOAJ,0.9937,99.37,full,0.0,0.059055118110236005,8.791338582677161
2026-07-28 19:35:10+00:00,1.22,2.093,90.0,SW,Partly Sunny,True,13.0,0.0,KACZ,0.9937,99.37,full,0.0,0.04724409448818881,8.791338582677161
2026-07-28 19:40:10+00:00,1.3,2.093,90.0,SW,Partly Sunny,True,13.0,0.0,KOAJ,0.9937,99.37,full,0.0,0.0354330708661416,8.791338582677161
2026-07-28 19:45:10+00:00,1.34,2.093,90.0,SW,Partly Sunny,True,13.0,0.0,KOAJ,0.9937,99.37,full,0.0,0.0354330708661416,8.791338582677161
2026-07-28 19:50:10+00:00,1.4300000000000002,2.093,90.0,SW,Partly Sunny,True,13.0,0.0,KOAJ,0.9937,99.37,full,0.0,0.0354330708661416,8.791338582677161
2026-07-28 19:55:10+00:00,1.49,2.093,90.0,SW,Partly Sunny,True,13.0,0.0,KFBG,0.9937,99.37,full,0.0,0.0354330708661416,8.791338582677161
2026-07-28 20:00:10+00:00,1.54,2.093,90.0,SW,Partly Sunny,True,13.0,0.0,KOAJ,0.9937,99.37,full,0.0,0.0354330708661416,8.791338582677161
2026-07-28 20:05:10+00:00,1.6,2.093,90.0,SW,Partly Sunny,True,13.0,0.0,KOAJ,0.9937,99.37,full,0.0,0.0354330708661416,8.791338582677161
2026-07-28 20:10:10+00:00,1.7,2.093,90.0,SW,Partly Sunny,True,13.0,0.0,KOAJ,0.9937,99.37,full,0.0,0.0354330708661416,8.791338582677161
2026-07-28 20:15:10+00:00,1.76,2.093,90.0,SW,Partly Sunny,True,13.0,0.0,KACZ,0.9937,99.37,full,0.0,0.0354330708661416,8.791338582677161
2026-07-28 20:20:10+00:00,1.83,2.093,90.0,SW,Partly Sunny,True,13.0,0.0,KOAJ,0.9937,99.37,full,0.0,0.0354330708661416,8.791338582677161
2026-07-28 20:25:10+00:00,1.9,2.093,90.0,SW,Partly Sunny,True,13.0,0.0,KOAJ,0.9937,99.37,full,0.0,0.0354330708661416,8.791338582677161
2026-07-28 20:30:10+00:00,1.96,3.085,89.0,SW,Partly Sunny,True,13.0,0.0,KOAJ,0.9943,99.43,full,0.0,0.0354330708661416,8.791338582677161
2026-07-28 20:35:10+00:00,2.02,3.085,89.0,SW,Partly Sunny,True,13.0,0.0,KACZ,0.9943,99.43,full,0.0,0.0354330708661416,8.791338582677161
2026-07-28 20:40:10+00:00,2.1,3.085,89.0,SW,Partly Sunny,True,13.0,0.0,KOAJ,0.9943,99.43,full,0.0,0.0354330708661416,8.791338582677161
2026-07-28 20:45:10+00:00,2.17,3.085,89.0,SW,Partly Sunny,True,13.0,0.0,KOAJ,0.9943,99.43,full,0.0,0.0354330708661416,8.791338582677161
2026-07-28 20:50:10+00:00,2.24,3.085,89.0,SW,Partly Sunny,True,13.0,0.0,KOAJ,0.9943,99.43,full,0.0,0.0354330708661416,8.791338582677161
2026-07-28 20:55:10+00:00,2.32,3.085,89.0,SW,Partly Sunny,True,13.0,0.0,KFBG,0.9943,99.43,full,0.0,0.0354330708661416,8.791338582677161
2026-07-28 21:00:10+00:00,2.37,3.085,89.0,SW,Partly Sunny,True,13.0,0.0,KOAJ,0.9943,99.43,full,0.0,0.0354330708661416,8.791338582677161
2026-07-28 21:05:10+00:00,2.43,3.085,89.0,SW,Partly Sunny,True,13.0,0.0,KOAJ,0.9943,99.43,full,0.0,0.0354330708661416,8.791338582677161
2026-07-28 21:10:10+00:00,2.51,3.085,89.0,SW,Partly Sunny,True,13.0,0.0,KOAJ,0.9943,99.43,full,0.0,0.0354330708661416,8.791338582677161
2026-07-28 21:15:10+00:00,2.58,3.085,89.0,SW,Partly Sunny,True,13.0,0.0,KACZ,0.9943,99.43,full,0.0,0.0354330708661416,8.791338582677161
2026-07-28 21:20:10+00:00,2.64,3.085,89.0,SW,Partly Sunny,True,13.0,0.0,KOAJ,0.9943,99.43,full,0.0,0.0354330708661416,8.791338582677161
2026-07-28 21:25:10+00:00,2.73,3.085,89.0,SW,Partly Sunny,True,13.0,0.0,KOAJ,0.9943,99.43,full,0.0,0.0354330708661416,8.791338582677161
2026-07-28 21:30:10+00:00,2.82,3.954,88.0,SW,Mostly Cloudy,False,13.0,0.0,KOAJ,0.9949,99.49,full,0.0,0.0354330708661416,8.791338582677161
2026-07-28 21:35:10+00:00,2.89,3.954,88.0,SW,Mostly Cloudy,False,13.0,0.0,KACZ,0.9949,99.49,full,0.0,0.0354330708661416,8.791338582677161
2026-07-28 21:40:10+00:00,2.97,3.954,88.0,SW,Mostly Cloudy,False,13.0,0.0,KOAJ,0.9949,99.49,full,0.0,0.0354330708661416,8.791338582677161
2026-07-28 21:45:10+00:00,3.04,3.954,88.0,SW,Mostly Cloudy,False,13.0,0.0,KOAJ,0.9949,99.49,full,0.0,0.0354330708661416,8.791338582677161
2026-07-28 21:50:10+00:00,3.13,3.954,88.0,SW,Mostly Cloudy,False,13.0,0.0,KOAJ,0.9949,99.49,full,0.0,0.0354330708661416,8.791338582677161
2026-07-28 21:55:10+00:00,3.2,3.954,88.0,SW,Mostly Cloudy,False,13.0,0.0,KFBG,0.9949,99.49,full,0.0,0.0354330708661416,8.791338582677161
2026-07-28 22:00:10+00:00,3.29,3.954,88.0,SW,Mostly Cloudy,False,13.0,0.0,KOAJ,0.9949,99.49,full,0.0,0.0354330708661416,8.791338582677161
2026-07-28 22:05:10+00:00,3.35,3.954,88.0,SW,Mostly Cloudy,False,13.0,0.0,KOAJ,0.9949,99.49,full,0.0,0.0354330708661416,8.791338582677161
2026-07-28 22:10:10+00:00,3.43,3.954,88.0,SW,Mostly Cloudy,False,13.0,0.0,KOAJ,0.9949,99.49,full,0.0,0.0354330708661416,8.791338582677161
2026-07-28 22:15:10+00:00,3.52,3.954,88.0,SW,Mostly Cloudy,False,13.0,0.0,KACZ,0.9949,99.49,full,0.0,0.0354330708661416,8.791338582677161
2026-07-28 22:20:10+00:00,3.59,3.954,88.0,SW,Mostly Cloudy,False,13.0,0.0,KOAJ,0.9949,99.49,full,0.0,0.0354330708661416,8.791338582677161
2026-07-28 22:25:10+00:00,3.66,3.954,88.0,SW,Mostly Cloudy,False,13.0,0.0,KOAJ,0.9949,99.49,full,0.0,0.0354330708661416,8.791338582677161
2026-07-28 22:30:10+00:00,3.75,4.499,86.0,SW,Partly Cloudy,False,12.0,0.0,KOAJ,0.9954,99.54,full,0.0,0.0354330708661416,8.791338582677161
2026-07-28 22:35:10+00:00,3.83,4.499,86.0,SW,Partly Cloudy,False,12.0,0.0,KACZ,0.9954,99.54,full,0.0,0.0354330708661416,8.791338582677161
2026-07-28 22:40:10+00:00,3.9,4.499,86.0,SW,Partly Cloudy,False,12.0,0.0,KOAJ,0.9954,99.54,full,0.0,0.0354330708661416,8.791338582677161
2026-07-28 22:45:10+00:00,3.98,4.499,86.0,SW,Partly Cloudy,False,12.0,0.0,KOAJ,0.9954,99.54,full,0.0,0.0354330708661416,8.791338582677161
2026-07-28 22:50:10+00:00,4.05,4.499,86.0,SW,Partly Cloudy,False,12.0,0.0,KOAJ,0.9954,99.54,full,0.0,0.0354330708661416,8.791338582677161
2026-07-28 22:55:10+00:00,4.12,4.499,86.0,SW,Partly Cloudy,False,12.0,0.0,KFBG,0.9954,99.54,full,0.0,0.0354330708661416,8.791338582677161
2026-07-28 23:00:10+00:00,4.2,4.499,86.0,SW,Partly Cloudy,False,12.0,0.0,KOAJ,0.9954,99.54,full,0.0,0.0354330708661416,8.791338582677161
2026-07-28 23:05:10+00:00,4.26,4.499,86.0,SW,Partly Cloudy,False,12.0,0.0,KOAJ,0.9954,99.54,full,0.0,0.0354330708661416,8.791338582677161
2026-07-28 23:10:10+00:00,4.32,4.499,86.0,SW,Partly Cloudy,False,12.0,0.0,KOAJ,0.9954,99.54,full,0.0,0.0354330708661416,8.791338582677161
2026-07-28 23:15:10+00:00,4.4,4.499,86.0,SW,Partly Cloudy,False,12.0,0.0,KACZ,0.9954,99.54,full,0.0,0.0354330708661416,8.791338582677161
2026-07-28 23:20:10+00:00,4.470000000000001,4.499,86.0,SW,Partly Cloudy,False,12.0,0.0,KOAJ,0.9954,99.54,full,0.0,0.0354330708661416,8.791338582677161
2026-07-28 23:25:10+00:00,4.529999999999999,4.499,86.0,SW,Partly Cloudy,False,12.0,0.0,KOAJ,0.9954,99.54,full,0.0,0.0354330708661416,8.791338582677161
2026-07-28 23:30:10+00:00,4.59,4.555,84.0,SW,Partly Cloudy,False,12.0,0.0,KOAJ,0.9959,99.59,full,0.0,0.0354330708661416,8.791338582677161
2026-07-28 23:35:10+00:00,4.65,4.555,84.0,SW,Partly Cloudy,False,12.0,0.0,KACZ,0.9959,99.59,full,0.0,0.0354330708661416,8.791338582677161
2026-07-28 23:40:10+00:00,4.720000000000001,4.555,84.0,SW,Partly Cloudy,False,12.0,0.0,KOAJ,0.9959,99.59,full,0.0,0.0354330708661416,8.791338582677161
2026-07-28 23:45:10+00:00,4.779999999999999,4.555,84.0,SW,Partly Cloudy,False,12.0,0.0,KOAJ,0.9959,99.59,full,0.0,0.0354330708661416,8.791338582677161
2026-07-28 23:50:10+00:00,4.83,4.555,84.0,SW,Partly Cloudy,False,12.0,0.0,KOAJ,0.9959,99.59,full,0.0,0.0354330708661416,8.791338582677161
2026-07-28 23:55:10+00:00,4.87,4.555,84.0,SW,Partly Cloudy,False,12.0,0.0,KFBG,0.9959,99.59,full,0.0,0.0354330708661416,8.791338582677161
2026-07-29 00:00:10+00:00,4.92,4.555,84.0,SW,Partly Cloudy,False,12.0,0.0,KOAJ,0.9959,99.59,full,0.0,0.0354330708661416,8.791338582677161
2026-07-29 00:05:10+00:00,4.96,4.555,84.0,SW,Partly Cloudy,False,12.0,0.0,KOAJ,0.9959,99.59,full,0.0,0.0354330708661416,8.791338582677161
2026-07-29 00:10:10+00:00,4.98,4.555,84.0,SW,Partly Cloudy,False,12.0,0.0,KOAJ,0.9959,99.59,full,0.0,0.0354330708661416,8.791338582677161
2026-07-29 00:15:10+00:00,5.01,4.555,84.0,SW,Partly Cloudy,False,12.0,0.0,KACZ,0.9959,99.59,full,0.0,0.0354330708661416,8.791338582677161
2026-07-29 00:20:10+00:00,5.01,4.555,84.0,SW,Partly Cloudy,False,12.0,0.0,KOAJ,0.9959,99.59,full,0.0,0.0354330708661416,8.791338582677161
2026-07-29 00:25:10+00:00,5.01,4.555,84.0,SW,Partly Cloudy,False,12.0,0.0,KOAJ,0.9959,99.59,full,0.0,0.0354330708661416,8.791338582677161
2026-07-29 00:30:10+00:00,5.02,4.094,84.0,SW,Slight Chance Showers And Thunderstorms,False,13.0,0.0,KOAJ,0.9964,99.64,full,0.0,0.0354330708661416,8.791338582677161
2026-07-29 00:35:10+00:00,5.01,4.094,84.0,SW,Slight Chance Showers And Thunderstorms,False,13.0,0.0,KACZ,0.9964,99.64,full,0.0,0.0354330708661416,8.791338582677161
2026-07-29 00:40:10+00:00,4.970000000000001,4.094,84.0,SW,Slight Chance Showers And Thunderstorms,False,13.0,0.0,KOAJ,0.9964,99.64,full,0.0,0.0354330708661416,8.791338582677161
2026-07-29 00:45:10+00:00,4.95,4.094,84.0,SW,Slight Chance Showers And Thunderstorms,False,13.0,0.0,KOAJ,0.9964,99.64,full,0.0,0.0354330708661416,8.791338582677161
2026-07-29 00:50:10+00:00,4.9,4.094,84.0,SW,Slight Chance Showers And Thunderstorms,False,13.0,0.0,KOAJ,0.9964,99.64,full,0.0,0.0354330708661416,8.791338582677161
2026-07-29 00:55:10+00:00,4.859999999999999,4.094,84.0,SW,Slight Chance Showers And Thunderstorms,False,13.0,0.0,KFBG,0.9964,99.64,full,0.0,0.0354330708661416,8.791338582677161
2026-07-29 01:00:10+00:00,4.83,4.094,84.0,SW,Slight Chance Showers And Thunderstorms,False,13.0,0.0,KOAJ,0.9964,99.64,full,0.0,0.0354330708661416,8.791338582677161
2026-07-29 01:05:10+00:00,4.75,4.094,84.0,SW,Slight Chance Showers And Thunderstorms,False,13.0,0.0,KOAJ,0.9964,99.64,full,0.0,0.0354330708661416,8.791338582677161
2026-07-29 01:10:10+00:00,4.73,4.094,84.0,SW,Slight Chance Showers And Thunderstorms,False,13.0,0.0,KOAJ,0.9964,99.64,full,0.0,0.0354330708661416,8.791338582677161
2026-07-29 01:15:10+00:00,4.68,4.094,84.0,SW,Slight Chance Showers And Thunderstorms,False,13.0,0.0,KACZ,0.9964,99.64,full,0.0,0.0354330708661416,8.791338582677161
2026-07-29 01:20:10+00:00,4.609999999999999,4.094,84.0,SW,Slight Chance Showers And Thunderstorms,False,13.0,0.0,KOAJ,0.9964,99.64,full,0.0,0.0354330708661416,8.791338582677161
2026-07-29 01:25:10+00:00,4.55,4.094,84.0,SW,Slight Chance Showers And Thunderstorms,False,13.0,0.0,KOAJ,0.9964,99.64,full,0.0,0.0354330708661416,8.791338582677161
2026-07-29 01:30:10+00:00,4.49,3.27,83.0,SW,Chance Showers And Thunderstorms,False,14.0,0.0,KOAJ,0.9969,99.69,full,0.0,0.0354330708661416,8.791338582677161
2026-07-29 01:35:10+00:00,4.41,3.27,83.0,SW,Chance Showers And Thunderstorms,False,14.0,0.0,KACZ,0.9969,99.69,full,0.0,0.0354330708661416,8.791338582677161
2026-07-29 01:40:10+00:00,4.35,3.27,83.0,SW,Chance Showers And Thunderstorms,False,14.0,0.0,KOAJ,0.9969,99.69,full,0.0,0.0354330708661416,8.791338582677161
2026-07-29 01:45:10+00:00,4.29,3.27,83.0,SW,Chance Showers And Thunderstorms,False,14.0,0.0,KOAJ,0.9969,99.69,full,0.0,0.0354330708661416,8.791338582677161
2026-07-29 01:50:10+00:00,4.23,3.27,83.0,SW,Chance Showers And Thunderstorms,False,14.0,0.0,KOAJ,0.9969,99.69,full,0.0,0.0354330708661416,8.791338582677161
2026-07-29 01:55:10+00:00,4.19,3.27,83.0,SW,Chance Showers And Thunderstorms,False,14.0,0.0,KFBG,0.9969,99.69,full,0.0,0.0354330708661416,8.791338582677161
2026-07-29 02:00:10+00:00,4.1,3.27,83.0,SW,Chance Showers And Thunderstorms,False,14.0,0.0,KOAJ,0.9969,99.69,full,0.0,0.0354330708661416,8.791338582677161
2026-07-29 02:05:10+00:00,4.02,3.27,83.0,SW,Chance Showers And Thunderstorms,False,14.0,0.0,KOAJ,0.9969,99.69,full,0.0,0.0354330708661416,8.791338582677161
2026-07-29 02:10:10+00:00,3.95,3.27,83.0,SW,Chance Showers And Thunderstorms,False,14.0,0.0,KOAJ,0.9969,99.69,full,0.0,0.0354330708661416,8.791338582677161
2026-07-29 02:15:10+00:00,3.88,3.27,83.0,SW,Chance Showers And Thunderstorms,False,14.0,0.0,KACZ,0.9969,99.69,full,0.0,0.0354330708661416,8.791338582677161
2026-07-29 02:20:10+00:00,3.81,3.27,83.0,SW,Chance Showers And Thunderstorms,False,14.0,0.0,KOAJ,0.9969,99.69,full,0.0,0.0354330708661416,8.791338582677161
2026-07-29 02:25:10+00:00,3.74,3.27,83.0,SW,Chance Showers And Thunderstorms,False,14.0,0.0,KOAJ,0.9969,99.69,full,0.0,0.0354330708661416,8.791338582677161
2026-07-29 02:30:10+00:00,3.68,2.311,82.0,SW,Chance Showers And Thunderstorms,False,16.0,0.0,KOAJ,0.9973,99.73,full,0.0,0.0354330708661416,8.791338582677161
2026-07-29 02:35:10+00:00,3.62,2.311,82.0,SW,Chance Showers And Thunderstorms,False,16.0,0.0,KACZ,0.9973,99.73,full,0.0,0.0354330708661416,8.791338582677161
2026-07-29 02:40:10+00:00,3.55,2.311,82.0,SW,Chance Showers And Thunderstorms,False,16.0,0.0,KOAJ,0.9973,99.73,full,0.0,0.0354330708661416,8.791338582677161
2026-07-29 02:45:10+00:00,3.48,2.311,82.0,SW,Chance Showers And Thunderstorms,False,16.0,0.0,KOAJ,0.9973,99.73,full,0.0,0.0354330708661416,8.791338582677161
2026-07-29 02:50:10+00:00,3.42,2.311,82.0,SW,Chance Showers And Thunderstorms,False,16.0,0.0,KOAJ,0.9973,99.73,full,0.0,0.0354330708661416,8.791338582677161
2026-07-29 02:55:10+00:00,3.37,2.311,82.0,SW,Chance Showers And Thunderstorms,False,16.0,0.0,KACZ,0.9973,99.73,full,0.0,0.0354330708661416,8.791338582677161
2026-07-29 03:00:10+00:00,3.29,2.311,82.0,SW,Chance Showers And Thunderstorms,False,16.0,0.0,KOAJ,0.9973,99.73,full,0.0,0.0354330708661416,8.791338582677161
2026-07-29 03:05:10+00:00,3.22,2.311,82.0,SW,Chance Showers And Thunderstorms,False,16.0,0.0,KOAJ,0.9973,99.73,full,0.0,0.0354330708661416,8.791338582677161
2026-07-29 03:10:10+00:00,3.16,2.311,82.0,SW,Chance Showers And Thunderstorms,False,16.0,0.0,KOAJ,0.9973,99.73,full,0.0,0.0354330708661416,8.791338582677161
2026-07-29 03:15:10+00:00,3.1,2.311,82.0,SW,Chance Showers And Thunderstorms,False,16.0,0.0,KACZ,0.9973,99.73,full,0.0,0.0354330708661416,8.791338582677161
2026-07-29 03:20:10+00:00,3.04,2.311,82.0,SW,Chance Showers And Thunderstorms,False,16.0,0.0,KOAJ,0.9973,99.73,full,0.0,0.0354330708661416,8.791338582677161
2026-07-29 03:25:10+00:00,2.98,2.311,82.0,SW,Chance Showers And Thunderstorms,False,16.0,0.0,KOAJ,0.9973,99.73,full,0.0,0.0354330708661416,8.791338582677161
2026-07-29 03:30:10+00:00,2.91,1.409,82.0,SW,Chance Showers And Thunderstorms,False,15.0,0.0,KOAJ,0.9977,99.77,full,0.0,0.0354330708661416,8.791338582677161
2026-07-29 03:35:10+00:00,2.84,1.409,82.0,SW,Chance Showers And Thunderstorms,False,15.0,0.1496062992125984,KACZ,0.9977,99.77,full,0.1496062992125984,0.18503937007874,8.94094488188976
2026-07-29 03:40:10+00:00,2.79,1.409,82.0,SW,Chance Showers And Thunderstorms,False,15.0,0.0,KOAJ,0.9977,99.77,full,0.1496062992125984,0.18503937007874002,8.94094488188976
2026-07-29 03:45:10+00:00,2.73,1.409,82.0,SW,Chance Showers And Thunderstorms,False,15.0,0.0,KOAJ,0.9977,99.77,full,0.1496062992125984,0.18503937007874002,8.94094488188976
2026-07-29 03:50:10+00:00,2.68,1.409,82.0,SW,Chance Showers And Thunderstorms,False,15.0,0.0,KOAJ,0.9977,99.77,full,0.1496062992125984,0.18503937007874002,8.94094488188976
2026-07-29 03:55:10+00:00,2.61,1.409,82.0,SW,Chance Showers And Thunderstorms,False,15.0,0.0,KOAJ,0.9977,99.77,full,0.1496062992125984,0.18503937007874002,8.94094488188976
2026-07-29 04:00:10+00:00,2.55,1.409,82.0,SW,Chance Showers And Thunderstorms,False,15.0,0.0,KOAJ,0.9977,99.77,full,0.1496062992125984,0.18503937007874002,8.94094488188976
2026-07-29 04:05:10+00:00,2.48,1.409,82.0,SW,Chance Showers And Thunderstorms,False,15.0,0.0,KOAJ,0.9977,99.77,full,0.1496062992125984,0.18503937007874002,8.94094488188976
2026-07-29 04:10:10+00:00,2.41,1.409,82.0,SW,Chance Showers And Thunderstorms,False,15.0,0.0,KOAJ,0.9977,99.77,full,0.1496062992125984,0.18503937007874002,8.94094488188976
2026-07-29 04:15:10+00:00,2.36,1.409,82.0,SW,Chance Showers And Thunderstorms,False,15.0,0.0,KACZ,0.9977,99.77,full,0.1496062992125984,0.18503937007874002,8.94094488188976
2026-07-29 04:20:10+00:00,2.29,1.409,82.0,SW,Chance Showers And Thunderstorms,False,15.0,0.0,KOAJ,0.9977,99.77,full,0.1496062992125984,0.18503937007874002,8.94094488188976
2026-07-29 04:25:10+00:00,2.24,1.409,82.0,SW,Chance Showers And Thunderstorms,False,15.0,0.0,KOAJ,0.9977,99.77,full,0.1496062992125984,0.18503937007874002,8.94094488188976
2026-07-29 04:30:10+00:00,2.17,0.741,81.0,SW,Showers And Thunderstorms Likely,False,14.0,0.0,KOAJ,0.998,99.8,full,0.1496062992125984,0.18503937007874002,8.94094488188976
2026-07-29 04:35:10+00:00,2.11,0.741,81.0,SW,Showers And Thunderstorms Likely,False,14.0,0.3307086614173228,KACZ,0.998,99.8,full,0.4803149606299212,0.5157480314960629,9.271653543307082
2026-07-29 04:40:10+00:00,2.04,0.741,81.0,SW,Showers And Thunderstorms Likely,False,14.0,0.0,KOAJ,0.998,99.8,full,0.4803149606299212,0.5157480314960629,9.271653543307082
2026-07-29 04:45:10+00:00,1.97,0.741,81.0,SW,Showers And Thunderstorms Likely,False,14.0,0.0,KOAJ,0.998,99.8,full,0.4803149606299212,0.5157480314960629,9.271653543307082
2026-07-29 04:50:10+00:00,1.91,0.741,81.0,SW,Showers And Thunderstorms Likely,False,14.0,0.0,KOAJ,0.998,99.8,full,0.4803149606299212,0.5157480314960629,9.271653543307082
2026-07-29 04:55:10+00:00,1.83,0.741,81.0,SW,Showers And Thunderstorms Likely,False,14.0,0.0,KOAJ,0.998,99.8,full,0.4803149606299212,0.5157480314960629,9.271653543307082
2026-07-29 05:00:10+00:00,1.76,0.741,81.0,SW,Showers And Thunderstorms Likely,False,14.0,0.0,KOAJ,0.998,99.8,full,0.4803149606299212,0.5157480314960629,9.271653543307082
2026-07-29 05:05:10+00:00,1.68,0.741,81.0,SW,Showers And Thunderstorms Likely,False,14.0,0.0,KOAJ,0.998,99.8,full,0.4803149606299212,0.5157480314960629,9.271653543307082
2026-07-29 05:10:10+00:00,1.63,0.741,81.0,SW,Showers And Thunderstorms Likely,False,14.0,0.0,KOAJ,0.998,99.8,full,0.4803149606299212,0.5157480314960629,9.271653543307082
2026-07-29 05:15:10+00:00,1.57,0.741,81.0,SW,Showers And Thunderstorms Likely,False,14.0,0.0,KACZ,0.998,99.8,full,0.4803149606299212,0.5157480314960629,9.271653543307082
2026-07-29 05:20:10+00:00,1.51,0.741,81.0,SW,Showers And Thunderstorms Likely,False,14.0,0.0,KOAJ,0.998,99.8,full,0.4803149606299212,0.5157480314960629,9.271653543307082
2026-07-29 05:25:10+00:00,1.4300000000000002,0.741,81.0,SW,Showers And Thunderstorms Likely,False,14.0,0.0,KOAJ,0.998,99.8,full,0.4803149606299212,0.5157480314960629,9.271653543307082
2026-07-29 05:30:10+00:00,1.37,0.486,81.0,W,Chance Showers And Thunderstorms,False,13.0,0.0,KOAJ,0.9983,99.83,full,0.4803149606299212,0.5157480314960629,9.271653543307082
2026-07-29 05:35:10+00:00,1.3,0.486,81.0,W,Chance Showers And Thunderstorms,False,13.0,0.0,KACZ,0.9983,99.83,full,0.4803149606299212,0.5157480314960629,9.271653543307082
2026-07-29 05:40:10+00:00,1.24,0.486,81.0,W,Chance Showers And Thunderstorms,False,13.0,0.0,KOAJ,0.9983,99.83,full,0.4803149606299212,0.5157480314960629,9.271653543307082
2026-07-29 05:45:10+00:00,1.1800000000000002,0.486,81.0,W,Chance Showers And Thunderstorms,False,13.0,0.0,KOAJ,0.9983,99.83,full,0.4803149606299212,0.5157480314960629,9.271653543307082
2026-07-29 05:50:10+00:00,1.12,0.486,81.0,W,Chance Showers And Thunderstorms,False,13.0,0.0,KOAJ,0.9983,99.83,full,0.4803149606299212,0.5157480314960629,9.271653543307082
2026-07-29 05:55:10+00:00,1.08,0.486,81.0,W,Chance Showers And Thunderstorms,False,13.0,0.0,KOAJ,0.9983,99.83,full,0.4803149606299212,0.5157480314960629,9.271653543307082
2026-07-29 06:00:10+00:00,1.03,0.486,81.0,W,Chance Showers And Thunderstorms,False,13.0,0.0,KOAJ,0.9983,99.83,full,0.4803149606299212,0.5157480314960629,9.271653543307082
2026-07-29 06:05:10+00:00,0.98,0.486,81.0,W,Chance Showers And Thunderstorms,False,13.0,0.0,KOAJ,0.9983,99.83,full,0.4803149606299212,0.5157480314960629,9.271653543307082
2026-07-29 06:10:10+00:00,0.93,0.486,81.0,W,Chance Showers And Thunderstorms,False,13.0,0.0,KOAJ,0.9983,99.83,full,0.4803149606299212,0.5157480314960629,9.271653543307082
2026-07-29 06:15:10+00:00,0.8999999999999999,0.486,81.0,W,Chance Showers And Thunderstorms,False,13.0,0.0118110236220472,KACZ,0.9983,99.83,full,0.4921259842519684,0.5275590551181101,9.28346456692913
2026-07-29 06:20:10+00:00,0.8500000000000001,0.486,81.0,W,Chance Showers And Thunderstorms,False,13.0,0.0,KOAJ,0.9983,99.83,full,0.4921259842519684,0.5275590551181101,9.28346456692913
2026-07-29 06:25:10+00:00,0.81,0.486,81.0,W,Chance Showers And Thunderstorms,False,13.0,0.0,KOAJ,0.9983,99.83,full,0.4921259842519684,0.5275590551181101,9.28346456692913
2026-07-29 06:30:10+00:00,0.78,0.729,79.0,W,Chance Showers And Thunderstorms,False,12.0,0.0,KOAJ,0.9986,99.86,full,0.4921259842519684,0.5275590551181101,9.28346456692913
2026-07-29 06:35:10+00:00,0.75,0.729,79.0,W,Chance Showers And Thunderstorms,False,12.0,0.0118110236220472,KACZ,0.9986,99.86,full,0.5039370078740156,0.5393700787401573,9.295275590551176
2026-07-29 06:40:10+00:00,0.71,0.729,79.0,W,Chance Showers And Thunderstorms,False,12.0,0.0,KOAJ,0.9986,99.86,full,0.5039370078740156,0.5393700787401573,9.295275590551176
2026-07-29 06:45:10+00:00,0.69,0.729,79.0,W,Chance Showers And Thunderstorms,False,12.0,0.0,KOAJ,0.9986,99.86,full,0.5039370078740156,0.5393700787401573,9.295275590551176
2026-07-29 06:50:10+00:00,0.6799999999999999,0.729,79.0,W,Chance Showers And Thunderstorms,False,12.0,0.0,KOAJ,0.9986,99.86,full,0.5039370078740156,0.5393700787401573,9.295275590551176
2026-07-29 06:55:10+00:00,0.6599999999999999,0.729,79.0,W,Chance Showers And Thunderstorms,False,12.0,0.0,KOAJ,0.9986,99.86,full,0.5039370078740156,0.5393700787401573,9.295275590551176
2026-07-29 07:00:10+00:00,0.6299999999999999,0.729,79.0,W,Chance Showers And Thunderstorms,False,12.0,0.0,KOAJ,0.9986,99.86,full,0.5039370078740156,0.5393700787401573,9.295275590551176
2026-07-29 07:05:10+00:00,0.5900000000000001,0.729,79.0,W,Chance Showers And Thunderstorms,False,12.0,0.0,KOAJ,0.9986,99.86,full,0.5039370078740156,0.5393700787401573,9.295275590551176
2026-07-29 07:10:10+00:00,0.5700000000000001,0.729,79.0,W,Chance Showers And Thunderstorms,False,12.0,0.0,KOAJ,0.9986,99.86,full,0.5039370078740156,0.5393700787401573,9.295275590551176
2026-07-29 07:15:10+00:00,0.5700000000000001,0.729,79.0,W,Chance Showers And Thunderstorms,False,12.0,0.0,KACZ,0.9986,99.86,full,0.5039370078740156,0.5393700787401573,9.295275590551176
2026-07-29 07:20:10+00:00,0.5700000000000001,0.729,79.0,W,Chance Showers And Thunderstorms,False,12.0,0.0,KOAJ,0.9986,99.86,full,0.5039370078740156,0.5393700787401573,9.295275590551176
2026-07-29 07:25:10+00:00,0.5900000000000001,0.729,79.0,W,Chance Showers And Thunderstorms,False,12.0,0.0,KOAJ,0.9986,99.86,full,0.5039370078740156,0.5275590551181101,9.295275590551176
2026-07-29 07:30:10+00:00,0.6200000000000001,1.367,79.0,W,Slight Chance Showers And Thunderstorms,False,12.0,0.0,KOAJ,0.9989,99.89,full,0.5039370078740156,0.5157480314960629,9.295275590551176
2026-07-29 07:35:10+00:00,0.6599999999999999,1.367,79.0,W,Slight Chance Showers And Thunderstorms,False,12.0,0.0,KACZ,0.9989,99.89,full,0.5039370078740156,0.5039370078740157,9.295275590551176
2026-07-29 07:40:10+00:00,0.6799999999999999,1.367,79.0,W,Slight Chance Showers And Thunderstorms,False,12.0,0.0,KOAJ,0.9989,99.89,full,0.5039370078740156,0.5039370078740157,9.295275590551176
2026-07-29 07:45:10+00:00,0.6799999999999999,1.367,79.0,W,Slight Chance Showers And Thunderstorms,False,12.0,0.0,KOAJ,0.9989,99.89,full,0.5039370078740156,0.5039370078740157,9.295275590551176
2026-07-29 07:50:10+00:00,0.6799999999999999,1.367,79.0,W,Slight Chance Showers And Thunderstorms,False,12.0,0.0,KOAJ,0.9989,99.89,full,0.5039370078740156,0.5039370078740157,9.295275590551176
2026-07-29 07:55:10+00:00,0.74,1.367,79.0,W,Slight Chance Showers And Thunderstorms,False,12.0,0.0,KOAJ,0.9989,99.89,full,0.5039370078740156,0.5039370078740157,9.295275590551176
2026-07-29 08:00:10+00:00,0.81,1.367,79.0,W,Slight Chance Showers And Thunderstorms,False,12.0,0.0,KOAJ,0.9989,99.89,full,0.5039370078740156,0.5039370078740157,9.295275590551176
2026-07-29 08:05:10+00:00,0.8899999999999999,1.367,79.0,W,Slight Chance Showers And Thunderstorms,False,12.0,0.0,KOAJ,0.9989,99.89,full,0.5039370078740156,0.5039370078740157,9.295275590551176
2026-07-29 08:10:10+00:00,0.95,1.367,79.0,W,Slight Chance Showers And Thunderstorms,False,12.0,0.0,KOAJ,0.9989,99.89,full,0.5039370078740156,0.5039370078740157,9.295275590551176
2026-07-29 08:15:10+00:00,0.99,1.367,79.0,W,Slight Chance Showers And Thunderstorms,False,12.0,0.0,KACZ,0.9989,99.89,full,0.5039370078740156,0.5039370078740157,9.295275590551176
2026-07-29 08:20:10+00:00,1.04,1.367,79.0,W,Slight Chance Showers And Thunderstorms,False,12.0,0.0,KOAJ,0.9989,99.89,full,0.5039370078740156,0.5039370078740157,9.295275590551176
2026-07-29 08:25:10+00:00,1.09,1.367,79.0,W,Slight Chance Showers And Thunderstorms,False,12.0,0.0,KOAJ,0.9989,99.89,full,0.5039370078740156,0.5039370078740157,9.295275590551176
2026-07-29 08:30:10+00:00,1.15,2.166,78.0,W,Partly Cloudy,False,10.0,0.0,KOAJ,0.9991,99.91,full,0.5039370078740156,0.5039370078740157,9.295275590551176
2026-07-29 08:35:10+00:00,1.2,2.166,78.0,W,Partly Cloudy,False,10.0,0.0,KACZ,0.9991,99.91,full,0.5039370078740156,0.5039370078740157,9.295275590551176
2026-07-29 08:40:10+00:00,1.22,2.166,78.0,W,Partly Cloudy,False,10.0,0.0,KOAJ,0.9991,99.91,full,0.5039370078740156,0.5039370078740157,9.295275590551176
2026-07-29 08:45:10+00:00,1.26,2.166,78.0,W,Partly Cloudy,False,10.0,0.0,KOAJ,0.9991,99.91,full,0.5039370078740156,0.5039370078740157,9.295275590551176
2026-07-29 08:50:10+00:00,1.29,2.166,78.0,W,Partly Cloudy,False,10.0,0.0,KOAJ,0.9991,99.91,full,0.5039370078740156,0.5039370078740157,9.295275590551176
2026-07-29 08:55:10+00:00,1.35,2.166,78.0,W,Partly Cloudy,False,10.0,0.0,KOAJ,0.9991,99.91,full,0.5039370078740156,0.5039370078740157,9.295275590551176
2026-07-29 09:00:10+00:00,1.42,2.166,78.0,W,Partly Cloudy,False,10.0,0.0,KOAJ,0.9991,99.91,full,0.5039370078740156,0.5039370078740157,9.295275590551176
2026-07-29 09:05:10+00:00,1.48,2.166,78.0,W,Partly Cloudy,False,10.0,0.0,KOAJ,0.9991,99.91,full,0.5039370078740156,0.5039370078740157,9.295275590551176
2026-07-29 09:10:10+00:00,1.53,2.166,78.0,W,Partly Cloudy,False,10.0,0.0,KOAJ,0.9991,99.91,full,0.5039370078740156,0.5039370078740157,9.295275590551176
2026-07-29 09:15:10+00:00,1.57,2.166,78.0,W,Partly Cloudy,False,10.0,0.0,KACZ,0.9991,99.91,full,0.5039370078740156,0.5039370078740157,9.295275590551176
2026-07-29 09:20:10+00:00,1.61,2.166,78.0,W,Partly Cloudy,False,10.0,0.0,KOAJ,0.9991,99.91,full,0.5039370078740156,0.5039370078740157,9.295275590551176
2026-07-29 09:25:10+00:00,1.69,2.166,78.0,W,Partly Cloudy,False,10.0,0.0,KOAJ,0.9991,99.91,full,0.5039370078740156,0.5039370078740157,9.295275590551176
2026-07-29 09:30:10+00:00,1.75,2.903,77.0,W,Mostly Sunny,True,9.0,0.0,KOAJ,0.9993,99.93,full,0.5039370078740156,0.5039370078740157,9.295275590551176
2026-07-29 09:35:10+00:00,1.76,2.903,77.0,W,Mostly Sunny,True,9.0,0.0,KACZ,0.9993,99.93,full,0.5039370078740156,0.5039370078740157,9.295275590551176
2026-07-29 09:40:10+00:00,1.79,2.903,77.0,W,Mostly Sunny,True,9.0,0.0,KOAJ,0.9993,99.93,full,0.5039370078740156,0.5039370078740157,9.295275590551176
2026-07-29 09:45:10+00:00,1.82,2.903,77.0,W,Mostly Sunny,True,9.0,0.0,KOAJ,0.9993,99.93,full,0.5039370078740156,0.5039370078740157,9.295275590551176
2026-07-29 09:50:10+00:00,1.9,2.903,77.0,W,Mostly Sunny,True,9.0,0.0,KOAJ,0.9993,99.93,full,0.5039370078740156,0.5039370078740157,9.295275590551176
2026-07-29 09:55:10+00:00,1.97,2.903,77.0,W,Mostly Sunny,True,9.0,0.0,KOAJ,0.9993,99.93,full,0.5039370078740156,0.5039370078740157,9.295275590551176
2026-07-29 10:00:10+00:00,2.06,2.903,77.0,W,Mostly Sunny,True,9.0,0.0,KOAJ,0.9993,99.93,full,0.5039370078740156,0.5039370078740157,9.295275590551176
2026-07-29 10:05:10+00:00,2.15,2.903,77.0,W,Mostly Sunny,True,9.0,0.0,KOAJ,0.9993,99.93,full,0.5039370078740156,0.5039370078740157,9.295275590551176
2026-07-29 10:10:10+00:00,2.24,2.903,77.0,W,Mostly Sunny,True,9.0,0.0,KOAJ,0.9993,99.93,full,0.5039370078740156,0.5039370078740157,9.295275590551176
2026-07-29 10:15:10+00:00,2.3,2.903,77.0,W,Mostly Sunny,True,9.0,0.0,KACZ,0.9993,99.93,full,0.5039370078740156,0.5039370078740157,9.295275590551176
2026-07-29 10:20:10+00:00,2.34,2.903,77.0,W,Mostly Sunny,True,9.0,0.0,KOAJ,0.9993,99.93,full,0.5039370078740156,0.5039370078740157,9.295275590551176
2026-07-29 10:25:10+00:00,2.37,2.903,77.0,W,Mostly Sunny,True,9.0,0.0,KOAJ,0.9993,99.93,full,0.5039370078740156,0.5039370078740157,9.295275590551176
2026-07-29 10:30:10+00:00,2.41,3.402,77.0,W,Sunny,True,8.0,0.0,KOAJ,0.9994,99.94,full,0.5039370078740156,0.5039370078740157,9.295275590551176
2026-07-29 10:35:10+00:00,2.49,3.402,77.0,W,Sunny,True,8.0,0.0,KACZ,0.9994,99.94,full,0.5039370078740156,0.5039370078740157,9.295275590551176
2026-07-29 10:40:10+00:00,2.56,3.402,77.0,W,Sunny,True,8.0,0.0,KOAJ,0.9994,99.94,full,0.5039370078740156,0.5039370078740157,9.295275590551176
2026-07-29 10:45:10+00:00,2.63,3.402,77.0,W,Sunny,True,8.0,0.0,KOAJ,0.9994,99.94,full,0.5039370078740156,0.5039370078740157,9.295275590551176
2026-07-29 10:50:10+00:00,2.71,3.402,77.0,W,Sunny,True,8.0,0.0,KOAJ,0.9994,99.94,full,0.5039370078740156,0.5039370078740157,9.295275590551176
2026-07-29 10:55:10+00:00,2.78,3.402,77.0,W,Sunny,True,8.0,0.0,KACZ,0.9994,99.94,full,0.5039370078740156,0.5039370078740157,9.295275590551176
2026-07-29 11:00:10+00:00,2.84,3.402,77.0,W,Sunny,True,8.0,0.0,KOAJ,0.9994,99.94,full,0.5039370078740156,0.5039370078740157,9.295275590551176
2026-07-29 11:05:10+00:00,2.9,3.402,77.0,W,Sunny,True,8.0,0.0,KOAJ,0.9994,99.94,full,0.5039370078740156,0.5039370078740157,9.295275590551176
2026-07-29 11:10:10+00:00,2.95,3.402,77.0,W,Sunny,True,8.0,0.0,KOAJ,0.9994,99.94,full,0.5039370078740156,0.5039370078740157,9.295275590551176
2026-07-29 11:15:10+00:00,3.0,3.402,77.0,W,Sunny,True,8.0,0.0,KACZ,0.9994,99.94,full,0.5039370078740156,0.5039370078740157,9.295275590551176
2026-07-29 11:20:10+00:00,3.02,3.402,77.0,W,Sunny,True,8.0,0.0,KOAJ,0.9994,99.94,full,0.5039370078740156,0.5039370078740157,9.295275590551176
2026-07-29 11:25:10+00:00,3.01,3.402,77.0,W,Sunny,True,8.0,0.0,KOAJ,0.9994,99.94,full,0.5039370078740156,0.5039370078740157,9.295275590551176
2026-07-29 11:30:10+00:00,3.03,3.524,79.0,NW,Sunny,True,8.0,0.0,KOAJ,0.9995,99.95,full,0.5039370078740156,0.5039370078740157,9.295275590551176
2026-07-29 11:35:10+00:00,3.1100000000000003,3.524,79.0,NW,Sunny,True,8.0,0.0,KACZ,0.9995,99.95,full,0.5039370078740156,0.5039370078740157,9.295275590551176
2026-07-29 11:40:10+00:00,3.19,3.524,79.0,NW,Sunny,True,8.0,0.0,KOAJ,0.9995,99.95,full,0.5039370078740156,0.5039370078740157,9.295275590551176
2026-07-29 11:45:10+00:00,3.26,3.524,79.0,NW,Sunny,True,8.0,0.0,KOAJ,0.9995,99.95,full,0.5039370078740156,0.5039370078740157,9.295275590551176
2026-07-29 11:50:10+00:00,3.3,3.524,79.0,NW,Sunny,True,8.0,0.0,KOAJ,0.9995,99.95,full,0.5039370078740156,0.5039370078740157,9.295275590551176
2026-07-29 11:55:10+00:00,3.33,3.524,79.0,NW,Sunny,True,8.0,0.0,KOAJ,0.9995,99.95,full,0.5039370078740156,0.5039370078740157,9.295275590551176
2026-07-29 12:00:10+00:00,3.38,3.524,79.0,NW,Sunny,True,8.0,0.0,KOAJ,0.9995,99.95,full,0.5039370078740156,0.5039370078740157,9.295275590551176
2026-07-29 12:05:10+00:00,3.42,3.524,79.0,NW,Sunny,True,8.0,0.0,KOAJ,0.9995,99.95,full,0.5039370078740156,0.5039370078740157,9.295275590551176
2026-07-29 12:10:10+00:00,3.46,3.524,79.0,NW,Sunny,True,8.0,0.0,KOAJ,0.9995,99.95,full,0.5039370078740156,0.5039370078740157,9.295275590551176
2026-07-29 12:15:10+00:00,3.51,3.524,79.0,NW,Sunny,True,8.0,0.0,KACZ,0.9995,99.95,full,0.5039370078740156,0.5039370078740157,9.295275590551176
2026-07-29 12:20:10+00:00,3.54,3.524,79.0,NW,Sunny,True,8.0,0.0,KOAJ,0.9995,99.95,full,0.5039370078740156,0.5039370078740157,9.295275590551176
2026-07-29 12:25:10+00:00,3.5700000000000003,3.524,79.0,NW,Sunny,True,8.0,0.0,KOAJ,0.9995,99.95,full,0.5039370078740156,0.5039370078740157,9.295275590551176
2026-07-29 12:30:10+00:00,3.5700000000000003,3.219,81.0,NW,Sunny,True,8.0,0.0,KOAJ,0.9996,99.96,full,0.5039370078740156,0.5039370078740157,9.295275590551176
2026-07-29 12:35:10+00:00,3.58,3.219,81.0,NW,Sunny,True,8.0,0.0,KACZ,0.9996,99.96,full,0.5039370078740156,0.5039370078740157,9.295275590551176
2026-07-29 12:40:10+00:00,3.55,3.219,81.0,NW,Sunny,True,8.0,0.0,KOAJ,0.9996,99.96,full,0.5039370078740156,0.5039370078740157,9.295275590551176
2026-07-29 12:45:10+00:00,3.59,3.219,81.0,NW,Sunny,True,8.0,0.0,KOAJ,0.9996,99.96,full,0.5039370078740156,0.5039370078740157,9.295275590551176
2026-07-29 12:50:10+00:00,3.63,3.219,81.0,NW,Sunny,True,8.0,0.0,KOAJ,0.9996,99.96,full,0.5039370078740156,0.5039370078740157,9.295275590551176
2026-07-29 12:55:10+00:00,3.61,3.219,81.0,NW,Sunny,True,8.0,0.0,KACZ,0.9996,99.96,full,0.5039370078740156,0.5039370078740157,9.295275590551176
2026-07-29 13:00:10+00:00,3.58,3.219,81.0,NW,Sunny,True,8.0,0.0,KOAJ,0.9996,99.96,full,0.5039370078740156,0.5039370078740157,9.295275590551176
2026-07-29 13:05:10+00:00,3.55,3.219,81.0,NW,Sunny,True,8.0,0.0,KOAJ,0.9996,99.96,full,0.5039370078740156,0.5039370078740157,9.295275590551176
2026-07-29 13:10:10+00:00,3.54,3.219,81.0,NW,Sunny,True,8.0,0.0,KOAJ,0.9996,99.96,full,0.5039370078740156,0.5039370078740157,9.295275590551176
2026-07-29 13:15:10+00:00,3.51,3.219,81.0,NW,Sunny,True,8.0,0.0,KACZ,0.9996,99.96,full,0.5039370078740156,0.5039370078740157,9.295275590551176
2026-07-29 13:20:10+00:00,3.48,3.219,81.0,NW,Sunny,True,8.0,0.0,KOAJ,0.9996,99.96,full,0.5039370078740156,0.5039370078740157,9.295275590551176
2026-07-29 13:25:10+00:00,3.42,3.219,81.0,NW,Sunny,True,8.0,0.0,KOAJ,0.9996,99.96,full,0.5039370078740156,0.5039370078740157,9.295275590551176
2026-07-29 13:30:10+00:00,3.35,2.585,84.0,NW,Sunny,True,8.0,0.0,KOAJ,0.9997,99.97,full,0.5039370078740156,0.5039370078740157,9.295275590551176
2026-07-29 13:35:10+00:00,3.33,2.585,84.0,NW,Sunny,True,8.0,0.0,KACZ,0.9997,99.97,full,0.5039370078740156,0.5039370078740157,9.295275590551176
2026-07-29 13:40:10+00:00,3.29,2.585,84.0,NW,Sunny,True,8.0,0.0,KOAJ,0.9997,99.97,full,0.5039370078740156,0.5039370078740157,9.295275590551176
2026-07-29 13:45:10+00:00,3.23,2.585,84.0,NW,Sunny,True,8.0,0.0,KOAJ,0.9997,99.97,full,0.5039370078740156,0.5039370078740157,9.295275590551176
2026-07-29 13:50:10+00:00,3.17,2.585,84.0,NW,Sunny,True,8.0,0.0,KOAJ,0.9997,99.97,full,0.5039370078740156,0.5039370078740157,9.295275590551176
2026-07-29 13:55:10+00:00,3.14,2.585,84.0,NW,Sunny,True,8.0,0.0,KOAJ,0.9997,99.97,full,0.5039370078740156,0.5039370078740157,9.295275590551176
2026-07-29 14:00:10+00:00,3.13,2.585,84.0,NW,Sunny,True,8.0,0.0,KOAJ,0.9997,99.97,full,0.5039370078740156,0.5039370078740157,9.295275590551176
2026-07-29 14:05:10+00:00,3.09,2.585,84.0,NW,Sunny,True,8.0,0.0,KOAJ,0.9997,99.97,full,0.5039370078740156,0.5039370078740157,9.295275590551176
2026-07-29 14:10:10+00:00,3.04,2.585,84.0,NW,Sunny,True,8.0,0.0,KOAJ,0.9997,99.97,full,0.5039370078740156,0.5039370078740157,9.295275590551176
2026-07-29 14:15:10+00:00,2.97,2.585,84.0,NW,Sunny,True,8.0,0.0,KACZ,0.9997,99.97,full,0.5039370078740156,0.5039370078740157,9.295275590551176
2026-07-29 14:20:10+00:00,2.9,2.585,84.0,NW,Sunny,True,8.0,0.0,KOAJ,0.9997,99.97,full,0.5039370078740156,0.5039370078740157,9.295275590551176
2026-07-29 14:25:10+00:00,2.87,2.585,84.0,NW,Sunny,True,8.0,0.0,KOAJ,0.9997,99.97,full,0.5039370078740156,0.5039370078740157,9.295275590551176
2026-07-29 14:30:10+00:00,2.82,1.818,87.0,NW,Sunny,True,8.0,0.0,KOAJ,0.9997,99.97,full,0.5039370078740156,0.5039370078740157,9.295275590551176
2026-07-29 14:35:10+00:00,2.75,1.818,87.0,NW,Sunny,True,8.0,0.0,KACZ,0.9997,99.97,full,0.5039370078740156,0.5039370078740157,9.295275590551176
2026-07-29 14:40:10+00:00,2.72,1.818,87.0,NW,Sunny,True,8.0,0.0,KOAJ,0.9997,99.97,full,0.5039370078740156,0.5039370078740157,9.295275590551176
2026-07-29 14:45:10+00:00,2.66,1.818,87.0,NW,Sunny,True,8.0,0.0,KOAJ,0.9997,99.97,full,0.5039370078740156,0.5039370078740157,9.295275590551176
2026-07-29 14:50:10+00:00,2.62,1.818,87.0,NW,Sunny,True,8.0,0.0,KOAJ,0.9997,99.97,full,0.5039370078740156,0.5039370078740157,9.295275590551176
2026-07-29 14:55:10+00:00,2.57,1.818,87.0,NW,Sunny,True,8.0,0.0,KOAJ,0.9997,99.97,full,0.5039370078740156,0.5039370078740157,9.295275590551176
2026-07-29 15:00:10+00:00,2.53,1.818,87.0,NW,Sunny,True,8.0,0.0,KOAJ,0.9997,99.97,full,0.5039370078740156,0.5039370078740157,9.295275590551176
2026-07-29 15:05:10+00:00,2.5,1.818,87.0,NW,Sunny,True,8.0,0.0,KOAJ,0.9997,99.97,full,0.5039370078740156,0.5039370078740157,9.295275590551176
2026-07-29 15:10:10+00:00,2.45,1.818,87.0,NW,Sunny,True,8.0,0.0,KOAJ,0.9997,99.97,full,0.5039370078740156,0.5039370078740157,9.295275590551176
2026-07-29 15:15:10+00:00,2.39,1.818,87.0,NW,Sunny,True,8.0,0.0,KACZ,0.9997,99.97,full,0.5039370078740156,0.5039370078740157,9.295275590551176
2026-07-29 15:20:10+00:00,2.31,1.818,87.0,NW,Sunny,True,8.0,0.0,KOAJ,0.9997,99.97,full,0.5039370078740156,0.5039370078740157,9.295275590551176
2026-07-29 15:25:10+00:00,2.26,1.818,87.0,NW,Sunny,True,8.0,0.0,KOAJ,0.9997,99.97,full,0.5039370078740156,0.5039370078740157,9.295275590551176
2026-07-29 15:30:10+00:00,2.23,1.093,90.0,W,Sunny,True,8.0,0.0,KOAJ,0.9997,99.97,full,0.5039370078740156,0.5039370078740157,9.295275590551176
2026-07-29 15:35:10+00:00,2.18,1.093,90.0,W,Sunny,True,8.0,0.0,KACZ,0.9997,99.97,full,0.5039370078740156,0.5039370078740157,9.295275590551176
2026-07-29 15:40:10+00:00,2.14,1.093,90.0,W,Sunny,True,8.0,0.0,KOAJ,0.9997,99.97,full,0.5039370078740156,0.5039370078740157,9.295275590551176
2026-07-29 15:50:10+00:00,2.0,1.093,90.0,W,Sunny,True,8.0,0.0,KOAJ,0.9997,99.97,full,0.5039370078740156,0.5039370078740157,9.295275590551176
2026-07-29 15:55:10+00:00,1.94,1.093,90.0,W,Sunny,True,8.0,0.0,KACZ,0.9997,99.97,full,0.5039370078740156,0.5039370078740157,9.295275590551176
2026-07-29 16:00:10+00:00,1.88,1.093,90.0,W,Sunny,True,8.0,0.0,KOAJ,0.9997,99.97,full,0.5039370078740156,0.5039370078740157,9.295275590551176
2026-07-29 16:05:10+00:00,1.83,1.093,90.0,W,Sunny,True,8.0,0.0,KOAJ,0.9997,99.97,full,0.5039370078740156,0.5039370078740157,9.295275590551176
2026-07-29 16:10:10+00:00,1.75,1.093,90.0,W,Sunny,True,8.0,0.0,KOAJ,0.9997,99.97,full,0.5039370078740156,0.5039370078740157,9.295275590551176
2026-07-29 16:15:10+00:00,1.68,1.093,90.0,W,Sunny,True,8.0,0.0,KACZ,0.9997,99.97,full,0.5039370078740156,0.5039370078740157,9.295275590551176
2026-07-29 16:20:10+00:00,1.63,1.093,90.0,W,Sunny,True,8.0,0.0,KOAJ,0.9997,99.97,full,0.5039370078740156,0.5039370078740157,9.295275590551176
2026-07-29 16:25:10+00:00,1.6,1.093,90.0,W,Sunny,True,8.0,0.0,KOAJ,0.9997,99.97,full,0.5039370078740156,0.5039370078740157,9.295275590551176
2026-07-29 16:30:10+00:00,1.54,0.552,91.0,W,Mostly Sunny,True,8.0,0.0,KOAJ,0.9996,99.96,full,0.5039370078740156,0.5039370078740157,9.295275590551176
2026-07-29 16:35:10+00:00,1.48,0.552,91.0,W,Mostly Sunny,True,8.0,0.0,KACZ,0.9996,99.96,full,0.5039370078740156,0.5039370078740157,9.295275590551176
2026-07-29 16:40:10+00:00,1.42,0.552,91.0,W,Mostly Sunny,True,8.0,0.0,KOAJ,0.9996,99.96,full,0.5039370078740156,0.5039370078740157,9.295275590551176
2026-07-29 16:45:10+00:00,1.35,0.552,91.0,W,Mostly Sunny,True,8.0,0.0,KOAJ,0.9996,99.96,full,0.5039370078740156,0.5039370078740157,9.295275590551176
2026-07-29 16:50:10+00:00,1.29,0.552,91.0,W,Mostly Sunny,True,8.0,0.0,KOAJ,0.9996,99.96,full,0.5039370078740156,0.5039370078740157,9.295275590551176
2026-07-29 16:55:10+00:00,1.27,0.552,91.0,W,Mostly Sunny,True,8.0,0.0,KOAJ,0.9996,99.96,full,0.5039370078740156,0.5039370078740157,9.295275590551176
2026-07-29 17:00:10+00:00,1.25,0.552,91.0,W,Mostly Sunny,True,8.0,0.0,KOAJ,0.9996,99.96,full,0.5039370078740156,0.5039370078740157,9.295275590551176
2026-07-29 17:05:10+00:00,1.21,0.552,91.0,W,Mostly Sunny,True,8.0,0.0,KOAJ,0.9996,99.96,full,0.5039370078740156,0.5039370078740157,9.295275590551176
2026-07-29 17:10:10+00:00,1.1800000000000002,0.552,91.0,W,Mostly Sunny,True,8.0,0.0,KOAJ,0.9996,99.96,full,0.5039370078740156,0.5039370078740157,9.295275590551176
2026-07-29 17:15:10+00:00,1.13,0.552,91.0,W,Mostly Sunny,True,8.0,0.0,KOAJ,0.9996,99.96,full,0.5039370078740156,0.5039370078740157,9.295275590551176
2026-07-29 17:20:10+00:00,1.0699999999999998,0.552,91.0,W,Mostly Sunny,True,8.0,0.0,KOAJ,0.9996,99.96,full,0.5039370078740156,0.5039370078740157,9.295275590551176
2026-07-29 17:25:10+00:00,1.01,0.552,91.0,W,Mostly Sunny,True,8.0,0.0,KOAJ,0.9996,99.96,full,0.5039370078740156,0.5039370078740157,9.295275590551176
2026-07-29 17:30:10+00:00,0.98,0.364,92.0,W,Mostly Sunny,True,7.0,0.0,KOAJ,0.9995,99.95,full,0.5039370078740156,0.5039370078740157,9.295275590551176
2026-07-29 17:35:10+00:00,0.91,0.364,92.0,W,Mostly Sunny,True,7.0,0.0,KACZ,0.9995,99.95,full,0.5039370078740156,0.5039370078740157,9.295275590551176
2026-07-29 17:40:10+00:00,0.8600000000000001,0.364,92.0,W,Mostly Sunny,True,7.0,0.0,KOAJ,0.9995,99.95,full,0.5039370078740156,0.5039370078740157,9.295275590551176
2026-07-29 17:50:10+00:00,0.77,0.364,92.0,W,Mostly Sunny,True,7.0,0.0,KOAJ,0.9995,99.95,full,0.5039370078740156,0.5039370078740157,9.295275590551176
2026-07-29 17:55:10+00:00,0.7,0.364,92.0,W,Mostly Sunny,True,7.0,0.0,KACZ,0.9995,99.95,full,0.5039370078740156,0.5039370078740157,9.295275590551176
2026-07-29 18:00:10+00:00,0.69,0.364,92.0,W,Mostly Sunny,True,7.0,0.0,KOAJ,0.9995,99.95,full,0.5039370078740156,0.5039370078740157,9.295275590551176
2026-07-29 18:05:10+00:00,0.6499999999999999,0.364,92.0,W,Mostly Sunny,True,7.0,0.0,KOAJ,0.9995,99.95,full,0.5039370078740156,0.5039370078740157,9.295275590551176
2026-07-29 18:10:10+00:00,0.6000000000000001,0.364,92.0,W,Mostly Sunny,True,7.0,0.0,KOAJ,0.9995,99.95,full,0.5039370078740156,0.5039370078740157,9.295275590551176
2026-07-29 18:15:10+00:00,0.53,0.364,92.0,W,Mostly Sunny,True,7.0,0.0,KACZ,0.9995,99.95,full,0.5039370078740156,0.5039370078740157,9.295275590551176
2026-07-29 18:20:10+00:00,0.48,0.364,92.0,W,Mostly Sunny,True,7.0,0.0,KOAJ,0.9995,99.95,full,0.5039370078740156,0.5039370078740157,9.295275590551176
2026-07-29 18:25:10+00:00,0.4599999999999999,0.364,92.0,W,Mostly Sunny,True,7.0,0.0,KOAJ,0.9995,99.95,full,0.5039370078740156,0.5039370078740157,9.295275590551176
2026-07-29 18:30:10+00:00,0.4599999999999999,0.67,93.0,W,Mostly Sunny,True,8.0,0.0,KOAJ,0.9994,99.94,full,0.5039370078740156,0.5039370078740157,9.295275590551176
2026-07-29 18:35:10+00:00,0.48,0.67,93.0,W,Mostly Sunny,True,8.0,0.0,KACZ,0.9994,99.94,full,0.5039370078740156,0.5039370078740157,9.295275590551176
2026-07-29 18:40:10+00:00,0.48,0.67,93.0,W,Mostly Sunny,True,8.0,0.0,KOAJ,0.9994,99.94,full,0.5039370078740156,0.5039370078740157,9.295275590551176
2026-07-29 18:45:10+00:00,0.4499999999999999,0.67,93.0,W,Mostly Sunny,True,8.0,0.0,KOAJ,0.9994,99.94,full,0.5039370078740156,0.5039370078740157,9.295275590551176
2026-07-29 18:50:10+00:00,0.4599999999999999,0.67,93.0,W,Mostly Sunny,True,8.0,0.0,KOAJ,0.9994,99.94,full,0.5039370078740156,0.5039370078740157,9.295275590551176
2026-07-29 18:55:10+00:00,0.47,0.67,93.0,W,Mostly Sunny,True,8.0,0.0,KOAJ,0.9994,99.94,full,0.5039370078740156,0.5039370078740157,9.295275590551176
2026-07-29 19:00:10+00:00,0.5700000000000001,0.67,93.0,W,Mostly Sunny,True,8.0,0.0,KOAJ,0.9994,99.94,full,0.5039370078740156,0.5039370078740157,9.295275590551176
2026-07-29 19:05:10+00:00,0.6299999999999999,0.67,93.0,W,Mostly Sunny,True,8.0,0.0,KOAJ,0.9994,99.94,full,0.5039370078740156,0.5039370078740157,9.295275590551176
2026-07-29 19:10:10+00:00,0.69,0.67,93.0,W,Mostly Sunny,True,8.0,0.0,KOAJ,0.9994,99.94,full,0.5039370078740156,0.5039370078740157,9.295275590551176
2026-07-29 19:15:10+00:00,0.71,0.67,93.0,W,Mostly Sunny,True,8.0,0.0,KACZ,0.9994,99.94,full,0.5039370078740156,0.5039370078740157,9.295275590551176
2026-07-29 19:20:10+00:00,0.73,0.67,93.0,W,Mostly Sunny,True,8.0,0.0,KOAJ,0.9994,99.94,full,0.5039370078740156,0.5039370078740157,9.295275590551176
2026-07-29 19:25:10+00:00,0.76,0.67,93.0,W,Mostly Sunny,True,8.0,0.0,KOAJ,0.9994,99.94,full,0.5039370078740156,0.5039370078740157,9.295275590551176
2026-07-29 19:30:10+00:00,0.8200000000000001,1.445,92.0,W,Sunny,True,8.0,0.0,KOAJ,0.9993,99.93,full,0.5039370078740156,0.5039370078740157,9.295275590551176
2026-07-29 19:35:10+00:00,0.8899999999999999,1.445,92.0,W,Sunny,True,8.0,0.0,KACZ,0.9993,99.93,full,0.5039370078740156,0.5039370078740157,9.295275590551176
2026-07-29 19:40:10+00:00,0.8999999999999999,1.445,92.0,W,Sunny,True,8.0,0.0,KOAJ,0.9993,99.93,full,0.5039370078740156,0.5039370078740157,9.295275590551176
2026-07-29 19:45:10+00:00,0.95,1.445,92.0,W,Sunny,True,8.0,0.0,KOAJ,0.9993,99.93,full,0.5039370078740156,0.5039370078740157,9.295275590551176
2026-07-29 19:50:10+00:00,1.0,1.445,92.0,W,Sunny,True,8.0,0.0,KOAJ,0.9993,99.93,full,0.5039370078740156,0.5039370078740157,9.295275590551176
2026-07-29 19:55:10+00:00,1.02,1.445,92.0,W,Sunny,True,8.0,0.0,KOAJ,0.9993,99.93,full,0.5039370078740156,0.5039370078740157,9.295275590551176
2026-07-29 20:00:10+00:00,1.1,1.445,92.0,W,Sunny,True,8.0,0.0,KOAJ,0.9993,99.93,full,0.5039370078740156,0.5039370078740157,9.295275590551176
2026-07-29 20:05:10+00:00,1.15,1.445,92.0,W,Sunny,True,8.0,0.0,KOAJ,0.9993,99.93,full,0.5039370078740156,0.5039370078740157,9.295275590551176
2026-07-29 20:10:10+00:00,1.19,1.445,92.0,W,Sunny,True,8.0,0.0,KOAJ,0.9993,99.93,full,0.5039370078740156,0.5039370078740157,9.295275590551176
2026-07-29 20:15:10+00:00,1.21,1.445,92.0,W,Sunny,True,8.0,0.0,KACZ,0.9993,99.93,full,0.5039370078740156,0.5039370078740157,9.295275590551176
2026-07-29 20:20:10+00:00,1.29,1.445,92.0,W,Sunny,True,8.0,0.0,KOAJ,0.9993,99.93,full,0.5039370078740156,0.5039370078740157,9.295275590551176
2026-07-29 20:25:10+00:00,1.34,1.445,92.0,W,Sunny,True,8.0,0.0,KOAJ,0.9993,99.93,full,0.5039370078740156,0.5039370078740157,9.295275590551176
2026-07-29 20:30:10+00:00,1.41,2.475,91.0,W,Sunny,True,8.0,0.0,KOAJ,0.9991,99.91,full,0.5039370078740156,0.5039370078740157,9.295275590551176
2026-07-29 20:35:10+00:00,1.52,2.475,91.0,W,Sunny,True,8.0,0.0,KACZ,0.9991,99.91,full,0.5039370078740156,0.5039370078740157,9.295275590551176
2026-07-29 20:40:10+00:00,1.56,2.475,91.0,W,Sunny,True,8.0,0.0,KOAJ,0.9991,99.91,full,0.5039370078740156,0.5039370078740157,9.295275590551176
2026-07-29 20:45:10+00:00,1.6,2.475,91.0,W,Sunny,True,8.0,0.0,KOAJ,0.9991,99.91,full,0.5039370078740156,0.5039370078740157,9.295275590551176
2026-07-29 20:50:10+00:00,1.66,2.475,91.0,W,Sunny,True,8.0,0.0,KOAJ,0.9991,99.91,full,0.5039370078740156,0.5039370078740157,9.295275590551176
2026-07-29 20:55:10+00:00,1.74,2.475,91.0,W,Sunny,True,8.0,0.0,KOAJ,0.9991,99.91,full,0.5039370078740156,0.5039370078740157,9.295275590551176
2026-07-29 21:00:10+00:00,1.78,2.475,91.0,W,Sunny,True,8.0,0.0,KOAJ,0.9991,99.91,full,0.5039370078740156,0.5039370078740157,9.295275590551176
2026-07-29 21:10:10+00:00,1.87,2.475,91.0,W,Sunny,True,8.0,0.0,KOAJ,0.9991,99.91,full,0.5039370078740156,0.5039370078740157,9.295275590551176
2026-07-29 21:15:10+00:00,1.99,2.475,91.0,W,Sunny,True,8.0,0.0,KACZ,0.9991,99.91,full,0.5039370078740156,0.5039370078740157,9.295275590551176
2026-07-29 21:20:10+00:00,2.08,2.475,91.0,W,Sunny,True,8.0,0.0,KOAJ,0.9991,99.91,full,0.5039370078740156,0.5039370078740157,9.295275590551176
2026-07-29 21:25:10+00:00,2.16,2.475,91.0,W,Sunny,True,8.0,0.0,KOAJ,0.9991,99.91,full,0.5039370078740156,0.5039370078740157,9.295275590551176
2026-07-29 21:30:10+00:00,2.25,3.49,90.0,W,Mostly Clear,False,7.0,0.0,KOAJ,0.9989,99.89,full,0.5039370078740156,0.5039370078740157,9.295275590551176
2026-07-29 21:35:10+00:00,2.32,3.49,90.0,W,Mostly Clear,False,7.0,0.0,KACZ,0.9989,99.89,full,0.5039370078740156,0.5039370078740157,9.295275590551176
2026-07-29 21:40:10+00:00,2.39,3.49,90.0,W,Mostly Clear,False,7.0,0.0,KOAJ,0.9989,99.89,full,0.5039370078740156,0.5039370078740157,9.295275590551176
2026-07-29 21:45:10+00:00,2.52,3.49,90.0,W,Mostly Clear,False,7.0,0.0,KOAJ,0.9989,99.89,full,0.5039370078740156,0.5039370078740157,9.295275590551176
2026-07-29 21:50:10+00:00,2.58,3.49,90.0,W,Mostly Clear,False,7.0,0.0,KOAJ,0.9989,99.89,full,0.5039370078740156,0.5039370078740157,9.295275590551176
2026-07-29 21:55:10+00:00,2.67,3.49,90.0,W,Mostly Clear,False,7.0,0.0,KACZ,0.9989,99.89,full,0.5039370078740156,0.5039370078740157,9.295275590551176
2026-07-29 22:00:10+00:00,2.74,3.49,90.0,W,Mostly Clear,False,7.0,0.0,KOAJ,0.9989,99.89,full,0.5039370078740156,0.5039370078740157,9.295275590551176
2026-07-29 22:05:10+00:00,2.82,3.49,90.0,W,Mostly Clear,False,7.0,0.0,KOAJ,0.9989,99.89,full,0.5039370078740156,0.5039370078740157,9.295275590551176
2026-07-29 22:10:10+00:00,2.91,3.49,90.0,W,Mostly Clear,False,7.0,0.0,KOAJ,0.9989,99.89,full,0.5039370078740156,0.5039370078740157,9.295275590551176
2026-07-29 22:15:10+00:00,2.99,3.49,90.0,W,Mostly Clear,False,7.0,0.0,KACZ,0.9989,99.89,full,0.5039370078740156,0.5039370078740157,9.295275590551176
2026-07-29 22:20:10+00:00,3.06,3.49,90.0,W,Mostly Clear,False,7.0,0.0,KOAJ,0.9989,99.89,full,0.5039370078740156,0.5039370078740157,9.295275590551176
2026-07-29 22:25:10+00:00,3.13,3.49,90.0,W,Mostly Clear,False,7.0,0.0,KOAJ,0.9989,99.89,full,0.5039370078740156,0.5039370078740157,9.295275590551176
2026-07-29 22:30:10+00:00,3.18,4.266,88.0,W,Mostly Clear,False,5.0,0.0,KOAJ,0.9986,99.86,full,0.5039370078740156,0.5039370078740157,9.295275590551176
2026-07-29 22:35:10+00:00,3.27,4.266,88.0,W,Mostly Clear,False,5.0,0.0,KACZ,0.9986,99.86,full,0.5039370078740156,0.5039370078740157,9.295275590551176
2026-07-29 22:40:10+00:00,3.3600000000000003,4.266,88.0,W,Mostly Clear,False,5.0,0.0,KOAJ,0.9986,99.86,full,0.5039370078740156,0.5039370078740157,9.295275590551176
2026-07-29 22:45:10+00:00,3.44,4.266,88.0,W,Mostly Clear,False,5.0,0.0,KOAJ,0.9986,99.86,full,0.5039370078740156,0.5039370078740157,9.295275590551176
2026-07-29 22:50:10+00:00,3.52,4.266,88.0,W,Mostly Clear,False,5.0,0.0,KOAJ,0.9986,99.86,full,0.5039370078740156,0.5039370078740157,9.295275590551176
2026-07-29 22:55:10+00:00,3.61,4.266,88.0,W,Mostly Clear,False,5.0,0.0,KOAJ,0.9986,99.86,full,0.5039370078740156,0.5039370078740157,9.295275590551176
2026-07-29 23:00:10+00:00,3.69,4.266,88.0,W,Mostly Clear,False,5.0,0.0,KOAJ,0.9986,99.86,full,0.5039370078740156,0.5039370078740157,9.295275590551176
2026-07-29 23:05:10+00:00,3.77,4.266,88.0,W,Mostly Clear,False,5.0,0.0,KOAJ,0.9986,99.86,full,0.5039370078740156,0.5039370078740157,9.295275590551176
2026-07-29 23:10:10+00:00,3.85,4.266,88.0,W,Mostly Clear,False,5.0,0.0,KOAJ,0.9986,99.86,full,0.5039370078740156,0.5039370078740157,9.295275590551176
2026-07-29 23:15:10+00:00,3.94,4.266,88.0,W,Mostly Clear,False,5.0,0.0,KACZ,0.9986,99.86,full,0.5039370078740156,0.5039370078740157,9.295275590551176
2026-07-29 23:20:10+00:00,4.02,4.266,88.0,W,Mostly Clear,False,5.0,0.0,KOAJ,0.9986,99.86,full,0.5039370078740156,0.5039370078740157,9.295275590551176
2026-07-29 23:25:10+00:00,4.1,4.266,88.0,W,Mostly Clear,False,5.0,0.0,KOAJ,0.9986,99.86,full,0.5039370078740156,0.5039370078740157,9.295275590551176
2026-07-29 23:30:10+00:00,4.18,4.627,85.0,W,Mostly Clear,False,3.0,0.0,KOAJ,0.9983,99.83,full,0.5039370078740156,0.5039370078740157,9.295275590551176
2026-07-29 23:35:10+00:00,4.26,4.627,85.0,W,Mostly Clear,False,3.0,0.0,KACZ,0.9983,99.83,full,0.5039370078740156,0.5039370078740157,9.295275590551176
2026-07-29 23:40:10+00:00,4.33,4.627,85.0,W,Mostly Clear,False,3.0,0.0,KOAJ,0.9983,99.83,full,0.5039370078740156,0.5039370078740157,9.295275590551176
2026-07-29 23:45:10+00:00,4.4,4.627,85.0,W,Mostly Clear,False,3.0,0.0,KOAJ,0.9983,99.83,full,0.5039370078740156,0.5039370078740157,9.295275590551176
2026-07-29 23:50:10+00:00,4.470000000000001,4.627,85.0,W,Mostly Clear,False,3.0,0.0,KOAJ,0.9983,99.83,full,0.5039370078740156,0.5039370078740157,9.295275590551176
2026-07-29 23:55:10+00:00,4.54,4.627,85.0,W,Mostly Clear,False,3.0,0.0,KOAJ,0.9983,99.83,full,0.5039370078740156,0.5039370078740157,9.295275590551176
2026-07-30 00:00:10+00:00,4.6,4.627,85.0,W,Mostly Clear,False,3.0,0.0,KOAJ,0.9983,99.83,full,0.5039370078740156,0.5039370078740157,9.295275590551176
2026-07-30 00:05:10+00:00,4.65,4.627,85.0,W,Mostly Clear,False,3.0,0.0,KOAJ,0.9983,99.83,full,0.5039370078740156,0.5039370078740157,9.295275590551176
2026-07-30 00:10:10+00:00,4.71,4.627,85.0,W,Mostly Clear,False,3.0,0.0,KOAJ,0.9983,99.83,full,0.5039370078740156,0.5039370078740157,9.295275590551176
2026-07-30 00:15:10+00:00,4.77,4.627,85.0,W,Mostly Clear,False,3.0,0.0,KACZ,0.9983,99.83,full,0.5039370078740156,0.5039370078740157,9.295275590551176
2026-07-30 00:20:10+00:00,4.8100000000000005,4.627,85.0,W,Mostly Clear,False,3.0,0.0,KOAJ,0.9983,99.83,full,0.5039370078740156,0.5039370078740157,9.295275590551176
2026-07-30 00:25:10+00:00,4.859999999999999,4.627,85.0,W,Mostly Clear,False,3.0,0.0,KOAJ,0.9983,99.83,full,0.5039370078740156,0.5039370078740157,9.295275590551176
2026-07-30 00:30:10+00:00,4.9,4.467,82.0,W,Mostly Clear,False,3.0,0.0,KOAJ,0.998,99.8,full,0.5039370078740156,0.5039370078740157,9.295275590551176
2026-07-30 00:35:10+00:00,4.94,4.467,82.0,W,Mostly Clear,False,3.0,0.0,KACZ,0.998,99.8,full,0.5039370078740156,0.5039370078740157,9.295275590551176
2026-07-30 00:40:10+00:00,4.970000000000001,4.467,82.0,W,Mostly Clear,False,3.0,0.0,KOAJ,0.998,99.8,full,0.5039370078740156,0.5039370078740157,9.295275590551176
2026-07-30 00:45:10+00:00,5.0,4.467,82.0,W,Mostly Clear,False,3.0,0.0,KOAJ,0.998,99.8,full,0.5039370078740156,0.5039370078740157,9.295275590551176
2026-07-30 00:50:10+00:00,5.029999999999999,4.467,82.0,W,Mostly Clear,False,3.0,0.0,KOAJ,0.998,99.8,full,0.5039370078740156,0.5039370078740157,9.295275590551176
2026-07-30 00:55:10+00:00,5.05,4.467,82.0,W,Mostly Clear,False,3.0,0.0,KOAJ,0.998,99.8,full,0.5039370078740156,0.5039370078740157,9.295275590551176
2026-07-30 01:00:10+00:00,5.07,4.467,82.0,W,Mostly Clear,False,3.0,0.0,KOAJ,0.998,99.8,full,0.5039370078740156,0.5039370078740157,9.295275590551176
2026-07-30 01:05:10+00:00,5.07,4.467,82.0,W,Mostly Clear,False,3.0,0.0,KOAJ,0.998,99.8,full,0.5039370078740156,0.5039370078740157,9.295275590551176
2026-07-30 01:10:10+00:00,5.07,4.467,82.0,W,Mostly Clear,False,3.0,0.0,KOAJ,0.998,99.8,full,0.5039370078740156,0.5039370078740157,9.295275590551176
2026-07-30 01:15:10+00:00,5.029999999999999,4.467,82.0,W,Mostly Clear,False,3.0,0.0,KACZ,0.998,99.8,full,0.5039370078740156,0.5039370078740157,9.295275590551176
2026-07-30 01:20:10+00:00,4.99,4.467,82.0,W,Mostly Clear,False,3.0,0.0,KOAJ,0.998,99.8,full,0.5039370078740156,0.5039370078740157,9.295275590551176
2026-07-30 01:25:10+00:00,4.96,4.467,82.0,W,Mostly Clear,False,3.0,0.0,KOAJ,0.998,99.8,full,0.5039370078740156,0.5039370078740157,9.295275590551176
2026-07-30 01:30:10+00:00,4.890000000000001,3.826,81.0,W,Mostly Clear,False,3.0,0.0,KACZ,0.9976,99.76,full,0.5039370078740156,0.5039370078740157,9.295275590551176
2026-07-30 01:35:10+00:00,4.85,3.826,81.0,W,Mostly Clear,False,3.0,0.0,KOAJ,0.9976,99.76,full,0.5039370078740156,0.5039370078740157,9.295275590551176
2026-07-30 01:40:10+00:00,4.82,3.826,81.0,W,Mostly Clear,False,3.0,0.0,KOAJ,0.9976,99.76,full,0.5039370078740156,0.5039370078740157,9.295275590551176
2026-07-30 01:45:10+00:00,4.77,3.826,81.0,W,Mostly Clear,False,3.0,0.0,KOAJ,0.9976,99.76,full,0.5039370078740156,0.5039370078740157,9.295275590551176
2026-07-30 01:50:10+00:00,4.71,3.826,81.0,W,Mostly Clear,False,3.0,0.0,KOAJ,0.9976,99.76,full,0.5039370078740156,0.5039370078740157,9.295275590551176
2026-07-30 01:55:10+00:00,4.65,3.826,81.0,W,Mostly Clear,False,3.0,0.0,KOAJ,0.9976,99.76,full,0.5039370078740156,0.5039370078740157,9.295275590551176
2026-07-30 02:00:10+00:00,4.62,3.826,81.0,W,Mostly Clear,False,3.0,0.0,KOAJ,0.9976,99.76,full,0.5039370078740156,0.5039370078740157,9.295275590551176
2026-07-30 02:05:10+00:00,4.5600000000000005,3.826,81.0,W,Mostly Clear,False,3.0,0.0,KOAJ,0.9976,99.76,full,0.5039370078740156,0.5039370078740157,9.295275590551176
2026-07-30 02:10:10+00:00,4.49,3.826,81.0,W,Mostly Clear,False,3.0,0.0,KOAJ,0.9976,99.76,full,0.5039370078740156,0.5039370078740157,9.295275590551176
2026-07-30 02:15:10+00:00,4.45,3.826,81.0,W,Mostly Clear,False,3.0,0.0,KOAJ,0.9976,99.76,full,0.5039370078740156,0.5039370078740157,9.295275590551176
2026-07-30 02:20:10+00:00,4.390000000000001,3.826,81.0,W,Mostly Clear,False,3.0,0.0,KOAJ,0.9976,99.76,full,0.5039370078740156,0.5039370078740157,9.295275590551176
2026-07-30 02:25:10+00:00,4.33,3.826,81.0,W,Mostly Clear,False,3.0,0.0,KOAJ,0.9976,99.76,full,0.5039370078740156,0.5039370078740157,9.295275590551176
2026-07-30 02:30:10+00:00,4.27,2.891,80.0,W,Mostly Clear,False,3.0,0.0,KOAJ,0.9973,99.73,full,0.5039370078740156,0.5039370078740157,9.295275590551176
2026-07-30 02:35:10+00:00,4.21,2.891,80.0,W,Mostly Clear,False,3.0,0.0,KOAJ,0.9973,99.73,full,0.5039370078740156,0.5039370078740157,9.295275590551176
2026-07-30 02:40:10+00:00,4.15,2.891,80.0,W,Mostly Clear,False,3.0,0.0,KOAJ,0.9973,99.73,full,0.5039370078740156,0.5039370078740157,9.295275590551176
2026-07-30 02:45:10+00:00,4.07,2.891,80.0,W,Mostly Clear,False,3.0,0.0,KOAJ,0.9973,99.73,full,0.5039370078740156,0.5039370078740157,9.295275590551176
2026-07-30 02:50:10+00:00,4.01,2.891,80.0,W,Mostly Clear,False,3.0,0.0,KOAJ,0.9973,99.73,full,0.5039370078740156,0.5039370078740157,9.295275590551176
2026-07-30 02:55:10+00:00,3.94,2.891,80.0,W,Mostly Clear,False,3.0,0.0,KOAJ,0.9973,99.73,full,0.5039370078740156,0.5039370078740157,9.295275590551176
2026-07-30 03:00:10+00:00,3.88,2.891,80.0,W,Mostly Clear,False,3.0,0.0,KOAJ,0.9973,99.73,full,0.5039370078740156,0.5039370078740157,9.295275590551176
2026-07-30 03:05:10+00:00,3.82,2.891,80.0,W,Mostly Clear,False,3.0,0.0,KOAJ,0.9973,99.73,full,0.5039370078740156,0.5039370078740157,9.295275590551176
2026-07-30 03:10:10+00:00,3.75,2.891,80.0,W,Mostly Clear,False,3.0,0.0,KOAJ,0.9973,99.73,full,0.5039370078740156,0.5039370078740157,9.295275590551176
2026-07-30 03:15:10+00:00,3.7,2.891,80.0,W,Mostly Clear,False,3.0,0.0,KOAJ,0.9973,99.73,full,0.5039370078740156,0.5039370078740157,9.295275590551176
2026-07-30 03:20:10+00:00,3.63,2.891,80.0,W,Mostly Clear,False,3.0,0.0,KOAJ,0.9973,99.73,full,0.5039370078740156,0.5039370078740157,9.295275590551176
2026-07-30 03:25:10+00:00,3.55,2.891,80.0,W,Mostly Clear,False,3.0,0.0,KOAJ,0.9973,99.73,full,0.5039370078740156,0.5039370078740157,9.295275590551176
2026-07-30 03:30:10+00:00,3.46,1.886,79.0,W,Mostly Clear,False,3.0,0.0,KOAJ,0.9968,99.68,full,0.5039370078740156,0.5039370078740157,9.295275590551176
2026-07-30 03:35:10+00:00,3.4,1.886,79.0,W,Mostly Clear,False,3.0,0.0,KOAJ,0.9968,99.68,full,0.3543307086614172,0.5039370078740157,9.295275590551176
2026-07-30 03:40:10+00:00,3.33,1.886,79.0,W,Mostly Clear,False,3.0,0.0,KOAJ,0.9968,99.68,full,0.35433070866141714,0.5039370078740157,9.295275590551176
2026-07-30 03:45:10+00:00,3.25,1.886,79.0,W,Mostly Clear,False,3.0,0.0,KOAJ,0.9968,99.68,full,0.35433070866141714,0.5039370078740157,9.295275590551176
2026-07-30 03:50:10+00:00,3.19,1.886,79.0,W,Mostly Clear,False,3.0,0.0,KOAJ,0.9968,99.68,full,0.35433070866141714,0.5039370078740157,9.295275590551176
2026-07-30 03:55:10+00:00,3.14,1.886,79.0,W,Mostly Clear,False,3.0,0.0,KOAJ,0.9968,99.68,full,0.35433070866141714,0.5039370078740157,9.295275590551176
2026-07-30 04:00:10+00:00,3.0700000000000003,1.886,79.0,W,Mostly Clear,False,3.0,0.0,KOAJ,0.9968,99.68,full,0.35433070866141714,0.5039370078740157,9.295275590551176
2026-07-30 04:05:10+00:00,2.99,1.886,79.0,W,Mostly Clear,False,3.0,0.0,KOAJ,0.9968,99.68,full,0.35433070866141714,0.5039370078740157,9.295275590551176
2026-07-30 04:10:10+00:00,2.93,1.886,79.0,W,Mostly Clear,False,3.0,0.0,KOAJ,0.9968,99.68,full,0.35433070866141714,0.5039370078740157,9.295275590551176
2026-07-30 04:15:10+00:00,2.88,1.886,79.0,W,Mostly Clear,False,3.0,0.0,KOAJ,0.9968,99.68,full,0.35433070866141714,0.5039370078740157,9.295275590551176
2026-07-30 04:20:10+00:00,2.83,1.886,79.0,W,Mostly Clear,False,3.0,0.0,KOAJ,0.9968,99.68,full,0.35433070866141714,0.5039370078740157,9.295275590551176
2026-07-30 04:25:10+00:00,2.76,1.886,79.0,W,Mostly Clear,False,3.0,0.0,KOAJ,0.9968,99.68,full,0.35433070866141714,0.5039370078740157,9.295275590551176
2026-07-30 04:30:10+00:00,2.7,1.004,78.0,W,Mostly Clear,False,3.0,0.0,KOAJ,0.9964,99.64,full,0.35433070866141714,0.5039370078740157,9.295275590551176
2026-07-30 04:35:10+00:00,2.64,1.004,78.0,W,Mostly Clear,False,3.0,0.0,KOAJ,0.9964,99.64,full,0.023622047244094346,0.5039370078740157,9.295275590551176
2026-07-30 04:40:10+00:00,2.54,1.004,78.0,W,Mostly Clear,False,3.0,0.0,KOAJ,0.9964,99.64,full,0.023622047244094346,0.5039370078740157,9.295275590551176
2026-07-30 04:45:10+00:00,2.48,1.004,78.0,W,Mostly Clear,False,3.0,0.0,KOAJ,0.9964,99.64,full,0.023622047244094346,0.5039370078740157,9.295275590551176
2026-07-30 04:50:10+00:00,2.4,1.004,78.0,W,Mostly Clear,False,3.0,0.0,KOAJ,0.9964,99.64,full,0.023622047244094346,0.5039370078740157,9.295275590551176
2026-07-30 04:55:10+00:00,2.33,1.004,78.0,W,Mostly Clear,False,3.0,0.0,KOAJ,0.9964,99.64,full,0.023622047244094346,0.5039370078740157,9.295275590551176
2026-07-30 05:00:10+00:00,2.25,1.004,78.0,W,Mostly Clear,False,3.0,0.0,KOAJ,0.9964,99.64,full,0.023622047244094346,0.5039370078740157,9.295275590551176
2026-07-30 05:05:10+00:00,2.17,1.004,78.0,W,Mostly Clear,False,3.0,0.0,KOAJ,0.9964,99.64,full,0.023622047244094346,0.5039370078740157,9.295275590551176
2026-07-30 05:10:10+00:00,2.12,1.004,78.0,W,Mostly Clear,False,3.0,0.0,KOAJ,0.9964,99.64,full,0.023622047244094346,0.5039370078740157,9.295275590551176
2026-07-30 05:15:10+00:00,2.03,1.004,78.0,W,Mostly Clear,False,3.0,0.0,KOAJ,0.9964,99.64,full,0.023622047244094346,0.5039370078740157,9.295275590551176
2026-07-30 05:20:10+00:00,1.97,1.004,78.0,W,Mostly Clear,False,3.0,0.0,KOAJ,0.9964,99.64,full,0.023622047244094346,0.5039370078740157,9.295275590551176
2026-07-30 05:25:10+00:00,1.88,1.004,78.0,W,Mostly Clear,False,3.0,0.0,KOAJ,0.9964,99.64,full,0.023622047244094346,0.5039370078740157,9.295275590551176
2026-07-30 05:30:10+00:00,1.82,0.439,76.0,NW,Mostly Clear,False,3.0,0.0,KOAJ,0.9959,99.59,full,0.023622047244094346,0.5039370078740157,9.295275590551176
2026-07-30 05:35:10+00:00,1.77,0.439,76.0,NW,Mostly Clear,False,3.0,0.0,KOAJ,0.9959,99.59,full,0.023622047244094346,0.5039370078740157,9.295275590551176
2026-07-30 05:40:10+00:00,1.69,0.439,76.0,NW,Mostly Clear,False,3.0,0.0,KOAJ,0.9959,99.59,full,0.023622047244094346,0.5039370078740157,9.295275590551176
2026-07-30 05:45:10+00:00,1.61,0.439,76.0,NW,Mostly Clear,False,3.0,0.0,KOAJ,0.9959,99.59,full,0.023622047244094346,0.5039370078740157,9.295275590551176
2026-07-30 05:50:10+00:00,1.53,0.439,76.0,NW,Mostly Clear,False,3.0,0.0,KOAJ,0.9959,99.59,full,0.023622047244094346,0.5039370078740157,9.295275590551176
2026-07-30 05:55:10+00:00,1.47,0.439,76.0,NW,Mostly Clear,False,3.0,0.0,KOAJ,0.9959,99.59,full,0.023622047244094346,0.5039370078740157,9.295275590551176
2026-07-30 06:00:10+00:00,1.41,0.439,76.0,NW,Mostly Clear,False,3.0,0.0,KOAJ,0.9959,99.59,full,0.023622047244094346,0.5039370078740157,9.295275590551176
2026-07-30 06:05:10+00:00,1.35,0.439,76.0,NW,Mostly Clear,False,3.0,0.0,KOAJ,0.9959,99.59,full,0.023622047244094346,0.5039370078740157,9.295275590551176
2026-07-30 06:10:10+00:00,1.28,0.439,76.0,NW,Mostly Clear,False,3.0,0.0,KOAJ,0.9959,99.59,full,0.023622047244094346,0.5039370078740157,9.295275590551176
2026-07-30 06:15:10+00:00,1.22,0.439,76.0,NW,Mostly Clear,False,3.0,0.0,KOAJ,0.9959,99.59,full,0.011811023622047145,0.5039370078740157,9.295275590551176
2026-07-30 06:20:10+00:00,1.15,0.439,76.0,NW,Mostly Clear,False,3.0,0.0,KOAJ,0.9959,99.59,full,0.011811023622047145,0.5039370078740157,9.295275590551176
2026-07-30 06:25:10+00:00,1.09,0.439,76.0,NW,Mostly Clear,False,3.0,0.0,KOAJ,0.9959,99.59,full,0.011811023622047145,0.5039370078740157,9.295275590551176
2026-07-30 06:30:10+00:00,1.03,0.372,75.0,NW,Mostly Clear,False,3.0,0.0,KOAJ,0.9954,99.54,full,0.011811023622047145,0.5039370078740157,9.295275590551176
2026-07-30 06:35:10+00:00,0.98,0.372,75.0,NW,Mostly Clear,False,3.0,0.0,KOAJ,0.9954,99.54,full,0.0,0.5039370078740157,9.295275590551176
2026-07-30 06:40:10+00:00,0.93,0.372,75.0,NW,Mostly Clear,False,3.0,0.0,KOAJ,0.9954,99.54,full,0.0,0.5039370078740157,9.295275590551176
2026-07-30 06:45:10+00:00,0.8899999999999999,0.372,75.0,NW,Mostly Clear,False,3.0,0.0,KOAJ,0.9954,99.54,full,0.0,0.5039370078740157,9.295275590551176
2026-07-30 06:50:10+00:00,0.8300000000000001,0.372,75.0,NW,Mostly Clear,False,3.0,0.0,KOAJ,0.9954,99.54,full,0.0,0.5039370078740157,9.295275590551176
2026-07-30 06:55:10+00:00,0.76,0.372,75.0,NW,Mostly Clear,False,3.0,0.0,KOAJ,0.9954,99.54,full,0.0,0.5039370078740157,9.295275590551176
2026-07-30 07:00:10+00:00,0.7,0.372,75.0,NW,Mostly Clear,False,3.0,0.0,KOAJ,0.9954,99.54,full,0.0,0.5039370078740157,9.295275590551176
2026-07-30 07:05:10+00:00,0.6499999999999999,0.372,75.0,NW,Mostly Clear,False,3.0,0.0,KOAJ,0.9954,99.54,full,0.0,0.5039370078740157,9.295275590551176
2026-07-30 07:10:10+00:00,0.5900000000000001,0.372,75.0,NW,Mostly Clear,False,3.0,0.0,KOAJ,0.9954,99.54,full,0.0,0.5039370078740157,9.295275590551176
2026-07-30 07:15:10+00:00,0.54,0.372,75.0,NW,Mostly Clear,False,3.0,0.0,KOAJ,0.9954,99.54,full,0.0,0.5039370078740157,9.295275590551176
2026-07-30 07:20:10+00:00,0.51,0.372,75.0,NW,Mostly Clear,False,3.0,0.0,KOAJ,0.9954,99.54,full,0.0,0.5039370078740157,9.295275590551176
2026-07-30 07:25:10+00:00,0.49,0.372,75.0,NW,Mostly Clear,False,3.0,0.0,KOAJ,0.9954,99.54,full,0.0,0.5039370078740157,9.295275590551176
2026-07-30 07:30:10+00:00,0.49,0.843,74.0,NW,Mostly Clear,False,5.0,0.0,KOAJ,0.9948,99.48,full,0.0,0.5039370078740157,9.295275590551176
2026-07-30 07:35:10+00:00,0.4599999999999999,0.843,74.0,NW,Mostly Clear,False,5.0,0.0,KOAJ,0.9948,99.48,full,0.0,0.5039370078740157,9.295275590551176
2026-07-30 07:40:10+00:00,0.48,0.843,74.0,NW,Mostly Clear,False,5.0,0.0,KOAJ,0.9948,99.48,full,0.0,0.5039370078740157,9.295275590551176
2026-07-30 07:45:10+00:00,0.5,0.843,74.0,NW,Mostly Clear,False,5.0,0.0,KOAJ,0.9948,99.48,full,0.0,0.5039370078740157,9.295275590551176
2026-07-30 07:50:10+00:00,0.48,0.843,74.0,NW,Mostly Clear,False,5.0,0.0,KOAJ,0.9948,99.48,full,0.0,0.5039370078740157,9.295275590551176
2026-07-30 07:55:10+00:00,0.51,0.843,74.0,NW,Mostly Clear,False,5.0,0.0,KOAJ,0.9948,99.48,full,0.0,0.5039370078740157,9.295275590551176
2026-07-30 08:00:10+00:00,0.5700000000000001,0.843,74.0,NW,Mostly Clear,False,5.0,0.0,KOAJ,0.9948,99.48,full,0.0,0.5039370078740157,9.295275590551176
2026-07-30 08:05:10+00:00,0.6100000000000001,0.843,74.0,NW,Mostly Clear,False,5.0,0.0,KOAJ,0.9948,99.48,full,0.0,0.5039370078740157,9.295275590551176
2026-07-30 08:10:10+00:00,0.6799999999999999,0.843,74.0,NW,Mostly Clear,False,5.0,0.0,KOAJ,0.9948,99.48,full,0.0,0.5039370078740157,9.295275590551176
2026-07-30 08:15:10+00:00,0.7,0.843,74.0,NW,Mostly Clear,False,5.0,0.0,KOAJ,0.9948,99.48,full,0.0,0.5039370078740157,9.295275590551176
2026-07-30 08:20:10+00:00,0.69,0.843,74.0,NW,Mostly Clear,False,5.0,0.0,KOAJ,0.9948,99.48,full,0.0,0.5039370078740157,9.295275590551176
2026-07-30 08:25:10+00:00,0.74,0.843,74.0,NW,Mostly Clear,False,5.0,0.0,KOAJ,0.9948,99.48,full,0.0,0.5039370078740157,9.295275590551176
2026-07-30 08:30:10+00:00,0.8300000000000001,1.67,73.0,NW,Mostly Clear,False,5.0,0.0,KOAJ,0.9942,99.42,full,0.0,0.5039370078740157,9.295275590551176
2026-07-30 08:35:10+00:00,0.8999999999999999,1.67,73.0,NW,Mostly Clear,False,5.0,0.0,KOAJ,0.9942,99.42,full,0.0,0.5039370078740157,9.295275590551176
2026-07-30 08:40:10+00:00,0.98,1.67,73.0,NW,Mostly Clear,False,5.0,0.0,KOAJ,0.9942,99.42,full,0.0,0.5039370078740157,9.295275590551176
2026-07-30 08:45:10+00:00,1.06,1.67,73.0,NW,Mostly Clear,False,5.0,0.0,KOAJ,0.9942,99.42,full,0.0,0.5039370078740157,9.295275590551176
2026-07-30 08:50:10+00:00,1.12,1.67,73.0,NW,Mostly Clear,False,5.0,0.0,KOAJ,0.9942,99.42,full,0.0,0.5039370078740157,9.295275590551176
2026-07-30 08:55:10+00:00,1.17,1.67,73.0,NW,Mostly Clear,False,5.0,0.0,KOAJ,0.9942,99.42,full,0.0,0.5039370078740157,9.295275590551176
2026-07-30 09:00:10+00:00,1.22,1.67,73.0,NW,Mostly Clear,False,5.0,0.0,KOAJ,0.9942,99.42,full,0.0,0.5039370078740157,9.295275590551176
2026-07-30 09:05:10+00:00,1.27,1.67,73.0,NW,Mostly Clear,False,5.0,0.0,KOAJ,0.9942,99.42,full,0.0,0.5039370078740157,9.295275590551176
2026-07-30 09:10:10+00:00,1.34,1.67,73.0,NW,Mostly Clear,False,5.0,0.0,KOAJ,0.9942,99.42,full,0.0,0.5039370078740157,9.295275590551176
2026-07-30 09:15:10+00:00,1.4,1.67,73.0,NW,Mostly Clear,False,5.0,0.0,KOAJ,0.9942,99.42,full,0.0,0.5039370078740157,9.295275590551176
2026-07-30 09:20:10+00:00,1.47,1.67,73.0,NW,Mostly Clear,False,5.0,0.0,KMEB,0.9942,99.42,full,0.0,0.5039370078740157,9.295275590551176
2026-07-30 09:25:10+00:00,1.52,1.67,73.0,NW,Mostly Clear,False,5.0,0.0,KMEB,0.9942,99.42,full,0.0,0.5039370078740157,9.295275590551176
2026-07-30 09:30:10+00:00,1.55,2.558,73.0,NW,Sunny,True,6.0,0.0,KMEB,0.9936,99.36,full,0.0,0.5039370078740157,9.295275590551176
2026-07-30 09:35:10+00:00,1.56,2.558,73.0,NW,Sunny,True,6.0,0.0,KMQI,0.9936,99.36,full,0.0,0.5039370078740157,9.295275590551176
2026-07-30 09:40:10+00:00,1.6,2.558,73.0,NW,Sunny,True,6.0,0.0,KMEB,0.9936,99.36,full,0.0,0.5039370078740157,9.295275590551176
2026-07-30 09:45:10+00:00,1.64,2.558,73.0,NW,Sunny,True,6.0,0.0,KMEB,0.9936,99.36,full,0.0,0.5039370078740157,9.295275590551176
2026-07-30 09:50:10+00:00,1.68,2.558,73.0,NW,Sunny,True,6.0,0.0,KMEB,0.9936,99.36,full,0.0,0.5039370078740157,9.295275590551176
2026-07-30 09:55:10+00:00,1.7,2.558,73.0,NW,Sunny,True,6.0,0.0,KFBG,0.9936,99.36,full,0.0,0.5039370078740157,9.295275590551176
2026-07-30 10:00:10+00:00,1.75,2.558,73.0,NW,Sunny,True,6.0,0.0,KMEB,0.9936,99.36,full,0.0,0.5039370078740157,9.295275590551176
2026-07-30 10:05:10+00:00,1.82,2.558,73.0,NW,Sunny,True,6.0,0.0,KMEB,0.9936,99.36,full,0.0,0.5039370078740157,9.295275590551176
2026-07-30 10:10:10+00:00,1.91,2.558,73.0,NW,Sunny,True,6.0,0.0,KMEB,0.9936,99.36,full,0.0,0.5039370078740157,9.295275590551176
2026-07-30 10:15:10+00:00,1.98,2.558,73.0,NW,Sunny,True,6.0,0.0,KMQI,0.9936,99.36,full,0.0,0.5039370078740157,9.295275590551176
2026-07-30 10:20:10+00:00,2.04,2.558,73.0,NW,Sunny,True,6.0,0.0,KMEB,0.9936,99.36,full,0.0,0.5039370078740157,9.295275590551176
2026-07-30 10:25:10+00:00,2.12,2.558,73.0,NW,Sunny,True,6.0,0.0,KMEB,0.9936,99.36,full,0.0,0.5039370078740157,9.295275590551176
2026-07-30 10:30:10+00:00,2.18,3.267,74.0,NW,Sunny,True,6.0,0.0,KMEB,0.9929,99.29,full,0.0,0.5039370078740157,9.295275590551176
2026-07-30 10:35:10+00:00,2.26,3.267,74.0,NW,Sunny,True,6.0,0.0,KMQI,0.9929,99.29,full,0.0,0.5039370078740157,9.295275590551176
2026-07-30 10:40:10+00:00,2.35,3.267,74.0,NW,Sunny,True,6.0,0.0,KMEB,0.9929,99.29,full,0.0,0.5039370078740157,9.295275590551176
2026-07-30 10:45:10+00:00,2.41,3.267,74.0,NW,Sunny,True,6.0,0.0,KMEB,0.9929,99.29,full,0.0,0.5039370078740157,9.295275590551176
2026-07-30 10:50:10+00:00,2.47,3.267,74.0,NW,Sunny,True,6.0,0.0,KMEB,0.9929,99.29,full,0.0,0.5039370078740157,9.295275590551176
2026-07-30 10:55:10+00:00,2.51,3.267,74.0,NW,Sunny,True,6.0,0.0,KFBG,0.9929,99.29,full,0.0,0.5039370078740157,9.295275590551176
2026-07-30 11:00:10+00:00,2.57,3.267,74.0,NW,Sunny,True,6.0,0.0,KMEB,0.9929,99.29,full,0.0,0.5039370078740157,9.295275590551176
2026-07-30 11:05:10+00:00,2.66,3.267,74.0,NW,Sunny,True,6.0,0.0,KMEB,0.9929,99.29,full,0.0,0.5039370078740157,9.295275590551176
2026-07-30 11:10:10+00:00,2.73,3.267,74.0,NW,Sunny,True,6.0,0.0,KMEB,0.9929,99.29,full,0.0,0.5039370078740157,9.295275590551176
2026-07-30 11:15:10+00:00,2.79,3.267,74.0,NW,Sunny,True,6.0,0.0,KMQI,0.9929,99.29,full,0.0,0.5039370078740157,9.295275590551176
2026-07-30 11:20:10+00:00,2.86,3.267,74.0,NW,Sunny,True,6.0,0.0,KMEB,0.9929,99.29,full,0.0,0.5039370078740157,9.295275590551176
2026-07-30 11:25:10+00:00,2.91,3.267,74.0,NW,Sunny,True,6.0,0.0,KMEB,0.9929,99.29,full,0.0,0.5039370078740157,9.295275590551176
2026-07-30 11:30:10+00:00,2.97,3.646,75.0,NW,Sunny,True,7.0,0.0,KMEB,0.9922,99.22,full,0.0,0.5039370078740157,9.295275590551176
2026-07-30 11:35:10+00:00,3.03,3.646,75.0,NW,Sunny,True,7.0,0.0,KMQI,0.9922,99.22,full,0.0,0.5039370078740157,9.295275590551176
2026-07-30 11:40:10+00:00,3.1,3.646,75.0,NW,Sunny,True,7.0,0.0,KMEB,0.9922,99.22,full,0.0,0.5039370078740157,9.295275590551176
2026-07-30 11:45:10+00:00,3.13,3.646,75.0,NW,Sunny,True,7.0,0.0,KMEB,0.9922,99.22,full,0.0,0.5039370078740157,9.295275590551176
2026-07-30 11:50:10+00:00,3.19,3.646,75.0,NW,Sunny,True,7.0,0.0,KMEB,0.9922,99.22,full,0.0,0.5039370078740157,9.295275590551176
2026-07-30 11:55:10+00:00,3.25,3.646,75.0,NW,Sunny,True,7.0,0.0,KFBG,0.9922,99.22,full,0.0,0.5039370078740157,9.295275590551176
2026-07-30 12:00:10+00:00,3.3,3.646,75.0,NW,Sunny,True,7.0,0.0,KMEB,0.9922,99.22,full,0.0,0.5039370078740157,9.295275590551176
2026-07-30 12:05:10+00:00,3.35,3.646,75.0,NW,Sunny,True,7.0,0.0,KMEB,0.9922,99.22,full,0.0,0.5039370078740157,9.295275590551176
2026-07-30 12:10:10+00:00,3.4,3.646,75.0,NW,Sunny,True,7.0,0.0,KMEB,0.9922,99.22,full,0.0,0.5039370078740157,9.295275590551176
2026-07-30 12:15:10+00:00,3.45,3.646,75.0,NW,Sunny,True,7.0,0.0,KMQI,0.9922,99.22,full,0.0,0.5039370078740157,9.295275590551176
2026-07-30 12:20:10+00:00,3.47,3.646,75.0,NW,Sunny,True,7.0,0.0,KMEB,0.9922,99.22,full,0.0,0.5039370078740157,9.295275590551176
2026-07-30 12:25:10+00:00,3.52,3.646,75.0,NW,Sunny,True,7.0,0.0,KMEB,0.9922,99.22,full,0.0,0.5039370078740157,9.295275590551176
2026-07-30 12:30:10+00:00,3.58,3.607,78.0,NW,Sunny,True,7.0,0.0,KMEB,0.9915,99.15,full,0.0,0.5039370078740157,9.295275590551176
2026-07-30 12:35:10+00:00,3.62,3.607,78.0,NW,Sunny,True,7.0,0.0,KMQI,0.9915,99.15,full,0.0,0.5039370078740157,9.295275590551176
2026-07-30 12:40:10+00:00,3.68,3.607,78.0,NW,Sunny,True,7.0,0.0,KMEB,0.9915,99.15,full,0.0,0.5039370078740157,9.295275590551176
2026-07-30 12:45:10+00:00,3.73,3.607,78.0,NW,Sunny,True,7.0,0.0,KMEB,0.9915,99.15,full,0.0,0.5039370078740157,9.295275590551176
2026-07-30 12:50:10+00:00,3.78,3.607,78.0,NW,Sunny,True,7.0,0.0,KMEB,0.9915,99.15,full,0.0,0.5039370078740157,9.295275590551176
2026-07-30 12:55:10+00:00,3.82,3.607,78.0,NW,Sunny,True,7.0,0.0,KFBG,0.9915,99.15,full,0.0,0.5039370078740157,9.295275590551176
2026-07-30 13:00:10+00:00,3.85,3.607,78.0,NW,Sunny,True,7.0,0.0,KMEB,0.9915,99.15,full,0.0,0.5039370078740157,9.295275590551176
2026-07-30 13:05:10+00:00,3.88,3.607,78.0,NW,Sunny,True,7.0,0.0,KMEB,0.9915,99.15,full,0.0,0.5039370078740157,9.295275590551176
2026-07-30 13:10:10+00:00,3.9,3.607,78.0,NW,Sunny,True,7.0,0.0,KMEB,0.9915,99.15,full,0.0,0.5039370078740157,9.295275590551176
2026-07-30 13:15:10+00:00,3.93,3.607,78.0,NW,Sunny,True,7.0,0.0,KMQI,0.9915,99.15,full,0.0,0.5039370078740157,9.295275590551176
2026-07-30 13:20:10+00:00,3.94,3.607,78.0,NW,Sunny,True,7.0,0.0,KMEB,0.9915,99.15,full,0.0,0.5039370078740157,9.295275590551176
2026-07-30 13:25:10+00:00,3.94,3.607,78.0,NW,Sunny,True,7.0,0.0,KMEB,0.9915,99.15,full,0.0,0.5039370078740157,9.295275590551176
2026-07-30 13:30:10+00:00,3.92,3.153,81.0,NW,Sunny,True,7.0,0.0,KMEB,0.9907,99.07,full,0.0,0.5039370078740157,9.295275590551176
2026-07-30 13:35:10+00:00,3.93,3.153,81.0,NW,Sunny,True,7.0,0.0118110236220472,KMQI,0.9907,99.07,full,0.011811023622047145,0.5157480314960629,9.307086614173224
2026-07-30 13:40:10+00:00,3.9,3.153,81.0,NW,Sunny,True,7.0,0.0,KMEB,0.9907,99.07,full,0.011811023622047145,0.5157480314960629,9.307086614173224
2026-07-30 13:45:10+00:00,3.92,3.153,81.0,NW,Sunny,True,7.0,0.0,KMEB,0.9907,99.07,full,0.011811023622047145,0.5157480314960629,9.307086614173224
2026-07-30 13:50:10+00:00,3.89,3.153,81.0,NW,Sunny,True,7.0,0.0,KMEB,0.9907,99.07,full,0.011811023622047145,0.5157480314960629,9.307086614173224
2026-07-30 13:55:10+00:00,3.81,3.153,81.0,NW,Sunny,True,7.0,0.0393700787401574,KFBG,0.9907,99.07,full,0.05118110236220455,0.5551181102362203,9.346456692913382
2026-07-30 14:00:10+00:00,3.78,3.153,81.0,NW,Sunny,True,7.0,0.0,KMEB,0.9907,99.07,full,0.05118110236220455,0.5551181102362203,9.346456692913382
2026-07-30 14:05:10+00:00,3.72,3.153,81.0,NW,Sunny,True,7.0,0.0,KMEB,0.9907,99.07,full,0.05118110236220455,0.5551181102362203,9.346456692913382
2026-07-30 14:10:10+00:00,3.68,3.153,81.0,NW,Sunny,True,7.0,0.0,KMEB,0.9907,99.07,full,0.05118110236220455,0.5551181102362203,9.346456692913382
2026-07-30 14:15:10+00:00,3.59,3.153,81.0,NW,Sunny,True,7.0,0.0,KMQI,0.9907,99.07,full,0.05118110236220455,0.5551181102362203,9.346456692913382
2026-07-30 14:20:10+00:00,3.58,3.153,81.0,NW,Sunny,True,7.0,0.0,KMEB,0.9907,99.07,full,0.05118110236220455,0.5551181102362203,9.346456692913382
2026-07-30 14:25:10+00:00,3.53,3.153,81.0,NW,Sunny,True,7.0,0.0,KMEB,0.9907,99.07,full,0.05118110236220455,0.5551181102362203,9.346456692913382
2026-07-30 14:30:10+00:00,3.5,2.419,84.0,NW,Sunny,True,6.0,0.0,KMEB,0.9899,98.99,full,0.05118110236220455,0.5551181102362203,9.346456692913382
2026-07-30 14:35:10+00:00,3.41,2.419,84.0,NW,Sunny,True,6.0,0.0,KMQI,0.9899,98.99,full,0.05118110236220455,0.5551181102362203,9.346456692913382
2026-07-30 14:40:10+00:00,3.35,2.419,84.0,NW,Sunny,True,6.0,0.0,KMEB,0.9899,98.99,full,0.05118110236220455,0.5551181102362203,9.346456692913382
2026-07-30 14:45:10+00:00,3.27,2.419,84.0,NW,Sunny,True,6.0,0.0,KMEB,0.9899,98.99,full,0.05118110236220455,0.5551181102362203,9.346456692913382
2026-07-30 14:50:10+00:00,3.24,2.419,84.0,NW,Sunny,True,6.0,0.0,KMEB,0.9899,98.99,full,0.05118110236220455,0.5551181102362203,9.346456692913382
2026-07-30 14:55:10+00:00,3.18,2.419,84.0,NW,Sunny,True,6.0,0.0,KFBG,0.9899,98.99,full,0.05118110236220455,0.5551181102362203,9.346456692913382
2026-07-30 15:00:10+00:00,3.16,2.419,84.0,NW,Sunny,True,6.0,0.0,KMEB,0.9899,98.99,full,0.05118110236220455,0.5551181102362203,9.346456692913382
2026-07-30 15:05:10+00:00,3.1,2.419,84.0,NW,Sunny,True,6.0,0.0,KMEB,0.9899,98.99,full,0.05118110236220455,0.5551181102362203,9.346456692913382
2026-07-30 15:10:10+00:00,3.05,2.419,84.0,NW,Sunny,True,6.0,0.0,KMEB,0.9899,98.99,full,0.05118110236220455,0.5551181102362203,9.346456692913382
2026-07-30 15:15:10+00:00,3.02,2.419,84.0,NW,Sunny,True,6.0,0.0,KMQI,0.9899,98.99,full,0.05118110236220455,0.5551181102362203,9.346456692913382
2026-07-30 15:20:10+00:00,2.96,2.419,84.0,NW,Sunny,True,6.0,0.0,KMEB,0.9899,98.99,full,0.05118110236220455,0.5551181102362203,9.346456692913382
2026-07-30 15:25:10+00:00,2.92,2.419,84.0,NW,Sunny,True,6.0,0.0,KMEB,0.9899,98.99,full,0.05118110236220455,0.5551181102362203,9.346456692913382
2026-07-30 15:30:10+00:00,2.83,1.6,87.0,NW,Sunny,True,6.0,0.0,KMEB,0.9891,98.91,full,0.05118110236220455,0.5551181102362203,9.346456692913382
2026-07-30 15:35:10+00:00,2.79,1.6,87.0,NW,Sunny,True,6.0,0.0,KMQI,0.9891,98.91,full,0.05118110236220455,0.5551181102362203,9.346456692913382
2026-07-30 15:40:10+00:00,2.76,1.6,87.0,NW,Sunny,True,6.0,0.0,KMEB,0.9891,98.91,full,0.05118110236220455,0.5551181102362203,9.346456692913382
2026-07-30 15:45:10+00:00,2.7,1.6,87.0,NW,Sunny,True,6.0,0.0,KMEB,0.9891,98.91,full,0.05118110236220455,0.5551181102362203,9.346456692913382
2026-07-30 15:50:10+00:00,2.64,1.6,87.0,NW,Sunny,True,6.0,0.0,KMEB,0.9891,98.91,full,0.05118110236220455,0.5551181102362203,9.346456692913382
2026-07-30 15:55:10+00:00,2.56,1.6,87.0,NW,Sunny,True,6.0,0.0,KFBG,0.9891,98.91,full,0.05118110236220455,0.5551181102362203,9.346456692913382
2026-07-30 16:00:10+00:00,2.52,1.6,87.0,NW,Sunny,True,6.0,0.0,KMEB,0.9891,98.91,full,0.05118110236220455,0.5551181102362203,9.346456692913382
2026-07-30 16:05:10+00:00,2.46,1.6,87.0,NW,Sunny,True,6.0,0.0,KMEB,0.9891,98.91,full,0.05118110236220455,0.5551181102362203,9.346456692913382
2026-07-30 16:10:10+00:00,2.4,1.6,87.0,NW,Sunny,True,6.0,0.0,KMEB,0.9891,98.91,full,0.05118110236220455,0.5551181102362203,9.346456692913382
2026-07-30 16:15:10+00:00,2.31,1.6,87.0,NW,Sunny,True,6.0,0.0,KMQI,0.9891,98.91,full,0.05118110236220455,0.5551181102362203,9.346456692913382
2026-07-30 16:20:10+00:00,2.26,1.6,87.0,NW,Sunny,True,6.0,0.0,KMEB,0.9891,98.91,full,0.05118110236220455,0.5551181102362203,9.346456692913382
2026-07-30 16:25:10+00:00,2.18,1.6,87.0,NW,Sunny,True,6.0,0.0,KMEB,0.9891,98.91,full,0.05118110236220455,0.5551181102362203,9.346456692913382
2026-07-30 16:30:10+00:00,2.11,0.868,89.0,W,Sunny,True,6.0,0.0,KMEB,0.9882,98.82,full,0.05118110236220455,0.5551181102362203,9.346456692913382
2026-07-30 16:35:10+00:00,2.06,0.868,89.0,W,Sunny,True,6.0,0.0,KMQI,0.9882,98.82,full,0.05118110236220455,0.5551181102362203,9.346456692913382
2026-07-30 16:40:10+00:00,2.0,0.868,89.0,W,Sunny,True,6.0,0.0,KMEB,0.9882,98.82,full,0.05118110236220455,0.5551181102362203,9.346456692913382
2026-07-30 16:45:10+00:00,1.94,0.868,89.0,W,Sunny,True,6.0,0.0,KMEB,0.9882,98.82,full,0.05118110236220455,0.5551181102362203,9.346456692913382
2026-07-30 16:50:10+00:00,1.86,0.868,89.0,W,Sunny,True,6.0,0.0,KMEB,0.9882,98.82,full,0.05118110236220455,0.5551181102362203,9.346456692913382
2026-07-30 16:55:10+00:00,1.79,0.868,89.0,W,Sunny,True,6.0,0.0,KFBG,0.9882,98.82,full,0.05118110236220455,0.5551181102362203,9.346456692913382
2026-07-30 17:00:10+00:00,1.74,0.868,89.0,W,Sunny,True,6.0,0.0,KMEB,0.9882,98.82,full,0.05118110236220455,0.5551181102362203,9.346456692913382
2026-07-30 17:05:10+00:00,1.68,0.868,89.0,W,Sunny,True,6.0,0.0,KMEB,0.9882,98.82,full,0.05118110236220455,0.5551181102362203,9.346456692913382
2026-07-30 17:10:10+00:00,1.62,0.868,89.0,W,Sunny,True,6.0,0.0,KMEB,0.9882,98.82,full,0.05118110236220455,0.5551181102362203,9.346456692913382
2026-07-30 17:15:10+00:00,1.54,0.868,89.0,W,Sunny,True,6.0,0.0,KMQI,0.9882,98.82,full,0.05118110236220455,0.5551181102362203,9.346456692913382
2026-07-30 17:20:10+00:00,1.48,0.868,89.0,W,Sunny,True,6.0,0.0,KMEB,0.9882,98.82,full,0.05118110236220455,0.5551181102362203,9.346456692913382
2026-07-30 17:25:10+00:00,1.44,0.868,89.0,W,Sunny,True,6.0,0.0,KMEB,0.9882,98.82,full,0.05118110236220455,0.5551181102362203,9.346456692913382
2026-07-30 17:30:10+00:00,1.38,0.387,90.0,W,Sunny,True,6.0,0.0,KMEB,0.9873,98.73,full,0.05118110236220455,0.5551181102362203,9.346456692913382
2026-07-30 17:35:10+00:00,1.29,0.387,90.0,W,Sunny,True,6.0,0.0,KMQI,0.9873,98.73,full,0.05118110236220455,0.5551181102362203,9.334645669291335
2026-07-30 17:40:10+00:00,1.24,0.387,90.0,W,Sunny,True,6.0,0.0,KMEB,0.9873,98.73,full,0.05118110236220455,0.5551181102362203,9.322834645669287
2026-07-30 17:45:10+00:00,1.17,0.387,90.0,W,Sunny,True,6.0,0.0,KMEB,0.9873,98.73,full,0.05118110236220455,0.5551181102362203,9.322834645669287
2026-07-30 17:50:10+00:00,1.11,0.387,90.0,W,Sunny,True,6.0,0.0,KMEB,0.9873,98.73,full,0.05118110236220455,0.5551181102362203,9.322834645669287
2026-07-30 17:55:10+00:00,1.06,0.387,90.0,W,Sunny,True,6.0,0.0,KFBG,0.9873,98.73,full,0.05118110236220455,0.5551181102362203,9.232283464566924
2026-07-30 18:00:10+00:00,1.0,0.387,90.0,W,Sunny,True,6.0,0.0,KMEB,0.9873,98.73,full,0.05118110236220455,0.5551181102362203,9.232283464566924
2026-07-30 18:05:10+00:00,0.93,0.387,90.0,W,Sunny,True,6.0,0.0,KMEB,0.9873,98.73,full,0.05118110236220455,0.5551181102362203,9.232283464566924
2026-07-30 18:10:10+00:00,0.8700000000000001,0.387,90.0,W,Sunny,True,6.0,0.0,KMEB,0.9873,98.73,full,0.05118110236220455,0.5551181102362203,9.232283464566924
2026-07-30 18:15:10+00:00,0.79,0.387,90.0,W,Sunny,True,6.0,0.0118110236220472,KMQI,0.9873,98.73,full,0.06299212598425175,0.5669291338582675,9.24409448818897
2026-07-30 18:20:10+00:00,0.75,0.387,90.0,W,Sunny,True,6.0,0.0,KMEB,0.9873,98.73,full,0.06299212598425175,0.5669291338582675,9.24409448818897
2026-07-30 18:25:10+00:00,0.69,0.387,90.0,W,Sunny,True,6.0,0.0,KMEB,0.9873,98.73,full,0.06299212598425175,0.5669291338582675,9.24409448818897
2026-07-30 18:30:10+00:00,0.6399999999999999,0.344,91.0,W,Sunny,True,6.0,0.0,KMEB,0.9864,98.64,full,0.06299212598425175,0.5669291338582675,9.24409448818897
2026-07-30 18:35:10+00:00,0.55,0.344,91.0,W,Sunny,True,6.0,0.0118110236220472,KMQI,0.9864,98.64,full,0.07480314960629895,0.5787401574803147,9.157480314960624
2026-07-30 18:40:10+00:00,0.53,0.344,91.0,W,Sunny,True,6.0,0.0,KMEB,0.9864,98.64,full,0.07480314960629895,0.5787401574803147,9.157480314960624
2026-07-30 18:45:10+00:00,0.49,0.344,91.0,W,Sunny,True,6.0,0.0,KMEB,0.9864,98.64,full,0.07480314960629895,0.5787401574803147,9.157480314960624
2026-07-30 18:50:10+00:00,0.49,0.344,91.0,W,Sunny,True,6.0,0.0,KMEB,0.9864,98.64,full,0.07480314960629895,0.5787401574803147,9.157480314960624
2026-07-30 18:55:10+00:00,0.48,0.344,91.0,W,Sunny,True,6.0,0.0,KFBG,0.9864,98.64,full,0.07480314960629895,0.5787401574803147,9.145669291338576
2026-07-30 19:00:10+00:00,0.4499999999999999,0.344,91.0,W,Sunny,True,6.0,0.0,KMEB,0.9864,98.64,full,0.07480314960629895,0.5787401574803147,9.145669291338576
2026-07-30 19:05:10+00:00,0.4299999999999999,0.344,91.0,W,Sunny,True,6.0,0.0,KMEB,0.9864,98.64,full,0.07480314960629895,0.5787401574803147,9.145669291338576
2026-07-30 19:10:10+00:00,0.4099999999999999,0.344,91.0,W,Sunny,True,6.0,0.0,KMEB,0.9864,98.64,full,0.07480314960629895,0.5787401574803147,9.145669291338576
2026-07-30 19:15:10+00:00,0.3899999999999999,0.344,91.0,W,Sunny,True,6.0,0.0,KMQI,0.9864,98.64,full,0.07480314960629895,0.5787401574803147,9.11417322834645
2026-07-30 19:20:10+00:00,0.3700000000000001,0.344,91.0,W,Sunny,True,6.0,0.0,KMEB,0.9864,98.64,full,0.07480314960629895,0.5787401574803147,9.082677165354324
2026-07-30 19:25:10+00:00,0.4099999999999999,0.344,91.0,W,Sunny,True,6.0,0.0,KMEB,0.9864,98.64,full,0.07480314960629895,0.5787401574803147,9.03149606299212
2026-07-30 19:30:10+00:00,0.47,0.846,91.0,W,Sunny,True,5.0,0.0,KMEB,0.9854,98.54,full,0.07480314960629895,0.5787401574803147,8.980314960629915
2026-07-30 19:35:10+00:00,0.48,0.846,91.0,W,Sunny,True,5.0,0.0,KMQI,0.9854,98.54,full,0.07480314960629895,0.5787401574803147,8.929133858267711
2026-07-30 19:40:10+00:00,0.5,0.846,91.0,W,Sunny,True,5.0,0.0,KMEB,0.9854,98.54,full,0.07480314960629895,0.5787401574803147,8.877952755905506
2026-07-30 19:45:10+00:00,0.56,0.846,91.0,W,Sunny,True,5.0,0.0,KMEB,0.9854,98.54,full,0.07480314960629895,0.5787401574803147,8.877952755905506
2026-07-30 19:50:10+00:00,0.5900000000000001,0.846,91.0,W,Sunny,True,5.0,0.0,KMEB,0.9854,98.54,full,0.07480314960629895,0.5787401574803147,8.877952755905506
2026-07-30 19:55:10+00:00,0.6499999999999999,0.846,91.0,W,Sunny,True,5.0,0.0,KFBG,0.9854,98.54,full,0.07480314960629895,0.5787401574803147,8.807086614173222
2026-07-30 20:00:10+00:00,0.72,0.846,91.0,W,Sunny,True,5.0,0.0,KMEB,0.9854,98.54,full,0.07480314960629895,0.5787401574803147,8.807086614173222
2026-07-30 20:05:10+00:00,0.76,0.846,91.0,W,Sunny,True,5.0,0.0,KMEB,0.9854,98.54,full,0.07480314960629895,0.5787401574803147,8.807086614173222
2026-07-30 20:10:10+00:00,0.81,0.846,91.0,W,Sunny,True,5.0,0.0,KMEB,0.9854,98.54,full,0.07480314960629895,0.5787401574803147,8.807086614173222
2026-07-30 20:15:10+00:00,0.8300000000000001,0.846,91.0,W,Sunny,True,5.0,0.0,KMQI,0.9854,98.54,full,0.07480314960629895,0.5787401574803147,8.807086614173222
2026-07-30 20:20:10+00:00,0.8799999999999999,0.846,91.0,W,Sunny,True,5.0,0.0,KMEB,0.9854,98.54,full,0.07480314960629895,0.5787401574803147,8.807086614173222
2026-07-30 20:25:10+00:00,0.92,0.846,91.0,W,Sunny,True,5.0,0.0,KMEB,0.9854,98.54,full,0.07480314960629895,0.5787401574803147,8.807086614173222
2026-07-30 20:30:10+00:00,0.97,1.789,90.0,W,Sunny,True,5.0,0.0,KMEB,0.9844,98.44,full,0.07480314960629895,0.5787401574803147,8.807086614173222
2026-07-30 20:35:10+00:00,1.01,1.789,90.0,W,Sunny,True,5.0,0.0,KMQI,0.9844,98.44,full,0.07480314960629895,0.5787401574803147,8.807086614173222
2026-07-30 20:40:10+00:00,1.06,1.789,90.0,W,Sunny,True,5.0,0.0,KMEB,0.9844,98.44,full,0.07480314960629895,0.5787401574803147,8.807086614173222
2026-07-30 20:45:10+00:00,1.1,1.789,90.0,W,Sunny,True,5.0,0.0,KMEB,0.9844,98.44,full,0.07480314960629895,0.5787401574803147,8.807086614173222
2026-07-30 20:50:10+00:00,1.16,1.789,90.0,W,Sunny,True,5.0,0.0,KMEB,0.9844,98.44,full,0.07480314960629895,0.5787401574803147,8.665354330708656
2026-07-30 20:55:10+00:00,1.17,1.789,90.0,W,Sunny,True,5.0,0.0,KFBG,0.9844,98.44,full,0.07480314960629895,0.5787401574803147,8.52362204724409
2026-07-30 21:00:10+00:00,1.23,1.789,90.0,W,Sunny,True,5.0,0.0,KMEB,0.9844,98.44,full,0.07480314960629895,0.5787401574803147,8.381889763779522
2026-07-30 21:05:10+00:00,1.28,1.789,90.0,W,Sunny,True,5.0,0.0,KMEB,0.9844,98.44,full,0.07480314960629895,0.5787401574803147,8.381889763779522
2026-07-30 21:10:10+00:00,1.3199999999999998,1.789,90.0,W,Sunny,True,5.0,0.0,KMEB,0.9844,98.44,full,0.07480314960629895,0.5787401574803147,8.381889763779522
2026-07-30 21:15:10+00:00,1.37,1.789,90.0,W,Sunny,True,5.0,0.0,KMQI,0.9844,98.44,full,0.07480314960629895,0.5787401574803147,8.381889763779522
2026-07-30 21:20:10+00:00,1.45,1.789,90.0,W,Sunny,True,5.0,0.0,KMEB,0.9844,98.44,full,0.07480314960629895,0.5787401574803147,8.381889763779522
2026-07-30 21:25:10+00:00,1.5,1.789,90.0,W,Sunny,True,5.0,0.0,KMEB,0.9844,98.44,full,0.07480314960629895,0.5787401574803147,8.381889763779522
2026-07-30 21:30:10+00:00,1.56,2.884,88.0,W,Clear,False,5.0,0.0,KMEB,0.9834,98.34,full,0.07480314960629895,0.5787401574803147,8.381889763779522
2026-07-30 21:35:10+00:00,1.61,2.884,88.0,W,Clear,False,5.0,0.0,KMQI,0.9834,98.34,full,0.07480314960629895,0.5787401574803147,8.381889763779522
2026-07-30 21:40:10+00:00,1.69,2.884,88.0,W,Clear,False,5.0,0.0,KMEB,0.9834,98.34,full,0.07480314960629895,0.5787401574803147,8.381889763779522
2026-07-30 21:45:10+00:00,1.77,2.884,88.0,W,Clear,False,5.0,0.0,KMEB,0.9834,98.34,full,0.07480314960629895,0.5787401574803147,8.381889763779522
2026-07-30 21:50:10+00:00,1.85,2.884,88.0,W,Clear,False,5.0,0.0,KMEB,0.9834,98.34,full,0.07480314960629895,0.5787401574803147,8.381889763779522
2026-07-30 21:55:10+00:00,1.94,2.884,88.0,W,Clear,False,5.0,0.0,KFBG,0.9834,98.34,full,0.07480314960629895,0.5787401574803147,8.220472440944876
2026-07-30 22:00:10+00:00,2.03,2.884,88.0,W,Clear,False,5.0,0.0,KMEB,0.9834,98.34,full,0.07480314960629895,0.5787401574803147,8.220472440944876
2026-07-30 22:05:10+00:00,2.09,2.884,88.0,W,Clear,False,5.0,0.0,KMEB,0.9834,98.34,full,0.07480314960629895,0.5787401574803147,8.220472440944876
2026-07-30 22:10:10+00:00,2.17,2.884,88.0,W,Clear,False,5.0,0.0,KMEB,0.9834,98.34,full,0.07480314960629895,0.5787401574803147,8.220472440944876
2026-07-30 22:15:10+00:00,2.27,2.884,88.0,W,Clear,False,5.0,0.0,KMQI,0.9834,98.34,full,0.07480314960629895,0.5787401574803147,8.220472440944876
2026-07-30 22:20:10+00:00,2.36,2.884,88.0,W,Clear,False,5.0,0.0,KMEB,0.9834,98.34,full,0.07480314960629895,0.5787401574803147,8.220472440944876
2026-07-30 22:25:10+00:00,2.45,2.884,88.0,W,Clear,False,5.0,0.0,KMEB,0.9834,98.34,full,0.07480314960629895,0.5787401574803147,8.220472440944876
2026-07-30 22:30:10+00:00,2.52,3.841,86.0,W,Clear,False,3.0,0.0,KMEB,0.9823,98.23,full,0.07480314960629895,0.5787401574803147,8.220472440944876
2026-07-30 22:35:10+00:00,2.61,3.841,86.0,W,Clear,False,3.0,0.0,KMQI,0.9823,98.23,full,0.07480314960629895,0.5787401574803147,8.220472440944876
2026-07-30 22:40:10+00:00,2.7,3.841,86.0,W,Clear,False,3.0,0.0,KMEB,0.9823,98.23,full,0.07480314960629895,0.5787401574803147,8.220472440944876
2026-07-30 22:45:10+00:00,2.77,3.841,86.0,W,Clear,False,3.0,0.0,KMEB,0.9823,98.23,full,0.07480314960629895,0.5787401574803147,8.200787401574798
2026-07-30 22:50:10+00:00,2.84,3.841,86.0,W,Clear,False,3.0,0.0,KMEB,0.9823,98.23,full,0.07480314960629895,0.5787401574803147,8.181102362204719
2026-07-30 22:55:10+00:00,2.93,3.841,86.0,W,Clear,False,3.0,0.0,KFBG,0.9823,98.23,full,0.07480314960629895,0.5787401574803147,8.161417322834641
2026-07-30 23:00:10+00:00,3.02,3.841,86.0,W,Clear,False,3.0,0.0,KMEB,0.9823,98.23,full,0.07480314960629895,0.5787401574803147,8.141732283464561
2026-07-30 23:05:10+00:00,3.08,3.841,86.0,W,Clear,False,3.0,0.0,KMEB,0.9823,98.23,full,0.07480314960629895,0.5787401574803147,8.141732283464561
2026-07-30 23:10:10+00:00,3.17,3.841,86.0,W,Clear,False,3.0,0.0,KMEB,0.9823,98.23,full,0.07480314960629895,0.5787401574803147,8.141732283464561
2026-07-30 23:15:10+00:00,3.25,3.841,86.0,W,Clear,False,3.0,0.0,KMQI,0.9823,98.23,full,0.07480314960629895,0.5787401574803147,8.141732283464561
2026-07-30 23:20:10+00:00,3.3200000000000003,3.841,86.0,W,Clear,False,3.0,0.0,KMEB,0.9823,98.23,full,0.07480314960629895,0.5787401574803147,8.141732283464561
2026-07-30 23:25:10+00:00,3.41,3.841,86.0,W,Clear,False,3.0,0.0,KMEB,0.9823,98.23,full,0.07480314960629895,0.5787401574803147,8.141732283464561
2026-07-30 23:30:10+00:00,3.5,4.462,83.0,W,Clear,False,3.0,0.0,KMEB,0.9812,98.12,full,0.07480314960629895,0.5787401574803147,8.141732283464561
2026-07-30 23:35:10+00:00,3.58,4.462,83.0,W,Clear,False,3.0,0.0118110236220472,KMQI,0.9812,98.12,full,0.08661417322834615,0.5905511811023619,8.055118110236217
2026-07-30 23:40:10+00:00,3.65,4.462,83.0,W,Clear,False,3.0,0.0,KMEB,0.9812,98.12,full,0.08661417322834615,0.5905511811023619,8.055118110236217
2026-07-30 23:45:10+00:00,3.74,4.462,83.0,W,Clear,False,3.0,0.0,KMEB,0.9812,98.12,full,0.08661417322834615,0.5905511811023619,8.055118110236217
2026-07-30 23:50:10+00:00,3.81,4.462,83.0,W,Clear,False,3.0,0.0,KMEB,0.9812,98.12,full,0.08661417322834615,0.5905511811023619,8.055118110236217
2026-07-30 23:55:10+00:00,3.88,4.462,83.0,W,Clear,False,3.0,0.0,KFBG,0.9812,98.12,full,0.08661417322834615,0.5905511811023619,8.055118110236217
2026-07-31 00:00:10+00:00,3.95,4.462,83.0,W,Clear,False,3.0,0.0,KMEB,0.9812,98.12,full,0.08661417322834615,0.5905511811023619,8.055118110236217
2026-07-31 00:05:10+00:00,4.01,4.462,83.0,W,Clear,False,3.0,0.0,KMEB,0.9812,98.12,full,0.08661417322834615,0.5905511811023619,8.055118110236217
2026-07-31 00:10:10+00:00,4.0600000000000005,4.462,83.0,W,Clear,False,3.0,0.0,KMEB,0.9812,98.12,full,0.08661417322834615,0.5905511811023619,8.043307086614169
2026-07-31 00:15:10+00:00,4.12,4.462,83.0,W,Clear,False,3.0,0.0,KMQI,0.9812,98.12,full,0.08661417322834615,0.5905511811023619,8.031496062992122
2026-07-31 00:20:10+00:00,4.17,4.462,83.0,W,Clear,False,3.0,0.0,KMEB,0.9812,98.12,full,0.08661417322834615,0.5905511811023619,8.031496062992122
2026-07-31 00:25:10+00:00,4.23,4.462,83.0,W,Clear,False,3.0,0.0,KMEB,0.9812,98.12,full,0.08661417322834615,0.5905511811023619,8.031496062992122
2026-07-31 00:30:10+00:00,4.279999999999999,4.621,82.0,W,Clear,False,3.0,0.0,KMEB,0.98,98.0,full,0.08661417322834615,0.5905511811023619,8.019685039370074
2026-07-31 00:35:10+00:00,4.34,4.621,82.0,W,Clear,False,3.0,0.0,KMQI,0.98,98.0,full,0.08661417322834615,0.5905511811023619,8.007874015748028
2026-07-31 00:40:10+00:00,4.4,4.621,82.0,W,Clear,False,3.0,0.0,KMEB,0.98,98.0,full,0.08661417322834615,0.5905511811023619,7.99606299212598
2026-07-31 00:45:10+00:00,4.48,4.621,82.0,W,Clear,False,3.0,0.0,KMEB,0.98,98.0,full,0.08661417322834615,0.5905511811023619,7.99606299212598
2026-07-31 00:50:10+00:00,4.52,4.621,82.0,W,Clear,False,3.0,0.0,KMEB,0.98,98.0,full,0.08661417322834615,0.5905511811023619,7.99606299212598
2026-07-31 00:55:10+00:00,4.5600000000000005,4.621,82.0,W,Clear,False,3.0,0.0,KFBG,0.98,98.0,full,0.08661417322834615,0.5905511811023619,7.99606299212598
2026-07-31 01:00:10+00:00,4.609999999999999,4.621,82.0,W,Clear,False,3.0,0.0,KMEB,0.98,98.0,full,0.08661417322834615,0.5905511811023619,7.99606299212598
2026-07-31 01:05:10+00:00,4.67,4.621,82.0,W,Clear,False,3.0,0.0,KMEB,0.98,98.0,full,0.08661417322834615,0.5905511811023619,7.99606299212598
2026-07-31 01:10:10+00:00,4.71,4.621,82.0,W,Clear,False,3.0,0.0,KMEB,0.98,98.0,full,0.08661417322834615,0.5905511811023619,7.99606299212598
2026-07-31 01:15:10+00:00,4.720000000000001,4.621,82.0,W,Clear,False,3.0,0.0,KMQI,0.98,98.0,full,0.08661417322834615,0.5905511811023619,7.99606299212598
2026-07-31 01:20:10+00:00,4.75,4.621,82.0,W,Clear,False,3.0,0.0,KMEB,0.98,98.0,full,0.08661417322834615,0.5905511811023619,7.99606299212598
2026-07-31 01:25:10+00:00,4.779999999999999,4.621,82.0,W,Clear,False,3.0,0.0,KMEB,0.98,98.0,full,0.08661417322834615,0.5905511811023619,7.99606299212598
2026-07-31 01:30:10+00:00,4.79,4.268,80.0,W,Clear,False,3.0,0.0,KMEB,0.9789,97.89,full,0.08661417322834615,0.5905511811023619,7.99606299212598
2026-07-31 01:35:10+00:00,4.77,4.268,80.0,W,Clear,False,3.0,0.0,KMQI,0.9789,97.89,full,0.08661417322834615,0.5905511811023619,7.99606299212598
2026-07-31 01:40:10+00:00,4.75,4.268,80.0,W,Clear,False,3.0,0.0,KMEB,0.9789,97.89,full,0.08661417322834615,0.5905511811023619,7.99606299212598
2026-07-31 01:45:10+00:00,4.74,4.268,80.0,W,Clear,False,3.0,0.0,KMEB,0.9789,97.89,full,0.08661417322834615,0.5905511811023619,7.99606299212598
2026-07-31 01:50:10+00:00,4.71,4.268,80.0,W,Clear,False,3.0,0.0,KMEB,0.9789,97.89,full,0.08661417322834615,0.5905511811023619,7.9251968503936965
2026-07-31 01:55:10+00:00,4.66,4.268,80.0,W,Clear,False,3.0,0.0,KFBG,0.9789,97.89,full,0.08661417322834615,0.5905511811023619,7.854330708661413
2026-07-31 02:00:10+00:00,4.609999999999999,4.268,80.0,W,Clear,False,3.0,0.0,KMEB,0.9789,97.89,full,0.08661417322834615,0.5905511811023619,7.78346456692913
2026-07-31 02:05:10+00:00,4.58,4.268,80.0,W,Clear,False,3.0,0.0,KMEB,0.9789,97.89,full,0.08661417322834615,0.5905511811023619,7.78346456692913
2026-07-31 02:10:10+00:00,4.54,4.268,80.0,W,Clear,False,3.0,0.0,KMEB,0.9789,97.89,full,0.08661417322834615,0.5905511811023619,7.78346456692913
2026-07-31 02:15:10+00:00,4.470000000000001,4.268,80.0,W,Clear,False,3.0,0.0,KMQI,0.9789,97.89,full,0.08661417322834615,0.5905511811023619,7.78346456692913
2026-07-31 02:20:10+00:00,4.44,4.268,80.0,W,Clear,False,3.0,0.0,KMEB,0.9789,97.89,full,0.08661417322834615,0.5905511811023619,7.78346456692913
2026-07-31 02:25:10+00:00,4.390000000000001,4.268,80.0,W,Clear,False,3.0,0.0,KMEB,0.9789,97.89,full,0.08661417322834615,0.5905511811023619,7.78346456692913
2026-07-31 02:30:10+00:00,4.37,3.48,78.0,W,Clear,False,2.0,0.0,KMEB,0.9776,97.76,full,0.08661417322834615,0.5905511811023619,7.78346456692913
2026-07-31 02:35:10+00:00,4.32,3.48,78.0,W,Clear,False,2.0,0.0,KMQI,0.9776,97.76,full,0.08661417322834615,0.5905511811023619,7.78346456692913
2026-07-31 02:40:10+00:00,4.25,3.48,78.0,W,Clear,False,2.0,0.0,KMEB,0.9776,97.76,full,0.08661417322834615,0.5905511811023619,7.78346456692913
2026-07-31 02:45:10+00:00,4.2,3.48,78.0,W,Clear,False,2.0,0.0,KMEB,0.9776,97.76,full,0.08661417322834615,0.5905511811023619,7.744094488188972
2026-07-31 02:50:10+00:00,4.19,3.48,78.0,W,Clear,False,2.0,0.0,KMEB,0.9776,97.76,full,0.08661417322834615,0.5905511811023619,7.704724409448815
2026-07-31 02:55:10+00:00,4.13,3.48,78.0,W,Clear,False,2.0,0.0,KFBG,0.9776,97.76,full,0.08661417322834615,0.5905511811023619,7.665354330708658
2026-07-31 03:00:10+00:00,4.07,3.48,78.0,W,Clear,False,2.0,0.0,KMEB,0.9776,97.76,full,0.08661417322834615,0.5905511811023619,7.6259842519685
2026-07-31 03:05:10+00:00,4.01,3.48,78.0,W,Clear,False,2.0,0.0,KMEB,0.9776,97.76,full,0.08661417322834615,0.5905511811023619,7.6259842519685
2026-07-31 03:10:10+00:00,3.95,3.48,78.0,W,Clear,False,2.0,0.0,KMEB,0.9776,97.76,full,0.08661417322834615,0.5905511811023619,7.6259842519685
2026-07-31 03:15:10+00:00,3.91,3.48,78.0,W,Clear,False,2.0,0.0,KMQI,0.9776,97.76,full,0.08661417322834615,0.5905511811023619,7.6259842519685
2026-07-31 03:20:10+00:00,3.86,3.48,78.0,W,Clear,False,2.0,0.0,KMEB,0.9776,97.76,full,0.08661417322834615,0.5905511811023619,7.6259842519685
2026-07-31 03:25:10+00:00,3.8,3.48,78.0,W,Clear,False,2.0,0.0,KMEB,0.9776,97.76,full,0.08661417322834615,0.5905511811023619,7.6259842519685
2026-07-31 03:30:10+00:00,3.72,2.46,77.0,W,Clear,False,2.0,0.0,KMEB,0.9764,97.64,full,0.08661417322834615,0.5905511811023619,7.6259842519685
2026-07-31 03:35:10+00:00,3.67,2.46,77.0,W,Clear,False,2.0,0.0,KMQI,0.9764,97.64,full,0.08661417322834615,0.5905511811023619,7.6259842519685
2026-07-31 03:40:10+00:00,3.61,2.46,77.0,W,Clear,False,2.0,0.0,KMEB,0.9764,97.64,full,0.08661417322834615,0.5905511811023619,7.6259842519685
2026-07-31 03:45:10+00:00,3.56,2.46,77.0,W,Clear,False,2.0,0.0,KMEB,0.9764,97.64,full,0.08661417322834615,0.5905511811023619,7.614173228346453
2026-07-31 03:50:10+00:00,3.5,2.46,77.0,W,Clear,False,2.0,0.0,KMEB,0.9764,97.64,full,0.08661417322834615,0.5905511811023619,7.602362204724406
2026-07-31 03:55:10+00:00,3.43,2.46,77.0,W,Clear,False,2.0,0.0,KFBG,0.9764,97.64,full,0.08661417322834615,0.5905511811023619,7.5905511811023585
2026-07-31 04:00:10+00:00,3.35,2.46,77.0,W,Clear,False,2.0,0.0,KMEB,0.9764,97.64,full,0.08661417322834615,0.5905511811023619,7.578740157480311
2026-07-31 04:05:10+00:00,3.31,2.46,77.0,W,Clear,False,2.0,0.0,KMEB,0.9764,97.64,full,0.08661417322834615,0.5905511811023619,7.578740157480311
2026-07-31 04:10:10+00:00,3.23,2.46,77.0,W,Clear,False,2.0,0.0,KMEB,0.9764,97.64,full,0.08661417322834615,0.5905511811023619,7.578740157480311
2026-07-31 04:15:10+00:00,3.16,2.46,77.0,W,Clear,False,2.0,0.0,KMQI,0.9764,97.64,full,0.08661417322834615,0.5905511811023619,7.578740157480311
2026-07-31 04:20:10+00:00,3.1,2.46,77.0,W,Clear,False,2.0,0.0,KMEB,0.9764,97.64,full,0.08661417322834615,0.5905511811023619,7.578740157480311
2026-07-31 04:25:10+00:00,3.03,2.46,77.0,W,Clear,False,2.0,0.0,KMEB,0.9764,97.64,full,0.08661417322834615,0.5905511811023619,7.566929133858264
2026-07-31 04:30:10+00:00,2.95,1.436,76.0,W,Clear,False,2.0,0.0,KMEB,0.9751,97.51,full,0.08661417322834615,0.5905511811023619,7.555118110236217
2026-07-31 04:35:10+00:00,2.87,1.436,76.0,W,Clear,False,2.0,0.0118110236220472,KMQI,0.9751,97.51,full,0.09842519685039336,0.602362204724409,7.555118110236217
2026-07-31 04:40:10+00:00,2.8,1.436,76.0,W,Clear,False,2.0,0.0,KMEB,0.9751,97.51,full,0.09842519685039336,0.602362204724409,7.54330708661417
2026-07-31 04:45:10+00:00,2.75,1.436,76.0,W,Clear,False,2.0,0.0,KMEB,0.9751,97.51,full,0.09842519685039336,0.602362204724409,7.54330708661417
2026-07-31 04:50:10+00:00,2.69,1.436,76.0,W,Clear,False,2.0,0.0,KMEB,0.9751,97.51,full,0.09842519685039336,0.602362204724409,7.54330708661417
2026-07-31 04:55:10+00:00,2.63,1.436,76.0,W,Clear,False,2.0,0.0,KFBG,0.9751,97.51,full,0.09842519685039336,0.602362204724409,7.464566929133855
2026-07-31 05:00:10+00:00,2.54,1.436,76.0,W,Clear,False,2.0,0.0,KMEB,0.9751,97.51,full,0.09842519685039336,0.602362204724409,7.464566929133855
2026-07-31 05:05:10+00:00,2.46,1.436,76.0,W,Clear,False,2.0,0.0,KMEB,0.9751,97.51,full,0.09842519685039336,0.602362204724409,7.464566929133855
2026-07-31 05:10:10+00:00,2.4,1.436,76.0,W,Clear,False,2.0,0.0,KMEB,0.9751,97.51,full,0.09842519685039336,0.602362204724409,7.464566929133855
2026-07-31 05:15:10+00:00,2.33,1.436,76.0,W,Clear,False,2.0,0.0,KMQI,0.9751,97.51,full,0.09842519685039336,0.602362204724409,7.464566929133855
2026-07-31 05:20:10+00:00,2.27,1.436,76.0,W,Clear,False,2.0,0.0,KMEB,0.9751,97.51,full,0.09842519685039336,0.602362204724409,7.464566929133855
2026-07-31 05:25:10+00:00,2.19,1.436,76.0,W,Clear,False,2.0,0.0,KMEB,0.9751,97.51,full,0.09842519685039336,0.602362204724409,7.464566929133855
2026-07-31 05:30:10+00:00,2.11,0.619,75.0,W,Clear,False,2.0,0.0,KMEB,0.9738,97.38,full,0.09842519685039336,0.602362204724409,7.464566929133855
2026-07-31 05:35:10+00:00,2.05,0.619,75.0,W,Clear,False,2.0,0.0,KMQI,0.9738,97.38,full,0.09842519685039336,0.602362204724409,7.464566929133855
2026-07-31 05:40:10+00:00,1.96,0.619,75.0,W,Clear,False,2.0,0.0,KMEB,0.9738,97.38,full,0.09842519685039336,0.602362204724409,7.464566929133855
2026-07-31 05:45:10+00:00,1.9,0.619,75.0,W,Clear,False,2.0,0.0,KMEB,0.9738,97.38,full,0.09842519685039336,0.602362204724409,7.464566929133855
2026-07-31 05:50:10+00:00,1.84,0.619,75.0,W,Clear,False,2.0,0.0,KMEB,0.9738,97.38,full,0.09842519685039336,0.602362204724409,7.464566929133855
2026-07-31 05:55:10+00:00,1.75,0.619,75.0,W,Clear,False,2.0,0.0,KFBG,0.9738,97.38,full,0.09842519685039336,0.602362204724409,6.653543307086611
2026-07-31 06:00:10+00:00,1.69,0.619,75.0,W,Clear,False,2.0,0.0,KMEB,0.9738,97.38,full,0.09842519685039336,0.602362204724409,6.653543307086611
2026-07-31 06:05:10+00:00,1.63,0.619,75.0,W,Clear,False,2.0,0.0,KMEB,0.9738,97.38,full,0.09842519685039336,0.602362204724409,6.653543307086611
2026-07-31 06:10:10+00:00,1.55,0.619,75.0,W,Clear,False,2.0,0.0,KMEB,0.9738,97.38,full,0.09842519685039336,0.602362204724409,6.653543307086611
2026-07-31 06:15:10+00:00,1.47,0.619,75.0,W,Clear,False,2.0,0.0,KMQI,0.9738,97.38,full,0.09842519685039336,0.602362204724409,6.653543307086611
2026-07-31 06:20:10+00:00,1.4,0.619,75.0,W,Clear,False,2.0,0.0,KMEB,0.9738,97.38,full,0.09842519685039336,0.602362204724409,6.653543307086611
2026-07-31 06:25:10+00:00,1.33,0.619,75.0,W,Clear,False,2.0,0.0,KMEB,0.9738,97.38,full,0.09842519685039336,0.602362204724409,6.653543307086611
2026-07-31 06:30:10+00:00,1.26,0.219,74.0,W,Clear,False,2.0,0.0,KMEB,0.9724,97.24,full,0.09842519685039336,0.602362204724409,6.653543307086611
2026-07-31 06:35:10+00:00,1.19,0.219,74.0,W,Clear,False,2.0,0.0,KMQI,0.9724,97.24,full,0.09842519685039336,0.602362204724409,6.653543307086611
2026-07-31 06:40:10+00:00,1.11,0.219,74.0,W,Clear,False,2.0,0.0,KMEB,0.9724,97.24,full,0.09842519685039336,0.602362204724409,6.653543307086611
2026-07-31 06:45:10+00:00,1.05,0.219,74.0,W,Clear,False,2.0,0.0,KMEB,0.9724,97.24,full,0.09842519685039336,0.602362204724409,6.653543307086611
2026-07-31 06:50:10+00:00,0.99,0.219,74.0,W,Clear,False,2.0,0.0,KMEB,0.9724,97.24,full,0.09842519685039336,0.602362204724409,6.653543307086611
2026-07-31 06:55:10+00:00,0.91,0.219,74.0,W,Clear,False,2.0,0.0,KFBG,0.9724,97.24,full,0.09842519685039336,0.602362204724409,6.555118110236217
2026-07-31 07:00:10+00:00,0.8600000000000001,0.219,74.0,W,Clear,False,2.0,0.0,KMEB,0.9724,97.24,full,0.09842519685039336,0.602362204724409,6.555118110236217
2026-07-31 07:05:10+00:00,0.79,0.219,74.0,W,Clear,False,2.0,0.0,KMEB,0.9724,97.24,full,0.09842519685039336,0.602362204724409,6.555118110236217
2026-07-31 07:10:10+00:00,0.74,0.219,74.0,W,Clear,False,2.0,0.0,KMEB,0.9724,97.24,full,0.09842519685039336,0.602362204724409,6.555118110236217
2026-07-31 07:15:10+00:00,0.6699999999999999,0.219,74.0,W,Clear,False,2.0,0.0,KMQI,0.9724,97.24,full,0.09842519685039336,0.602362204724409,6.555118110236217
2026-07-31 07:20:10+00:00,0.6000000000000001,0.219,74.0,W,Clear,False,2.0,0.0,KMEB,0.9724,97.24,full,0.09842519685039336,0.602362204724409,6.555118110236217
2026-07-31 07:25:10+00:00,0.54,0.219,74.0,W,Clear,False,2.0,0.0,KMEB,0.9724,97.24,full,0.09842519685039336,0.602362204724409,6.555118110236217
2026-07-31 07:30:09+00:00,0.49,0.393,73.0,W,Clear,False,2.0,0.0,KMEB,0.9711,97.11,full,0.09842519685039336,0.602362204724409,6.555118110236217
2026-07-31 07:35:10+00:00,0.4299999999999999,0.393,73.0,W,Clear,False,2.0,0.0,KMQI,0.9711,97.11,full,0.09842519685039336,0.602362204724409,6.555118110236217
2026-07-31 07:40:10+00:00,0.4299999999999999,0.393,73.0,W,Clear,False,2.0,0.0,KMEB,0.9711,97.11,full,0.09842519685039336,0.602362204724409,6.555118110236217
2026-07-31 07:45:10+00:00,0.3700000000000001,0.393,73.0,W,Clear,False,2.0,0.0,KMEB,0.9711,97.11,full,0.09842519685039336,0.602362204724409,6.555118110236217
2026-07-31 07:50:10+00:00,0.33,0.393,73.0,W,Clear,False,2.0,0.0,KMEB,0.9711,97.11,full,0.09842519685039336,0.602362204724409,6.555118110236217
2026-07-31 07:55:10+00:00,0.29,0.393,73.0,W,Clear,False,2.0,0.0,KFBG,0.9711,97.11,full,0.09842519685039336,0.602362204724409,6.555118110236217
2026-07-31 08:00:10+00:00,0.26,0.393,73.0,W,Clear,False,2.0,0.0,KMEB,0.9711,97.11,full,0.09842519685039336,0.602362204724409,6.555118110236217
2026-07-31 08:05:10+00:00,0.2299999999999999,0.393,73.0,W,Clear,False,2.0,0.0,KMEB,0.9711,97.11,full,0.09842519685039336,0.602362204724409,6.555118110236217
2026-07-31 08:10:10+00:00,0.1699999999999999,0.393,73.0,W,Clear,False,2.0,0.0,KMEB,0.9711,97.11,full,0.09842519685039336,0.602362204724409,6.555118110236217
2026-07-31 08:15:10+00:00,0.1599999999999999,0.393,73.0,W,Clear,False,2.0,0.0,KMQI,0.9711,97.11,full,0.09842519685039336,0.602362204724409,6.555118110236217
2026-07-31 08:20:10+00:00,0.1799999999999999,0.393,73.0,W,Clear,False,2.0,0.0,KMEB,0.9711,97.11,full,0.09842519685039336,0.602362204724409,6.555118110236217
2026-07-31 08:25:10+00:00,0.2099999999999999,0.393,73.0,W,Clear,False,2.0,0.0,KMEB,0.9711,97.11,full,0.09842519685039336,0.602362204724409,6.4842519685039335
2026-07-31 08:30:10+00:00,0.1899999999999999,1.096,72.0,W,Clear,False,2.0,0.0,KMEB,0.9696,96.96,waning_gibbous,0.09842519685039336,0.602362204724409,6.41338582677165
2026-07-31 08:35:10+00:00,0.1999999999999999,1.096,72.0,W,Clear,False,2.0,0.0,KMQI,0.9696,96.96,waning_gibbous,0.09842519685039336,0.602362204724409,6.342519685039367
2026-07-31 08:40:10+00:00,0.25,1.096,72.0,W,Clear,False,2.0,0.0,KMEB,0.9696,96.96,waning_gibbous,0.09842519685039336,0.602362204724409,6.342519685039367
2026-07-31 08:45:10+00:00,0.31,1.096,72.0,W,Clear,False,2.0,0.0,KMEB,0.9696,96.96,waning_gibbous,0.09842519685039336,0.602362204724409,6.342519685039367
2026-07-31 08:50:10+00:00,0.3700000000000001,1.096,72.0,W,Clear,False,2.0,0.0,KMEB,0.9696,96.96,waning_gibbous,0.09842519685039336,0.602362204724409,6.342519685039367
2026-07-31 08:55:10+00:00,0.4299999999999999,1.096,72.0,W,Clear,False,2.0,0.0,KFBG,0.9696,96.96,waning_gibbous,0.09842519685039336,0.602362204724409,6.342519685039367
2026-07-31 09:00:10+00:00,0.5,1.096,72.0,W,Clear,False,2.0,0.0,KMEB,0.9696,96.96,waning_gibbous,0.09842519685039336,0.602362204724409,6.342519685039367
2026-07-31 09:05:10+00:00,0.5700000000000001,1.096,72.0,W,Clear,False,2.0,0.0,KMEB,0.9696,96.96,waning_gibbous,0.09842519685039336,0.602362204724409,6.342519685039367
2026-07-31 09:10:10+00:00,0.6299999999999999,1.096,72.0,W,Clear,False,2.0,0.0,KMEB,0.9696,96.96,waning_gibbous,0.09842519685039336,0.602362204724409,6.342519685039367
2026-07-31 09:15:10+00:00,0.71,1.096,72.0,W,Clear,False,2.0,0.0,KMQI,0.9696,96.96,waning_gibbous,0.09842519685039336,0.602362204724409,6.342519685039367
2026-07-31 09:20:10+00:00,0.76,1.096,72.0,W,Clear,False,2.0,0.0,KMEB,0.9696,96.96,waning_gibbous,0.09842519685039336,0.602362204724409,6.342519685039367
2026-07-31 09:25:10+00:00,0.8300000000000001,1.096,72.0,W,Clear,False,2.0,0.0,KMEB,0.9696,96.96,waning_gibbous,0.09842519685039336,0.602362204724409,6.342519685039367
2026-07-31 09:30:10+00:00,0.8899999999999999,2.061,73.0,W,Sunny,True,2.0,0.0,KMEB,0.9682,96.82,waning_gibbous,0.09842519685039336,0.602362204724409,6.342519685039367
2026-07-31 09:35:10+00:00,0.93,2.061,73.0,W,Sunny,True,2.0,0.0,KMQI,0.9682,96.82,waning_gibbous,0.09842519685039336,0.602362204724409,6.342519685039367
2026-07-31 09:40:10+00:00,0.98,2.061,73.0,W,Sunny,True,2.0,0.0,KMEB,0.9682,96.82,waning_gibbous,0.09842519685039336,0.602362204724409,6.342519685039367
2026-07-31 09:45:10+00:00,1.05,2.061,73.0,W,Sunny,True,2.0,0.0,KMEB,0.9682,96.82,waning_gibbous,0.09842519685039336,0.602362204724409,6.342519685039367
2026-07-31 09:50:10+00:00,1.11,2.061,73.0,W,Sunny,True,2.0,0.0,KMEB,0.9682,96.82,waning_gibbous,0.09842519685039336,0.602362204724409,6.342519685039367
2026-07-31 09:55:10+00:00,1.17,2.061,73.0,W,Sunny,True,2.0,0.0,KFBG,0.9682,96.82,waning_gibbous,0.09842519685039336,0.602362204724409,6.342519685039367
2026-07-31 10:00:10+00:00,1.2,2.061,73.0,W,Sunny,True,2.0,0.0,KMEB,0.9682,96.82,waning_gibbous,0.09842519685039336,0.602362204724409,6.342519685039367
2026-07-31 10:05:10+00:00,1.28,2.061,73.0,W,Sunny,True,2.0,0.0,KMEB,0.9682,96.82,waning_gibbous,0.09842519685039336,0.602362204724409,6.342519685039367
2026-07-31 10:10:10+00:00,1.35,2.061,73.0,W,Sunny,True,2.0,0.0,KMEB,0.9682,96.82,waning_gibbous,0.09842519685039336,0.602362204724409,6.342519685039367
2026-07-31 10:15:10+00:00,1.42,2.061,73.0,W,Sunny,True,2.0,0.0,KMQI,0.9682,96.82,waning_gibbous,0.09842519685039336,0.602362204724409,6.342519685039367
2026-07-31 10:20:10+00:00,1.48,2.061,73.0,W,Sunny,True,2.0,0.0,KMEB,0.9682,96.82,waning_gibbous,0.09842519685039336,0.602362204724409,6.342519685039367
2026-07-31 10:25:10+00:00,1.55,2.061,73.0,W,Sunny,True,2.0,0.0,KMEB,0.9682,96.82,waning_gibbous,0.09842519685039336,0.602362204724409,6.342519685039367
2026-07-31 10:30:10+00:00,1.62,2.962,74.0,NW,Sunny,True,2.0,0.0,KMEB,0.9667,96.67,waning_gibbous,0.09842519685039336,0.602362204724409,6.342519685039367
2026-07-31 10:35:10+00:00,1.7,2.962,74.0,NW,Sunny,True,2.0,0.0118110236220472,KMQI,0.9667,96.67,waning_gibbous,0.11023622047244055,0.6141732283464563,6.354330708661414
2026-07-31 10:40:10+00:00,1.76,2.962,74.0,NW,Sunny,True,2.0,0.0,KMEB,0.9667,96.67,waning_gibbous,0.11023622047244055,0.6141732283464563,6.354330708661414
2026-07-31 10:45:10+00:00,1.85,2.962,74.0,NW,Sunny,True,2.0,0.0,KMEB,0.9667,96.67,waning_gibbous,0.11023622047244055,0.6141732283464563,6.354330708661414
2026-07-31 10:50:10+00:00,1.94,2.962,74.0,NW,Sunny,True,2.0,0.0,KMEB,0.9667,96.67,waning_gibbous,0.11023622047244055,0.6141732283464563,6.354330708661414
2026-07-31 10:55:10+00:00,2.01,2.962,74.0,NW,Sunny,True,2.0,0.0,KFBG,0.9667,96.67,waning_gibbous,0.11023622047244055,0.6141732283464563,6.354330708661414
2026-07-31 11:00:10+00:00,2.08,2.962,74.0,NW,Sunny,True,2.0,0.0,KMEB,0.9667,96.67,waning_gibbous,0.11023622047244055,0.6141732283464563,6.354330708661414
2026-07-31 11:05:10+00:00,2.14,2.962,74.0,NW,Sunny,True,2.0,0.0,KMEB,0.9667,96.67,waning_gibbous,0.11023622047244055,0.6141732283464563,6.354330708661414
2026-07-31 11:10:10+00:00,2.19,2.962,74.0,NW,Sunny,True,2.0,0.0,KMEB,0.9667,96.67,waning_gibbous,0.11023622047244055,0.6141732283464563,6.354330708661414
2026-07-31 11:15:10+00:00,2.26,2.962,74.0,NW,Sunny,True,2.0,0.0,KMQI,0.9667,96.67,waning_gibbous,0.11023622047244055,0.6141732283464563,6.354330708661414
2026-07-31 11:20:10+00:00,2.33,2.962,74.0,NW,Sunny,True,2.0,0.0,KMEB,0.9667,96.67,waning_gibbous,0.11023622047244055,0.6141732283464563,6.354330708661414
2026-07-31 11:25:10+00:00,2.38,2.962,74.0,NW,Sunny,True,2.0,0.0,KMEB,0.9667,96.67,waning_gibbous,0.11023622047244055,0.6141732283464563,6.342519685039367
2026-07-31 11:30:10+00:00,2.45,3.585,76.0,NW,Sunny,True,3.0,0.0,KMEB,0.9652,96.52,waning_gibbous,0.11023622047244055,0.6141732283464563,6.33070866141732
2026-07-31 11:35:10+00:00,2.51,3.585,76.0,NW,Sunny,True,3.0,0.0,KMQI,0.9652,96.52,waning_gibbous,0.11023622047244055,0.6141732283464563,6.318897637795272
2026-07-31 11:40:10+00:00,2.57,3.585,76.0,NW,Sunny,True,3.0,0.0,KMEB,0.9652,96.52,waning_gibbous,0.11023622047244055,0.6141732283464563,6.307086614173225
2026-07-31 11:45:10+00:00,2.63,3.585,76.0,NW,Sunny,True,3.0,0.0,KMEB,0.9652,96.52,waning_gibbous,0.11023622047244055,0.6141732283464563,6.295275590551178
2026-07-31 11:50:10+00:00,2.69,3.585,76.0,NW,Sunny,True,3.0,0.0,KMEB,0.9652,96.52,waning_gibbous,0.11023622047244055,0.6141732283464563,6.295275590551178
2026-07-31 11:55:10+00:00,2.75,3.585,76.0,NW,Sunny,True,3.0,0.0,KFBG,0.9652,96.52,waning_gibbous,0.11023622047244055,0.6141732283464563,6.295275590551178
2026-07-31 12:00:10+00:00,2.81,3.585,76.0,NW,Sunny,True,3.0,0.0,KMEB,0.9652,96.52,waning_gibbous,0.11023622047244055,0.6141732283464563,6.295275590551178
2026-07-31 12:05:10+00:00,2.85,3.585,76.0,NW,Sunny,True,3.0,0.0,KMEB,0.9652,96.52,waning_gibbous,0.11023622047244055,0.6141732283464563,6.295275590551178
2026-07-31 12:10:10+00:00,2.91,3.585,76.0,NW,Sunny,True,3.0,0.0,KMEB,0.9652,96.52,waning_gibbous,0.11023622047244055,0.6141732283464563,6.295275590551178
2026-07-31 12:15:10+00:00,2.99,3.585,76.0,NW,Sunny,True,3.0,0.0,KMQI,0.9652,96.52,waning_gibbous,0.11023622047244055,0.6141732283464563,6.295275590551178
2026-07-31 12:20:10+00:00,3.04,3.585,76.0,NW,Sunny,True,3.0,0.0,KILM,0.9652,96.52,waning_gibbous,0.11023622047244055,0.6141732283464563,6.295275590551178
2026-07-31 12:25:10+00:00,3.1,3.585,76.0,NW,Sunny,True,3.0,0.0,KILM,0.9652,96.52,waning_gibbous,0.11023622047244055,0.6141732283464563,6.295275590551178
2026-07-31 12:30:10+00:00,3.16,3.827,79.0,W,Sunny,True,3.0,0.0,KILM,0.9636,96.36,waning_gibbous,0.11023622047244055,0.6141732283464563,6.295275590551178
2026-07-31 12:35:10+00:00,3.21,3.827,79.0,W,Sunny,True,3.0,0.0,KMQI,0.9636,96.36,waning_gibbous,0.11023622047244055,0.6141732283464563,6.295275590551178
2026-07-31 12:40:10+00:00,3.27,3.827,79.0,W,Sunny,True,3.0,0.0,KILM,0.9636,96.36,waning_gibbous,0.11023622047244055,0.6141732283464563,6.295275590551178
2026-07-31 12:45:10+00:00,3.33,3.827,79.0,W,Sunny,True,3.0,0.0,KILM,0.9636,96.36,waning_gibbous,0.11023622047244055,0.6141732283464563,6.295275590551178
2026-07-31 12:50:10+00:00,3.38,3.827,79.0,W,Sunny,True,3.0,0.0,KILM,0.9636,96.36,waning_gibbous,0.11023622047244055,0.6141732283464563,6.295275590551178
2026-07-31 12:55:10+00:00,3.41,3.827,79.0,W,Sunny,True,3.0,0.0,KFBG,0.9636,96.36,waning_gibbous,0.11023622047244055,0.6141732283464563,6.244094488188973
2026-07-31 13:00:10+00:00,3.45,3.827,79.0,W,Sunny,True,3.0,0.0,KILM,0.9636,96.36,waning_gibbous,0.11023622047244055,0.6141732283464563,6.192913385826769
2026-07-31 13:05:10+00:00,3.5,3.827,79.0,W,Sunny,True,3.0,0.0,KILM,0.9636,96.36,waning_gibbous,0.11023622047244055,0.6141732283464563,6.192913385826769
2026-07-31 13:10:10+00:00,3.53,3.827,79.0,W,Sunny,True,3.0,0.0,KILM,0.9636,96.36,waning_gibbous,0.11023622047244055,0.6141732283464563,6.192913385826769
2026-07-31 13:15:10+00:00,3.5700000000000003,3.827,79.0,W,Sunny,True,3.0,0.0,KMQI,0.9636,96.36,waning_gibbous,0.11023622047244055,0.6141732283464563,6.192913385826769
2026-07-31 13:20:10+00:00,3.61,3.827,79.0,W,Sunny,True,3.0,0.0,KILM,0.9636,96.36,waning_gibbous,0.11023622047244055,0.6141732283464563,6.192913385826769
2026-07-31 13:25:10+00:00,3.63,3.827,79.0,W,Sunny,True,3.0,0.0,KILM,0.9636,96.36,waning_gibbous,0.11023622047244055,0.6141732283464563,6.192913385826769
2026-07-31 13:30:10+00:00,3.66,3.64,83.0,W,Sunny,True,5.0,0.0,KILM,0.962,96.2,waning_gibbous,0.11023622047244055,0.6141732283464563,6.192913385826769
2026-07-31 13:35:10+00:00,3.69,3.64,83.0,W,Sunny,True,5.0,0.0,KMQI,0.962,96.2,waning_gibbous,0.09842519685039336,0.6141732283464563,6.192913385826769
2026-07-31 13:40:10+00:00,3.71,3.64,83.0,W,Sunny,True,5.0,0.0,KILM,0.962,96.2,waning_gibbous,0.09842519685039336,0.6141732283464563,6.192913385826769
2026-07-31 13:45:10+00:00,3.74,3.64,83.0,W,Sunny,True,5.0,0.0,KILM,0.962,96.2,waning_gibbous,0.09842519685039336,0.6141732283464563,6.192913385826769
2026-07-31 13:50:10+00:00,3.75,3.64,83.0,W,Sunny,True,5.0,0.0,KILM,0.962,96.2,waning_gibbous,0.09842519685039336,0.6141732283464563,6.181102362204721
2026-07-31 13:55:10+00:00,3.77,3.64,83.0,W,Sunny,True,5.0,0.0,KFBG,0.962,96.2,waning_gibbous,0.05905511811023595,0.6141732283464563,6.169291338582674
2026-07-31 14:00:10+00:00,3.79,3.64,83.0,W,Sunny,True,5.0,0.0,KILM,0.962,96.2,waning_gibbous,0.05905511811023595,0.6141732283464563,6.157480314960627
2026-07-31 14:05:10+00:00,3.81,3.64,83.0,W,Sunny,True,5.0,0.0,KILM,0.962,96.2,waning_gibbous,0.05905511811023595,0.6141732283464563,6.157480314960627
2026-07-31 14:10:10+00:00,3.8,3.64,83.0,W,Sunny,True,5.0,0.0,KILM,0.962,96.2,waning_gibbous,0.05905511811023595,0.6141732283464563,6.157480314960627
2026-07-31 14:15:10+00:00,3.79,3.64,83.0,W,Sunny,True,5.0,0.0,KMQI,0.962,96.2,waning_gibbous,0.05905511811023595,0.6141732283464563,6.157480314960627
2026-07-31 14:20:10+00:00,3.76,3.64,83.0,W,Sunny,True,5.0,0.0,KILM,0.962,96.2,waning_gibbous,0.05905511811023595,0.6141732283464563,6.157480314960627
2026-07-31 14:25:10+00:00,3.72,3.64,83.0,W,Sunny,True,5.0,0.0,KILM,0.962,96.2,waning_gibbous,0.05905511811023595,0.6141732283464563,6.157480314960627
2026-07-31 14:30:10+00:00,3.64,3.061,86.0,SW,Sunny,True,5.0,0.0,KILM,0.9604,96.04,waning_gibbous,0.05905511811023595,0.6141732283464563,6.157480314960627
2026-07-31 14:35:10+00:00,3.61,3.061,86.0,SW,Sunny,True,5.0,0.0,KMQI,0.9604,96.04,waning_gibbous,0.05905511811023595,0.6141732283464563,6.157480314960627
2026-07-31 14:40:10+00:00,3.5700000000000003,3.061,86.0,SW,Sunny,True,5.0,0.0,KILM,0.9604,96.04,waning_gibbous,0.05905511811023595,0.6141732283464563,6.157480314960627
2026-07-31 14:45:10+00:00,3.51,3.061,86.0,SW,Sunny,True,5.0,0.0,KILM,0.9604,96.04,waning_gibbous,0.05905511811023595,0.6141732283464563,6.157480314960627
2026-07-31 14:50:10+00:00,3.48,3.061,86.0,SW,Sunny,True,5.0,0.0,KILM,0.9604,96.04,waning_gibbous,0.05905511811023595,0.6141732283464563,6.157480314960627
2026-07-31 14:55:10+00:00,3.43,3.061,86.0,SW,Sunny,True,5.0,0.0,KFBG,0.9604,96.04,waning_gibbous,0.05905511811023595,0.6141732283464563,6.157480314960627
2026-07-31 15:00:10+00:00,3.4,3.061,86.0,SW,Sunny,True,5.0,0.0,KILM,0.9604,96.04,waning_gibbous,0.05905511811023595,0.6141732283464563,6.157480314960627
2026-07-31 15:05:10+00:00,3.34,3.061,86.0,SW,Sunny,True,5.0,0.0,KILM,0.9604,96.04,waning_gibbous,0.05905511811023595,0.6141732283464563,6.157480314960627
2026-07-31 15:10:10+00:00,3.27,3.061,86.0,SW,Sunny,True,5.0,0.0,KILM,0.9604,96.04,waning_gibbous,0.05905511811023595,0.6141732283464563,6.157480314960627
2026-07-31 15:15:10+00:00,3.24,3.061,86.0,SW,Sunny,True,5.0,0.0,KMQI,0.9604,96.04,waning_gibbous,0.05905511811023595,0.6141732283464563,6.157480314960627
2026-07-31 15:20:10+00:00,3.18,3.061,86.0,SW,Sunny,True,5.0,0.0,KILM,0.9604,96.04,waning_gibbous,0.05905511811023595,0.6141732283464563,6.157480314960627
2026-07-31 15:25:10+00:00,3.14,3.061,86.0,SW,Sunny,True,5.0,0.0,KILM,0.9604,96.04,waning_gibbous,0.05905511811023595,0.6141732283464563,6.157480314960627
2026-07-31 15:30:10+00:00,3.1,2.238,88.0,SW,Sunny,True,5.0,0.0,KILM,0.9588,95.88,waning_gibbous,0.05905511811023595,0.6141732283464563,6.157480314960627
2026-07-31 15:35:10+00:00,2.99,2.238,88.0,SW,Sunny,True,5.0,0.0118110236220472,KMQI,0.9588,95.88,waning_gibbous,0.07086614173228314,0.6259842519685035,6.169291338582674
2026-07-31 15:40:10+00:00,2.97,2.238,88.0,SW,Sunny,True,5.0,0.0,KILM,0.9588,95.88,waning_gibbous,0.07086614173228314,0.6259842519685035,6.169291338582674
2026-07-31 15:45:10+00:00,2.92,2.238,88.0,SW,Sunny,True,5.0,0.0,KILM,0.9588,95.88,waning_gibbous,0.07086614173228314,0.6259842519685035,6.169291338582674
2026-07-31 15:50:10+00:00,2.87,2.238,88.0,SW,Sunny,True,5.0,0.0,KILM,0.9588,95.88,waning_gibbous,0.07086614173228314,0.6259842519685035,6.169291338582674
2026-07-31 15:55:10+00:00,2.77,2.238,88.0,SW,Sunny,True,5.0,0.0,KFBG,0.9588,95.88,waning_gibbous,0.07086614173228314,0.6259842519685035,6.169291338582674
2026-07-31 16:00:10+00:00,2.72,2.238,88.0,SW,Sunny,True,5.0,0.0,KILM,0.9588,95.88,waning_gibbous,0.07086614173228314,0.6259842519685035,6.169291338582674
2026-07-31 16:05:10+00:00,2.71,2.238,88.0,SW,Sunny,True,5.0,0.0,KILM,0.9588,95.88,waning_gibbous,0.07086614173228314,0.6259842519685035,6.169291338582674
2026-07-31 16:10:10+00:00,2.63,2.238,88.0,SW,Sunny,True,5.0,0.0,KILM,0.9588,95.88,waning_gibbous,0.07086614173228314,0.6259842519685035,6.169291338582674
2026-07-31 16:15:10+00:00,2.57,2.238,88.0,SW,Sunny,True,5.0,0.0,KMQI,0.9588,95.88,waning_gibbous,0.07086614173228314,0.6259842519685035,6.169291338582674
2026-07-31 16:20:10+00:00,2.51,2.238,88.0,SW,Sunny,True,5.0,0.0,KILM,0.9588,95.88,waning_gibbous,0.07086614173228314,0.6259842519685035,6.169291338582674
2026-07-31 16:25:10+00:00,2.45,2.238,88.0,SW,Sunny,True,5.0,0.0,KILM,0.9588,95.88,waning_gibbous,0.07086614173228314,0.6259842519685035,6.169291338582674
2026-07-31 16:30:10+00:00,2.38,1.376,90.0,S,Sunny,True,6.0,0.0,KILM,0.9571,95.71,waning_gibbous,0.07086614173228314,0.6259842519685035,6.169291338582674
2026-07-31 16:35:10+00:00,2.3,1.376,90.0,S,Sunny,True,6.0,0.0,KILM,0.9571,95.71,waning_gibbous,0.07086614173228314,0.6259842519685035,6.169291338582674
2026-07-31 16:40:10+00:00,2.25,1.376,90.0,S,Sunny,True,6.0,0.0,KILM,0.9571,95.71,waning_gibbous,0.07086614173228314,0.6259842519685035,6.169291338582674
2026-07-31 16:45:10+00:00,2.2,1.376,90.0,S,Sunny,True,6.0,0.0,KILM,0.9571,95.71,waning_gibbous,0.07086614173228314,0.6259842519685035,6.137795275590548
2026-07-31 16:50:10+00:00,2.13,1.376,90.0,S,Sunny,True,6.0,0.0,KILM,0.9571,95.71,waning_gibbous,0.07086614173228314,0.6259842519685035,6.106299212598422
2026-07-31 16:55:10+00:00,2.08,1.376,90.0,S,Sunny,True,6.0,0.0,KFBG,0.9571,95.71,waning_gibbous,0.07086614173228314,0.6259842519685035,6.074803149606296
2026-07-31 17:00:10+00:00,2.04,1.376,90.0,S,Sunny,True,6.0,0.0,KILM,0.9571,95.71,waning_gibbous,0.07086614173228314,0.6259842519685035,6.0433070866141705
2026-07-31 17:05:10+00:00,1.96,1.376,90.0,S,Sunny,True,6.0,0.0,KILM,0.9571,95.71,waning_gibbous,0.07086614173228314,0.6259842519685035,6.031496062992123
2026-07-31 17:10:10+00:00,1.91,1.376,90.0,S,Sunny,True,6.0,0.0,KILM,0.9571,95.71,waning_gibbous,0.07086614173228314,0.6259842519685035,6.019685039370076
2026-07-31 17:15:10+00:00,1.84,1.376,90.0,S,Sunny,True,6.0,0.0,KMQI,0.9571,95.71,waning_gibbous,0.07086614173228314,0.6259842519685035,6.007874015748029
2026-07-31 17:20:10+00:00,1.75,1.376,90.0,S,Sunny,True,6.0,0.0,KILM,0.9571,95.71,waning_gibbous,0.07086614173228314,0.6259842519685035,5.996062992125982
2026-07-31 17:25:10+00:00,1.7,1.376,90.0,S,Sunny,True,6.0,0.0,KILM,0.9571,95.71,waning_gibbous,0.07086614173228314,0.6259842519685035,5.996062992125982
2026-07-31 17:30:10+00:00,1.68,0.665,90.0,S,Sunny,True,6.0,0.0,KILM,0.9553,95.53,waning_gibbous,0.07086614173228314,0.6259842519685035,5.996062992125982
2026-07-31 17:35:10+00:00,1.59,0.665,90.0,S,Sunny,True,6.0,0.0,KMQI,0.9553,95.53,waning_gibbous,0.07086614173228314,0.6259842519685035,5.996062992125982
2026-07-31 17:45:10+00:00,1.45,0.665,90.0,S,Sunny,True,6.0,0.0,KILM,0.9553,95.53,waning_gibbous,0.07086614173228314,0.6259842519685035,5.996062992125982
2026-07-31 17:50:10+00:00,1.36,0.665,90.0,S,Sunny,True,6.0,0.0,KFBG,0.9553,95.53,waning_gibbous,0.07086614173228314,0.6259842519685035,5.996062992125982
2026-07-31 17:55:10+00:00,1.3,0.665,90.0,S,Sunny,True,6.0,0.0,KFBG,0.9553,95.53,waning_gibbous,0.07086614173228314,0.6259842519685035,5.996062992125982
2026-07-31 18:00:10+00:00,1.24,0.665,90.0,S,Sunny,True,6.0,0.0,KILM,0.9553,95.53,waning_gibbous,0.07086614173228314,0.6259842519685035,5.996062992125982
2026-07-31 18:05:10+00:00,1.16,0.665,90.0,S,Sunny,True,6.0,0.0,KILM,0.9553,95.53,waning_gibbous,0.07086614173228314,0.6259842519685035,5.996062992125982
2026-07-31 18:10:10+00:00,1.11,0.665,90.0,S,Sunny,True,6.0,0.0,KILM,0.9553,95.53,waning_gibbous,0.07086614173228314,0.6259842519685035,5.996062992125982
2026-07-31 18:15:10+00:00,1.06,0.665,90.0,S,Sunny,True,6.0,0.0,KMQI,0.9553,95.53,waning_gibbous,0.05905511811023595,0.6259842519685035,5.996062992125982
2026-07-31 18:20:10+00:00,0.94,0.665,90.0,S,Sunny,True,6.0,0.0,KILM,0.9553,95.53,waning_gibbous,0.05905511811023595,0.6259842519685035,5.996062992125982
2026-07-31 18:25:10+00:00,0.91,0.665,90.0,S,Sunny,True,6.0,0.0,KILM,0.9553,95.53,waning_gibbous,0.05905511811023595,0.6259842519685035,5.996062992125982
2026-07-31 18:30:10+00:00,0.8600000000000001,0.293,91.0,S,Sunny,True,6.0,0.0,KILM,0.9536,95.36,waning_gibbous,0.05905511811023595,0.6259842519685035,5.996062992125982
2026-07-31 18:35:10+00:00,0.8,0.293,91.0,S,Sunny,True,6.0,0.0,KMQI,0.9536,95.36,waning_gibbous,0.047244094488188754,0.6259842519685035,5.996062992125982
2026-07-31 18:40:10+00:00,0.71,0.293,91.0,S,Sunny,True,6.0,0.0,KILM,0.9536,95.36,waning_gibbous,0.047244094488188754,0.6259842519685035,5.996062992125982
2026-07-31 18:45:10+00:00,0.6499999999999999,0.293,91.0,S,Sunny,True,6.0,0.0,KILM,0.9536,95.36,waning_gibbous,0.047244094488188754,0.6259842519685035,5.996062992125982
2026-07-31 18:50:10+00:00,0.6100000000000001,0.293,91.0,S,Sunny,True,6.0,0.0,KILM,0.9536,95.36,waning_gibbous,0.047244094488188754,0.6259842519685035,5.996062992125982
2026-07-31 18:55:10+00:00,0.56,0.293,91.0,S,Sunny,True,6.0,0.0,KFBG,0.9536,95.36,waning_gibbous,0.047244094488188754,0.6259842519685035,5.996062992125982
2026-07-31 19:00:10+00:00,0.48,0.293,91.0,S,Sunny,True,6.0,0.0,KILM,0.9536,95.36,waning_gibbous,0.047244094488188754,0.6259842519685035,5.996062992125982
2026-07-31 19:05:10+00:00,0.4199999999999999,0.293,91.0,S,Sunny,True,6.0,0.0,KILM,0.9536,95.36,waning_gibbous,0.047244094488188754,0.6259842519685035,5.996062992125982
2026-07-31 19:10:10+00:00,0.3899999999999999,0.293,91.0,S,Sunny,True,6.0,0.0,KILM,0.9536,95.36,waning_gibbous,0.047244094488188754,0.6259842519685035,5.996062992125982
2026-07-31 19:15:10+00:00,0.33,0.293,91.0,S,Sunny,True,6.0,0.0,KMQI,0.9536,95.36,waning_gibbous,0.047244094488188754,0.6259842519685035,5.996062992125982
2026-07-31 19:20:10+00:00,0.28,0.293,91.0,S,Sunny,True,6.0,0.0,KILM,0.9536,95.36,waning_gibbous,0.047244094488188754,0.6259842519685035,5.996062992125982
2026-07-31 19:25:10+00:00,0.24,0.293,91.0,S,Sunny,True,6.0,0.0,KILM,0.9536,95.36,waning_gibbous,0.047244094488188754,0.6259842519685035,5.996062992125982
2026-07-31 19:30:10+00:00,0.2199999999999999,0.433,90.0,S,Sunny,True,6.0,0.0,KILM,0.9518,95.18,waning_gibbous,0.047244094488188754,0.6259842519685035,5.996062992125982
2026-07-31 19:35:10+00:00,0.1799999999999999,0.433,90.0,S,Sunny,True,6.0,0.0,KMQI,0.9518,95.18,waning_gibbous,0.047244094488188754,0.6259842519685035,5.996062992125982
2026-07-31 19:40:10+00:00,0.1399999999999999,0.433,90.0,S,Sunny,True,6.0,0.0,KILM,0.9518,95.18,waning_gibbous,0.047244094488188754,0.6259842519685035,5.996062992125982
2026-07-31 19:45:10+00:00,0.09,0.433,90.0,S,Sunny,True,6.0,0.0,KILM,0.9518,95.18,waning_gibbous,0.047244094488188754,0.6259842519685035,5.996062992125982
2026-07-31 19:50:10+00:00,0.07,0.433,90.0,S,Sunny,True,6.0,0.0,KILM,0.9518,95.18,waning_gibbous,0.047244094488188754,0.6259842519685035,5.996062992125982
2026-07-31 19:55:10+00:00,0.1,0.433,90.0,S,Sunny,True,6.0,0.0,KFBG,0.9518,95.18,waning_gibbous,0.047244094488188754,0.6259842519685035,5.996062992125982
2026-07-31 20:00:10+00:00,0.08,0.433,90.0,S,Sunny,True,6.0,0.0,KILM,0.9518,95.18,waning_gibbous,0.047244094488188754,0.6259842519685035,5.996062992125982
2026-07-31 20:05:10+00:00,0.09,0.433,90.0,S,Sunny,True,6.0,0.0,KILM,0.9518,95.18,waning_gibbous,0.047244094488188754,0.6259842519685035,5.996062992125982
2026-07-31 20:10:10+00:00,0.04,0.433,90.0,S,Sunny,True,6.0,0.0,KILM,0.9518,95.18,waning_gibbous,0.047244094488188754,0.6259842519685035,5.996062992125982
2026-07-31 20:15:10+00:00,0.06,0.433,90.0,S,Sunny,True,6.0,0.0,KMQI,0.9518,95.18,waning_gibbous,0.047244094488188754,0.6259842519685035,5.996062992125982
2026-07-31 20:20:10+00:00,0.09,0.433,90.0,S,Sunny,True,6.0,0.0,KILM,0.9518,95.18,waning_gibbous,0.047244094488188754,0.6259842519685035,5.996062992125982
2026-07-31 20:25:10+00:00,0.1200000000000001,0.433,90.0,S,Sunny,True,6.0,0.0,KILM,0.9518,95.18,waning_gibbous,0.047244094488188754,0.6259842519685035,5.996062992125982
2026-07-31 20:30:10+00:00,0.1499999999999999,1.123,89.0,S,Sunny,True,6.0,0.0,KILM,0.95,95.0,waning_gibbous,0.047244094488188754,0.6259842519685035,5.996062992125982
2026-07-31 20:35:10+00:00,0.2199999999999999,1.123,89.0,S,Sunny,True,6.0,0.0,KMQI,0.95,95.0,waning_gibbous,0.047244094488188754,0.6259842519685035,5.996062992125982
2026-07-31 20:40:10+00:00,0.2299999999999999,1.123,89.0,S,Sunny,True,6.0,0.0,KILM,0.95,95.0,waning_gibbous,0.047244094488188754,0.6259842519685035,5.996062992125982
2026-07-31 20:45:10+00:00,0.2299999999999999,1.123,89.0,S,Sunny,True,6.0,0.0,KILM,0.95,95.0,waning_gibbous,0.047244094488188754,0.6259842519685035,5.996062992125982
2026-07-31 20:50:10+00:00,0.27,1.123,89.0,S,Sunny,True,6.0,0.0,KILM,0.95,95.0,waning_gibbous,0.047244094488188754,0.6259842519685035,5.996062992125982
2026-07-31 20:55:10+00:00,0.32,1.123,89.0,S,Sunny,True,6.0,0.0,KFBG,0.95,95.0,waning_gibbous,0.047244094488188754,0.6259842519685035,5.996062992125982
2026-07-31 21:00:10+00:00,0.3700000000000001,1.123,89.0,S,Sunny,True,6.0,0.0,KILM,0.95,95.0,waning_gibbous,0.047244094488188754,0.6259842519685035,5.996062992125982
2026-07-31 21:05:10+00:00,0.4299999999999999,1.123,89.0,S,Sunny,True,6.0,0.0,KILM,0.95,95.0,waning_gibbous,0.047244094488188754,0.6259842519685035,5.996062992125982
2026-07-31 21:10:10+00:00,0.47,1.123,89.0,S,Sunny,True,6.0,0.0,KILM,0.95,95.0,waning_gibbous,0.047244094488188754,0.6259842519685035,5.996062992125982
2026-07-31 21:15:10+00:00,0.51,1.123,89.0,S,Sunny,True,6.0,0.0,KMQI,0.95,95.0,waning_gibbous,0.047244094488188754,0.6259842519685035,5.996062992125982
2026-07-31 21:20:10+00:00,0.6200000000000001,1.123,89.0,S,Sunny,True,6.0,0.0,KILM,0.95,95.0,waning_gibbous,0.047244094488188754,0.6259842519685035,5.996062992125982
2026-07-31 21:25:10+00:00,0.6599999999999999,1.123,89.0,S,Sunny,True,6.0,0.0,KILM,0.95,95.0,waning_gibbous,0.047244094488188754,0.6259842519685035,5.996062992125982
2026-07-31 21:30:10+00:00,0.71,2.167,87.0,S,Mostly Clear,False,6.0,0.0,KILM,0.9481,94.81,waning_gibbous,0.047244094488188754,0.6259842519685035,5.996062992125982
2026-07-31 21:35:10+00:00,0.81,2.167,87.0,S,Mostly Clear,False,6.0,0.0,KMQI,0.9481,94.81,waning_gibbous,0.047244094488188754,0.6259842519685035,5.996062992125982
2026-07-31 21:40:10+00:00,0.8700000000000001,2.167,87.0,S,Mostly Clear,False,6.0,0.0,KILM,0.9481,94.81,waning_gibbous,0.047244094488188754,0.6259842519685035,5.996062992125982
2026-07-31 21:45:10+00:00,0.92,2.167,87.0,S,Mostly Clear,False,6.0,0.0,KILM,0.9481,94.81,waning_gibbous,0.047244094488188754,0.6259842519685035,5.996062992125982
2026-07-31 21:50:10+00:00,0.99,2.167,87.0,S,Mostly Clear,False,6.0,0.0,KILM,0.9481,94.81,waning_gibbous,0.047244094488188754,0.6259842519685035,5.996062992125982
2026-07-31 21:55:10+00:00,1.05,2.167,87.0,S,Mostly Clear,False,6.0,0.0,KFBG,0.9481,94.81,waning_gibbous,0.047244094488188754,0.6259842519685035,5.996062992125982
2026-07-31 22:00:10+00:00,1.11,2.167,87.0,S,Mostly Clear,False,6.0,0.0,KILM,0.9481,94.81,waning_gibbous,0.047244094488188754,0.6259842519685035,5.996062992125982
2026-07-31 22:05:10+00:00,1.19,2.167,87.0,S,Mostly Clear,False,6.0,0.0,KILM,0.9481,94.81,waning_gibbous,0.047244094488188754,0.6259842519685035,5.996062992125982
2026-07-31 22:10:10+00:00,1.26,2.167,87.0,S,Mostly Clear,False,6.0,0.0,KILM,0.9481,94.81,waning_gibbous,0.047244094488188754,0.6259842519685035,5.996062992125982
2026-07-31 22:15:10+00:00,1.34,2.167,87.0,S,Mostly Clear,False,6.0,0.0,KMQI,0.9481,94.81,waning_gibbous,0.047244094488188754,0.6259842519685035,5.996062992125982
2026-07-31 22:20:10+00:00,1.41,2.167,87.0,S,Mostly Clear,False,6.0,0.0,KILM,0.9481,94.81,waning_gibbous,0.047244094488188754,0.6259842519685035,5.996062992125982
2026-07-31 22:25:10+00:00,1.5,2.167,87.0,S,Mostly Clear,False,6.0,0.0,KILM,0.9481,94.81,waning_gibbous,0.047244094488188754,0.6259842519685035,5.996062992125982
2026-07-31 22:30:10+00:00,1.57,3.24,86.0,S,Mostly Clear,False,6.0,0.0,KILM,0.9462,94.62,waning_gibbous,0.047244094488188754,0.6259842519685035,5.996062992125982
2026-07-31 22:35:10+00:00,1.65,3.24,86.0,S,Mostly Clear,False,6.0,0.0,KMQI,0.9462,94.62,waning_gibbous,0.047244094488188754,0.6259842519685035,5.996062992125982
2026-07-31 22:40:10+00:00,1.73,3.24,86.0,S,Mostly Clear,False,6.0,0.0,KILM,0.9462,94.62,waning_gibbous,0.047244094488188754,0.6259842519685035,5.996062992125982
2026-07-31 22:45:10+00:00,1.82,3.24,86.0,S,Mostly Clear,False,6.0,0.0,KILM,0.9462,94.62,waning_gibbous,0.047244094488188754,0.6259842519685035,5.996062992125982
2026-07-31 22:50:10+00:00,1.89,3.24,86.0,S,Mostly Clear,False,6.0,0.0,KILM,0.9462,94.62,waning_gibbous,0.047244094488188754,0.6259842519685035,5.996062992125982
2026-07-31 22:55:10+00:00,2.0,3.24,86.0,S,Mostly Clear,False,6.0,0.0,KFBG,0.9462,94.62,waning_gibbous,0.047244094488188754,0.6259842519685035,5.996062992125982
2026-07-31 23:00:10+00:00,2.07,3.24,86.0,S,Mostly Clear,False,6.0,0.0,KILM,0.9462,94.62,waning_gibbous,0.047244094488188754,0.6259842519685035,5.996062992125982
2026-07-31 23:05:10+00:00,2.15,3.24,86.0,S,Mostly Clear,False,6.0,0.0,KILM,0.9462,94.62,waning_gibbous,0.047244094488188754,0.6259842519685035,5.996062992125982
2026-07-31 23:10:10+00:00,2.21,3.24,86.0,S,Mostly Clear,False,6.0,0.0,KILM,0.9462,94.62,waning_gibbous,0.047244094488188754,0.6259842519685035,5.996062992125982
2026-07-31 23:15:10+00:00,2.3,3.24,86.0,S,Mostly Clear,False,6.0,0.0,KMQI,0.9462,94.62,waning_gibbous,0.047244094488188754,0.6259842519685035,5.996062992125982
2026-07-31 23:20:10+00:00,2.39,3.24,86.0,S,Mostly Clear,False,6.0,0.0,KILM,0.9462,94.62,waning_gibbous,0.047244094488188754,0.6259842519685035,5.996062992125982
2026-07-31 23:25:10+00:00,2.42,3.24,86.0,S,Mostly Clear,False,6.0,0.0,KILM,0.9462,94.62,waning_gibbous,0.047244094488188754,0.6259842519685035,5.996062992125982
2026-07-31 23:30:10+00:00,2.53,4.073,84.0,S,Mostly Clear,False,6.0,0.0,KILM,0.9443,94.43,waning_gibbous,0.047244094488188754,0.6259842519685035,5.996062992125982
2026-07-31 23:35:10+00:00,2.61,4.073,84.0,S,Mostly Clear,False,6.0,0.0,KMQI,0.9443,94.43,waning_gibbous,0.035433070866141544,0.6259842519685035,5.996062992125982
2026-07-31 23:40:10+00:00,2.69,4.073,84.0,S,Mostly Clear,False,6.0,0.0,KILM,0.9443,94.43,waning_gibbous,0.035433070866141544,0.6259842519685035,5.996062992125982
2026-07-31 23:45:10+00:00,2.78,4.073,84.0,S,Mostly Clear,False,6.0,0.0,KILM,0.9443,94.43,waning_gibbous,0.035433070866141544,0.6259842519685035,5.996062992125982
2026-07-31 23:50:10+00:00,2.86,4.073,84.0,S,Mostly Clear,False,6.0,0.0,KILM,0.9443,94.43,waning_gibbous,0.035433070866141544,0.6259842519685035,5.996062992125982
2026-07-31 23:55:10+00:00,2.92,4.073,84.0,S,Mostly Clear,False,6.0,0.0,KFBG,0.9443,94.43,waning_gibbous,0.035433070866141544,0.6259842519685035,5.996062992125982
2026-08-01 00:00:10+00:00,3.01,4.073,84.0,S,Mostly Clear,False,6.0,0.0,KILM,0.9443,94.43,waning_gibbous,0.035433070866141544,0.6259842519685035,5.996062992125982
2026-08-01 00:05:10+00:00,3.1100000000000003,4.073,84.0,S,Mostly Clear,False,6.0,0.0,KILM,0.9443,94.43,waning_gibbous,0.035433070866141544,0.6259842519685035,5.996062992125982
2026-08-01 00:10:10+00:00,3.17,4.073,84.0,S,Mostly Clear,False,6.0,0.0,KILM,0.9443,94.43,waning_gibbous,0.035433070866141544,0.6259842519685035,5.996062992125982
2026-08-01 00:15:10+00:00,3.25,4.073,84.0,S,Mostly Clear,False,6.0,0.0118110236220472,KMQI,0.9443,94.43,waning_gibbous,0.04724409448818875,0.6377952755905507,6.007874015748029
2026-08-01 00:20:10+00:00,3.3200000000000003,4.073,84.0,S,Mostly Clear,False,6.0,0.0,KILM,0.9443,94.43,waning_gibbous,0.04724409448818875,0.6377952755905507,6.007874015748029
2026-08-01 00:25:10+00:00,3.4,4.073,84.0,S,Mostly Clear,False,6.0,0.0,KILM,0.9443,94.43,waning_gibbous,0.04724409448818875,0.6377952755905507,6.007874015748029
2026-08-01 00:30:10+00:00,3.49,4.521,83.0,S,Mostly Clear,False,5.0,0.0,KILM,0.9423,94.23,waning_gibbous,0.04724409448818875,0.6377952755905507,6.007874015748029
2026-08-01 00:35:10+00:00,3.54,4.521,83.0,S,Mostly Clear,False,5.0,0.0118110236220472,KMQI,0.9423,94.23,waning_gibbous,0.05905511811023595,0.6496062992125979,6.019685039370076
2026-08-01 00:40:10+00:00,3.61,4.521,83.0,S,Mostly Clear,False,5.0,0.0,KILM,0.9423,94.23,waning_gibbous,0.05905511811023595,0.6496062992125979,6.019685039370076
2026-08-01 00:45:10+00:00,3.68,4.521,83.0,S,Mostly Clear,False,5.0,0.0,KILM,0.9423,94.23,waning_gibbous,0.05905511811023595,0.6496062992125979,6.019685039370076
2026-08-01 00:50:10+00:00,3.71,4.521,83.0,S,Mostly Clear,False,5.0,0.0,KILM,0.9423,94.23,waning_gibbous,0.05905511811023595,0.6496062992125979,6.019685039370076
2026-08-01 00:55:10+00:00,3.79,4.521,83.0,S,Mostly Clear,False,5.0,0.0,KFBG,0.9423,94.23,waning_gibbous,0.05905511811023595,0.6496062992125979,6.019685039370076
2026-08-01 01:00:10+00:00,3.85,4.521,83.0,S,Mostly Clear,False,5.0,0.0,KILM,0.9423,94.23,waning_gibbous,0.05905511811023595,0.6496062992125979,6.019685039370076
2026-08-01 01:05:10+00:00,3.92,4.521,83.0,S,Mostly Clear,False,5.0,0.0,KILM,0.9423,94.23,waning_gibbous,0.05905511811023595,0.6496062992125979,6.019685039370076
2026-08-01 01:10:10+00:00,3.96,4.521,83.0,S,Mostly Clear,False,5.0,0.0,KILM,0.9423,94.23,waning_gibbous,0.05905511811023595,0.6496062992125979,6.019685039370076
2026-08-01 01:15:10+00:00,4.01,4.521,83.0,S,Mostly Clear,False,5.0,0.0,KMQI,0.9423,94.23,waning_gibbous,0.05905511811023595,0.6496062992125979,6.019685039370076
2026-08-01 01:20:10+00:00,4.07,4.521,83.0,S,Mostly Clear,False,5.0,0.0,KILM,0.9423,94.23,waning_gibbous,0.05905511811023595,0.6496062992125979,6.019685039370076
2026-08-01 01:25:10+00:00,4.109999999999999,4.521,83.0,S,Mostly Clear,False,5.0,0.0,KILM,0.9423,94.23,waning_gibbous,0.05905511811023595,0.6496062992125979,6.019685039370076
2026-08-01 01:30:10+00:00,4.17,4.498,81.0,S,Mostly Clear,False,3.0,0.0,KILM,0.9403,94.03,waning_gibbous,0.05905511811023595,0.6496062992125979,6.019685039370076
2026-08-01 01:35:10+00:00,4.220000000000001,4.498,81.0,S,Mostly Clear,False,3.0,0.0,KMQI,0.9403,94.03,waning_gibbous,0.05905511811023595,0.6496062992125979,6.019685039370076
2026-08-01 01:40:10+00:00,4.27,4.498,81.0,S,Mostly Clear,False,3.0,0.0,KILM,0.9403,94.03,waning_gibbous,0.05905511811023595,0.6496062992125979,6.019685039370076
2026-08-01 01:45:10+00:00,4.3,4.498,81.0,S,Mostly Clear,False,3.0,0.0,KILM,0.9403,94.03,waning_gibbous,0.05905511811023595,0.6496062992125979,6.019685039370076
2026-08-01 01:50:10+00:00,4.35,4.498,81.0,S,Mostly Clear,False,3.0,0.0,KILM,0.9403,94.03,waning_gibbous,0.05905511811023595,0.6496062992125979,6.019685039370076
2026-08-01 01:55:10+00:00,4.4,4.498,81.0,S,Mostly Clear,False,3.0,0.0,KFBG,0.9403,94.03,waning_gibbous,0.05905511811023595,0.6496062992125979,6.007874015748029
2026-08-01 02:00:10+00:00,4.43,4.498,81.0,S,Mostly Clear,False,3.0,0.0,KILM,0.9403,94.03,waning_gibbous,0.05905511811023595,0.6496062992125979,5.996062992125982
2026-08-01 02:05:10+00:00,4.44,4.498,81.0,S,Mostly Clear,False,3.0,0.0,KILM,0.9403,94.03,waning_gibbous,0.05905511811023595,0.6496062992125979,5.996062992125982
2026-08-01 02:10:10+00:00,4.46,4.498,81.0,S,Mostly Clear,False,3.0,0.0,KILM,0.9403,94.03,waning_gibbous,0.05905511811023595,0.6496062992125979,5.996062992125982
2026-08-01 02:15:10+00:00,4.45,4.498,81.0,S,Mostly Clear,False,3.0,0.0,KMQI,0.9403,94.03,waning_gibbous,0.05905511811023595,0.6496062992125979,5.996062992125982
2026-08-01 02:20:10+00:00,4.48,4.498,81.0,S,Mostly Clear,False,3.0,0.0,KILM,0.9403,94.03,waning_gibbous,0.05905511811023595,0.6496062992125979,5.996062992125982
2026-08-01 02:25:10+00:00,4.48,4.498,81.0,S,Mostly Clear,False,3.0,0.0,KILM,0.9403,94.03,waning_gibbous,0.05905511811023595,0.6496062992125979,5.996062992125982
2026-08-01 02:30:10+00:00,4.470000000000001,3.98,80.0,S,Mostly Clear,False,3.0,0.0,KILM,0.9383,93.83,waning_gibbous,0.05905511811023595,0.6496062992125979,5.996062992125982
2026-08-01 02:35:10+00:00,4.43,3.98,80.0,S,Mostly Clear,False,3.0,0.0,KMQI,0.9383,93.83,waning_gibbous,0.05905511811023595,0.6496062992125979,5.996062992125982
2026-08-01 02:40:10+00:00,4.390000000000001,3.98,80.0,S,Mostly Clear,False,3.0,0.0,KILM,0.9383,93.83,waning_gibbous,0.05905511811023595,0.6496062992125979,5.996062992125982
2026-08-01 02:45:10+00:00,4.34,3.98,80.0,S,Mostly Clear,False,3.0,0.0,KILM,0.9383,93.83,waning_gibbous,0.05905511811023595,0.6496062992125979,5.996062992125982
2026-08-01 02:50:10+00:00,4.32,3.98,80.0,S,Mostly Clear,False,3.0,0.0,KILM,0.9383,93.83,waning_gibbous,0.05905511811023595,0.6496062992125979,5.996062992125982
2026-08-01 02:55:10+00:00,4.27,3.98,80.0,S,Mostly Clear,False,3.0,0.0,KFBG,0.9383,93.83,waning_gibbous,0.05905511811023595,0.6496062992125979,5.996062992125982
2026-08-01 03:00:10+00:00,4.23,3.98,80.0,S,Mostly Clear,False,3.0,0.0,KILM,0.9383,93.83,waning_gibbous,0.05905511811023595,0.6496062992125979,5.996062992125982
2026-08-01 03:05:10+00:00,4.16,3.98,80.0,S,Mostly Clear,False,3.0,0.0,KILM,0.9383,93.83,waning_gibbous,0.05905511811023595,0.6496062992125979,5.996062992125982
2026-08-01 03:10:10+00:00,4.109999999999999,3.98,80.0,S,Mostly Clear,False,3.0,0.0,KILM,0.9383,93.83,waning_gibbous,0.05905511811023595,0.6496062992125979,5.996062992125982
2026-08-01 03:15:10+00:00,4.07,3.98,80.0,S,Mostly Clear,False,3.0,0.0,KMQI,0.9383,93.83,waning_gibbous,0.05905511811023595,0.6496062992125979,5.996062992125982
2026-08-01 03:20:10+00:00,4.02,3.98,80.0,S,Mostly Clear,False,3.0,0.0,KILM,0.9383,93.83,waning_gibbous,0.05905511811023595,0.6496062992125979,5.996062992125982
2026-08-01 03:25:10+00:00,3.95,3.98,80.0,S,Mostly Clear,False,3.0,0.0,KILM,0.9383,93.83,waning_gibbous,0.05905511811023595,0.6496062992125979,5.996062992125982
2026-08-01 03:30:10+00:00,3.91,3.069,79.0,S,Mostly Clear,False,2.0,0.0,KILM,0.9362,93.62,waning_gibbous,0.05905511811023595,0.6496062992125979,5.996062992125982
2026-08-01 03:35:10+00:00,3.85,3.069,79.0,S,Mostly Clear,False,2.0,0.0,KMQI,0.9362,93.62,waning_gibbous,0.05905511811023595,0.4999999999999994,5.996062992125982
2026-08-01 03:40:10+00:00,3.8,3.069,79.0,S,Mostly Clear,False,2.0,0.0,KILM,0.9362,93.62,waning_gibbous,0.05905511811023595,0.49999999999999944,5.996062992125982
2026-08-01 03:45:10+00:00,3.75,3.069,79.0,S,Mostly Clear,False,2.0,0.0,KILM,0.9362,93.62,waning_gibbous,0.05905511811023595,0.49999999999999944,5.996062992125982
2026-08-01 03:50:10+00:00,3.7,3.069,79.0,S,Mostly Clear,False,2.0,0.0,KILM,0.9362,93.62,waning_gibbous,0.05905511811023595,0.49999999999999944,5.996062992125982
2026-08-01 03:55:10+00:00,3.65,3.069,79.0,S,Mostly Clear,False,2.0,0.0,KFBG,0.9362,93.62,waning_gibbous,0.05905511811023595,0.49999999999999944,5.996062992125982
2026-08-01 04:00:10+00:00,3.6,3.069,79.0,S,Mostly Clear,False,2.0,0.0,KILM,0.9362,93.62,waning_gibbous,0.05905511811023595,0.49999999999999944,5.996062992125982
2026-08-01 04:05:10+00:00,3.52,3.069,79.0,S,Mostly Clear,False,2.0,0.0,KILM,0.9362,93.62,waning_gibbous,0.05905511811023595,0.49999999999999944,5.996062992125982
2026-08-01 04:10:10+00:00,3.47,3.069,79.0,S,Mostly Clear,False,2.0,0.0,KILM,0.9362,93.62,waning_gibbous,0.05905511811023595,0.49999999999999944,5.996062992125982
2026-08-01 04:15:10+00:00,3.42,3.069,79.0,S,Mostly Clear,False,2.0,0.0,KMQI,0.9362,93.62,waning_gibbous,0.05905511811023595,0.49999999999999944,5.996062992125982
2026-08-01 04:20:10+00:00,3.3600000000000003,3.069,79.0,S,Mostly Clear,False,2.0,0.0,KILM,0.9362,93.62,waning_gibbous,0.05905511811023595,0.49999999999999944,5.996062992125982
2026-08-01 04:25:10+00:00,3.3,3.069,79.0,S,Mostly Clear,False,2.0,0.0,KILM,0.9362,93.62,waning_gibbous,0.05905511811023595,0.49999999999999944,5.996062992125982
2026-08-01 04:30:10+00:00,3.25,1.991,78.0,S,Mostly Clear,False,2.0,0.0,KILM,0.9341,93.41,waning_gibbous,0.05905511811023595,0.49999999999999944,5.996062992125982
2026-08-01 04:35:10+00:00,3.19,1.991,78.0,S,Mostly Clear,False,2.0,0.0,KMQI,0.9341,93.41,waning_gibbous,0.04724409448818875,0.16929133858267667,5.996062992125982
2026-08-01 04:40:10+00:00,3.14,1.991,78.0,S,Mostly Clear,False,2.0,0.0,KILM,0.9341,93.41,waning_gibbous,0.04724409448818875,0.16929133858267667,5.996062992125982
2026-08-01 04:45:10+00:00,3.08,1.991,78.0,S,Mostly Clear,False,2.0,0.0,KILM,0.9341,93.41,waning_gibbous,0.04724409448818875,0.16929133858267667,5.996062992125982
2026-08-01 04:50:10+00:00,3.02,1.991,78.0,S,Mostly Clear,False,2.0,0.0,KILM,0.9341,93.41,waning_gibbous,0.04724409448818875,0.16929133858267667,5.996062992125982
2026-08-01 04:55:10+00:00,2.95,1.991,78.0,S,Mostly Clear,False,2.0,0.0,KFBG,0.9341,93.41,waning_gibbous,0.04724409448818875,0.16929133858267667,5.996062992125982
2026-08-01 05:00:10+00:00,2.87,1.991,78.0,S,Mostly Clear,False,2.0,0.0,KILM,0.9341,93.41,waning_gibbous,0.04724409448818875,0.16929133858267667,5.996062992125982
2026-08-01 05:05:10+00:00,2.78,1.991,78.0,S,Mostly Clear,False,2.0,0.0,KILM,0.9341,93.41,waning_gibbous,0.04724409448818875,0.16929133858267667,5.996062992125982
2026-08-01 05:10:10+00:00,2.71,1.991,78.0,S,Mostly Clear,False,2.0,0.0,KILM,0.9341,93.41,waning_gibbous,0.04724409448818875,0.16929133858267667,5.996062992125982
2026-08-01 05:15:10+00:00,2.64,1.991,78.0,S,Mostly Clear,False,2.0,0.0,KMQI,0.9341,93.41,waning_gibbous,0.04724409448818875,0.16929133858267667,5.996062992125982
2026-08-01 05:20:10+00:00,2.58,1.991,78.0,S,Mostly Clear,False,2.0,0.0,KILM,0.9341,93.41,waning_gibbous,0.04724409448818875,0.16929133858267667,5.996062992125982
2026-08-01 05:25:10+00:00,2.5,1.991,78.0,S,Mostly Clear,False,2.0,0.0,KILM,0.9341,93.41,waning_gibbous,0.04724409448818875,0.16929133858267667,5.996062992125982
2026-08-01 05:30:10+00:00,2.43,0.996,78.0,S,Mostly Clear,False,2.0,0.0,KILM,0.932,93.2,waning_gibbous,0.04724409448818875,0.16929133858267667,5.996062992125982
2026-08-01 05:35:10+00:00,2.35,0.996,78.0,S,Mostly Clear,False,2.0,0.0,KMQI,0.932,93.2,waning_gibbous,0.04724409448818875,0.16929133858267667,5.996062992125982
2026-08-01 05:40:10+00:00,2.28,0.996,78.0,S,Mostly Clear,False,2.0,0.0,KILM,0.932,93.2,waning_gibbous,0.04724409448818875,0.16929133858267667,5.996062992125982
2026-08-01 05:45:10+00:00,2.21,0.996,78.0,S,Mostly Clear,False,2.0,0.0,KILM,0.932,93.2,waning_gibbous,0.04724409448818875,0.16929133858267667,5.996062992125982
2026-08-01 05:50:10+00:00,2.16,0.996,78.0,S,Mostly Clear,False,2.0,0.0,KILM,0.932,93.2,waning_gibbous,0.04724409448818875,0.16929133858267667,5.996062992125982
2026-08-01 05:55:10+00:00,2.07,0.996,78.0,S,Mostly Clear,False,2.0,0.0,KFBG,0.932,93.2,waning_gibbous,0.04724409448818875,0.16929133858267667,5.996062992125982
2026-08-01 06:00:10+00:00,2.01,0.996,78.0,S,Mostly Clear,False,2.0,0.0,KILM,0.932,93.2,waning_gibbous,0.04724409448818875,0.16929133858267667,5.996062992125982
2026-08-01 06:05:10+00:00,1.92,0.996,78.0,S,Mostly Clear,False,2.0,0.0,KILM,0.932,93.2,waning_gibbous,0.04724409448818875,0.16929133858267667,5.996062992125982
2026-08-01 06:10:10+00:00,1.85,0.996,78.0,S,Mostly Clear,False,2.0,0.0,KILM,0.932,93.2,waning_gibbous,0.04724409448818875,0.16929133858267667,5.996062992125982
2026-08-01 06:15:10+00:00,1.77,0.996,78.0,S,Mostly Clear,False,2.0,0.0118110236220472,KMQI,0.932,93.2,waning_gibbous,0.05905511811023595,0.16929133858267667,6.007874015748029
2026-08-01 06:20:10+00:00,1.68,0.996,78.0,S,Mostly Clear,False,2.0,0.0,KILM,0.932,93.2,waning_gibbous,0.05905511811023595,0.16929133858267667,6.007874015748029
2026-08-01 06:25:10+00:00,1.62,0.996,78.0,S,Mostly Clear,False,2.0,0.0,KILM,0.932,93.2,waning_gibbous,0.05905511811023595,0.16929133858267667,6.007874015748029
2026-08-01 06:30:10+00:00,1.55,0.312,77.0,S,Mostly Clear,False,2.0,0.0,KILM,0.9299,92.99,waning_gibbous,0.05905511811023595,0.16929133858267667,6.007874015748029
2026-08-01 06:35:10+00:00,1.48,0.312,77.0,S,Mostly Clear,False,2.0,0.0118110236220472,KMQI,0.9299,92.99,waning_gibbous,0.07086614173228314,0.16929133858267667,6.019685039370076
2026-08-01 06:40:10+00:00,1.4,0.312,77.0,S,Mostly Clear,False,2.0,0.0,KILM,0.9299,92.99,waning_gibbous,0.07086614173228314,0.16929133858267667,6.019685039370076
2026-08-01 06:45:10+00:00,1.34,0.312,77.0,S,Mostly Clear,False,2.0,0.0,KILM,0.9299,92.99,waning_gibbous,0.07086614173228314,0.16929133858267667,6.019685039370076
2026-08-01 06:50:10+00:00,1.25,0.312,77.0,S,Mostly Clear,False,2.0,0.0,KILM,0.9299,92.99,waning_gibbous,0.07086614173228314,0.16929133858267667,6.019685039370076
2026-08-01 06:55:10+00:00,1.19,0.312,77.0,S,Mostly Clear,False,2.0,0.0,KFBG,0.9299,92.99,waning_gibbous,0.07086614173228314,0.16929133858267667,6.019685039370076
2026-08-01 07:00:10+00:00,1.11,0.312,77.0,S,Mostly Clear,False,2.0,0.0,KILM,0.9299,92.99,waning_gibbous,0.07086614173228314,0.16929133858267667,6.019685039370076
2026-08-01 07:05:10+00:00,1.05,0.312,77.0,S,Mostly Clear,False,2.0,0.0,KILM,0.9299,92.99,waning_gibbous,0.07086614173228314,0.16929133858267667,6.019685039370076
2026-08-01 07:10:10+00:00,0.98,0.312,77.0,S,Mostly Clear,False,2.0,0.0,KILM,0.9299,92.99,waning_gibbous,0.07086614173228314,0.16929133858267667,6.019685039370076
2026-08-01 07:15:10+00:00,0.92,0.312,77.0,S,Mostly Clear,False,2.0,0.0,KMQI,0.9299,92.99,waning_gibbous,0.07086614173228314,0.16929133858267667,6.019685039370076
2026-08-01 07:20:10+00:00,0.8500000000000001,0.312,77.0,S,Mostly Clear,False,2.0,0.0,KILM,0.9299,92.99,waning_gibbous,0.07086614173228314,0.16929133858267667,6.019685039370076
2026-08-01 07:25:10+00:00,0.79,0.312,77.0,S,Mostly Clear,False,2.0,0.0,KILM,0.9299,92.99,waning_gibbous,0.07086614173228314,0.16929133858267667,6.019685039370076
2026-08-01 07:30:10+00:00,0.73,0.138,77.0,S,Mostly Clear,False,2.0,0.0,KILM,0.9277,92.77,waning_gibbous,0.07086614173228314,0.16929133858267667,6.019685039370076
2026-08-01 07:35:10+00:00,0.6399999999999999,0.138,77.0,S,Mostly Clear,False,2.0,0.0,KMQI,0.9277,92.77,waning_gibbous,0.07086614173228314,0.16929133858267667,6.019685039370076
2026-08-01 07:40:10+00:00,0.56,0.138,77.0,S,Mostly Clear,False,2.0,0.0,KILM,0.9277,92.77,waning_gibbous,0.07086614173228314,0.16929133858267667,6.019685039370076
2026-08-01 07:45:10+00:00,0.49,0.138,77.0,S,Mostly Clear,False,2.0,0.0,KILM,0.9277,92.77,waning_gibbous,0.07086614173228314,0.16929133858267667,6.019685039370076
2026-08-01 07:50:10+00:00,0.4199999999999999,0.138,77.0,S,Mostly Clear,False,2.0,0.0,KILM,0.9277,92.77,waning_gibbous,0.07086614173228314,0.16929133858267667,6.019685039370076
2026-08-01 07:55:10+00:00,0.3500000000000001,0.138,77.0,S,Mostly Clear,False,2.0,0.0,KFBG,0.9277,92.77,waning_gibbous,0.07086614173228314,0.16929133858267667,6.019685039370076
2026-08-01 08:00:10+00:00,0.29,0.138,77.0,S,Mostly Clear,False,2.0,0.0,KILM,0.9277,92.77,waning_gibbous,0.07086614173228314,0.16929133858267667,6.019685039370076
2026-08-01 08:05:10+00:00,0.2299999999999999,0.138,77.0,S,Mostly Clear,False,2.0,0.0,KILM,0.9277,92.77,waning_gibbous,0.07086614173228314,0.16929133858267667,6.019685039370076
2026-08-01 08:10:10+00:00,0.1799999999999999,0.138,77.0,S,Mostly Clear,False,2.0,0.0,KILM,0.9277,92.77,waning_gibbous,0.07086614173228314,0.16929133858267667,6.019685039370076
2026-08-01 08:15:10+00:00,0.1299999999999999,0.138,77.0,S,Mostly Clear,False,2.0,0.0,KMQI,0.9277,92.77,waning_gibbous,0.07086614173228314,0.16929133858267667,6.019685039370076
2026-08-01 08:20:10+00:00,0.1,0.138,77.0,S,Mostly Clear,False,2.0,0.0,KILM,0.9277,92.77,waning_gibbous,0.07086614173228314,0.16929133858267667,6.019685039370076
2026-08-01 08:25:10+00:00,0.09,0.138,77.0,S,Mostly Clear,False,2.0,0.0,KILM,0.9277,92.77,waning_gibbous,0.07086614173228314,0.16929133858267667,6.019685039370076
2026-08-01 08:30:10+00:00,0.1,0.562,76.0,S,Mostly Clear,False,2.0,0.0,KILM,0.9254,92.54,waning_gibbous,0.07086614173228314,0.16929133858267667,6.019685039370076
2026-08-01 08:35:10+00:00,0.1,0.562,76.0,S,Mostly Clear,False,2.0,0.0,KMQI,0.9254,92.54,waning_gibbous,0.07086614173228314,0.16929133858267667,6.019685039370076
2026-08-01 08:40:10+00:00,0.09,0.562,76.0,S,Mostly Clear,False,2.0,0.0,KILM,0.9254,92.54,waning_gibbous,0.07086614173228314,0.16929133858267667,6.019685039370076
2026-08-01 08:45:10+00:00,0.05,0.562,76.0,S,Mostly Clear,False,2.0,0.0,KILM,0.9254,92.54,waning_gibbous,0.07086614173228314,0.16929133858267667,6.019685039370076
2026-08-01 08:50:10+00:00,0.03,0.562,76.0,S,Mostly Clear,False,2.0,0.0,KILM,0.9254,92.54,waning_gibbous,0.07086614173228314,0.16929133858267667,6.019685039370076
2026-08-01 08:55:10+00:00,0.09,0.562,76.0,S,Mostly Clear,False,2.0,0.0,KFBG,0.9254,92.54,waning_gibbous,0.07086614173228314,0.16929133858267667,5.999999999999997
2026-08-01 09:00:10+00:00,0.1,0.562,76.0,S,Mostly Clear,False,2.0,0.0,KILM,0.9254,92.54,waning_gibbous,0.07086614173228314,0.16929133858267667,5.999999999999997
2026-08-01 09:05:10+00:00,0.1499999999999999,0.562,76.0,S,Mostly Clear,False,2.0,0.0,KILM,0.9254,92.54,waning_gibbous,0.07086614173228314,0.16929133858267667,5.999999999999997
2026-08-01 09:10:10+00:00,0.1799999999999999,0.562,76.0,S,Mostly Clear,False,2.0,0.0,KILM,0.9254,92.54,waning_gibbous,0.07086614173228314,0.16929133858267667,5.999999999999997
2026-08-01 09:15:10+00:00,0.26,0.562,76.0,S,Mostly Clear,False,2.0,0.0,KMQI,0.9254,92.54,waning_gibbous,0.07086614173228314,0.16929133858267667,5.999999999999997
2026-08-01 09:20:10+00:00,0.3600000000000001,0.562,76.0,S,Mostly Clear,False,2.0,0.0,KILM,0.9254,92.54,waning_gibbous,0.07086614173228314,0.16929133858267667,5.999999999999997
2026-08-01 09:25:10+00:00,0.4399999999999999,0.562,76.0,S,Mostly Clear,False,2.0,0.0,KILM,0.9254,92.54,waning_gibbous,0.07086614173228314,0.16929133858267667,5.999999999999997
2026-08-01 09:30:10+00:00,0.5,1.445,77.0,S,Sunny,True,2.0,0.0,KILM,0.9232,92.32,waning_gibbous,0.07086614173228314,0.16929133858267667,5.999999999999997
2026-08-01 09:35:10+00:00,0.52,1.445,77.0,S,Sunny,True,2.0,0.0,KMQI,0.9232,92.32,waning_gibbous,0.07086614173228314,0.16929133858267667,5.999999999999997
2026-08-01 09:40:10+00:00,0.5800000000000001,1.445,77.0,S,Sunny,True,2.0,0.0,KILM,0.9232,92.32,waning_gibbous,0.07086614173228314,0.16929133858267667,5.999999999999997
2026-08-01 09:45:10+00:00,0.6299999999999999,1.445,77.0,S,Sunny,True,2.0,0.0,KILM,0.9232,92.32,waning_gibbous,0.07086614173228314,0.16929133858267667,5.999999999999997
2026-08-01 09:50:10+00:00,0.69,1.445,77.0,S,Sunny,True,2.0,0.0,KILM,0.9232,92.32,waning_gibbous,0.07086614173228314,0.16929133858267667,5.999999999999997
2026-08-01 09:55:10+00:00,0.73,1.445,77.0,S,Sunny,True,2.0,0.0,KFBG,0.9232,92.32,waning_gibbous,0.07086614173228314,0.16929133858267667,5.051181102362202
2026-08-01 10:00:10+00:00,0.78,1.445,77.0,S,Sunny,True,2.0,0.0,KILM,0.9232,92.32,waning_gibbous,0.07086614173228314,0.16929133858267667,5.051181102362202
2026-08-01 10:05:10+00:00,0.8400000000000001,1.445,77.0,S,Sunny,True,2.0,0.0,KILM,0.9232,92.32,waning_gibbous,0.07086614173228314,0.16929133858267667,5.051181102362202
2026-08-01 10:10:10+00:00,0.8999999999999999,1.445,77.0,S,Sunny,True,2.0,0.0,KILM,0.9232,92.32,waning_gibbous,0.07086614173228314,0.16929133858267667,5.051181102362202
2026-08-01 10:15:10+00:00,0.96,1.445,77.0,S,Sunny,True,2.0,0.0,KMQI,0.9232,92.32,waning_gibbous,0.07086614173228314,0.16929133858267667,5.051181102362202
2026-08-01 10:20:10+00:00,1.01,1.445,77.0,S,Sunny,True,2.0,0.0,KILM,0.9232,92.32,waning_gibbous,0.07086614173228314,0.16929133858267667,5.051181102362202
2026-08-01 10:25:10+00:00,1.08,1.445,77.0,S,Sunny,True,2.0,0.0,KILM,0.9232,92.32,waning_gibbous,0.07086614173228314,0.16929133858267667,5.051181102362202
2026-08-01 10:30:10+00:00,1.14,2.466,77.0,S,Sunny,True,1.0,0.0,KILM,0.9209,92.09,waning_gibbous,0.07086614173228314,0.16929133858267667,5.051181102362202
2026-08-01 10:35:10+00:00,1.19,2.466,77.0,S,Sunny,True,1.0,0.0,KMQI,0.9209,92.09,waning_gibbous,0.05905511811023595,0.16929133858267667,5.051181102362202
2026-08-01 10:40:10+00:00,1.26,2.466,77.0,S,Sunny,True,1.0,0.0,KILM,0.9209,92.09,waning_gibbous,0.05905511811023595,0.16929133858267667,5.051181102362202
2026-08-01 10:45:10+00:00,1.3199999999999998,2.466,77.0,S,Sunny,True,1.0,0.0,KILM,0.9209,92.09,waning_gibbous,0.05905511811023595,0.16929133858267667,5.051181102362202
2026-08-01 10:50:10+00:00,1.39,2.466,77.0,S,Sunny,True,1.0,0.0,KILM,0.9209,92.09,waning_gibbous,0.05905511811023595,0.16929133858267667,4.771653543307084
2026-08-01 10:55:10+00:00,1.48,2.466,77.0,S,Sunny,True,1.0,0.0,KMQI,0.9209,92.09,waning_gibbous,0.05905511811023595,0.16929133858267667,4.492125984251966
2026-08-01 11:00:10+00:00,1.53,2.466,77.0,S,Sunny,True,1.0,0.0,KILM,0.9209,92.09,waning_gibbous,0.05905511811023595,0.16929133858267667,4.492125984251966
2026-08-01 11:05:10+00:00,1.62,2.466,77.0,S,Sunny,True,1.0,0.0,KILM,0.9209,92.09,waning_gibbous,0.05905511811023595,0.16929133858267667,4.492125984251966
2026-08-01 11:10:10+00:00,1.71,2.466,77.0,S,Sunny,True,1.0,0.0,KILM,0.9209,92.09,waning_gibbous,0.05905511811023595,0.16929133858267667,4.492125984251966
2026-08-01 11:15:10+00:00,1.78,2.466,77.0,S,Sunny,True,1.0,0.0,KMQI,0.9209,92.09,waning_gibbous,0.05905511811023595,0.16929133858267667,4.480314960629919
2026-08-01 11:20:10+00:00,1.85,2.466,77.0,S,Sunny,True,1.0,0.0,KILM,0.9209,92.09,waning_gibbous,0.05905511811023595,0.16929133858267667,4.480314960629919
2026-08-01 11:25:10+00:00,1.92,2.466,77.0,S,Sunny,True,1.0,0.0,KILM,0.9209,92.09,waning_gibbous,0.05905511811023595,0.16929133858267667,4.480314960629919
2026-08-01 11:30:10+00:00,2.0,3.319,78.0,S,Mostly Sunny,True,2.0,0.0,KILM,0.9186,91.86,waning_gibbous,0.05905511811023595,0.16929133858267667,4.480314960629919
2026-08-01 11:35:10+00:00,2.07,3.319,78.0,S,Mostly Sunny,True,2.0,0.0,KMQI,0.9186,91.86,waning_gibbous,0.05905511811023595,0.16929133858267667,4.480314960629919
2026-08-01 11:40:10+00:00,2.14,3.319,78.0,S,Mostly Sunny,True,2.0,0.0,KILM,0.9186,91.86,waning_gibbous,0.05905511811023595,0.16929133858267667,4.480314960629919
2026-08-01 11:45:10+00:00,2.2,3.319,78.0,S,Mostly Sunny,True,2.0,0.0,KILM,0.9186,91.86,waning_gibbous,0.05905511811023595,0.16929133858267667,4.480314960629919
2026-08-01 11:50:10+00:00,2.27,3.319,78.0,S,Mostly Sunny,True,2.0,0.0,KILM,0.9186,91.86,waning_gibbous,0.05905511811023595,0.16929133858267667,4.480314960629919
2026-08-01 11:55:10+00:00,2.33,3.319,78.0,S,Mostly Sunny,True,2.0,0.0,KMQI,0.9186,91.86,waning_gibbous,0.05905511811023595,0.16929133858267667,4.078740157480313
2026-08-01 12:00:10+00:00,2.4,3.319,78.0,S,Mostly Sunny,True,2.0,0.0,KILM,0.9186,91.86,waning_gibbous,0.05905511811023595,0.16929133858267667,3.6771653543307066
2026-08-01 12:05:10+00:00,2.45,3.319,78.0,S,Mostly Sunny,True,2.0,0.0,KILM,0.9186,91.86,waning_gibbous,0.05905511811023595,0.16929133858267667,3.6771653543307066
2026-08-01 12:10:10+00:00,2.51,3.319,78.0,S,Mostly Sunny,True,2.0,0.0,KILM,0.9186,91.86,waning_gibbous,0.05905511811023595,0.16929133858267667,3.6771653543307066
2026-08-01 12:15:10+00:00,2.59,3.319,78.0,S,Mostly Sunny,True,2.0,0.0,KMQI,0.9186,91.86,waning_gibbous,0.05905511811023595,0.16929133858267667,3.6771653543307066
2026-08-01 12:20:10+00:00,2.65,3.319,78.0,S,Mostly Sunny,True,2.0,0.0,KILM,0.9186,91.86,waning_gibbous,0.05905511811023595,0.16929133858267667,3.6771653543307066
2026-08-01 12:25:10+00:00,2.71,3.319,78.0,S,Mostly Sunny,True,2.0,0.0,KILM,0.9186,91.86,waning_gibbous,0.05905511811023595,0.16929133858267667,3.6771653543307066
2026-08-01 12:30:10+00:00,2.75,3.84,81.0,S,Mostly Sunny,True,3.0,0.0,KILM,0.9162,91.62,waning_gibbous,0.05905511811023595,0.16929133858267667,3.6771653543307066
2026-08-01 12:35:10+00:00,2.82,3.84,81.0,S,Mostly Sunny,True,3.0,0.0,KMQI,0.9162,91.62,waning_gibbous,0.05905511811023595,0.16929133858267667,3.6771653543307066
2026-08-01 12:40:10+00:00,2.88,3.84,81.0,S,Mostly Sunny,True,3.0,0.0,KILM,0.9162,91.62,waning_gibbous,0.05905511811023595,0.16929133858267667,3.6771653543307066
2026-08-01 12:45:10+00:00,2.95,3.84,81.0,S,Mostly Sunny,True,3.0,0.0,KILM,0.9162,91.62,waning_gibbous,0.05905511811023595,0.16929133858267667,3.6771653543307066
2026-08-01 12:50:10+00:00,3.01,3.84,81.0,S,Mostly Sunny,True,3.0,0.0,KILM,0.9162,91.62,waning_gibbous,0.05905511811023595,0.16929133858267667,3.637795275590549
2026-08-01 12:55:10+00:00,3.0700000000000003,3.84,81.0,S,Mostly Sunny,True,3.0,0.0,KMQI,0.9162,91.62,waning_gibbous,0.05905511811023595,0.16929133858267667,3.5984251968503917
2026-08-01 13:00:10+00:00,3.12,3.84,81.0,S,Mostly Sunny,True,3.0,0.0,KILM,0.9162,91.62,waning_gibbous,0.05905511811023595,0.16929133858267667,3.5984251968503917
2026-08-01 13:05:10+00:00,3.18,3.84,81.0,S,Mostly Sunny,True,3.0,0.0,KILM,0.9162,91.62,waning_gibbous,0.05905511811023595,0.16929133858267667,3.5984251968503917
2026-08-01 13:10:10+00:00,3.24,3.84,81.0,S,Mostly Sunny,True,3.0,0.0,KILM,0.9162,91.62,waning_gibbous,0.05905511811023595,0.16929133858267667,3.5984251968503917
2026-08-01 13:15:10+00:00,3.28,3.84,81.0,S,Mostly Sunny,True,3.0,0.0118110236220472,KMQI,0.9162,91.62,waning_gibbous,0.07086614173228314,0.18110236220472387,3.610236220472439
2026-08-01 13:20:10+00:00,3.33,3.84,81.0,S,Mostly Sunny,True,3.0,0.0,KILM,0.9162,91.62,waning_gibbous,0.07086614173228314,0.18110236220472387,3.610236220472439
2026-08-01 13:25:10+00:00,3.38,3.84,81.0,S,Mostly Sunny,True,3.0,0.0,KILM,0.9162,91.62,waning_gibbous,0.07086614173228314,0.18110236220472387,3.610236220472439
2026-08-01 13:30:10+00:00,3.4,3.961,84.0,SE,Mostly Sunny,True,5.0,0.0,KILM,0.9138,91.38,waning_gibbous,0.07086614173228314,0.18110236220472387,3.610236220472439
2026-08-01 13:35:10+00:00,3.44,3.961,84.0,SE,Mostly Sunny,True,5.0,0.0118110236220472,KMQI,0.9138,91.38,waning_gibbous,0.08267716535433034,0.1929133858267711,3.6220472440944858
2026-08-01 13:40:10+00:00,3.48,3.961,84.0,SE,Mostly Sunny,True,5.0,0.0,KILM,0.9138,91.38,waning_gibbous,0.08267716535433034,0.1929133858267711,3.6220472440944858
2026-08-01 13:45:10+00:00,3.52,3.961,84.0,SE,Mostly Sunny,True,5.0,0.0,KILM,0.9138,91.38,waning_gibbous,0.08267716535433034,0.1929133858267711,3.6220472440944858
2026-08-01 13:50:10+00:00,3.55,3.961,84.0,SE,Mostly Sunny,True,5.0,0.0,KILM,0.9138,91.38,waning_gibbous,0.08267716535433034,0.1929133858267711,3.6220472440944858
2026-08-01 13:55:10+00:00,3.5700000000000003,3.961,84.0,SE,Mostly Sunny,True,5.0,0.0118110236220472,KMQI,0.9138,91.38,waning_gibbous,0.09448818897637755,0.20472440944881828,2.8937007874015723
2026-08-01 14:00:10+00:00,3.61,3.961,84.0,SE,Mostly Sunny,True,5.0,0.0,KILM,0.9138,91.38,waning_gibbous,0.09448818897637755,0.20472440944881828,2.8937007874015723
2026-08-01 14:05:10+00:00,3.65,3.961,84.0,SE,Mostly Sunny,True,5.0,0.0,KILM,0.9138,91.38,waning_gibbous,0.09448818897637755,0.20472440944881828,2.8937007874015723
2026-08-01 14:10:10+00:00,3.66,3.961,84.0,SE,Mostly Sunny,True,5.0,0.0,KILM,0.9138,91.38,waning_gibbous,0.09448818897637755,0.20472440944881828,2.8937007874015723
2026-08-01 14:15:10+00:00,3.68,3.961,84.0,SE,Mostly Sunny,True,5.0,0.0,KMQI,0.9138,91.38,waning_gibbous,0.09448818897637755,0.20472440944881828,2.8937007874015723
2026-08-01 14:20:10+00:00,3.68,3.961,84.0,SE,Mostly Sunny,True,5.0,0.0,KILM,0.9138,91.38,waning_gibbous,0.09448818897637755,0.20472440944881828,2.8937007874015723
2026-08-01 14:25:10+00:00,3.69,3.961,84.0,SE,Mostly Sunny,True,5.0,0.0,KILM,0.9138,91.38,waning_gibbous,0.09448818897637755,0.20472440944881828,2.8937007874015723
2026-08-01 14:30:10+00:00,3.71,3.647,86.0,SE,Mostly Sunny,True,7.0,0.0,KILM,0.9114,91.14,waning_gibbous,0.09448818897637755,0.20472440944881828,2.8937007874015723
2026-08-01 14:35:10+00:00,3.71,3.647,86.0,SE,Mostly Sunny,True,7.0,0.0,KMQI,0.9114,91.14,waning_gibbous,0.09448818897637755,0.20472440944881828,2.881889763779525
2026-08-01 14:40:10+00:00,3.7,3.647,86.0,SE,Mostly Sunny,True,7.0,0.0,KILM,0.9114,91.14,waning_gibbous,0.09448818897637755,0.20472440944881828,2.881889763779525
2026-08-01 14:45:10+00:00,3.7,3.647,86.0,SE,Mostly Sunny,True,7.0,0.0,KILM,0.9114,91.14,waning_gibbous,0.09448818897637755,0.20472440944881828,2.881889763779525
2026-08-01 14:50:10+00:00,3.67,3.647,86.0,SE,Mostly Sunny,True,7.0,0.0,KILM,0.9114,91.14,waning_gibbous,0.09448818897637755,0.20472440944881828,2.712598425196848
2026-08-01 14:55:10+00:00,3.65,3.647,86.0,SE,Mostly Sunny,True,7.0,0.0,KMQI,0.9114,91.14,waning_gibbous,0.09448818897637755,0.20472440944881828,2.543307086614171
2026-08-01 15:00:10+00:00,3.64,3.647,86.0,SE,Mostly Sunny,True,7.0,0.0,KILM,0.9114,91.14,waning_gibbous,0.09448818897637755,0.20472440944881828,2.543307086614171
2026-08-01 15:05:10+00:00,3.6,3.647,86.0,SE,Mostly Sunny,True,7.0,0.0,KILM,0.9114,91.14,waning_gibbous,0.09448818897637755,0.20472440944881828,2.543307086614171
2026-08-01 15:10:10+00:00,3.58,3.647,86.0,SE,Mostly Sunny,True,7.0,0.0,KILM,0.9114,91.14,waning_gibbous,0.09448818897637755,0.20472440944881828,2.543307086614171
2026-08-01 15:15:10+00:00,3.5700000000000003,3.647,86.0,SE,Mostly Sunny,True,7.0,0.0,KMQI,0.9114,91.14,waning_gibbous,0.09448818897637755,0.20472440944881828,2.5314960629921237
2026-08-01 15:20:10+00:00,3.56,3.647,86.0,SE,Mostly Sunny,True,7.0,0.0,KILM,0.9114,91.14,waning_gibbous,0.09448818897637755,0.20472440944881828,2.5196850393700765
2026-08-01 15:25:10+00:00,3.49,3.647,86.0,SE,Mostly Sunny,True,7.0,0.0,KILM,0.9114,91.14,waning_gibbous,0.09448818897637755,0.20472440944881828,2.5078740157480293
2026-08-01 15:30:10+00:00,3.44,2.95,88.0,SE,Mostly Sunny,True,7.0,0.0,KILM,0.9089,90.89,waning_gibbous,0.09448818897637755,0.20472440944881828,2.496062992125982
2026-08-01 15:35:10+00:00,3.43,2.95,88.0,SE,Mostly Sunny,True,7.0,0.0,KMQI,0.9089,90.89,waning_gibbous,0.08267716535433035,0.20472440944881828,2.484251968503935
2026-08-01 15:40:10+00:00,3.4,2.95,88.0,SE,Mostly Sunny,True,7.0,0.0,KILM,0.9089,90.89,waning_gibbous,0.08267716535433035,0.20472440944881828,2.484251968503935
2026-08-01 15:45:10+00:00,3.35,2.95,88.0,SE,Mostly Sunny,True,7.0,0.0,KILM,0.9089,90.89,waning_gibbous,0.08267716535433035,0.20472440944881828,2.484251968503935
2026-08-01 15:50:10+00:00,3.29,2.95,88.0,SE,Mostly Sunny,True,7.0,0.0,KILM,0.9089,90.89,waning_gibbous,0.08267716535433035,0.20472440944881828,2.484251968503935
2026-08-01 15:55:10+00:00,3.26,2.95,88.0,SE,Mostly Sunny,True,7.0,0.0,KMQI,0.9089,90.89,waning_gibbous,0.08267716535433035,0.20472440944881828,2.464566929133856
2026-08-01 16:00:10+00:00,3.21,2.95,88.0,SE,Mostly Sunny,True,7.0,0.0,KILM,0.9089,90.89,waning_gibbous,0.08267716535433035,0.20472440944881828,2.4448818897637774
2026-08-01 16:05:10+00:00,3.17,2.95,88.0,SE,Mostly Sunny,True,7.0,0.0,KILM,0.9089,90.89,waning_gibbous,0.08267716535433035,0.20472440944881828,2.4251968503936987
2026-08-01 16:10:10+00:00,3.13,2.95,88.0,SE,Mostly Sunny,True,7.0,0.0,KILM,0.9089,90.89,waning_gibbous,0.08267716535433035,0.20472440944881828,2.40551181102362
2026-08-01 16:15:10+00:00,3.05,2.95,88.0,SE,Mostly Sunny,True,7.0,0.0,KMQI,0.9089,90.89,waning_gibbous,0.08267716535433035,0.20472440944881828,2.3858267716535413
2026-08-01 16:20:10+00:00,3.0,2.95,88.0,SE,Mostly Sunny,True,7.0,0.0,KILM,0.9089,90.89,waning_gibbous,0.08267716535433035,0.20472440944881828,2.3661417322834626
2026-08-01 16:25:10+00:00,2.94,2.95,88.0,SE,Mostly Sunny,True,7.0,0.0,KILM,0.9089,90.89,waning_gibbous,0.08267716535433035,0.20472440944881828,1.9448818897637776
2026-08-01 16:30:10+00:00,2.91,2.047,88.0,SE,Mostly Sunny,True,8.0,0.0,KILM,0.9065,90.65,waning_gibbous,0.08267716535433035,0.20472440944881828,1.5236220472440927
2026-08-01 16:35:10+00:00,2.86,2.047,88.0,SE,Mostly Sunny,True,8.0,0.0,KMQI,0.9065,90.65,waning_gibbous,0.08267716535433035,0.20472440944881828,1.1023622047244077
2026-08-01 16:40:10+00:00,2.81,2.047,88.0,SE,Mostly Sunny,True,8.0,0.0,KILM,0.9065,90.65,waning_gibbous,0.08267716535433035,0.20472440944881828,1.1023622047244077
2026-08-01 16:45:10+00:00,2.73,2.047,88.0,SE,Mostly Sunny,True,8.0,0.0,KILM,0.9065,90.65,waning_gibbous,0.08267716535433035,0.20472440944881828,1.1023622047244077
2026-08-01 16:50:10+00:00,2.66,2.047,88.0,SE,Mostly Sunny,True,8.0,0.0,KILM,0.9065,90.65,waning_gibbous,0.08267716535433035,0.20472440944881828,1.1023622047244077
2026-08-01 16:55:10+00:00,2.64,2.047,88.0,SE,Mostly Sunny,True,8.0,0.0,KMQI,0.9065,90.65,waning_gibbous,0.08267716535433035,0.20472440944881828,1.1023622047244077
2026-08-01 17:00:10+00:00,2.59,2.047,88.0,SE,Mostly Sunny,True,8.0,0.0,KILM,0.9065,90.65,waning_gibbous,0.08267716535433035,0.20472440944881828,1.1023622047244077
2026-08-01 17:05:10+00:00,2.54,2.047,88.0,SE,Mostly Sunny,True,8.0,0.0,KILM,0.9065,90.65,waning_gibbous,0.08267716535433035,0.20472440944881828,1.0905511811023605
2026-08-01 17:10:10+00:00,2.44,2.047,88.0,SE,Mostly Sunny,True,8.0,0.0,KILM,0.9065,90.65,waning_gibbous,0.08267716535433035,0.20472440944881828,1.0787401574803133
2026-08-01 17:15:10+00:00,2.41,2.047,88.0,SE,Mostly Sunny,True,8.0,0.0,KMQI,0.9065,90.65,waning_gibbous,0.08267716535433035,0.20472440944881828,1.066929133858266
2026-08-01 17:20:10+00:00,2.35,2.047,88.0,SE,Mostly Sunny,True,8.0,0.0,KILM,0.9065,90.65,waning_gibbous,0.08267716535433035,0.20472440944881828,1.0551181102362188
2026-08-01 17:25:10+00:00,2.3,2.047,88.0,SE,Mostly Sunny,True,8.0,0.0,KILM,0.9065,90.65,waning_gibbous,0.08267716535433035,0.20472440944881828,1.0157480314960614
2026-08-01 17:30:10+00:00,2.23,1.171,88.0,SE,Partly Sunny,True,9.0,0.0,KILM,0.9039,90.39,waning_gibbous,0.08267716535433035,0.20472440944881828,0.9763779527559041
2026-08-01 17:35:10+00:00,2.22,1.171,88.0,SE,Partly Sunny,True,9.0,0.0,KMQI,0.9039,90.39,waning_gibbous,0.08267716535433035,0.20472440944881828,0.9370078740157467
2026-08-01 17:40:10+00:00,2.14,1.171,88.0,SE,Partly Sunny,True,9.0,0.0,KILM,0.9039,90.39,waning_gibbous,0.08267716535433035,0.20472440944881828,0.8976377952755893
2026-08-01 17:45:10+00:00,2.05,1.171,88.0,SE,Partly Sunny,True,9.0,0.0,KILM,0.9039,90.39,waning_gibbous,0.08267716535433035,0.20472440944881828,0.8976377952755893
2026-08-01 17:50:10+00:00,1.99,1.171,88.0,SE,Partly Sunny,True,9.0,0.0,KILM,0.9039,90.39,waning_gibbous,0.08267716535433035,0.20472440944881828,0.8976377952755893
2026-08-01 17:55:10+00:00,1.94,1.171,88.0,SE,Partly Sunny,True,9.0,0.0,KMQI,0.9039,90.39,waning_gibbous,0.08267716535433035,0.20472440944881828,0.8976377952755893
2026-08-01 18:00:10+00:00,1.88,1.171,88.0,SE,Partly Sunny,True,9.0,0.0,KILM,0.9039,90.39,waning_gibbous,0.08267716535433035,0.20472440944881828,0.8976377952755893
2026-08-01 18:05:10+00:00,1.78,1.171,88.0,SE,Partly Sunny,True,9.0,0.0,KILM,0.9039,90.39,waning_gibbous,0.08267716535433035,0.20472440944881828,0.8976377952755893
2026-08-01 18:10:10+00:00,1.76,1.171,88.0,SE,Partly Sunny,True,9.0,0.0,KILM,0.9039,90.39,waning_gibbous,0.08267716535433035,0.20472440944881828,0.8976377952755893
2026-08-01 18:15:10+00:00,1.68,1.171,88.0,SE,Partly Sunny,True,9.0,0.0,KMQI,0.9039,90.39,waning_gibbous,0.08267716535433035,0.20472440944881828,0.8976377952755893
2026-08-01 18:20:10+00:00,1.63,1.171,88.0,SE,Partly Sunny,True,9.0,0.0,KILM,0.9039,90.39,waning_gibbous,0.08267716535433035,0.20472440944881828,0.8976377952755893
2026-08-01 18:25:10+00:00,1.56,1.171,88.0,SE,Partly Sunny,True,9.0,0.0,KILM,0.9039,90.39,waning_gibbous,0.08267716535433035,0.20472440944881828,0.8582677165354319
2026-08-01 18:30:10+00:00,1.51,0.533,88.0,SE,Partly Sunny,True,9.0,0.0,KILM,0.9014,90.14,waning_gibbous,0.08267716535433035,0.20472440944881828,0.8188976377952745
2026-08-01 18:35:10+00:00,1.46,0.533,88.0,SE,Partly Sunny,True,9.0,0.0,KMQI,0.9014,90.14,waning_gibbous,0.08267716535433035,0.20472440944881828,0.7795275590551171
2026-08-01 18:40:10+00:00,1.4,0.533,88.0,SE,Partly Sunny,True,9.0,0.0,KILM,0.9014,90.14,waning_gibbous,0.08267716535433035,0.20472440944881828,0.7795275590551171
2026-08-01 18:45:10+00:00,1.33,0.533,88.0,SE,Partly Sunny,True,9.0,0.0,KILM,0.9014,90.14,waning_gibbous,0.08267716535433035,0.20472440944881828,0.7795275590551171
2026-08-01 18:50:10+00:00,1.26,0.533,88.0,SE,Partly Sunny,True,9.0,0.0,KILM,0.9014,90.14,waning_gibbous,0.08267716535433035,0.20472440944881828,0.7795275590551171
2026-08-01 18:55:10+00:00,1.21,0.533,88.0,SE,Partly Sunny,True,9.0,0.0,KMQI,0.9014,90.14,waning_gibbous,0.08267716535433035,0.20472440944881828,0.7795275590551171
2026-08-01 19:00:10+00:00,1.15,0.533,88.0,SE,Partly Sunny,True,9.0,0.0,KILM,0.9014,90.14,waning_gibbous,0.08267716535433035,0.20472440944881828,0.7795275590551171
2026-08-01 19:05:10+00:00,1.1,0.533,88.0,SE,Partly Sunny,True,9.0,0.0,KILM,0.9014,90.14,waning_gibbous,0.08267716535433035,0.20472440944881828,0.7795275590551171
2026-08-01 19:10:10+00:00,1.02,0.533,88.0,SE,Partly Sunny,True,9.0,0.0,KILM,0.9014,90.14,waning_gibbous,0.08267716535433035,0.20472440944881828,0.7795275590551171
2026-08-01 19:15:10+00:00,0.96,0.533,88.0,SE,Partly Sunny,True,9.0,0.0,KMQI,0.9014,90.14,waning_gibbous,0.08267716535433035,0.20472440944881828,0.7795275590551171
2026-08-01 19:20:10+00:00,0.8899999999999999,0.533,88.0,SE,Partly Sunny,True,9.0,0.0,KILM,0.9014,90.14,waning_gibbous,0.08267716535433035,0.20472440944881828,0.7795275590551171
2026-08-01 19:25:10+00:00,0.8400000000000001,0.533,88.0,SE,Partly Sunny,True,9.0,0.0,KILM,0.9014,90.14,waning_gibbous,0.08267716535433035,0.20472440944881828,0.7795275590551171
2026-08-01 19:30:10+00:00,0.79,0.314,88.0,SE,Partly Sunny,True,10.0,0.0,KILM,0.8988,89.88,waning_gibbous,0.08267716535433035,0.20472440944881828,0.7677165354330698
2026-08-01 19:35:10+00:00,0.73,0.314,88.0,SE,Partly Sunny,True,10.0,0.0,KMQI,0.8988,89.88,waning_gibbous,0.08267716535433035,0.20472440944881828,0.7559055118110227
2026-08-01 19:40:10+00:00,0.6799999999999999,0.314,88.0,SE,Partly Sunny,True,10.0,0.0,KILM,0.8988,89.88,waning_gibbous,0.08267716535433035,0.20472440944881828,0.7440944881889755
2026-08-01 19:45:10+00:00,0.5900000000000001,0.314,88.0,SE,Partly Sunny,True,10.0,0.0,KILM,0.8988,89.88,waning_gibbous,0.08267716535433035,0.20472440944881828,0.7440944881889755
2026-08-01 19:50:10+00:00,0.55,0.314,88.0,SE,Partly Sunny,True,10.0,0.0,KILM,0.8988,89.88,waning_gibbous,0.08267716535433035,0.20472440944881828,0.7440944881889755
2026-08-01 20:00:10+00:00,0.4599999999999999,0.314,88.0,SE,Partly Sunny,True,10.0,0.0,KILM,0.8988,89.88,waning_gibbous,0.08267716535433035,0.20472440944881828,0.7440944881889755
2026-08-01 20:05:10+00:00,0.4299999999999999,0.314,88.0,SE,Partly Sunny,True,10.0,0.0,KILM,0.8988,89.88,waning_gibbous,0.08267716535433035,0.20472440944881828,0.7440944881889755
2026-08-01 20:10:10+00:00,0.3999999999999999,0.314,88.0,SE,Partly Sunny,True,10.0,0.0,KILM,0.8988,89.88,waning_gibbous,0.08267716535433035,0.20472440944881828,0.7440944881889755
2026-08-01 20:15:10+00:00,0.3700000000000001,0.314,88.0,SE,Partly Sunny,True,10.0,0.0,KMQI,0.8988,89.88,waning_gibbous,0.08267716535433035,0.20472440944881828,0.7440944881889755
2026-08-01 20:20:10+00:00,0.3500000000000001,0.314,88.0,SE,Partly Sunny,True,10.0,0.0,KILM,0.8988,89.88,waning_gibbous,0.08267716535433035,0.20472440944881828,0.7440944881889755
2026-08-01 20:25:10+00:00,0.3400000000000001,0.314,88.0,SE,Partly Sunny,True,10.0,0.0,KILM,0.8988,89.88,waning_gibbous,0.08267716535433035,0.20472440944881828,0.7440944881889755
2026-08-01 20:30:10+00:00,0.3,0.634,88.0,SE,Partly Sunny,True,9.0,0.0,KILM,0.8962,89.62,waning_gibbous,0.08267716535433035,0.20472440944881828,0.7440944881889755
2026-08-01 20:35:10+00:00,0.31,0.634,88.0,SE,Partly Sunny,True,9.0,0.0,KILM,0.8962,89.62,waning_gibbous,0.08267716535433035,0.20472440944881828,0.7440944881889755
2026-08-01 20:40:10+00:00,0.33,0.634,88.0,SE,Partly Sunny,True,9.0,0.0,KILM,0.8962,89.62,waning_gibbous,0.08267716535433035,0.20472440944881828,0.7440944881889755
2026-08-01 20:45:10+00:00,0.32,0.634,88.0,SE,Partly Sunny,True,9.0,0.0,KILM,0.8962,89.62,waning_gibbous,0.08267716535433035,0.20472440944881828,0.7440944881889755
2026-08-01 20:50:10+00:00,0.33,0.634,88.0,SE,Partly Sunny,True,9.0,0.0,KILM,0.8962,89.62,waning_gibbous,0.08267716535433035,0.20472440944881828,0.7440944881889755
2026-08-01 20:55:10+00:00,0.3400000000000001,0.634,88.0,SE,Partly Sunny,True,9.0,0.0,KILM,0.8962,89.62,waning_gibbous,0.08267716535433035,0.20472440944881828,0.7440944881889755
2026-08-01 21:00:10+00:00,0.3600000000000001,0.634,88.0,SE,Partly Sunny,True,9.0,0.0,KILM,0.8962,89.62,waning_gibbous,0.08267716535433035,0.20472440944881828,0.7440944881889755
2026-08-01 21:05:10+00:00,0.3799999999999999,0.634,88.0,SE,Partly Sunny,True,9.0,0.0,KILM,0.8962,89.62,waning_gibbous,0.08267716535433035,0.20472440944881828,0.7440944881889755
2026-08-01 21:10:10+00:00,0.3999999999999999,0.634,88.0,SE,Partly Sunny,True,9.0,0.0,KILM,0.8962,89.62,waning_gibbous,0.08267716535433035,0.20472440944881828,0.7440944881889755
2026-08-01 21:15:10+00:00,0.3899999999999999,0.634,88.0,SE,Partly Sunny,True,9.0,0.0,KILM,0.8962,89.62,waning_gibbous,0.08267716535433035,0.20472440944881828,0.7440944881889755
2026-08-01 21:20:10+00:00,0.4499999999999999,0.634,88.0,SE,Partly Sunny,True,9.0,0.0,KILM,0.8962,89.62,waning_gibbous,0.08267716535433035,0.20472440944881828,0.7440944881889755
2026-08-01 21:25:10+00:00,0.48,0.634,88.0,SE,Partly Sunny,True,9.0,0.0,KILM,0.8962,89.62,waning_gibbous,0.08267716535433035,0.20472440944881828,0.7440944881889755
2026-08-01 21:30:10+00:00,0.48,1.446,87.0,SE,Mostly Cloudy,False,9.0,0.0,KILM,0.8935,89.35,waning_gibbous,0.08267716535433035,0.20472440944881828,0.7440944881889755
2026-08-01 21:35:10+00:00,0.52,1.446,87.0,SE,Mostly Cloudy,False,9.0,0.0,KILM,0.8935,89.35,waning_gibbous,0.08267716535433035,0.20472440944881828,0.7440944881889755
2026-08-01 21:40:10+00:00,0.5900000000000001,1.446,87.0,SE,Mostly Cloudy,False,9.0,0.0,KILM,0.8935,89.35,waning_gibbous,0.08267716535433035,0.20472440944881828,0.7440944881889755
2026-08-01 21:45:10+00:00,0.6399999999999999,1.446,87.0,SE,Mostly Cloudy,False,9.0,0.0,KILM,0.8935,89.35,waning_gibbous,0.08267716535433035,0.20472440944881828,0.7440944881889755
2026-08-01 21:50:10+00:00,0.69,1.446,87.0,SE,Mostly Cloudy,False,9.0,0.0,KILM,0.8935,89.35,waning_gibbous,0.08267716535433035,0.20472440944881828,0.7440944881889755
2026-08-01 21:55:10+00:00,0.76,1.446,87.0,SE,Mostly Cloudy,False,9.0,0.0,KILM,0.8935,89.35,waning_gibbous,0.08267716535433035,0.20472440944881828,0.7440944881889755
2026-08-01 22:00:10+00:00,0.8300000000000001,1.446,87.0,SE,Mostly Cloudy,False,9.0,0.0,KILM,0.8935,89.35,waning_gibbous,0.08267716535433035,0.20472440944881828,0.7440944881889755
2026-08-01 22:05:10+00:00,0.8700000000000001,1.446,87.0,SE,Mostly Cloudy,False,9.0,0.0,KILM,0.8935,89.35,waning_gibbous,0.08267716535433035,0.20472440944881828,0.7440944881889755
2026-08-01 22:10:10+00:00,0.95,1.446,87.0,SE,Mostly Cloudy,False,9.0,0.0,KILM,0.8935,89.35,waning_gibbous,0.08267716535433035,0.20472440944881828,0.7440944881889755
2026-08-01 22:15:10+00:00,1.02,1.446,87.0,SE,Mostly Cloudy,False,9.0,0.0,KILM,0.8935,89.35,waning_gibbous,0.08267716535433035,0.20472440944881828,0.7440944881889755
2026-08-01 22:20:10+00:00,1.09,1.446,87.0,SE,Mostly Cloudy,False,9.0,0.0,KILM,0.8935,89.35,waning_gibbous,0.08267716535433035,0.20472440944881828,0.7440944881889755
2026-08-01 22:25:10+00:00,1.17,1.446,87.0,SE,Mostly Cloudy,False,9.0,0.0,KILM,0.8935,89.35,waning_gibbous,0.08267716535433035,0.20472440944881828,0.7440944881889755
2026-08-01 22:30:10+00:00,1.23,2.499,86.0,SE,Mostly Cloudy,False,8.0,0.0,KILM,0.8909,89.09,waning_gibbous,0.08267716535433035,0.20472440944881828,0.7440944881889755
2026-08-01 22:35:10+00:00,1.31,2.499,86.0,SE,Mostly Cloudy,False,8.0,0.0,KILM,0.8909,89.09,waning_gibbous,0.08267716535433035,0.20472440944881828,0.7440944881889755
2026-08-01 22:40:10+00:00,1.37,2.499,86.0,SE,Mostly Cloudy,False,8.0,0.0,KILM,0.8909,89.09,waning_gibbous,0.08267716535433035,0.20472440944881828,0.7440944881889755
2026-08-01 22:45:10+00:00,1.45,2.499,86.0,SE,Mostly Cloudy,False,8.0,0.0,KILM,0.8909,89.09,waning_gibbous,0.08267716535433035,0.20472440944881828,0.7440944881889755
2026-08-01 22:50:10+00:00,1.52,2.499,86.0,SE,Mostly Cloudy,False,8.0,0.0,KILM,0.8909,89.09,waning_gibbous,0.08267716535433035,0.20472440944881828,0.7440944881889755
2026-08-01 22:55:10+00:00,1.57,2.499,86.0,SE,Mostly Cloudy,False,8.0,0.0,KILM,0.8909,89.09,waning_gibbous,0.08267716535433035,0.20472440944881828,0.7440944881889755
2026-08-01 23:00:10+00:00,1.64,2.499,86.0,SE,Mostly Cloudy,False,8.0,0.0,KILM,0.8909,89.09,waning_gibbous,0.08267716535433035,0.20472440944881828,0.7440944881889755
2026-08-01 23:05:10+00:00,1.69,2.499,86.0,SE,Mostly Cloudy,False,8.0,0.0,KILM,0.8909,89.09,waning_gibbous,0.08267716535433035,0.20472440944881828,0.7440944881889755
2026-08-01 23:10:10+00:00,1.78,2.499,86.0,SE,Mostly Cloudy,False,8.0,0.0,KILM,0.8909,89.09,waning_gibbous,0.08267716535433035,0.20472440944881828,0.7440944881889755
2026-08-01 23:15:10+00:00,1.86,2.499,86.0,SE,Mostly Cloudy,False,8.0,0.0,KILM,0.8909,89.09,waning_gibbous,0.08267716535433035,0.20472440944881828,0.7440944881889755
2026-08-01 23:20:10+00:00,1.95,2.499,86.0,SE,Mostly Cloudy,False,8.0,0.0,KILM,0.8909,89.09,waning_gibbous,0.08267716535433035,0.20472440944881828,0.7440944881889755
2026-08-01 23:25:10+00:00,2.02,2.499,86.0,SE,Mostly Cloudy,False,8.0,0.0,KILM,0.8909,89.09,waning_gibbous,0.08267716535433035,0.20472440944881828,0.7440944881889755
2026-08-01 23:30:10+00:00,2.14,3.478,84.0,SE,Mostly Cloudy,False,7.0,0.0,KILM,0.8882,88.82,waning_gibbous,0.08267716535433035,0.20472440944881828,0.7440944881889755
2026-08-01 23:35:10+00:00,2.24,3.478,84.0,SE,Mostly Cloudy,False,7.0,0.0,KILM,0.8882,88.82,waning_gibbous,0.08267716535433035,0.20472440944881828,0.7440944881889755
2026-08-01 23:40:10+00:00,2.3,3.478,84.0,SE,Mostly Cloudy,False,7.0,0.0,KILM,0.8882,88.82,waning_gibbous,0.08267716535433035,0.20472440944881828,0.7440944881889755
2026-08-01 23:45:10+00:00,2.37,3.478,84.0,SE,Mostly Cloudy,False,7.0,0.0,KILM,0.8882,88.82,waning_gibbous,0.08267716535433035,0.20472440944881828,0.7440944881889755
2026-08-01 23:50:10+00:00,2.44,3.478,84.0,SE,Mostly Cloudy,False,7.0,0.0,KILM,0.8882,88.82,waning_gibbous,0.08267716535433035,0.20472440944881828,0.7440944881889755
2026-08-01 23:55:10+00:00,2.51,3.478,84.0,SE,Mostly Cloudy,False,7.0,0.0,KILM,0.8882,88.82,waning_gibbous,0.08267716535433035,0.20472440944881828,0.7440944881889755
2026-08-02 00:00:10+00:00,2.58,3.478,84.0,SE,Mostly Cloudy,False,7.0,0.0,KILM,0.8882,88.82,waning_gibbous,0.08267716535433035,0.20472440944881828,0.7440944881889755
2026-08-02 00:05:10+00:00,2.66,3.478,84.0,SE,Mostly Cloudy,False,7.0,0.0,KILM,0.8882,88.82,waning_gibbous,0.08267716535433035,0.20472440944881828,0.7440944881889755
2026-08-02 00:10:10+00:00,2.74,3.478,84.0,SE,Mostly Cloudy,False,7.0,0.0,KILM,0.8882,88.82,waning_gibbous,0.08267716535433035,0.20472440944881828,0.7440944881889755
2026-08-02 00:15:10+00:00,2.81,3.478,84.0,SE,Mostly Cloudy,False,7.0,0.0,KILM,0.8882,88.82,waning_gibbous,0.07086614173228314,0.20472440944881828,0.7440944881889755
2026-08-02 00:20:10+00:00,2.87,3.478,84.0,SE,Mostly Cloudy,False,7.0,0.0,KILM,0.8882,88.82,waning_gibbous,0.07086614173228314,0.20472440944881828,0.7440944881889755
2026-08-02 00:25:10+00:00,2.95,3.478,84.0,SE,Mostly Cloudy,False,7.0,0.0,KILM,0.8882,88.82,waning_gibbous,0.07086614173228314,0.20472440944881828,0.7440944881889755
2026-08-02 00:30:10+00:00,3.02,4.169,83.0,SE,Mostly Cloudy,False,6.0,0.0,KILM,0.8854,88.54,waning_gibbous,0.07086614173228314,0.20472440944881828,0.7440944881889755
2026-08-02 00:35:10+00:00,3.04,4.169,83.0,SE,Mostly Cloudy,False,6.0,0.0,KILM,0.8854,88.54,waning_gibbous,0.05905511811023595,0.20472440944881828,0.7440944881889755
2026-08-02 00:40:10+00:00,3.14,4.169,83.0,SE,Mostly Cloudy,False,6.0,0.0,KILM,0.8854,88.54,waning_gibbous,0.05905511811023595,0.20472440944881828,0.7440944881889755
2026-08-02 00:45:10+00:00,3.23,4.169,83.0,SE,Mostly Cloudy,False,6.0,0.0,KILM,0.8854,88.54,waning_gibbous,0.05905511811023595,0.20472440944881828,0.7440944881889755
2026-08-02 00:50:10+00:00,3.29,4.169,83.0,SE,Mostly Cloudy,False,6.0,0.0,KILM,0.8854,88.54,waning_gibbous,0.05905511811023595,0.20472440944881828,0.7440944881889755
2026-08-02 00:55:10+00:00,3.38,4.169,83.0,SE,Mostly Cloudy,False,6.0,0.0,KILM,0.8854,88.54,waning_gibbous,0.05905511811023595,0.20472440944881828,0.7440944881889755
2026-08-02 01:00:10+00:00,3.43,4.169,83.0,SE,Mostly Cloudy,False,6.0,0.0,KILM,0.8854,88.54,waning_gibbous,0.05905511811023595,0.20472440944881828,0.7440944881889755
2026-08-02 01:05:10+00:00,3.46,4.169,83.0,SE,Mostly Cloudy,False,6.0,0.0,KILM,0.8854,88.54,waning_gibbous,0.05905511811023595,0.20472440944881828,0.7440944881889755
2026-08-02 01:10:10+00:00,3.49,4.169,83.0,SE,Mostly Cloudy,False,6.0,0.0,KILM,0.8854,88.54,waning_gibbous,0.05905511811023595,0.20472440944881828,0.7440944881889755
2026-08-02 01:15:10+00:00,3.53,4.169,83.0,SE,Mostly Cloudy,False,6.0,0.0,KILM,0.8854,88.54,waning_gibbous,0.05905511811023595,0.20472440944881828,0.7440944881889755
2026-08-02 01:20:10+00:00,3.6,4.169,83.0,SE,Mostly Cloudy,False,6.0,0.0,KILM,0.8854,88.54,waning_gibbous,0.05905511811023595,0.20472440944881828,0.7440944881889755
2026-08-02 01:25:10+00:00,3.65,4.169,83.0,SE,Mostly Cloudy,False,6.0,0.0,KILM,0.8854,88.54,waning_gibbous,0.05905511811023595,0.20472440944881828,0.7440944881889755
2026-08-02 01:30:10+00:00,3.69,4.464,81.0,S,Mostly Cloudy,False,6.0,0.0,KILM,0.8827,88.27,waning_gibbous,0.05905511811023595,0.20472440944881828,0.7440944881889755
2026-08-02 01:35:10+00:00,3.75,4.464,81.0,S,Mostly Cloudy,False,6.0,0.0,KILM,0.8827,88.27,waning_gibbous,0.05905511811023595,0.20472440944881828,0.7440944881889755
2026-08-02 01:40:10+00:00,3.8,4.464,81.0,S,Mostly Cloudy,False,6.0,0.0,KILM,0.8827,88.27,waning_gibbous,0.05905511811023595,0.20472440944881828,0.7440944881889755
2026-08-02 01:45:10+00:00,3.86,4.464,81.0,S,Mostly Cloudy,False,6.0,0.0,KILM,0.8827,88.27,waning_gibbous,0.05905511811023595,0.20472440944881828,0.7440944881889755
2026-08-02 01:50:10+00:00,3.9,4.464,81.0,S,Mostly Cloudy,False,6.0,0.0,KILM,0.8827,88.27,waning_gibbous,0.05905511811023595,0.20472440944881828,0.7440944881889755
2026-08-02 01:55:10+00:00,3.94,4.464,81.0,S,Mostly Cloudy,False,6.0,0.0,KILM,0.8827,88.27,waning_gibbous,0.05905511811023595,0.20472440944881828,0.7440944881889755
2026-08-02 02:00:10+00:00,3.99,4.464,81.0,S,Mostly Cloudy,False,6.0,0.0,KILM,0.8827,88.27,waning_gibbous,0.05905511811023595,0.20472440944881828,0.7440944881889755
2026-08-02 02:05:10+00:00,4.05,4.464,81.0,S,Mostly Cloudy,False,6.0,0.0,KILM,0.8827,88.27,waning_gibbous,0.05905511811023595,0.20472440944881828,0.7440944881889755
2026-08-02 02:10:10+00:00,4.08,4.464,81.0,S,Mostly Cloudy,False,6.0,0.0,KILM,0.8827,88.27,waning_gibbous,0.05905511811023595,0.20472440944881828,0.7440944881889755
2026-08-02 02:15:10+00:00,4.12,4.464,81.0,S,Mostly Cloudy,False,6.0,0.0,KILM,0.8827,88.27,waning_gibbous,0.05905511811023595,0.20472440944881828,0.7440944881889755
2026-08-02 02:20:10+00:00,4.16,4.464,81.0,S,Mostly Cloudy,False,6.0,0.0,KILM,0.8827,88.27,waning_gibbous,0.05905511811023595,0.20472440944881828,0.7440944881889755
2026-08-02 02:25:10+00:00,4.19,4.464,81.0,S,Mostly Cloudy,False,6.0,0.0,KILM,0.8827,88.27,waning_gibbous,0.05905511811023595,0.20472440944881828,0.7440944881889755
2026-08-02 02:30:10+00:00,4.21,4.285,80.0,S,Mostly Cloudy,False,5.0,0.0,KILM,0.8799,87.99,waning_gibbous,0.05905511811023595,0.20472440944881828,0.7440944881889755
2026-08-02 02:35:10+00:00,4.24,4.285,80.0,S,Mostly Cloudy,False,5.0,0.0,KILM,0.8799,87.99,waning_gibbous,0.05905511811023595,0.20472440944881828,0.7440944881889755
2026-08-02 02:40:10+00:00,4.26,4.285,80.0,S,Mostly Cloudy,False,5.0,0.0,KILM,0.8799,87.99,waning_gibbous,0.05905511811023595,0.20472440944881828,0.7440944881889755
2026-08-02 02:45:10+00:00,4.27,4.285,80.0,S,Mostly Cloudy,False,5.0,0.0,KILM,0.8799,87.99,waning_gibbous,0.05905511811023595,0.20472440944881828,0.7440944881889755
2026-08-02 02:50:10+00:00,4.3,4.285,80.0,S,Mostly Cloudy,False,5.0,0.0,KILM,0.8799,87.99,waning_gibbous,0.05905511811023595,0.20472440944881828,0.7440944881889755
2026-08-02 02:55:10+00:00,4.33,4.285,80.0,S,Mostly Cloudy,False,5.0,0.0,KILM,0.8799,87.99,waning_gibbous,0.05905511811023595,0.20472440944881828,0.7440944881889755
2026-08-02 03:00:10+00:00,4.34,4.285,80.0,S,Mostly Cloudy,False,5.0,0.0,KILM,0.8799,87.99,waning_gibbous,0.05905511811023595,0.20472440944881828,0.7440944881889755
2026-08-02 03:05:10+00:00,4.3,4.285,80.0,S,Mostly Cloudy,False,5.0,0.0,KILM,0.8799,87.99,waning_gibbous,0.05905511811023595,0.20472440944881828,0.7440944881889755
2026-08-02 03:10:10+00:00,4.27,4.285,80.0,S,Mostly Cloudy,False,5.0,0.0,KILM,0.8799,87.99,waning_gibbous,0.05905511811023595,0.20472440944881828,0.7440944881889755
2026-08-02 03:15:10+00:00,4.25,4.285,80.0,S,Mostly Cloudy,False,5.0,0.0,KILM,0.8799,87.99,waning_gibbous,0.05905511811023595,0.20472440944881828,0.7440944881889755
2026-08-02 03:20:10+00:00,4.23,4.285,80.0,S,Mostly Cloudy,False,5.0,0.0,KILM,0.8799,87.99,waning_gibbous,0.05905511811023595,0.20472440944881828,0.7440944881889755
2026-08-02 03:25:10+00:00,4.19,4.285,80.0,S,Mostly Cloudy,False,5.0,0.0,KILM,0.8799,87.99,waning_gibbous,0.05905511811023595,0.20472440944881828,0.7440944881889755
2026-08-02 03:30:10+00:00,4.15,3.62,80.0,S,Mostly Cloudy,False,5.0,0.0,KILM,0.877,87.7,waning_gibbous,0.05905511811023595,0.20472440944881828,0.7440944881889755
2026-08-02 03:35:10+00:00,4.08,3.62,80.0,S,Mostly Cloudy,False,5.0,0.0,KILM,0.877,87.7,waning_gibbous,0.05905511811023595,0.20472440944881828,0.7440944881889755
2026-08-02 03:40:10+00:00,4.04,3.62,80.0,S,Mostly Cloudy,False,5.0,0.0,KILM,0.877,87.7,waning_gibbous,0.05905511811023595,0.20472440944881828,0.7440944881889755
2026-08-02 03:45:10+00:00,4.0,3.62,80.0,S,Mostly Cloudy,False,5.0,0.0,KILM,0.877,87.7,waning_gibbous,0.05905511811023595,0.20472440944881828,0.7440944881889755
2026-08-02 03:50:10+00:00,3.95,3.62,80.0,S,Mostly Cloudy,False,5.0,0.0,KILM,0.877,87.7,waning_gibbous,0.05905511811023595,0.20472440944881828,0.7440944881889755
2026-08-02 03:55:10+00:00,3.81,3.62,80.0,S,Mostly Cloudy,False,5.0,0.0,KILM,0.877,87.7,waning_gibbous,0.05905511811023595,0.20472440944881828,0.7440944881889755
2026-08-02 04:00:10+00:00,3.83,3.62,80.0,S,Mostly Cloudy,False,5.0,0.0,KILM,0.877,87.7,waning_gibbous,0.05905511811023595,0.20472440944881828,0.7440944881889755
2026-08-02 04:05:10+00:00,3.77,3.62,80.0,S,Mostly Cloudy,False,5.0,0.0,KILM,0.877,87.7,waning_gibbous,0.05905511811023595,0.20472440944881828,0.7440944881889755
2026-08-02 04:10:10+00:00,3.74,3.62,80.0,S,Mostly Cloudy,False,5.0,0.0,KILM,0.877,87.7,waning_gibbous,0.05905511811023595,0.20472440944881828,0.7440944881889755
2026-08-02 04:15:10+00:00,3.71,3.62,80.0,S,Mostly Cloudy,False,5.0,0.0,KILM,0.877,87.7,waning_gibbous,0.05905511811023595,0.20472440944881828,0.7440944881889755
2026-08-02 04:20:10+00:00,3.66,3.62,80.0,S,Mostly Cloudy,False,5.0,0.0,KILM,0.877,87.7,waning_gibbous,0.05905511811023595,0.20472440944881828,0.7440944881889755
2026-08-02 04:25:10+00:00,3.62,3.62,80.0,S,Mostly Cloudy,False,5.0,0.0,KILM,0.877,87.7,waning_gibbous,0.05905511811023595,0.20472440944881828,0.7440944881889755
2026-08-02 04:30:10+00:00,3.5700000000000003,2.61,80.0,S,Mostly Cloudy,False,5.0,0.0,KILM,0.8742,87.42,waning_gibbous,0.05905511811023595,0.20472440944881828,0.7440944881889755
2026-08-02 04:35:10+00:00,3.52,2.61,80.0,S,Mostly Cloudy,False,5.0,0.0,KILM,0.8742,87.42,waning_gibbous,0.05905511811023595,0.20472440944881828,0.7440944881889755
2026-08-02 04:40:10+00:00,3.47,2.61,80.0,S,Mostly Cloudy,False,5.0,0.0,KILM,0.8742,87.42,waning_gibbous,0.05905511811023595,0.20472440944881828,0.7440944881889755
2026-08-02 04:45:10+00:00,3.4,2.61,80.0,S,Mostly Cloudy,False,5.0,0.0,KILM,0.8742,87.42,waning_gibbous,0.05905511811023595,0.20472440944881828,0.7440944881889755
2026-08-02 04:50:10+00:00,3.35,2.61,80.0,S,Mostly Cloudy,False,5.0,0.0,KILM,0.8742,87.42,waning_gibbous,0.05905511811023595,0.20472440944881828,0.7440944881889755
2026-08-02 04:55:10+00:00,3.28,2.61,80.0,S,Mostly Cloudy,False,5.0,0.0,KILM,0.8742,87.42,waning_gibbous,0.05905511811023595,0.20472440944881828,0.7440944881889755
2026-08-02 05:00:10+00:00,3.25,2.61,80.0,S,Mostly Cloudy,False,5.0,0.0,KILM,0.8742,87.42,waning_gibbous,0.05905511811023595,0.20472440944881828,0.7440944881889755
2026-08-02 05:05:10+00:00,3.19,2.61,80.0,S,Mostly Cloudy,False,5.0,0.0,KILM,0.8742,87.42,waning_gibbous,0.05905511811023595,0.20472440944881828,0.7440944881889755
2026-08-02 05:10:10+00:00,3.12,2.61,80.0,S,Mostly Cloudy,False,5.0,0.0,KILM,0.8742,87.42,waning_gibbous,0.05905511811023595,0.20472440944881828,0.7440944881889755
2026-08-02 05:15:10+00:00,3.0700000000000003,2.61,80.0,S,Mostly Cloudy,False,5.0,0.0,KILM,0.8742,87.42,waning_gibbous,0.05905511811023595,0.20472440944881828,0.7440944881889755
2026-08-02 05:20:10+00:00,3.01,2.61,80.0,S,Mostly Cloudy,False,5.0,0.0,KILM,0.8742,87.42,waning_gibbous,0.05905511811023595,0.20472440944881828,0.7440944881889755
2026-08-02 05:25:10+00:00,2.95,2.61,80.0,S,Mostly Cloudy,False,5.0,0.0,KILM,0.8742,87.42,waning_gibbous,0.05905511811023595,0.20472440944881828,0.7440944881889755
2026-08-02 05:30:10+00:00,2.87,1.52,80.0,S,Chance Showers And Thunderstorms,False,5.0,0.0,KILM,0.8713,87.13,waning_gibbous,0.05905511811023595,0.20472440944881828,0.7440944881889755
2026-08-02 05:35:10+00:00,2.79,1.52,80.0,S,Chance Showers And Thunderstorms,False,5.0,0.0,KILM,0.8713,87.13,waning_gibbous,0.05905511811023595,0.20472440944881828,0.7440944881889755
2026-08-02 05:40:10+00:00,2.72,1.52,80.0,S,Chance Showers And Thunderstorms,False,5.0,0.0,KILM,0.8713,87.13,waning_gibbous,0.05905511811023595,0.20472440944881828,0.7440944881889755
2026-08-02 05:45:10+00:00,2.66,1.52,80.0,S,Chance Showers And Thunderstorms,False,5.0,0.0,KILM,0.8713,87.13,waning_gibbous,0.05905511811023595,0.20472440944881828,0.7440944881889755
2026-08-02 05:50:10+00:00,2.59,1.52,80.0,S,Chance Showers And Thunderstorms,False,5.0,0.0,KILM,0.8713,87.13,waning_gibbous,0.05905511811023595,0.20472440944881828,0.7440944881889755
2026-08-02 05:55:10+00:00,2.54,1.52,80.0,S,Chance Showers And Thunderstorms,False,5.0,0.0,KILM,0.8713,87.13,waning_gibbous,0.05905511811023595,0.20472440944881828,0.7440944881889755
2026-08-02 06:00:10+00:00,2.46,1.52,80.0,S,Chance Showers And Thunderstorms,False,5.0,0.0,KILM,0.8713,87.13,waning_gibbous,0.05905511811023595,0.20472440944881828,0.7440944881889755
2026-08-02 06:05:10+00:00,2.39,1.52,80.0,S,Chance Showers And Thunderstorms,False,5.0,0.0,KILM,0.8713,87.13,waning_gibbous,0.05905511811023595,0.20472440944881828,0.7440944881889755
2026-08-02 06:10:10+00:00,2.33,1.52,80.0,S,Chance Showers And Thunderstorms,False,5.0,0.0,KILM,0.8713,87.13,waning_gibbous,0.05905511811023595,0.20472440944881828,0.7440944881889755
2026-08-02 06:15:10+00:00,2.26,1.52,80.0,S,Chance Showers And Thunderstorms,False,5.0,0.0,KILM,0.8713,87.13,waning_gibbous,0.04724409448818875,0.20472440944881828,0.7440944881889755
2026-08-02 06:20:10+00:00,2.2,1.52,80.0,S,Chance Showers And Thunderstorms,False,5.0,0.0,KILM,0.8713,87.13,waning_gibbous,0.04724409448818875,0.20472440944881828,0.7440944881889755
2026-08-02 06:25:10+00:00,2.14,1.52,80.0,S,Chance Showers And Thunderstorms,False,5.0,0.0,KILM,0.8713,87.13,waning_gibbous,0.04724409448818875,0.20472440944881828,0.7440944881889755
2026-08-02 06:30:10+00:00,2.08,0.625,79.0,S,Chance Showers And Thunderstorms,False,5.0,0.0,KILM,0.8683,86.83,waning_gibbous,0.04724409448818875,0.20472440944881828,0.7440944881889755
2026-08-02 06:35:10+00:00,2.01,0.625,79.0,S,Chance Showers And Thunderstorms,False,5.0,0.0,KILM,0.8683,86.83,waning_gibbous,0.035433070866141544,0.20472440944881828,0.7440944881889755
2026-08-02 06:40:10+00:00,1.95,0.625,79.0,S,Chance Showers And Thunderstorms,False,5.0,0.0,KILM,0.8683,86.83,waning_gibbous,0.035433070866141544,0.20472440944881828,0.7440944881889755
2026-08-02 06:45:10+00:00,1.88,0.625,79.0,S,Chance Showers And Thunderstorms,False,5.0,0.0,KILM,0.8683,86.83,waning_gibbous,0.035433070866141544,0.20472440944881828,0.7440944881889755
2026-08-02 06:50:10+00:00,1.81,0.625,79.0,S,Chance Showers And Thunderstorms,False,5.0,0.0,KILM,0.8683,86.83,waning_gibbous,0.035433070866141544,0.20472440944881828,0.7440944881889755
2026-08-02 06:55:10+00:00,1.73,0.625,79.0,S,Chance Showers And Thunderstorms,False,5.0,0.0,KILM,0.8683,86.83,waning_gibbous,0.035433070866141544,0.20472440944881828,0.7440944881889755
2026-08-02 07:00:10+00:00,1.66,0.625,79.0,S,Chance Showers And Thunderstorms,False,5.0,0.0,KILM,0.8683,86.83,waning_gibbous,0.035433070866141544,0.20472440944881828,0.7440944881889755
2026-08-02 07:05:10+00:00,1.59,0.625,79.0,S,Chance Showers And Thunderstorms,False,5.0,0.0,KILM,0.8683,86.83,waning_gibbous,0.035433070866141544,0.20472440944881828,0.7440944881889755
2026-08-02 07:10:10+00:00,1.52,0.625,79.0,S,Chance Showers And Thunderstorms,False,5.0,0.0,KILM,0.8683,86.83,waning_gibbous,0.035433070866141544,0.20472440944881828,0.7440944881889755
2026-08-02 07:15:10+00:00,1.46,0.625,79.0,S,Chance Showers And Thunderstorms,False,5.0,0.0,KILM,0.8683,86.83,waning_gibbous,0.035433070866141544,0.20472440944881828,0.7440944881889755
2026-08-02 07:20:10+00:00,1.38,0.625,79.0,S,Chance Showers And Thunderstorms,False,5.0,0.0,KILM,0.8683,86.83,waning_gibbous,0.035433070866141544,0.20472440944881828,0.7440944881889755
2026-08-02 07:25:10+00:00,1.3199999999999998,0.625,79.0,S,Chance Showers And Thunderstorms,False,5.0,0.0,KILM,0.8683,86.83,waning_gibbous,0.035433070866141544,0.20472440944881828,0.7322834645669283
2026-08-02 07:30:10+00:00,1.24,0.141,79.0,S,Chance Showers And Thunderstorms,False,5.0,0.0,KILM,0.8654,86.54,waning_gibbous,0.035433070866141544,0.20472440944881828,0.720472440944881
2026-08-02 07:35:10+00:00,1.17,0.141,79.0,S,Chance Showers And Thunderstorms,False,5.0,0.0,KILM,0.8654,86.54,waning_gibbous,0.035433070866141544,0.20472440944881828,0.7086614173228338
2026-08-02 07:40:10+00:00,1.1,0.141,79.0,S,Chance Showers And Thunderstorms,False,5.0,0.0,KILM,0.8654,86.54,waning_gibbous,0.035433070866141544,0.20472440944881828,0.7086614173228338
2026-08-02 07:45:10+00:00,1.04,0.141,79.0,S,Chance Showers And Thunderstorms,False,5.0,0.0,KILM,0.8654,86.54,waning_gibbous,0.035433070866141544,0.20472440944881828,0.7086614173228338
2026-08-02 07:50:10+00:00,0.96,0.141,79.0,S,Chance Showers And Thunderstorms,False,5.0,0.0,KILM,0.8654,86.54,waning_gibbous,0.035433070866141544,0.20472440944881828,0.7086614173228338
2026-08-02 07:55:10+00:00,0.8899999999999999,0.141,79.0,S,Chance Showers And Thunderstorms,False,5.0,0.0,KILM,0.8654,86.54,waning_gibbous,0.035433070866141544,0.20472440944881828,0.7086614173228338
2026-08-02 08:00:10+00:00,0.8200000000000001,0.141,79.0,S,Chance Showers And Thunderstorms,False,5.0,0.0,KILM,0.8654,86.54,waning_gibbous,0.035433070866141544,0.20472440944881828,0.7086614173228338
2026-08-02 08:05:10+00:00,0.75,0.141,79.0,S,Chance Showers And Thunderstorms,False,5.0,0.0,KILM,0.8654,86.54,waning_gibbous,0.035433070866141544,0.20472440944881828,0.7086614173228338
2026-08-02 08:10:10+00:00,0.6799999999999999,0.141,79.0,S,Chance Showers And Thunderstorms,False,5.0,0.0,KILM,0.8654,86.54,waning_gibbous,0.035433070866141544,0.20472440944881828,0.7086614173228338
2026-08-02 08:15:10+00:00,0.6200000000000001,0.141,79.0,S,Chance Showers And Thunderstorms,False,5.0,0.0,KMYR,0.8654,86.54,waning_gibbous,0.035433070866141544,0.20472440944881828,0.7086614173228338
2026-08-02 08:20:10+00:00,0.54,0.141,79.0,S,Chance Showers And Thunderstorms,False,5.0,0.0,KMYR,0.8654,86.54,waning_gibbous,0.035433070866141544,0.20472440944881828,0.7086614173228338
2026-08-02 08:25:10+00:00,0.48,0.141,79.0,S,Chance Showers And Thunderstorms,False,5.0,0.0,KMYR,0.8654,86.54,waning_gibbous,0.035433070866141544,0.20472440944881828,0.7086614173228338
2026-08-02 08:30:10+00:00,0.4199999999999999,0.209,78.0,S,Chance Showers And Thunderstorms,False,5.0,0.0,KMYR,0.8624,86.24,waning_gibbous,0.035433070866141544,0.20472440944881828,0.7086614173228338
2026-08-02 08:35:10+00:00,0.3400000000000001,0.209,78.0,S,Chance Showers And Thunderstorms,False,5.0,0.0,KMYR,0.8624,86.24,waning_gibbous,0.035433070866141544,0.20472440944881828,0.7086614173228338
2026-08-02 08:40:10+00:00,0.27,0.209,78.0,S,Chance Showers And Thunderstorms,False,5.0,0.0,KMYR,0.8624,86.24,waning_gibbous,0.035433070866141544,0.20472440944881828,0.7086614173228338
2026-08-02 08:45:10+00:00,0.2099999999999999,0.209,78.0,S,Chance Showers And Thunderstorms,False,5.0,0.0,KMYR,0.8624,86.24,waning_gibbous,0.035433070866141544,0.20472440944881828,0.7086614173228338
2026-08-02 08:50:10+00:00,0.1499999999999999,0.209,78.0,S,Chance Showers And Thunderstorms,False,5.0,0.0,KMYR,0.8624,86.24,waning_gibbous,0.035433070866141544,0.20472440944881828,0.7086614173228338
2026-08-02 08:55:10+00:00,0.07,0.209,78.0,S,Chance Showers And Thunderstorms,False,5.0,0.0,KMYR,0.8624,86.24,waning_gibbous,0.035433070866141544,0.20472440944881828,0.7086614173228338
2026-08-02 09:00:10+00:00,0.06,0.209,78.0,S,Chance Showers And Thunderstorms,False,5.0,0.0,KMYR,0.8624,86.24,waning_gibbous,0.035433070866141544,0.20472440944881828,0.7086614173228338
2026-08-02 09:05:10+00:00,0.02,0.209,78.0,S,Chance Showers And Thunderstorms,False,5.0,0.0,KMYR,0.8624,86.24,waning_gibbous,0.035433070866141544,0.20472440944881828,0.7086614173228338
2026-08-02 09:10:10+00:00,0.01,0.209,78.0,S,Chance Showers And Thunderstorms,False,5.0,0.0,KMYR,0.8624,86.24,waning_gibbous,0.035433070866141544,0.20472440944881828,0.7086614173228338
2026-08-02 09:15:10+00:00,0.01,0.209,78.0,S,Chance Showers And Thunderstorms,False,5.0,0.0,KMYR,0.8624,86.24,waning_gibbous,0.035433070866141544,0.20472440944881828,0.7086614173228338
2026-08-02 09:40:10+00:00,0.02,0.833,79.0,S,Chance Showers And Thunderstorms,True,5.0,0.0,KMYR,0.8594,85.94,waning_gibbous,0.035433070866141544,0.20472440944881828,0.7086614173228338
2026-08-02 09:45:10+00:00,0.03,0.833,79.0,S,Chance Showers And Thunderstorms,True,5.0,0.0,KMYR,0.8594,85.94,waning_gibbous,0.035433070866141544,0.20472440944881828,0.7086614173228338
2026-08-02 09:50:10+00:00,0.08,0.833,79.0,S,Chance Showers And Thunderstorms,True,5.0,0.0,KMYR,0.8594,85.94,waning_gibbous,0.035433070866141544,0.20472440944881828,0.7086614173228338
2026-08-02 09:55:10+00:00,0.1100000000000001,0.833,79.0,S,Chance Showers And Thunderstorms,True,5.0,0.0,KMYR,0.8594,85.94,waning_gibbous,0.035433070866141544,0.20472440944881828,0.7086614173228338
2026-08-02 10:00:10+00:00,0.08,0.833,79.0,S,Chance Showers And Thunderstorms,True,5.0,0.0,KMYR,0.8594,85.94,waning_gibbous,0.035433070866141544,0.20472440944881828,0.7086614173228338
2026-08-02 10:05:10+00:00,0.1299999999999999,0.833,79.0,S,Chance Showers And Thunderstorms,True,5.0,0.0,KMYR,0.8594,85.94,waning_gibbous,0.035433070866141544,0.20472440944881828,0.7086614173228338
2026-08-02 10:10:10+00:00,0.1899999999999999,0.833,79.0,S,Chance Showers And Thunderstorms,True,5.0,0.0,KMYR,0.8594,85.94,waning_gibbous,0.035433070866141544,0.20472440944881828,0.7086614173228338
2026-08-02 10:15:10+00:00,0.29,0.833,79.0,S,Chance Showers And Thunderstorms,True,5.0,0.0,KMYR,0.8594,85.94,waning_gibbous,0.035433070866141544,0.20472440944881828,0.7086614173228338
2026-08-02 10:20:10+00:00,0.3700000000000001,0.833,79.0,S,Chance Showers And Thunderstorms,True,5.0,0.0,KMYR,0.8594,85.94,waning_gibbous,0.035433070866141544,0.20472440944881828,0.7086614173228338
2026-08-02 10:25:10+00:00,0.4399999999999999,0.833,79.0,S,Chance Showers And Thunderstorms,True,5.0,0.0,KMYR,0.8594,85.94,waning_gibbous,0.035433070866141544,0.20472440944881828,0.7086614173228338
2026-08-02 10:30:10+00:00,0.5,1.811,79.0,S,Chance Showers And Thunderstorms,True,5.0,0.0,KMYR,0.8564,85.64,waning_gibbous,0.035433070866141544,0.20472440944881828,0.7086614173228338
2026-08-02 10:35:10+00:00,0.5800000000000001,1.811,79.0,S,Chance Showers And Thunderstorms,True,5.0,0.0,KMYR,0.8564,85.64,waning_gibbous,0.035433070866141544,0.20472440944881828,0.7086614173228338
2026-08-02 10:40:10+00:00,0.6699999999999999,1.811,79.0,S,Chance Showers And Thunderstorms,True,5.0,0.0,KMYR,0.8564,85.64,waning_gibbous,0.035433070866141544,0.20472440944881828,0.7086614173228338
2026-08-02 10:45:10+00:00,0.73,1.811,79.0,S,Chance Showers And Thunderstorms,True,5.0,0.0,KMYR,0.8564,85.64,waning_gibbous,0.035433070866141544,0.20472440944881828,0.7086614173228338
2026-08-02 10:50:10+00:00,0.8,1.811,79.0,S,Chance Showers And Thunderstorms,True,5.0,0.0,KMYR,0.8564,85.64,waning_gibbous,0.035433070866141544,0.20472440944881828,0.7086614173228338
2026-08-02 10:55:10+00:00,0.8799999999999999,1.811,79.0,S,Chance Showers And Thunderstorms,True,5.0,0.0,KMYR,0.8564,85.64,waning_gibbous,0.035433070866141544,0.20472440944881828,0.7086614173228338
2026-08-02 11:00:10+00:00,0.95,1.811,79.0,S,Chance Showers And Thunderstorms,True,5.0,0.0,KMYR,0.8564,85.64,waning_gibbous,0.035433070866141544,0.20472440944881828,0.7086614173228338
2026-08-02 11:05:10+00:00,1.04,1.811,79.0,S,Chance Showers And Thunderstorms,True,5.0,0.0,KMYR,0.8564,85.64,waning_gibbous,0.035433070866141544,0.20472440944881828,0.7086614173228338
2026-08-02 11:10:10+00:00,1.11,1.811,79.0,S,Chance Showers And Thunderstorms,True,5.0,0.0,KMYR,0.8564,85.64,waning_gibbous,0.035433070866141544,0.20472440944881828,0.7086614173228338
2026-08-02 11:15:10+00:00,1.16,1.811,79.0,S,Chance Showers And Thunderstorms,True,5.0,0.0,KMYR,0.8564,85.64,waning_gibbous,0.035433070866141544,0.20472440944881828,0.7086614173228338
2026-08-02 11:20:10+00:00,1.25,1.811,79.0,S,Chance Showers And Thunderstorms,True,5.0,0.0,KMYR,0.8564,85.64,waning_gibbous,0.035433070866141544,0.20472440944881828,0.7086614173228338
2026-08-02 11:25:10+00:00,1.3,1.811,79.0,S,Chance Showers And Thunderstorms,True,5.0,0.0,KMYR,0.8564,85.64,waning_gibbous,0.035433070866141544,0.20472440944881828,0.7086614173228338
2026-08-02 11:30:10+00:00,1.37,2.822,80.0,S,Chance Showers And Thunderstorms,True,5.0,0.0,KMYR,0.8533,85.33,waning_gibbous,0.035433070866141544,0.20472440944881828,0.7086614173228338
2026-08-02 11:35:10+00:00,1.44,2.822,80.0,S,Chance Showers And Thunderstorms,True,5.0,0.0,KMYR,0.8533,85.33,waning_gibbous,0.035433070866141544,0.20472440944881828,0.7086614173228338
2026-08-02 11:40:10+00:00,1.51,2.822,80.0,S,Chance Showers And Thunderstorms,True,5.0,0.0,KMYR,0.8533,85.33,waning_gibbous,0.035433070866141544,0.20472440944881828,0.7086614173228338
2026-08-02 11:45:10+00:00,1.58,2.822,80.0,S,Chance Showers And Thunderstorms,True,5.0,0.0,KMYR,0.8533,85.33,waning_gibbous,0.035433070866141544,0.20472440944881828,0.7086614173228338
2026-08-02 11:50:10+00:00,1.64,2.822,80.0,S,Chance Showers And Thunderstorms,True,5.0,0.0,KOAJ,0.8533,85.33,waning_gibbous,0.035433070866141544,0.20472440944881828,0.7086614173228338
2026-08-02 11:55:10+00:00,1.72,2.822,80.0,S,Chance Showers And Thunderstorms,True,5.0,0.0,KOAJ,0.8533,85.33,waning_gibbous,0.035433070866141544,0.20472440944881828,0.7086614173228338
2026-08-02 12:00:10+00:00,1.79,2.822,80.0,S,Chance Showers And Thunderstorms,True,5.0,0.0,KOAJ,0.8533,85.33,waning_gibbous,0.035433070866141544,0.20472440944881828,0.7086614173228338
2026-08-02 12:05:10+00:00,1.89,2.822,80.0,S,Chance Showers And Thunderstorms,True,5.0,0.0,KOAJ,0.8533,85.33,waning_gibbous,0.035433070866141544,0.20472440944881828,0.7086614173228338
2026-08-02 12:10:10+00:00,1.95,2.822,80.0,S,Chance Showers And Thunderstorms,True,5.0,0.0,KOAJ,0.8533,85.33,waning_gibbous,0.035433070866141544,0.20472440944881828,0.7086614173228338
2026-08-02 12:15:10+00:00,2.03,2.822,80.0,S,Chance Showers And Thunderstorms,True,5.0,0.0,KOAJ,0.8533,85.33,waning_gibbous,0.035433070866141544,0.20472440944881828,0.7086614173228338
2026-08-02 12:20:10+00:00,2.08,2.822,80.0,S,Chance Showers And Thunderstorms,True,5.0,0.0,KOAJ,0.8533,85.33,waning_gibbous,0.035433070866141544,0.20472440944881828,0.7086614173228338
2026-08-02 12:25:10+00:00,2.12,2.822,80.0,S,Chance Showers And Thunderstorms,True,5.0,0.0,KOAJ,0.8533,85.33,waning_gibbous,0.035433070866141544,0.20472440944881828,0.7086614173228338
2026-08-02 12:30:10+00:00,2.18,3.61,82.0,S,Chance Showers And Thunderstorms,True,7.0,0.0,KOAJ,0.8502,85.02,waning_gibbous,0.035433070866141544,0.20472440944881828,0.7086614173228338
2026-08-02 12:35:10+00:00,2.26,3.61,82.0,S,Chance Showers And Thunderstorms,True,7.0,0.0,KOAJ,0.8502,85.02,waning_gibbous,0.035433070866141544,0.20472440944881828,0.7086614173228338
2026-08-02 12:40:10+00:00,2.31,3.61,82.0,S,Chance Showers And Thunderstorms,True,7.0,0.0,KOAJ,0.8502,85.02,waning_gibbous,0.035433070866141544,0.20472440944881828,0.7086614173228338
2026-08-02 12:45:10+00:00,2.38,3.61,82.0,S,Chance Showers And Thunderstorms,True,7.0,0.0,KOAJ,0.8502,85.02,waning_gibbous,0.035433070866141544,0.20472440944881828,0.7086614173228338
2026-08-02 12:50:10+00:00,2.44,3.61,82.0,S,Chance Showers And Thunderstorms,True,7.0,0.0,KOAJ,0.8502,85.02,waning_gibbous,0.035433070866141544,0.20472440944881828,0.7086614173228338
2026-08-02 12:55:10+00:00,2.5,3.61,82.0,S,Chance Showers And Thunderstorms,True,7.0,0.0,KOAJ,0.8502,85.02,waning_gibbous,0.035433070866141544,0.20472440944881828,0.7086614173228338
2026-08-02 13:00:10+00:00,2.56,3.61,82.0,S,Chance Showers And Thunderstorms,True,7.0,0.0,KOAJ,0.8502,85.02,waning_gibbous,0.035433070866141544,0.20472440944881828,0.7086614173228338
2026-08-02 13:05:10+00:00,2.63,3.61,82.0,S,Chance Showers And Thunderstorms,True,7.0,0.0,KOAJ,0.8502,85.02,waning_gibbous,0.035433070866141544,0.20472440944881828,0.7086614173228338
2026-08-02 13:10:10+00:00,2.69,3.61,82.0,S,Chance Showers And Thunderstorms,True,7.0,0.0,KOAJ,0.8502,85.02,waning_gibbous,0.035433070866141544,0.20472440944881828,0.7086614173228338
2026-08-02 13:15:10+00:00,2.77,3.61,82.0,S,Chance Showers And Thunderstorms,True,7.0,0.0,KOAJ,0.8502,85.02,waning_gibbous,0.02362204724409435,0.20472440944881828,0.7086614173228338
2026-08-02 13:20:10+00:00,2.84,3.61,82.0,S,Chance Showers And Thunderstorms,True,7.0,0.0,KOAJ,0.8502,85.02,waning_gibbous,0.02362204724409435,0.20472440944881828,0.7086614173228338
2026-08-02 13:25:10+00:00,2.92,3.61,82.0,S,Chance Showers And Thunderstorms,True,7.0,0.0,KOAJ,0.8502,85.02,waning_gibbous,0.02362204724409435,0.20472440944881828,0.7086614173228338
2026-08-02 13:30:10+00:00,2.98,4.049,84.0,S,Chance Showers And Thunderstorms,True,8.0,0.0,KILM,0.8471,84.71,waning_gibbous,0.02362204724409435,0.20472440944881828,0.7086614173228338
2026-08-02 13:35:10+00:00,3.05,4.049,84.0,S,Chance Showers And Thunderstorms,True,8.0,0.0,KILM,0.8471,84.71,waning_gibbous,0.011811023622047145,0.19291338582677106,0.7086614173228338
2026-08-02 13:40:10+00:00,3.12,4.049,84.0,S,Chance Showers And Thunderstorms,True,8.0,0.0,KILM,0.8471,84.71,waning_gibbous,0.011811023622047145,0.19291338582677106,0.7086614173228338
2026-08-02 13:45:10+00:00,3.18,4.049,84.0,S,Chance Showers And Thunderstorms,True,8.0,0.0,KILM,0.8471,84.71,waning_gibbous,0.011811023622047145,0.19291338582677106,0.7086614173228338
2026-08-02 13:50:10+00:00,3.23,4.049,84.0,S,Chance Showers And Thunderstorms,True,8.0,0.0,KILM,0.8471,84.71,waning_gibbous,0.011811023622047145,0.19291338582677106,0.7086614173228338
2026-08-02 13:55:10+00:00,3.28,4.049,84.0,S,Chance Showers And Thunderstorms,True,8.0,0.0,KILM,0.8471,84.71,waning_gibbous,0.0,0.15354330708661368,0.7086614173228338
2026-08-02 14:00:10+00:00,3.34,4.049,84.0,S,Chance Showers And Thunderstorms,True,8.0,0.0,KILM,0.8471,84.71,waning_gibbous,0.0,0.15354330708661368,0.7086614173228338
2026-08-02 14:05:10+00:00,3.39,4.049,84.0,S,Chance Showers And Thunderstorms,True,8.0,0.0,KILM,0.8471,84.71,waning_gibbous,0.0,0.15354330708661368,0.7086614173228338
2026-08-02 14:10:10+00:00,3.46,4.049,84.0,S,Chance Showers And Thunderstorms,True,8.0,0.0,KILM,0.8471,84.71,waning_gibbous,0.0,0.15354330708661368,0.7086614173228338
2026-08-02 14:15:10+00:00,3.52,4.049,84.0,S,Chance Showers And Thunderstorms,True,8.0,0.0,KILM,0.8471,84.71,waning_gibbous,0.0,0.15354330708661368,0.7086614173228338
2026-08-02 14:20:10+00:00,3.6,4.049,84.0,S,Chance Showers And Thunderstorms,True,8.0,0.0,KILM,0.8471,84.71,waning_gibbous,0.0,0.15354330708661368,0.7086614173228338
2026-08-02 14:25:10+00:00,3.65,4.049,84.0,S,Chance Showers And Thunderstorms,True,8.0,0.0,KILM,0.8471,84.71,waning_gibbous,0.0,0.15354330708661368,0.7086614173228338
2026-08-02 14:30:10+00:00,3.7,4.069,86.0,S,Chance Showers And Thunderstorms,True,9.0,0.0,KILM,0.8439,84.39,waning_gibbous,0.0,0.15354330708661368,0.7086614173228338
2026-08-02 14:35:10+00:00,3.74,4.069,86.0,S,Chance Showers And Thunderstorms,True,9.0,0.0,KILM,0.8439,84.39,waning_gibbous,0.0,0.15354330708661368,0.7086614173228338
2026-08-02 14:40:10+00:00,3.81,4.069,86.0,S,Chance Showers And Thunderstorms,True,9.0,0.0,KILM,0.8439,84.39,waning_gibbous,0.0,0.15354330708661368,0.7086614173228338
2026-08-02 14:45:10+00:00,3.84,4.069,86.0,S,Chance Showers And Thunderstorms,True,9.0,0.0,KILM,0.8439,84.39,waning_gibbous,0.0,0.15354330708661368,0.7086614173228338
2026-08-02 14:50:10+00:00,3.84,4.069,86.0,S,Chance Showers And Thunderstorms,True,9.0,0.0,KILM,0.8439,84.39,waning_gibbous,0.0,0.15354330708661368,0.7086614173228338
2026-08-02 14:55:10+00:00,3.94,4.069,86.0,S,Chance Showers And Thunderstorms,True,9.0,0.0,KILM,0.8439,84.39,waning_gibbous,0.0,0.15354330708661368,0.7086614173228338
2026-08-02 15:00:10+00:00,3.96,4.069,86.0,S,Chance Showers And Thunderstorms,True,9.0,0.0,KILM,0.8439,84.39,waning_gibbous,0.0,0.15354330708661368,0.7086614173228338
2026-08-02 15:05:10+00:00,3.97,4.069,86.0,S,Chance Showers And Thunderstorms,True,9.0,0.0,KILM,0.8439,84.39,waning_gibbous,0.0,0.15354330708661368,0.7086614173228338
2026-08-02 15:10:10+00:00,4.01,4.069,86.0,S,Chance Showers And Thunderstorms,True,9.0,0.0,KILM,0.8439,84.39,waning_gibbous,0.0,0.15354330708661368,0.7086614173228338
2026-08-02 15:15:10+00:00,4.0,4.069,86.0,S,Chance Showers And Thunderstorms,True,9.0,0.0,KILM,0.8439,84.39,waning_gibbous,0.0,0.15354330708661368,0.7086614173228338
2026-08-02 15:20:10+00:00,4.01,4.069,86.0,S,Chance Showers And Thunderstorms,True,9.0,0.3503937007874016,KILM,0.8439,84.39,waning_gibbous,0.35039370078740156,0.5039370078740153,1.0590551181102354
2026-08-02 15:25:10+00:00,4.01,4.069,86.0,S,Chance Showers And Thunderstorms,True,9.0,0.0,KILM,0.8439,84.39,waning_gibbous,0.35039370078740156,0.5039370078740153,1.0590551181102354
2026-08-02 15:30:10+00:00,3.96,3.633,86.0,S,Chance Showers And Thunderstorms,True,12.0,0.0,KILM,0.8407,84.07,waning_gibbous,0.35039370078740156,0.5039370078740153,1.0590551181102354
2026-08-02 15:35:10+00:00,3.94,3.633,86.0,S,Chance Showers And Thunderstorms,True,12.0,0.0,KILM,0.8407,84.07,waning_gibbous,0.35039370078740156,0.5039370078740153,1.0590551181102354
2026-08-02 15:40:10+00:00,3.89,3.633,86.0,S,Chance Showers And Thunderstorms,True,12.0,0.0,KILM,0.8407,84.07,waning_gibbous,0.35039370078740156,0.5039370078740153,1.0590551181102354
2026-08-02 15:45:10+00:00,3.87,3.633,86.0,S,Chance Showers And Thunderstorms,True,12.0,0.0,KILM,0.8407,84.07,waning_gibbous,0.35039370078740156,0.5039370078740153,1.0590551181102354
2026-08-02 15:50:10+00:00,3.84,3.633,86.0,S,Chance Showers And Thunderstorms,True,12.0,0.0,KILM,0.8407,84.07,waning_gibbous,0.35039370078740156,0.5039370078740153,1.0590551181102354
2026-08-02 15:55:10+00:00,3.8,3.633,86.0,S,Chance Showers And Thunderstorms,True,12.0,0.0,KILM,0.8407,84.07,waning_gibbous,0.35039370078740156,0.5039370078740153,1.0590551181102354
2026-08-02 16:00:10+00:00,3.75,3.633,86.0,S,Chance Showers And Thunderstorms,True,12.0,0.0,KILM,0.8407,84.07,waning_gibbous,0.35039370078740156,0.5039370078740153,1.0590551181102354
2026-08-02 16:05:10+00:00,3.71,3.633,86.0,S,Chance Showers And Thunderstorms,True,12.0,0.0,KILM,0.8407,84.07,waning_gibbous,0.35039370078740156,0.5039370078740153,1.0590551181102354
2026-08-02 16:10:10+00:00,3.66,3.633,86.0,S,Chance Showers And Thunderstorms,True,12.0,0.0,KILM,0.8407,84.07,waning_gibbous,0.35039370078740156,0.5039370078740153,1.0590551181102354
2026-08-02 16:15:10+00:00,3.65,3.633,86.0,S,Chance Showers And Thunderstorms,True,12.0,0.0,KILM,0.8407,84.07,waning_gibbous,0.35039370078740156,0.5039370078740153,1.0590551181102354
2026-08-02 16:20:10+00:00,3.58,3.633,86.0,S,Chance Showers And Thunderstorms,True,12.0,0.0,KILM,0.8407,84.07,waning_gibbous,0.35039370078740156,0.5039370078740153,1.0590551181102354
2026-08-02 16:25:10+00:00,3.55,3.633,86.0,S,Chance Showers And Thunderstorms,True,12.0,0.0,KILM,0.8407,84.07,waning_gibbous,0.35039370078740156,0.5039370078740153,1.0590551181102354
2026-08-02 16:30:10+00:00,3.52,2.824,86.0,S,Chance Showers And Thunderstorms,True,13.0,0.0,KILM,0.8375,83.75,waning_gibbous,0.35039370078740156,0.5039370078740153,1.0590551181102354
2026-08-02 16:35:10+00:00,3.47,2.824,86.0,S,Chance Showers And Thunderstorms,True,13.0,0.0,KILM,0.8375,83.75,waning_gibbous,0.35039370078740156,0.5039370078740153,1.0590551181102354
2026-08-02 16:40:10+00:00,3.41,2.824,86.0,S,Chance Showers And Thunderstorms,True,13.0,0.0,KILM,0.8375,83.75,waning_gibbous,0.35039370078740156,0.5039370078740153,1.0590551181102354
2026-08-02 16:45:10+00:00,3.37,2.824,86.0,S,Chance Showers And Thunderstorms,True,13.0,0.0,KILM,0.8375,83.75,waning_gibbous,0.35039370078740156,0.5039370078740153,1.0590551181102354
2026-08-02 16:50:10+00:00,3.3,2.824,86.0,S,Chance Showers And Thunderstorms,True,13.0,0.0,KILM,0.8375,83.75,waning_gibbous,0.35039370078740156,0.5039370078740153,1.0590551181102354
2026-08-02 16:55:10+00:00,3.26,2.824,86.0,S,Chance Showers And Thunderstorms,True,13.0,0.0,KILM,0.8375,83.75,waning_gibbous,0.35039370078740156,0.5039370078740153,1.0590551181102354
2026-08-02 17:00:10+00:00,3.19,2.824,86.0,S,Chance Showers And Thunderstorms,True,13.0,0.0,KILM,0.8375,83.75,waning_gibbous,0.35039370078740156,0.5039370078740153,1.0590551181102354
2026-08-02 17:05:10+00:00,3.12,2.824,86.0,S,Chance Showers And Thunderstorms,True,13.0,0.0,KILM,0.8375,83.75,waning_gibbous,0.35039370078740156,0.5039370078740153,1.0590551181102354
2026-08-02 17:10:10+00:00,3.05,2.824,86.0,S,Chance Showers And Thunderstorms,True,13.0,0.0,KILM,0.8375,83.75,waning_gibbous,0.35039370078740156,0.5039370078740153,1.0590551181102354
2026-08-02 17:15:10+00:00,3.02,2.824,86.0,S,Chance Showers And Thunderstorms,True,13.0,0.0,KILM,0.8375,83.75,waning_gibbous,0.35039370078740156,0.5039370078740153,1.0590551181102354
2026-08-02 17:20:10+00:00,2.97,2.824,86.0,S,Chance Showers And Thunderstorms,True,13.0,0.0,KILM,0.8375,83.75,waning_gibbous,0.35039370078740156,0.5039370078740153,1.0590551181102354
2026-08-02 17:25:10+00:00,2.89,2.824,86.0,S,Chance Showers And Thunderstorms,True,13.0,0.0,KILM,0.8375,83.75,waning_gibbous,0.35039370078740156,0.5039370078740153,1.0590551181102354
2026-08-02 17:30:10+00:00,2.85,1.87,86.0,S,Chance Showers And Thunderstorms,True,13.0,0.0,KILM,0.8342,83.42,waning_gibbous,0.35039370078740156,0.5039370078740153,1.0590551181102354
2026-08-02 17:35:10+00:00,2.79,1.87,86.0,S,Chance Showers And Thunderstorms,True,13.0,0.0,KILM,0.8342,83.42,waning_gibbous,0.35039370078740156,0.5039370078740153,1.0590551181102354
2026-08-02 17:40:10+00:00,2.75,1.87,86.0,S,Chance Showers And Thunderstorms,True,13.0,0.0,KILM,0.8342,83.42,waning_gibbous,0.35039370078740156,0.5039370078740153,1.0590551181102354
2026-08-02 17:45:10+00:00,2.69,1.87,86.0,S,Chance Showers And Thunderstorms,True,13.0,0.0,KILM,0.8342,83.42,waning_gibbous,0.35039370078740156,0.5039370078740153,1.0590551181102354
2026-08-02 17:50:10+00:00,2.67,1.87,86.0,S,Chance Showers And Thunderstorms,True,13.0,0.0,KILM,0.8342,83.42,waning_gibbous,0.35039370078740156,0.5039370078740153,1.0590551181102354
2026-08-02 17:55:10+00:00,2.6,1.87,86.0,S,Chance Showers And Thunderstorms,True,13.0,0.0,KILM,0.8342,83.42,waning_gibbous,0.35039370078740156,0.5039370078740153,1.0590551181102354
2026-08-02 18:00:10+00:00,2.53,1.87,86.0,S,Chance Showers And Thunderstorms,True,13.0,0.0,KILM,0.8342,83.42,waning_gibbous,0.35039370078740156,0.5039370078740153,1.0590551181102354
2026-08-02 18:05:10+00:00,2.44,1.87,86.0,S,Chance Showers And Thunderstorms,True,13.0,0.0,KILM,0.8342,83.42,waning_gibbous,0.35039370078740156,0.5039370078740153,1.0590551181102354
2026-08-02 18:10:10+00:00,2.38,1.87,86.0,S,Chance Showers And Thunderstorms,True,13.0,0.0,KILM,0.8342,83.42,waning_gibbous,0.35039370078740156,0.5039370078740153,1.0590551181102354
2026-08-02 18:15:10+00:00,2.32,1.87,86.0,S,Chance Showers And Thunderstorms,True,13.0,0.0,KILM,0.8342,83.42,waning_gibbous,0.35039370078740156,0.4921259842519681,1.0590551181102354
2026-08-02 18:20:10+00:00,2.23,1.87,86.0,S,Chance Showers And Thunderstorms,True,13.0,0.0,KILM,0.8342,83.42,waning_gibbous,0.35039370078740156,0.4921259842519681,1.0590551181102354
2026-08-02 18:25:10+00:00,2.15,1.87,86.0,S,Chance Showers And Thunderstorms,True,13.0,0.0,KILM,0.8342,83.42,waning_gibbous,0.35039370078740156,0.4921259842519681,1.0590551181102354
2026-08-02 18:30:10+00:00,2.07,1.035,87.0,S,Chance Showers And Thunderstorms,True,14.0,0.0,KILM,0.831,83.1,waning_gibbous,0.35039370078740156,0.4921259842519681,1.0590551181102354
2026-08-02 18:35:10+00:00,1.99,1.035,87.0,S,Chance Showers And Thunderstorms,True,14.0,0.0,KILM,0.831,83.1,waning_gibbous,0.35039370078740156,0.4803149606299209,1.0590551181102354
2026-08-02 18:40:10+00:00,1.93,1.035,87.0,S,Chance Showers And Thunderstorms,True,14.0,0.0,KILM,0.831,83.1,waning_gibbous,0.35039370078740156,0.4803149606299209,1.0590551181102354
2026-08-02 18:45:10+00:00,1.86,1.035,87.0,S,Chance Showers And Thunderstorms,True,14.0,0.0,KILM,0.831,83.1,waning_gibbous,0.35039370078740156,0.4803149606299209,1.0590551181102354
2026-08-02 18:50:10+00:00,1.79,1.035,87.0,S,Chance Showers And Thunderstorms,True,14.0,0.0,KILM,0.831,83.1,waning_gibbous,0.35039370078740156,0.4803149606299209,1.0590551181102354
2026-08-02 18:55:10+00:00,1.73,1.035,87.0,S,Chance Showers And Thunderstorms,True,14.0,0.0,KILM,0.831,83.1,waning_gibbous,0.35039370078740156,0.4803149606299209,1.0590551181102354
2026-08-02 19:00:10+00:00,1.65,1.035,87.0,S,Chance Showers And Thunderstorms,True,14.0,0.0,KILM,0.831,83.1,waning_gibbous,0.35039370078740156,0.4803149606299209,1.0590551181102354
2026-08-02 19:05:10+00:00,1.57,1.035,87.0,S,Chance Showers And Thunderstorms,True,14.0,0.0,KILM,0.831,83.1,waning_gibbous,0.35039370078740156,0.4803149606299209,1.0590551181102354
2026-08-02 19:10:10+00:00,1.5,1.035,87.0,S,Chance Showers And Thunderstorms,True,14.0,0.0,KILM,0.831,83.1,waning_gibbous,0.35039370078740156,0.4803149606299209,1.0590551181102354
2026-08-02 19:15:10+00:00,1.44,1.035,87.0,S,Chance Showers And Thunderstorms,True,14.0,0.0,KILM,0.831,83.1,waning_gibbous,0.35039370078740156,0.4803149606299209,1.0590551181102354
2026-08-02 19:20:11+00:00,1.36,1.035,87.0,S,Chance Showers And Thunderstorms,True,14.0,0.0,KILM,0.831,83.1,waning_gibbous,0.35039370078740156,0.4803149606299209,1.0590551181102354
2026-08-02 19:25:10+00:00,1.29,1.035,87.0,S,Chance Showers And Thunderstorms,True,14.0,0.0,KILM,0.831,83.1,waning_gibbous,0.35039370078740156,0.4803149606299209,1.0590551181102354
2026-08-02 19:30:10+00:00,1.24,0.52,87.0,S,Chance Showers And Thunderstorms,True,14.0,0.0,KILM,0.8277,82.77,waning_gibbous,0.35039370078740156,0.4803149606299209,1.0590551181102354
2026-08-02 19:35:10+00:00,1.15,0.52,87.0,S,Chance Showers And Thunderstorms,True,14.0,0.0,KILM,0.8277,82.77,waning_gibbous,0.35039370078740156,0.4803149606299209,1.0590551181102354
2026-08-02 19:40:10+00:00,1.0699999999999998,0.52,87.0,S,Chance Showers And Thunderstorms,True,14.0,0.0,KILM,0.8277,82.77,waning_gibbous,0.35039370078740156,0.4803149606299209,1.0590551181102354
2026-08-02 19:45:10+00:00,1.0,0.52,87.0,S,Chance Showers And Thunderstorms,True,14.0,0.0,KILM,0.8277,82.77,waning_gibbous,0.35039370078740156,0.4803149606299209,1.0590551181102354
2026-08-02 19:50:10+00:00,0.93,0.52,87.0,S,Chance Showers And Thunderstorms,True,14.0,0.0,KILM,0.8277,82.77,waning_gibbous,0.35039370078740156,0.4803149606299209,1.0590551181102354
2026-08-02 19:55:10+00:00,0.8799999999999999,0.52,87.0,S,Chance Showers And Thunderstorms,True,14.0,0.0,KILM,0.8277,82.77,waning_gibbous,0.35039370078740156,0.4803149606299209,1.0590551181102354
2026-08-02 20:00:10+00:00,0.79,0.52,87.0,S,Chance Showers And Thunderstorms,True,14.0,0.0,KILM,0.8277,82.77,waning_gibbous,0.35039370078740156,0.4803149606299209,1.0590551181102354
2026-08-02 20:05:10+00:00,0.74,0.52,87.0,S,Chance Showers And Thunderstorms,True,14.0,0.0,KILM,0.8277,82.77,waning_gibbous,0.35039370078740156,0.4803149606299209,1.0590551181102354
2026-08-02 20:10:10+00:00,0.6399999999999999,0.52,87.0,S,Chance Showers And Thunderstorms,True,14.0,0.0,KILM,0.8277,82.77,waning_gibbous,0.35039370078740156,0.4803149606299209,1.0590551181102354
2026-08-02 20:15:10+00:00,0.5900000000000001,0.52,87.0,S,Chance Showers And Thunderstorms,True,14.0,0.0,KILM,0.8277,82.77,waning_gibbous,0.35039370078740156,0.4803149606299209,1.0590551181102354
2026-08-02 20:20:10+00:00,0.54,0.52,87.0,S,Chance Showers And Thunderstorms,True,14.0,0.0,KILM,0.8277,82.77,waning_gibbous,0.35039370078740156,0.4803149606299209,1.0590551181102354
2026-08-02 20:25:10+00:00,0.5,0.52,87.0,S,Chance Showers And Thunderstorms,True,14.0,0.0,KILM,0.8277,82.77,waning_gibbous,0.35039370078740156,0.4803149606299209,1.0590551181102354
2026-08-02 20:30:10+00:00,0.4399999999999999,0.456,87.0,S,Chance Showers And Thunderstorms,True,14.0,0.0,KILM,0.8243,82.43,waning_gibbous,0.35039370078740156,0.4803149606299209,1.0590551181102354
2026-08-02 20:35:10+00:00,0.3700000000000001,0.456,87.0,S,Chance Showers And Thunderstorms,True,14.0,0.0,KILM,0.8243,82.43,waning_gibbous,0.35039370078740156,0.4803149606299209,1.0590551181102354
2026-08-02 20:40:10+00:00,0.32,0.456,87.0,S,Chance Showers And Thunderstorms,True,14.0,0.0,KILM,0.8243,82.43,waning_gibbous,0.35039370078740156,0.4803149606299209,1.0590551181102354
2026-08-02 20:45:10+00:00,0.25,0.456,87.0,S,Chance Showers And Thunderstorms,True,14.0,0.0,KILM,0.8243,82.43,waning_gibbous,0.35039370078740156,0.4803149606299209,1.0590551181102354
2026-08-02 20:50:10+00:00,0.1999999999999999,0.456,87.0,S,Chance Showers And Thunderstorms,True,14.0,0.0,KILM,0.8243,82.43,waning_gibbous,0.35039370078740156,0.4803149606299209,1.0590551181102354
2026-08-02 20:55:10+00:00,0.1599999999999999,0.456,87.0,S,Chance Showers And Thunderstorms,True,14.0,0.0,KILM,0.8243,82.43,waning_gibbous,0.35039370078740156,0.4803149606299209,1.0590551181102354
2026-08-02 21:00:10+00:00,0.1100000000000001,0.456,87.0,S,Chance Showers And Thunderstorms,True,14.0,0.0,KILM,0.8243,82.43,waning_gibbous,0.35039370078740156,0.4803149606299209,1.0590551181102354
2026-08-02 21:05:10+00:00,0.07,0.456,87.0,S,Chance Showers And Thunderstorms,True,14.0,0.0,KILM,0.8243,82.43,waning_gibbous,0.35039370078740156,0.4803149606299209,1.0590551181102354
2026-08-02 21:10:10+00:00,0.01,0.456,87.0,S,Chance Showers And Thunderstorms,True,14.0,0.0,KILM,0.8243,82.43,waning_gibbous,0.35039370078740156,0.4803149606299209,1.0590551181102354
2026-08-02 21:25:10+00:00,0.02,0.456,87.0,S,Chance Showers And Thunderstorms,True,14.0,0.0,KILM,0.8243,82.43,waning_gibbous,0.35039370078740156,0.4803149606299209,1.0590551181102354
2026-08-02 21:30:10+00:00,0.04,0.894,86.0,S,Chance Showers And Thunderstorms,False,14.0,0.0,KILM,0.821,82.1,waning_gibbous,0.35039370078740156,0.4803149606299209,1.0590551181102354
2026-08-02 21:35:10+00:00,0.02,0.894,86.0,S,Chance Showers And Thunderstorms,False,14.0,0.0,KILM,0.821,82.1,waning_gibbous,0.35039370078740156,0.4803149606299209,1.0590551181102354
2026-08-02 21:40:10+00:00,0.05,0.894,86.0,S,Chance Showers And Thunderstorms,False,14.0,0.0,KILM,0.821,82.1,waning_gibbous,0.35039370078740156,0.4803149606299209,1.0590551181102354
2026-08-02 21:45:10+00:00,0.1200000000000001,0.894,86.0,S,Chance Showers And Thunderstorms,False,14.0,0.0,KILM,0.821,82.1,waning_gibbous,0.35039370078740156,0.4803149606299209,1.0590551181102354
2026-08-02 21:50:11+00:00,0.1799999999999999,0.894,86.0,S,Chance Showers And Thunderstorms,False,14.0,0.0,KILM,0.821,82.1,waning_gibbous,0.35039370078740156,0.4803149606299209,1.0590551181102354
2026-08-02 21:55:10+00:00,0.26,0.894,86.0,S,Chance Showers And Thunderstorms,False,14.0,0.0,KILM,0.821,82.1,waning_gibbous,0.35039370078740156,0.4803149606299209,1.0590551181102354
2026-08-02 22:00:10+00:00,0.32,0.894,86.0,S,Chance Showers And Thunderstorms,False,14.0,0.0,KILM,0.821,82.1,waning_gibbous,0.35039370078740156,0.4803149606299209,1.0590551181102354
2026-08-02 22:05:10+00:00,0.3400000000000001,0.894,86.0,S,Chance Showers And Thunderstorms,False,14.0,0.0,KILM,0.821,82.1,waning_gibbous,0.35039370078740156,0.4803149606299209,1.0590551181102354
2026-08-02 22:10:10+00:00,0.3899999999999999,0.894,86.0,S,Chance Showers And Thunderstorms,False,14.0,0.0,KILM,0.821,82.1,waning_gibbous,0.35039370078740156,0.4803149606299209,1.0590551181102354
2026-08-02 22:15:10+00:00,0.3999999999999999,0.894,86.0,S,Chance Showers And Thunderstorms,False,14.0,0.0,KILM,0.821,82.1,waning_gibbous,0.35039370078740156,0.4803149606299209,1.0590551181102354
2026-08-02 22:20:10+00:00,0.3700000000000001,0.894,86.0,S,Chance Showers And Thunderstorms,False,14.0,0.0,KILM,0.821,82.1,waning_gibbous,0.35039370078740156,0.4803149606299209,1.0590551181102354
2026-08-02 22:25:10+00:00,0.4199999999999999,0.894,86.0,S,Chance Showers And Thunderstorms,False,14.0,0.0,KILM,0.821,82.1,waning_gibbous,0.35039370078740156,0.4803149606299209,1.0590551181102354
2026-08-02 22:30:10+00:00,0.5,1.732,84.0,S,Chance Showers And Thunderstorms,False,13.0,0.0,KILM,0.8176,81.76,waning_gibbous,0.35039370078740156,0.4803149606299209,1.0590551181102354
2026-08-02 22:35:10+00:00,0.56,1.732,84.0,S,Chance Showers And Thunderstorms,False,13.0,0.0,KILM,0.8176,81.76,waning_gibbous,0.35039370078740156,0.4803149606299209,1.0590551181102354
2026-08-02 22:40:10+00:00,0.6100000000000001,1.732,84.0,S,Chance Showers And Thunderstorms,False,13.0,0.0,KILM,0.8176,81.76,waning_gibbous,0.35039370078740156,0.4803149606299209,1.0590551181102354
2026-08-02 22:45:10+00:00,0.6599999999999999,1.732,84.0,S,Chance Showers And Thunderstorms,False,13.0,0.0,KILM,0.8176,81.76,waning_gibbous,0.35039370078740156,0.4803149606299209,1.0590551181102354
2026-08-02 22:50:10+00:00,0.71,1.732,84.0,S,Chance Showers And Thunderstorms,False,13.0,0.0,KILM,0.8176,81.76,waning_gibbous,0.35039370078740156,0.4803149606299209,1.0590551181102354
2026-08-02 22:55:10+00:00,0.76,1.732,84.0,S,Chance Showers And Thunderstorms,False,13.0,0.0,KILM,0.8176,81.76,waning_gibbous,0.35039370078740156,0.4803149606299209,1.0590551181102354
2026-08-02 23:00:10+00:00,0.78,1.732,84.0,S,Chance Showers And Thunderstorms,False,13.0,0.0,KILM,0.8176,81.76,waning_gibbous,0.35039370078740156,0.4803149606299209,1.0590551181102354
2026-08-02 23:05:10+00:00,0.8200000000000001,1.732,84.0,S,Chance Showers And Thunderstorms,False,13.0,0.0,KILM,0.8176,81.76,waning_gibbous,0.35039370078740156,0.4803149606299209,1.0590551181102354
2026-08-02 23:10:10+00:00,0.8799999999999999,1.732,84.0,S,Chance Showers And Thunderstorms,False,13.0,0.0,KILM,0.8176,81.76,waning_gibbous,0.35039370078740156,0.4803149606299209,1.0590551181102354
2026-08-02 23:15:11+00:00,0.92,1.732,84.0,S,Chance Showers And Thunderstorms,False,13.0,0.0,KACZ,0.8176,81.76,waning_gibbous,0.35039370078740156,0.4803149606299209,1.0590551181102354
2026-08-02 23:20:11+00:00,0.97,1.732,84.0,S,Chance Showers And Thunderstorms,False,13.0,0.0,KILM,0.8176,81.76,waning_gibbous,0.35039370078740156,0.4803149606299209,1.0590551181102354
2026-08-02 23:25:10+00:00,1.01,1.732,84.0,S,Chance Showers And Thunderstorms,False,13.0,0.0,KILM,0.8176,81.76,waning_gibbous,0.35039370078740156,0.4803149606299209,1.0590551181102354
2026-08-02 23:30:11+00:00,1.0699999999999998,2.718,83.0,S,Chance Showers And Thunderstorms,False,12.0,0.0,KILM,0.8142,81.42,waning_gibbous,0.35039370078740156,0.4803149606299209,1.0590551181102354
2026-08-02 23:35:10+00:00,1.13,2.718,83.0,S,Chance Showers And Thunderstorms,False,12.0,0.0,KILM,0.8142,81.42,waning_gibbous,0.35039370078740156,0.4685039370078737,1.0590551181102354
2026-08-02 23:40:10+00:00,1.22,2.718,83.0,S,Chance Showers And Thunderstorms,False,12.0,0.0,KILM,0.8142,81.42,waning_gibbous,0.35039370078740156,0.4685039370078737,1.0590551181102354
2026-08-02 23:45:10+00:00,1.31,2.718,83.0,S,Chance Showers And Thunderstorms,False,12.0,0.0,KILM,0.8142,81.42,waning_gibbous,0.35039370078740156,0.4685039370078737,1.0590551181102354
2026-08-02 23:50:10+00:00,1.36,2.718,83.0,S,Chance Showers And Thunderstorms,False,12.0,0.0,KILM,0.8142,81.42,waning_gibbous,0.35039370078740156,0.4685039370078737,1.0590551181102354
2026-08-02 23:55:10+00:00,1.44,2.718,83.0,S,Chance Showers And Thunderstorms,False,12.0,0.0,KILM,0.8142,81.42,waning_gibbous,0.35039370078740156,0.4685039370078737,1.0590551181102354
2026-08-03 00:00:10+00:00,1.51,2.718,83.0,S,Chance Showers And Thunderstorms,False,12.0,0.0,KILM,0.8142,81.42,waning_gibbous,0.35039370078740156,0.4685039370078737,1.0590551181102354
2026-08-03 00:05:10+00:00,1.58,2.718,83.0,S,Chance Showers And Thunderstorms,False,12.0,0.0,KILM,0.8142,81.42,waning_gibbous,0.35039370078740156,0.4685039370078737,1.0590551181102354
2026-08-03 00:10:10+00:00,1.66,2.718,83.0,S,Chance Showers And Thunderstorms,False,12.0,0.0,KILM,0.8142,81.42,waning_gibbous,0.35039370078740156,0.4685039370078737,1.0590551181102354
2026-08-03 00:15:10+00:00,1.7,2.718,83.0,S,Chance Showers And Thunderstorms,False,12.0,0.0,KILM,0.8142,81.42,waning_gibbous,0.35039370078740156,0.4685039370078737,1.0590551181102354
2026-08-03 00:20:10+00:00,1.75,2.718,83.0,S,Chance Showers And Thunderstorms,False,12.0,0.0,KILM,0.8142,81.42,waning_gibbous,0.35039370078740156,0.4685039370078737,1.0590551181102354
2026-08-03 00:25:10+00:00,1.81,2.718,83.0,S,Chance Showers And Thunderstorms,False,12.0,0.0,KILM,0.8142,81.42,waning_gibbous,0.35039370078740156,0.4685039370078737,1.0590551181102354
2026-08-03 00:30:10+00:00,1.86,3.583,82.0,SW,Chance Showers And Thunderstorms,False,10.0,0.0,KILM,0.8107,81.07,waning_gibbous,0.35039370078740156,0.4685039370078737,1.0590551181102354
2026-08-03 00:35:10+00:00,1.93,3.583,82.0,SW,Chance Showers And Thunderstorms,False,10.0,0.0,KILM,0.8107,81.07,waning_gibbous,0.35039370078740156,0.4685039370078737,1.0590551181102354
2026-08-03 00:40:10+00:00,1.99,3.583,82.0,SW,Chance Showers And Thunderstorms,False,10.0,0.0,KILM,0.8107,81.07,waning_gibbous,0.35039370078740156,0.4685039370078737,1.0590551181102354
2026-08-03 00:45:10+00:00,2.06,3.583,82.0,SW,Chance Showers And Thunderstorms,False,10.0,0.0,KILM,0.8107,81.07,waning_gibbous,0.35039370078740156,0.4685039370078737,1.0590551181102354
2026-08-03 00:50:10+00:00,2.14,3.583,82.0,SW,Chance Showers And Thunderstorms,False,10.0,0.0,KILM,0.8107,81.07,waning_gibbous,0.35039370078740156,0.4685039370078737,1.0590551181102354
2026-08-03 00:55:10+00:00,2.23,3.583,82.0,SW,Chance Showers And Thunderstorms,False,10.0,0.0,KILM,0.8107,81.07,waning_gibbous,0.35039370078740156,0.4685039370078737,1.0590551181102354
2026-08-03 01:00:11+00:00,2.29,3.583,82.0,SW,Chance Showers And Thunderstorms,False,10.0,0.0,KILM,0.8107,81.07,waning_gibbous,0.35039370078740156,0.4685039370078737,1.0590551181102354
2026-08-03 01:05:10+00:00,2.36,3.583,82.0,SW,Chance Showers And Thunderstorms,False,10.0,0.0,KILM,0.8107,81.07,waning_gibbous,0.35039370078740156,0.4685039370078737,1.0590551181102354
2026-08-03 01:10:10+00:00,2.41,3.583,82.0,SW,Chance Showers And Thunderstorms,False,10.0,0.0,KILM,0.8107,81.07,waning_gibbous,0.35039370078740156,0.4685039370078737,1.0590551181102354
2026-08-03 01:15:10+00:00,2.48,3.583,82.0,SW,Chance Showers And Thunderstorms,False,10.0,0.0,KILM,0.8107,81.07,waning_gibbous,0.35039370078740156,0.4685039370078737,1.0590551181102354
2026-08-03 01:20:10+00:00,2.55,3.583,82.0,SW,Chance Showers And Thunderstorms,False,10.0,0.0,KILM,0.8107,81.07,waning_gibbous,0.35039370078740156,0.4685039370078737,1.0590551181102354
2026-08-03 01:25:10+00:00,2.62,3.583,82.0,SW,Chance Showers And Thunderstorms,False,10.0,0.0,KILM,0.8107,81.07,waning_gibbous,0.35039370078740156,0.4685039370078737,1.0590551181102354
2026-08-03 01:30:10+00:00,2.69,4.155,80.0,SW,Chance Showers And Thunderstorms,False,9.0,0.0,KILM,0.8073,80.73,waning_gibbous,0.35039370078740156,0.4685039370078737,1.0590551181102354
2026-08-03 01:35:10+00:00,2.74,4.155,80.0,SW,Chance Showers And Thunderstorms,False,9.0,0.0,KILM,0.8073,80.73,waning_gibbous,0.35039370078740156,0.4685039370078737,1.0590551181102354
2026-08-03 01:40:10+00:00,2.8,4.155,80.0,SW,Chance Showers And Thunderstorms,False,9.0,0.0,KILM,0.8073,80.73,waning_gibbous,0.35039370078740156,0.4685039370078737,1.0590551181102354
2026-08-03 01:45:10+00:00,2.87,4.155,80.0,SW,Chance Showers And Thunderstorms,False,9.0,0.0,KILM,0.8073,80.73,waning_gibbous,0.35039370078740156,0.4685039370078737,1.0590551181102354
2026-08-03 01:50:10+00:00,2.93,4.155,80.0,SW,Chance Showers And Thunderstorms,False,9.0,0.0,KILM,0.8073,80.73,waning_gibbous,0.35039370078740156,0.4685039370078737,1.0590551181102354
2026-08-03 01:55:10+00:00,2.98,4.155,80.0,SW,Chance Showers And Thunderstorms,False,9.0,0.0,KILM,0.8073,80.73,waning_gibbous,0.35039370078740156,0.4685039370078737,1.0590551181102354
2026-08-03 02:00:10+00:00,3.02,4.155,80.0,SW,Chance Showers And Thunderstorms,False,9.0,0.0,KILM,0.8073,80.73,waning_gibbous,0.35039370078740156,0.4685039370078737,1.0590551181102354
2026-08-03 02:05:10+00:00,3.09,4.155,80.0,SW,Chance Showers And Thunderstorms,False,9.0,0.0,KILM,0.8073,80.73,waning_gibbous,0.35039370078740156,0.4685039370078737,1.0590551181102354
2026-08-03 02:10:10+00:00,3.15,4.155,80.0,SW,Chance Showers And Thunderstorms,False,9.0,0.0,KILM,0.8073,80.73,waning_gibbous,0.35039370078740156,0.4685039370078737,1.0590551181102354
2026-08-03 02:15:10+00:00,3.2,4.155,80.0,SW,Chance Showers And Thunderstorms,False,9.0,0.0,KILM,0.8073,80.73,waning_gibbous,0.35039370078740156,0.4685039370078737,1.0590551181102354
2026-08-03 02:20:10+00:00,3.25,4.155,80.0,SW,Chance Showers And Thunderstorms,False,9.0,0.0,KILM,0.8073,80.73,waning_gibbous,0.35039370078740156,0.4685039370078737,1.0590551181102354
2026-08-03 02:25:10+00:00,3.31,4.155,80.0,SW,Chance Showers And Thunderstorms,False,9.0,0.0,KILM,0.8073,80.73,waning_gibbous,0.35039370078740156,0.4685039370078737,1.0590551181102354
2026-08-03 02:30:10+00:00,3.3600000000000003,4.324,79.0,SW,Chance Showers And Thunderstorms,False,9.0,0.0,KILM,0.8038,80.38,waning_gibbous,0.35039370078740156,0.4685039370078737,1.0590551181102354
2026-08-03 02:35:10+00:00,3.41,4.324,79.0,SW,Chance Showers And Thunderstorms,False,9.0,0.0,KILM,0.8038,80.38,waning_gibbous,0.35039370078740156,0.4685039370078737,1.0590551181102354
2026-08-03 02:40:10+00:00,3.45,4.324,79.0,SW,Chance Showers And Thunderstorms,False,9.0,0.0,KILM,0.8038,80.38,waning_gibbous,0.35039370078740156,0.4685039370078737,1.0590551181102354
2026-08-03 02:45:10+00:00,3.52,4.324,79.0,SW,Chance Showers And Thunderstorms,False,9.0,0.0,KILM,0.8038,80.38,waning_gibbous,0.35039370078740156,0.4685039370078737,1.0590551181102354
2026-08-03 02:50:10+00:00,3.5700000000000003,4.324,79.0,SW,Chance Showers And Thunderstorms,False,9.0,0.0,KILM,0.8038,80.38,waning_gibbous,0.35039370078740156,0.4685039370078737,1.0590551181102354
2026-08-03 02:55:10+00:00,3.62,4.324,79.0,SW,Chance Showers And Thunderstorms,False,9.0,0.0,KILM,0.8038,80.38,waning_gibbous,0.35039370078740156,0.4685039370078737,1.0590551181102354
2026-08-03 03:00:10+00:00,3.66,4.324,79.0,SW,Chance Showers And Thunderstorms,False,9.0,0.0,KILM,0.8038,80.38,waning_gibbous,0.35039370078740156,0.4685039370078737,1.0590551181102354
2026-08-03 03:05:10+00:00,3.7,4.324,79.0,SW,Chance Showers And Thunderstorms,False,9.0,0.0,KILM,0.8038,80.38,waning_gibbous,0.35039370078740156,0.4685039370078737,1.0590551181102354
2026-08-03 03:10:10+00:00,3.74,4.324,79.0,SW,Chance Showers And Thunderstorms,False,9.0,0.0,KILM,0.8038,80.38,waning_gibbous,0.35039370078740156,0.4685039370078737,1.0590551181102354
2026-08-03 03:15:10+00:00,3.78,4.324,79.0,SW,Chance Showers And Thunderstorms,False,9.0,0.0,KILM,0.8038,80.38,waning_gibbous,0.35039370078740156,0.4685039370078737,1.0590551181102354
2026-08-03 03:20:10+00:00,3.74,4.324,79.0,SW,Chance Showers And Thunderstorms,False,9.0,0.0,KILM,0.8038,80.38,waning_gibbous,0.35039370078740156,0.4685039370078737,1.0590551181102354
2026-08-03 03:25:10+00:00,3.8,4.324,79.0,SW,Chance Showers And Thunderstorms,False,9.0,0.0,KILM,0.8038,80.38,waning_gibbous,0.35039370078740156,0.4685039370078737,1.0590551181102354
2026-08-03 03:30:10+00:00,3.81,4.002,79.0,SW,Chance Showers And Thunderstorms,False,8.0,0.0,KILM,0.8003,80.03,waning_gibbous,0.35039370078740156,0.4685039370078737,1.0590551181102354
2026-08-03 03:35:11+00:00,3.85,4.002,79.0,SW,Chance Showers And Thunderstorms,False,8.0,0.0,KILM,0.8003,80.03,waning_gibbous,0.35039370078740156,0.4685039370078737,1.0590551181102354
2026-08-03 03:40:10+00:00,3.92,4.002,79.0,SW,Chance Showers And Thunderstorms,False,8.0,0.0,KILM,0.8003,80.03,waning_gibbous,0.35039370078740156,0.4685039370078737,1.0590551181102354
2026-08-03 03:45:10+00:00,3.98,4.002,79.0,SW,Chance Showers And Thunderstorms,False,8.0,0.0,KILM,0.8003,80.03,waning_gibbous,0.35039370078740156,0.4685039370078737,1.0590551181102354
2026-08-03 03:50:10+00:00,3.97,4.002,79.0,SW,Chance Showers And Thunderstorms,False,8.0,0.0,KILM,0.8003,80.03,waning_gibbous,0.35039370078740156,0.4685039370078737,1.0590551181102354
2026-08-03 03:55:10+00:00,3.96,4.002,79.0,SW,Chance Showers And Thunderstorms,False,8.0,0.0,KILM,0.8003,80.03,waning_gibbous,0.35039370078740156,0.4685039370078737,1.0590551181102354
2026-08-03 04:00:11+00:00,3.99,4.002,79.0,SW,Chance Showers And Thunderstorms,False,8.0,0.0,KILM,0.8003,80.03,waning_gibbous,0.35039370078740156,0.4685039370078737,1.0590551181102354
2026-08-03 04:05:10+00:00,4.0,4.002,79.0,SW,Chance Showers And Thunderstorms,False,8.0,0.0,KILM,0.8003,80.03,waning_gibbous,0.35039370078740156,0.4685039370078737,1.0590551181102354
2026-08-03 04:10:10+00:00,3.98,4.002,79.0,SW,Chance Showers And Thunderstorms,False,8.0,0.0,KILM,0.8003,80.03,waning_gibbous,0.35039370078740156,0.4685039370078737,1.0590551181102354
2026-08-03 04:15:11+00:00,3.93,4.002,79.0,SW,Chance Showers And Thunderstorms,False,8.0,0.0,KILM,0.8003,80.03,waning_gibbous,0.35039370078740156,0.4685039370078737,1.0590551181102354
2026-08-03 04:20:10+00:00,3.91,4.002,79.0,SW,Chance Showers And Thunderstorms,False,8.0,0.0,KILM,0.8003,80.03,waning_gibbous,0.35039370078740156,0.4685039370078737,1.0590551181102354
2026-08-03 04:25:10+00:00,3.86,4.002,79.0,SW,Chance Showers And Thunderstorms,False,8.0,0.0,KILM,0.8003,80.03,waning_gibbous,0.35039370078740156,0.4685039370078737,1.0590551181102354
2026-08-03 04:30:10+00:00,3.8,3.206,79.0,SW,Chance Showers And Thunderstorms,False,8.0,0.0,KILM,0.7967,79.67,waning_gibbous,0.35039370078740156,0.4685039370078737,1.0590551181102354
2026-08-03 04:35:10+00:00,3.75,3.206,79.0,SW,Chance Showers And Thunderstorms,False,8.0,0.0,KILM,0.7967,79.67,waning_gibbous,0.35039370078740156,0.4566929133858265,1.0590551181102354
2026-08-03 04:40:10+00:00,3.71,3.206,79.0,SW,Chance Showers And Thunderstorms,False,8.0,0.0,KILM,0.7967,79.67,waning_gibbous,0.35039370078740156,0.4566929133858265,1.0590551181102354
2026-08-03 04:45:10+00:00,3.65,3.206,79.0,SW,Chance Showers And Thunderstorms,False,8.0,0.0,KILM,0.7967,79.67,waning_gibbous,0.35039370078740156,0.4566929133858265,1.0590551181102354
2026-08-03 04:50:10+00:00,3.58,3.206,79.0,SW,Chance Showers And Thunderstorms,False,8.0,0.0,KILM,0.7967,79.67,waning_gibbous,0.35039370078740156,0.4566929133858265,1.0590551181102354
2026-08-03 04:55:10+00:00,3.51,3.206,79.0,SW,Chance Showers And Thunderstorms,False,8.0,0.0,KILM,0.7967,79.67,waning_gibbous,0.35039370078740156,0.4566929133858265,1.0590551181102354
2026-08-03 05:00:10+00:00,3.45,3.206,79.0,SW,Chance Showers And Thunderstorms,False,8.0,0.0,KILM,0.7967,79.67,waning_gibbous,0.35039370078740156,0.4566929133858265,1.0590551181102354
2026-08-03 05:05:10+00:00,3.39,3.206,79.0,SW,Chance Showers And Thunderstorms,False,8.0,0.0,KILM,0.7967,79.67,waning_gibbous,0.35039370078740156,0.4566929133858265,1.0590551181102354
2026-08-03 05:10:11+00:00,3.35,3.206,79.0,SW,Chance Showers And Thunderstorms,False,8.0,0.0,KILM,0.7967,79.67,waning_gibbous,0.35039370078740156,0.4566929133858265,1.0590551181102354
2026-08-03 05:15:10+00:00,3.29,3.206,79.0,SW,Chance Showers And Thunderstorms,False,8.0,0.0118110236220472,KILM,0.7967,79.67,waning_gibbous,0.3622047244094488,0.46850393700787374,1.0708661417322827
2026-08-03 05:20:10+00:00,3.19,3.206,79.0,SW,Chance Showers And Thunderstorms,False,8.0,0.0,KILM,0.7967,79.67,waning_gibbous,0.3622047244094488,0.46850393700787374,1.0708661417322827
2026-08-03 05:25:10+00:00,3.1100000000000003,3.206,79.0,SW,Chance Showers And Thunderstorms,False,8.0,0.0,KILM,0.7967,79.67,waning_gibbous,0.3622047244094488,0.46850393700787374,1.0708661417322827
2026-08-03 05:30:10+00:00,3.04,2.139,79.0,SW,Chance Showers And Thunderstorms,False,8.0,0.0,KILM,0.7931,79.31,waning_gibbous,0.3622047244094488,0.46850393700787374,1.0708661417322827
2026-08-03 05:35:11+00:00,2.98,2.139,79.0,SW,Chance Showers And Thunderstorms,False,8.0,0.0,KILM,0.7931,79.31,waning_gibbous,0.3622047244094488,0.46850393700787374,1.0708661417322827
2026-08-03 05:40:10+00:00,2.94,2.139,79.0,SW,Chance Showers And Thunderstorms,False,8.0,0.0,KILM,0.7931,79.31,waning_gibbous,0.3622047244094488,0.46850393700787374,1.0708661417322827
2026-08-03 05:45:10+00:00,2.87,2.139,79.0,SW,Chance Showers And Thunderstorms,False,8.0,0.0,KILM,0.7931,79.31,waning_gibbous,0.3622047244094488,0.46850393700787374,1.0708661417322827
2026-08-03 05:50:10+00:00,2.78,2.139,79.0,SW,Chance Showers And Thunderstorms,False,8.0,0.0118110236220472,KILM,0.7931,79.31,waning_gibbous,0.37401574803149595,0.4803149606299209,1.08267716535433
2026-08-03 05:55:10+00:00,2.71,2.139,79.0,SW,Chance Showers And Thunderstorms,False,8.0,0.0,KILM,0.7931,79.31,waning_gibbous,0.37401574803149595,0.48031496062992085,1.08267716535433
2026-08-03 06:00:10+00:00,2.61,2.139,79.0,SW,Chance Showers And Thunderstorms,False,8.0,0.0,KILM,0.7931,79.31,waning_gibbous,0.37401574803149595,0.48031496062992085,1.08267716535433
2026-08-03 06:05:10+00:00,2.55,2.139,79.0,SW,Chance Showers And Thunderstorms,False,8.0,0.0,KILM,0.7931,79.31,waning_gibbous,0.37401574803149595,0.48031496062992085,1.08267716535433
2026-08-03 06:10:10+00:00,2.47,2.139,79.0,SW,Chance Showers And Thunderstorms,False,8.0,0.0,KILM,0.7931,79.31,waning_gibbous,0.37401574803149595,0.48031496062992085,1.08267716535433
2026-08-03 06:15:10+00:00,2.38,2.139,79.0,SW,Chance Showers And Thunderstorms,False,8.0,0.0,KILM,0.7931,79.31,waning_gibbous,0.37401574803149595,0.48031496062992085,1.08267716535433
2026-08-03 06:20:10+00:00,2.32,2.139,79.0,SW,Chance Showers And Thunderstorms,False,8.0,0.0,KILM,0.7931,79.31,waning_gibbous,0.37401574803149595,0.48031496062992085,1.08267716535433
2026-08-03 06:25:11+00:00,2.22,2.139,79.0,SW,Chance Showers And Thunderstorms,False,8.0,0.0,KILM,0.7931,79.31,waning_gibbous,0.37401574803149595,0.48031496062992085,1.08267716535433
2026-08-03 06:30:10+00:00,2.15,1.112,79.0,SW,Chance Showers And Thunderstorms,False,7.0,0.0,KILM,0.7895,78.95,waning_gibbous,0.37401574803149595,0.48031496062992085,1.08267716535433
2026-08-03 06:35:10+00:00,2.08,1.112,79.0,SW,Chance Showers And Thunderstorms,False,7.0,0.0,KILM,0.7895,78.95,waning_gibbous,0.37401574803149595,0.48031496062992085,1.08267716535433
2026-08-03 06:40:10+00:00,1.99,1.112,79.0,SW,Chance Showers And Thunderstorms,False,7.0,0.0,KILM,0.7895,78.95,waning_gibbous,0.37401574803149595,0.48031496062992085,1.08267716535433
2026-08-03 06:45:10+00:00,1.92,1.112,79.0,SW,Chance Showers And Thunderstorms,False,7.0,0.0,KILM,0.7895,78.95,waning_gibbous,0.37401574803149595,0.48031496062992085,1.08267716535433
2026-08-03 06:50:10+00:00,1.87,1.112,79.0,SW,Chance Showers And Thunderstorms,False,7.0,0.0,KILM,0.7895,78.95,waning_gibbous,0.37401574803149595,0.48031496062992085,1.08267716535433
2026-08-03 06:55:10+00:00,1.79,1.112,79.0,SW,Chance Showers And Thunderstorms,False,7.0,0.0,KILM,0.7895,78.95,waning_gibbous,0.37401574803149595,0.48031496062992085,1.08267716535433
2026-08-03 07:00:10+00:00,1.71,1.112,79.0,SW,Chance Showers And Thunderstorms,False,7.0,0.0,KILM,0.7895,78.95,waning_gibbous,0.37401574803149595,0.48031496062992085,1.08267716535433
2026-08-03 07:05:10+00:00,1.63,1.112,79.0,SW,Chance Showers And Thunderstorms,False,7.0,0.0,KILM,0.7895,78.95,waning_gibbous,0.37401574803149595,0.48031496062992085,1.08267716535433
2026-08-03 07:10:10+00:00,1.56,1.112,79.0,SW,Chance Showers And Thunderstorms,False,7.0,0.0,KILM,0.7895,78.95,waning_gibbous,0.37401574803149595,0.48031496062992085,1.08267716535433
2026-08-03 07:15:10+00:00,1.48,1.112,79.0,SW,Chance Showers And Thunderstorms,False,7.0,0.0,KILM,0.7895,78.95,waning_gibbous,0.37401574803149595,0.48031496062992085,1.08267716535433
2026-08-03 07:20:10+00:00,1.39,1.112,79.0,SW,Chance Showers And Thunderstorms,False,7.0,0.0,KILM,0.7895,78.95,waning_gibbous,0.37401574803149595,0.48031496062992085,1.08267716535433
2026-08-03 07:25:10+00:00,1.3199999999999998,1.112,79.0,SW,Chance Showers And Thunderstorms,False,7.0,0.0,KILM,0.7895,78.95,waning_gibbous,0.37401574803149595,0.48031496062992085,1.08267716535433
2026-08-03 07:30:10+00:00,1.25,0.386,78.0,SW,Chance Showers And Thunderstorms,False,7.0,0.0,KILM,0.7859,78.59,waning_gibbous,0.37401574803149595,0.48031496062992085,1.08267716535433
2026-08-03 07:35:10+00:00,1.16,0.386,78.0,SW,Chance Showers And Thunderstorms,False,7.0,0.0,KILM,0.7859,78.59,waning_gibbous,0.37401574803149595,0.48031496062992085,1.08267716535433
2026-08-03 07:40:10+00:00,1.11,0.386,78.0,SW,Chance Showers And Thunderstorms,False,7.0,0.0,KILM,0.7859,78.59,waning_gibbous,0.37401574803149595,0.48031496062992085,1.08267716535433
2026-08-03 07:45:10+00:00,1.03,0.386,78.0,SW,Chance Showers And Thunderstorms,False,7.0,0.0,KILM,0.7859,78.59,waning_gibbous,0.37401574803149595,0.48031496062992085,1.08267716535433
2026-08-03 07:50:10+00:00,0.94,0.386,78.0,SW,Chance Showers And Thunderstorms,False,7.0,0.0,KILM,0.7859,78.59,waning_gibbous,0.37401574803149595,0.48031496062992085,1.08267716535433
2026-08-03 07:55:10+00:00,0.8700000000000001,0.386,78.0,SW,Chance Showers And Thunderstorms,False,7.0,0.0,KILM,0.7859,78.59,waning_gibbous,0.37401574803149595,0.48031496062992085,1.08267716535433
2026-08-03 08:00:10+00:00,0.81,0.386,78.0,SW,Chance Showers And Thunderstorms,False,7.0,0.0,KILM,0.7859,78.59,waning_gibbous,0.37401574803149595,0.48031496062992085,1.08267716535433
2026-08-03 08:05:10+00:00,0.74,0.386,78.0,SW,Chance Showers And Thunderstorms,False,7.0,0.0,KILM,0.7859,78.59,waning_gibbous,0.37401574803149595,0.48031496062992085,1.08267716535433
2026-08-03 08:10:10+00:00,0.6699999999999999,0.386,78.0,SW,Chance Showers And Thunderstorms,False,7.0,0.0,KILM,0.7859,78.59,waning_gibbous,0.37401574803149595,0.48031496062992085,1.08267716535433
2026-08-03 08:15:10+00:00,0.5900000000000001,0.386,78.0,SW,Chance Showers And Thunderstorms,False,7.0,0.0,KILM,0.7859,78.59,waning_gibbous,0.37401574803149595,0.48031496062992085,1.08267716535433
2026-08-03 08:20:10+00:00,0.51,0.386,78.0,SW,Chance Showers And Thunderstorms,False,7.0,0.0,KILM,0.7859,78.59,waning_gibbous,0.37401574803149595,0.48031496062992085,1.08267716535433
2026-08-03 08:25:10+00:00,0.4399999999999999,0.386,78.0,SW,Chance Showers And Thunderstorms,False,7.0,0.0,KILM,0.7859,78.59,waning_gibbous,0.37401574803149595,0.48031496062992085,1.08267716535433
2026-08-03 08:30:10+00:00,0.3700000000000001,0.119,78.0,SW,Chance Showers And Thunderstorms,False,7.0,0.0,KILM,0.7823,78.23,waning_gibbous,0.37401574803149595,0.48031496062992085,1.08267716535433
2026-08-03 08:40:10+00:00,0.24,0.119,78.0,SW,Chance Showers And Thunderstorms,False,7.0,0.0,KILM,0.7823,78.23,waning_gibbous,0.37401574803149595,0.48031496062992085,1.08267716535433
2026-08-03 08:45:10+00:00,0.1799999999999999,0.119,78.0,SW,Chance Showers And Thunderstorms,False,7.0,0.0,KILM,0.7823,78.23,waning_gibbous,0.37401574803149595,0.48031496062992085,1.08267716535433
2026-08-03 08:50:10+00:00,0.1299999999999999,0.119,78.0,SW,Chance Showers And Thunderstorms,False,7.0,0.0,KILM,0.7823,78.23,waning_gibbous,0.37401574803149595,0.48031496062992085,1.08267716535433
2026-08-03 08:55:10+00:00,0.07,0.119,78.0,SW,Chance Showers And Thunderstorms,False,7.0,0.0,KILM,0.7823,78.23,waning_gibbous,0.37401574803149595,0.48031496062992085,1.08267716535433
2026-08-03 09:00:10+00:00,0.05,0.119,78.0,SW,Chance Showers And Thunderstorms,False,7.0,0.0,KILM,0.7823,78.23,waning_gibbous,0.37401574803149595,0.48031496062992085,1.08267716535433
2026-08-03 09:05:10+00:00,0.02,0.119,78.0,SW,Chance Showers And Thunderstorms,False,7.0,0.0,KILM,0.7823,78.23,waning_gibbous,0.37401574803149595,0.48031496062992085,1.08267716535433
2026-08-03 10:40:10+00:00,0.0,1.119,78.0,SW,Chance Showers And Thunderstorms,True,7.0,0.0,KILM,0.7749,77.49,waning_gibbous,0.37401574803149595,0.4685039370078737,1.08267716535433
2026-08-03 10:45:10+00:00,0.06,1.119,78.0,SW,Chance Showers And Thunderstorms,True,7.0,0.0,KILM,0.7749,77.49,waning_gibbous,0.37401574803149595,0.4685039370078737,1.08267716535433
2026-08-03 10:50:10+00:00,0.1399999999999999,1.119,78.0,SW,Chance Showers And Thunderstorms,True,7.0,0.0,KILM,0.7749,77.49,waning_gibbous,0.37401574803149595,0.4685039370078737,1.08267716535433
2026-08-03 10:55:10+00:00,0.25,1.119,78.0,SW,Chance Showers And Thunderstorms,True,7.0,0.0,KILM,0.7749,77.49,waning_gibbous,0.37401574803149595,0.4685039370078737,1.08267716535433
2026-08-03 11:00:10+00:00,0.3700000000000001,1.119,78.0,SW,Chance Showers And Thunderstorms,True,7.0,0.0,KILM,0.7749,77.49,waning_gibbous,0.37401574803149595,0.4685039370078737,1.08267716535433
2026-08-03 11:05:10+00:00,0.47,1.119,78.0,SW,Chance Showers And Thunderstorms,True,7.0,0.0,KILM,0.7749,77.49,waning_gibbous,0.37401574803149595,0.4685039370078737,1.08267716535433
2026-08-03 11:10:10+00:00,0.53,1.119,78.0,SW,Chance Showers And Thunderstorms,True,7.0,0.0,KILM,0.7749,77.49,waning_gibbous,0.37401574803149595,0.4685039370078737,1.08267716535433
2026-08-03 11:15:10+00:00,0.6000000000000001,1.119,78.0,SW,Chance Showers And Thunderstorms,True,7.0,0.0,KILM,0.7749,77.49,waning_gibbous,0.37401574803149595,0.4685039370078737,1.08267716535433
2026-08-03 11:20:10+00:00,0.6699999999999999,1.119,78.0,SW,Chance Showers And Thunderstorms,True,7.0,0.0,KILM,0.7749,77.49,waning_gibbous,0.37401574803149595,0.4685039370078737,1.08267716535433
2026-08-03 11:25:10+00:00,0.74,1.119,78.0,SW,Chance Showers And Thunderstorms,True,7.0,0.0,KILM,0.7749,77.49,waning_gibbous,0.37401574803149595,0.4685039370078737,1.08267716535433
2026-08-03 11:30:10+00:00,0.78,2.122,80.0,SW,Chance Showers And Thunderstorms,True,7.0,0.0,KILM,0.7712,77.12,waning_gibbous,0.37401574803149595,0.4685039370078737,1.08267716535433
2026-08-03 11:35:10+00:00,0.8,2.122,80.0,SW,Chance Showers And Thunderstorms,True,7.0,0.0,KILM,0.7712,77.12,waning_gibbous,0.37401574803149595,0.4685039370078737,1.08267716535433
2026-08-03 11:40:10+00:00,0.8,2.122,80.0,SW,Chance Showers And Thunderstorms,True,7.0,0.0,KILM,0.7712,77.12,waning_gibbous,0.37401574803149595,0.4685039370078737,1.08267716535433
2026-08-03 11:45:10+00:00,0.8600000000000001,2.122,80.0,SW,Chance Showers And Thunderstorms,True,7.0,0.0,KILM,0.7712,77.12,waning_gibbous,0.37401574803149595,0.4685039370078737,1.08267716535433
2026-08-03 11:50:10+00:00,0.92,2.122,80.0,SW,Chance Showers And Thunderstorms,True,7.0,0.0,KILM,0.7712,77.12,waning_gibbous,0.37401574803149595,0.4685039370078737,1.08267716535433
2026-08-03 11:55:10+00:00,0.95,2.122,80.0,SW,Chance Showers And Thunderstorms,True,7.0,0.0,KILM,0.7712,77.12,waning_gibbous,0.37401574803149595,0.4685039370078737,1.08267716535433
2026-08-03 12:00:10+00:00,1.0,2.122,80.0,SW,Chance Showers And Thunderstorms,True,7.0,0.0,KILM,0.7712,77.12,waning_gibbous,0.37401574803149595,0.4685039370078737,1.08267716535433
2026-08-03 12:05:10+00:00,1.05,2.122,80.0,SW,Chance Showers And Thunderstorms,True,7.0,0.0,KILM,0.7712,77.12,waning_gibbous,0.37401574803149595,0.4685039370078737,1.08267716535433
2026-08-03 12:10:10+00:00,1.09,2.122,80.0,SW,Chance Showers And Thunderstorms,True,7.0,0.0,KILM,0.7712,77.12,waning_gibbous,0.37401574803149595,0.4685039370078737,1.08267716535433
2026-08-03 12:15:10+00:00,1.15,2.122,80.0,SW,Chance Showers And Thunderstorms,True,7.0,0.0,KILM,0.7712,77.12,waning_gibbous,0.37401574803149595,0.4685039370078737,1.08267716535433
2026-08-03 12:20:10+00:00,1.2,2.122,80.0,SW,Chance Showers And Thunderstorms,True,7.0,0.0,KILM,0.7712,77.12,waning_gibbous,0.37401574803149595,0.4685039370078737,1.08267716535433
2026-08-03 12:25:10+00:00,1.21,2.122,80.0,SW,Chance Showers And Thunderstorms,True,7.0,0.0,KILM,0.7712,77.12,waning_gibbous,0.37401574803149595,0.4685039370078737,1.08267716535433
2026-08-03 12:30:10+00:00,1.25,3.105,81.0,SW,Chance Showers And Thunderstorms,True,7.0,0.0,KILM,0.7674,76.74,waning_gibbous,0.37401574803149595,0.4685039370078737,1.08267716535433
2026-08-03 12:35:10+00:00,1.29,3.105,81.0,SW,Chance Showers And Thunderstorms,True,7.0,0.0,KILM,0.7674,76.74,waning_gibbous,0.37401574803149595,0.4685039370078737,1.08267716535433
2026-08-03 12:40:10+00:00,1.3,3.105,81.0,SW,Chance Showers And Thunderstorms,True,7.0,0.0,KILM,0.7674,76.74,waning_gibbous,0.37401574803149595,0.4685039370078737,1.08267716535433
2026-08-03 12:45:10+00:00,1.3199999999999998,3.105,81.0,SW,Chance Showers And Thunderstorms,True,7.0,0.0,KILM,0.7674,76.74,waning_gibbous,0.37401574803149595,0.4685039370078737,1.08267716535433
2026-08-03 12:50:10+00:00,1.34,3.105,81.0,SW,Chance Showers And Thunderstorms,True,7.0,0.0,KILM,0.7674,76.74,waning_gibbous,0.37401574803149595,0.4685039370078737,1.08267716535433
2026-08-03 12:55:10+00:00,1.38,3.105,81.0,SW,Chance Showers And Thunderstorms,True,7.0,0.0,KILM,0.7674,76.74,waning_gibbous,0.37401574803149595,0.4685039370078737,1.08267716535433
2026-08-03 13:00:10+00:00,1.44,3.105,81.0,SW,Chance Showers And Thunderstorms,True,7.0,0.0,KILM,0.7674,76.74,waning_gibbous,0.37401574803149595,0.4685039370078737,1.08267716535433
2026-08-03 13:05:10+00:00,1.52,3.105,81.0,SW,Chance Showers And Thunderstorms,True,7.0,0.0,KILM,0.7674,76.74,waning_gibbous,0.37401574803149595,0.4685039370078737,1.08267716535433
2026-08-03 13:10:10+00:00,1.6,3.105,81.0,SW,Chance Showers And Thunderstorms,True,7.0,0.0,KILM,0.7674,76.74,waning_gibbous,0.37401574803149595,0.4685039370078737,1.08267716535433
2026-08-03 13:15:10+00:00,1.67,3.105,81.0,SW,Chance Showers And Thunderstorms,True,7.0,0.0,KILM,0.7674,76.74,waning_gibbous,0.37401574803149595,0.4685039370078737,1.08267716535433
2026-08-03 13:20:10+00:00,1.73,3.105,81.0,SW,Chance Showers And Thunderstorms,True,7.0,0.0,KILM,0.7674,76.74,waning_gibbous,0.37401574803149595,0.4685039370078737,1.08267716535433
2026-08-03 13:25:10+00:00,1.83,3.105,81.0,SW,Chance Showers And Thunderstorms,True,7.0,0.0,KILM,0.7674,76.74,waning_gibbous,0.37401574803149595,0.4685039370078737,1.08267716535433
2026-08-03 13:30:10+00:00,1.91,3.851,83.0,SW,Chance Showers And Thunderstorms,True,8.0,0.0,KILM,0.7636,76.36,waning_gibbous,0.37401574803149595,0.4685039370078737,1.08267716535433
2026-08-03 13:35:10+00:00,1.99,3.851,83.0,SW,Chance Showers And Thunderstorms,True,8.0,0.0,KILM,0.7636,76.36,waning_gibbous,0.37401574803149595,0.4685039370078737,1.08267716535433
2026-08-03 13:40:10+00:00,2.06,3.851,83.0,SW,Chance Showers And Thunderstorms,True,8.0,0.0,KILM,0.7636,76.36,waning_gibbous,0.37401574803149595,0.4685039370078737,1.08267716535433
2026-08-03 13:45:10+00:00,2.15,3.851,83.0,SW,Chance Showers And Thunderstorms,True,8.0,0.0,KILM,0.7636,76.36,waning_gibbous,0.37401574803149595,0.4685039370078737,1.08267716535433
2026-08-03 13:50:10+00:00,2.2,3.851,83.0,SW,Chance Showers And Thunderstorms,True,8.0,0.0,KILM,0.7636,76.36,waning_gibbous,0.37401574803149595,0.4685039370078737,1.08267716535433
2026-08-03 13:55:10+00:00,2.28,3.851,83.0,SW,Chance Showers And Thunderstorms,True,8.0,0.0,KILM,0.7636,76.36,waning_gibbous,0.37401574803149595,0.4685039370078737,1.08267716535433
2026-08-03 14:00:10+00:00,2.33,3.851,83.0,SW,Chance Showers And Thunderstorms,True,8.0,0.0,KILM,0.7636,76.36,waning_gibbous,0.37401574803149595,0.4685039370078737,1.08267716535433
2026-08-03 14:05:10+00:00,2.4,3.851,83.0,SW,Chance Showers And Thunderstorms,True,8.0,0.0,KILM,0.7636,76.36,waning_gibbous,0.37401574803149595,0.4685039370078737,1.08267716535433
2026-08-03 14:10:10+00:00,2.45,3.851,83.0,SW,Chance Showers And Thunderstorms,True,8.0,0.0,KILM,0.7636,76.36,waning_gibbous,0.37401574803149595,0.4685039370078737,1.08267716535433
2026-08-03 14:15:10+00:00,2.52,3.851,83.0,SW,Chance Showers And Thunderstorms,True,8.0,0.0,KILM,0.7636,76.36,waning_gibbous,0.37401574803149595,0.4685039370078737,1.08267716535433
2026-08-03 14:20:10+00:00,2.58,3.851,83.0,SW,Chance Showers And Thunderstorms,True,8.0,0.0,KILM,0.7636,76.36,waning_gibbous,0.37401574803149595,0.4685039370078737,1.08267716535433
2026-08-03 14:25:10+00:00,2.64,3.851,83.0,SW,Chance Showers And Thunderstorms,True,8.0,0.0,KILM,0.7636,76.36,waning_gibbous,0.37401574803149595,0.4685039370078737,1.08267716535433
2026-08-03 14:30:10+00:00,2.71,4.231,85.0,SW,Chance Showers And Thunderstorms,True,9.0,0.0,KILM,0.7598,75.98,waning_gibbous,0.37401574803149595,0.4685039370078737,1.08267716535433
2026-08-03 14:35:10+00:00,2.79,4.231,85.0,SW,Chance Showers And Thunderstorms,True,9.0,0.0,KILM,0.7598,75.98,waning_gibbous,0.37401574803149595,0.4685039370078737,1.08267716535433
2026-08-03 14:40:10+00:00,2.87,4.231,85.0,SW,Chance Showers And Thunderstorms,True,9.0,0.0,KILM,0.7598,75.98,waning_gibbous,0.37401574803149595,0.4685039370078737,1.08267716535433
2026-08-03 14:45:10+00:00,2.95,4.231,85.0,SW,Chance Showers And Thunderstorms,True,9.0,0.0,KILM,0.7598,75.98,waning_gibbous,0.37401574803149595,0.4685039370078737,1.08267716535433
2026-08-03 14:50:10+00:00,3.02,4.231,85.0,SW,Chance Showers And Thunderstorms,True,9.0,0.0,KILM,0.7598,75.98,waning_gibbous,0.37401574803149595,0.4685039370078737,1.08267716535433
2026-08-03 14:55:10+00:00,3.09,4.231,85.0,SW,Chance Showers And Thunderstorms,True,9.0,0.0,KILM,0.7598,75.98,waning_gibbous,0.37401574803149595,0.4685039370078737,1.08267716535433
2026-08-03 15:00:10+00:00,3.14,4.231,85.0,SW,Chance Showers And Thunderstorms,True,9.0,0.0,KILM,0.7598,75.98,waning_gibbous,0.37401574803149595,0.4685039370078737,1.08267716535433
2026-08-03 15:05:10+00:00,3.19,4.231,85.0,SW,Chance Showers And Thunderstorms,True,9.0,0.0,KILM,0.7598,75.98,waning_gibbous,0.37401574803149595,0.4685039370078737,1.08267716535433
2026-08-03 15:10:10+00:00,3.27,4.231,85.0,SW,Chance Showers And Thunderstorms,True,9.0,0.0,KILM,0.7598,75.98,waning_gibbous,0.37401574803149595,0.4685039370078737,1.08267716535433
2026-08-03 15:15:10+00:00,3.33,4.231,85.0,SW,Chance Showers And Thunderstorms,True,9.0,0.0,KILM,0.7598,75.98,waning_gibbous,0.37401574803149595,0.4685039370078737,1.08267716535433
2026-08-03 15:20:10+00:00,3.4,4.231,85.0,SW,Chance Showers And Thunderstorms,True,9.0,0.0,KILM,0.7598,75.98,waning_gibbous,0.023622047244094346,0.4685039370078737,1.08267716535433
2026-08-03 15:25:10+00:00,3.45,4.231,85.0,SW,Chance Showers And Thunderstorms,True,9.0,0.0,KILM,0.7598,75.98,waning_gibbous,0.023622047244094346,0.4685039370078737,1.08267716535433
2026-08-03 15:30:10+00:00,3.51,4.154,86.0,SW,Chance Showers And Thunderstorms,True,10.0,0.0,KILM,0.756,75.6,waning_gibbous,0.023622047244094346,0.4685039370078737,1.08267716535433
2026-08-03 15:35:10+00:00,3.5700000000000003,4.154,86.0,SW,Chance Showers And Thunderstorms,True,10.0,0.0,KILM,0.756,75.6,waning_gibbous,0.023622047244094346,0.45669291338582646,1.08267716535433
2026-08-03 15:40:10+00:00,3.64,4.154,86.0,SW,Chance Showers And Thunderstorms,True,10.0,0.0,KILM,0.756,75.6,waning_gibbous,0.023622047244094346,0.45669291338582646,1.08267716535433
2026-08-03 15:45:10+00:00,3.72,4.154,86.0,SW,Chance Showers And Thunderstorms,True,10.0,0.0,KILM,0.756,75.6,waning_gibbous,0.023622047244094346,0.45669291338582646,1.08267716535433
2026-08-03 15:50:10+00:00,3.77,4.154,86.0,SW,Chance Showers And Thunderstorms,True,10.0,0.0,KILM,0.756,75.6,waning_gibbous,0.023622047244094346,0.45669291338582646,1.08267716535433
2026-08-03 15:55:10+00:00,3.84,4.154,86.0,SW,Chance Showers And Thunderstorms,True,10.0,0.0,KILM,0.756,75.6,waning_gibbous,0.023622047244094346,0.45669291338582646,1.08267716535433
2026-08-03 16:00:10+00:00,3.88,4.154,86.0,SW,Chance Showers And Thunderstorms,True,10.0,0.0,KILM,0.756,75.6,waning_gibbous,0.023622047244094346,0.45669291338582646,1.08267716535433
2026-08-03 16:05:10+00:00,3.91,4.154,86.0,SW,Chance Showers And Thunderstorms,True,10.0,0.0,KILM,0.756,75.6,waning_gibbous,0.023622047244094346,0.45669291338582646,1.08267716535433
2026-08-03 16:10:10+00:00,3.95,4.154,86.0,SW,Chance Showers And Thunderstorms,True,10.0,0.0,KILM,0.756,75.6,waning_gibbous,0.023622047244094346,0.45669291338582646,1.08267716535433
2026-08-03 16:15:10+00:00,3.98,4.154,86.0,SW,Chance Showers And Thunderstorms,True,10.0,0.0,KILM,0.756,75.6,waning_gibbous,0.023622047244094346,0.45669291338582646,1.08267716535433
2026-08-03 16:20:10+00:00,3.96,4.154,86.0,SW,Chance Showers And Thunderstorms,True,10.0,0.0,KILM,0.756,75.6,waning_gibbous,0.023622047244094346,0.45669291338582646,1.08267716535433
2026-08-03 16:25:10+00:00,3.93,4.154,86.0,SW,Chance Showers And Thunderstorms,True,10.0,0.0,KILM,0.756,75.6,waning_gibbous,0.023622047244094346,0.45669291338582646,1.08267716535433
2026-08-03 16:30:10+00:00,3.89,3.597,86.0,SW,Chance Showers And Thunderstorms,True,12.0,0.0,KILM,0.7522,75.22,waning_gibbous,0.023622047244094346,0.45669291338582646,1.08267716535433
2026-08-03 16:35:10+00:00,3.89,3.597,86.0,SW,Chance Showers And Thunderstorms,True,12.0,0.0,KILM,0.7522,75.22,waning_gibbous,0.023622047244094346,0.45669291338582646,1.08267716535433
2026-08-03 16:40:10+00:00,3.85,3.597,86.0,SW,Chance Showers And Thunderstorms,True,12.0,0.0,KILM,0.7522,75.22,waning_gibbous,0.023622047244094346,0.45669291338582646,1.08267716535433
2026-08-03 16:45:10+00:00,3.81,3.597,86.0,SW,Chance Showers And Thunderstorms,True,12.0,0.0,KILM,0.7522,75.22,waning_gibbous,0.023622047244094346,0.45669291338582646,1.08267716535433
2026-08-03 16:50:10+00:00,3.75,3.597,86.0,SW,Chance Showers And Thunderstorms,True,12.0,0.0,KILM,0.7522,75.22,waning_gibbous,0.023622047244094346,0.45669291338582646,1.08267716535433
2026-08-03 16:55:10+00:00,3.68,3.597,86.0,SW,Chance Showers And Thunderstorms,True,12.0,0.0,KILM,0.7522,75.22,waning_gibbous,0.023622047244094346,0.45669291338582646,1.08267716535433
2026-08-03 17:00:10+00:00,3.62,3.597,86.0,SW,Chance Showers And Thunderstorms,True,12.0,0.0,KILM,0.7522,75.22,waning_gibbous,0.023622047244094346,0.45669291338582646,1.08267716535433
2026-08-03 17:05:10+00:00,3.55,3.597,86.0,SW,Chance Showers And Thunderstorms,True,12.0,0.0,KILM,0.7522,75.22,waning_gibbous,0.023622047244094346,0.45669291338582646,1.08267716535433
2026-08-03 17:10:10+00:00,3.52,3.597,86.0,SW,Chance Showers And Thunderstorms,True,12.0,0.0,KILM,0.7522,75.22,waning_gibbous,0.023622047244094346,0.45669291338582646,1.08267716535433
2026-08-03 17:15:10+00:00,3.47,3.597,86.0,SW,Chance Showers And Thunderstorms,True,12.0,0.0,KILM,0.7522,75.22,waning_gibbous,0.023622047244094346,0.45669291338582646,1.08267716535433
2026-08-03 17:20:10+00:00,3.42,3.597,86.0,SW,Chance Showers And Thunderstorms,True,12.0,0.0,KILM,0.7522,75.22,waning_gibbous,0.023622047244094346,0.45669291338582646,1.08267716535433
2026-08-03 17:25:10+00:00,3.3600000000000003,3.597,86.0,SW,Chance Showers And Thunderstorms,True,12.0,0.0,KILM,0.7522,75.22,waning_gibbous,0.023622047244094346,0.45669291338582646,1.08267716535433
2026-08-03 17:30:10+00:00,3.3,2.704,86.0,SW,Chance Showers And Thunderstorms,True,12.0,0.0,KILM,0.7483,74.83,waning_gibbous,0.023622047244094346,0.45669291338582646,1.08267716535433
2026-08-03 17:35:10+00:00,3.25,2.704,86.0,SW,Chance Showers And Thunderstorms,True,12.0,0.0,KILM,0.7483,74.83,waning_gibbous,0.023622047244094346,0.45669291338582646,1.08267716535433
2026-08-03 17:40:10+00:00,3.18,2.704,86.0,SW,Chance Showers And Thunderstorms,True,12.0,0.0,KILM,0.7483,74.83,waning_gibbous,0.023622047244094346,0.45669291338582646,1.08267716535433
2026-08-03 17:45:10+00:00,3.1100000000000003,2.704,86.0,SW,Chance Showers And Thunderstorms,True,12.0,0.0,KILM,0.7483,74.83,waning_gibbous,0.023622047244094346,0.45669291338582646,1.08267716535433
2026-08-03 17:50:10+00:00,3.05,2.704,86.0,SW,Chance Showers And Thunderstorms,True,12.0,0.0,KILM,0.7483,74.83,waning_gibbous,0.023622047244094346,0.45669291338582646,1.08267716535433
2026-08-03 17:55:10+00:00,3.0,2.704,86.0,SW,Chance Showers And Thunderstorms,True,12.0,0.0,KILM,0.7483,74.83,waning_gibbous,0.023622047244094346,0.45669291338582646,1.08267716535433
2026-08-03 18:00:10+00:00,2.92,2.704,86.0,SW,Chance Showers And Thunderstorms,True,12.0,0.0,KILM,0.7483,74.83,waning_gibbous,0.023622047244094346,0.45669291338582646,1.08267716535433
2026-08-03 18:05:10+00:00,2.86,2.704,86.0,SW,Chance Showers And Thunderstorms,True,12.0,0.0,KILM,0.7483,74.83,waning_gibbous,0.023622047244094346,0.45669291338582646,1.08267716535433
2026-08-03 18:10:10+00:00,2.8,2.704,86.0,SW,Chance Showers And Thunderstorms,True,12.0,0.0,KILM,0.7483,74.83,waning_gibbous,0.023622047244094346,0.45669291338582646,1.08267716535433
2026-08-03 18:15:10+00:00,2.74,2.704,86.0,SW,Chance Showers And Thunderstorms,True,12.0,0.0,KILM,0.7483,74.83,waning_gibbous,0.023622047244094346,0.45669291338582646,1.08267716535433
2026-08-03 18:20:10+00:00,2.69,2.704,86.0,SW,Chance Showers And Thunderstorms,True,12.0,0.0,KILM,0.7483,74.83,waning_gibbous,0.023622047244094346,0.45669291338582646,1.08267716535433
2026-08-03 18:25:10+00:00,2.64,2.704,86.0,SW,Chance Showers And Thunderstorms,True,12.0,0.0,KILM,0.7483,74.83,waning_gibbous,0.023622047244094346,0.45669291338582646,1.08267716535433
2026-08-03 18:30:10+00:00,2.56,1.757,87.0,SW,Chance Showers And Thunderstorms,True,12.0,0.0,KILM,0.7444,74.44,waning_gibbous,0.023622047244094346,0.45669291338582646,1.08267716535433
2026-08-03 18:35:10+00:00,2.5,1.757,87.0,SW,Chance Showers And Thunderstorms,True,12.0,0.0,KILM,0.7444,74.44,waning_gibbous,0.023622047244094346,0.45669291338582646,1.08267716535433
2026-08-03 18:40:10+00:00,2.43,1.757,87.0,SW,Chance Showers And Thunderstorms,True,12.0,0.0,KILM,0.7444,74.44,waning_gibbous,0.023622047244094346,0.45669291338582646,1.08267716535433
2026-08-03 18:45:10+00:00,2.34,1.757,87.0,SW,Chance Showers And Thunderstorms,True,12.0,0.0,KILM,0.7444,74.44,waning_gibbous,0.023622047244094346,0.45669291338582646,1.08267716535433
2026-08-03 18:50:10+00:00,2.26,1.757,87.0,SW,Chance Showers And Thunderstorms,True,12.0,0.0,KILM,0.7444,74.44,waning_gibbous,0.023622047244094346,0.45669291338582646,1.08267716535433
2026-08-03 18:55:10+00:00,2.24,1.757,87.0,SW,Chance Showers And Thunderstorms,True,12.0,0.0,KILM,0.7444,74.44,waning_gibbous,0.023622047244094346,0.45669291338582646,1.08267716535433
2026-08-03 19:00:10+00:00,2.18,1.757,87.0,SW,Chance Showers And Thunderstorms,True,12.0,0.0,KILM,0.7444,74.44,waning_gibbous,0.023622047244094346,0.45669291338582646,1.08267716535433
2026-08-03 19:05:10+00:00,2.11,1.757,87.0,SW,Chance Showers And Thunderstorms,True,12.0,0.0,KILM,0.7444,74.44,waning_gibbous,0.023622047244094346,0.45669291338582646,1.08267716535433
2026-08-03 19:10:10+00:00,2.03,1.757,87.0,SW,Chance Showers And Thunderstorms,True,12.0,0.0,KILM,0.7444,74.44,waning_gibbous,0.023622047244094346,0.45669291338582646,1.08267716535433
2026-08-03 19:15:10+00:00,1.96,1.757,87.0,SW,Chance Showers And Thunderstorms,True,12.0,0.0,KILM,0.7444,74.44,waning_gibbous,0.023622047244094346,0.45669291338582646,1.08267716535433
2026-08-03 19:20:10+00:00,1.89,1.757,87.0,SW,Chance Showers And Thunderstorms,True,12.0,0.0,KILM,0.7444,74.44,waning_gibbous,0.023622047244094346,0.45669291338582646,1.08267716535433
2026-08-03 19:25:10+00:00,1.83,1.757,87.0,SW,Chance Showers And Thunderstorms,True,12.0,0.0,KILM,0.7444,74.44,waning_gibbous,0.023622047244094346,0.45669291338582646,1.08267716535433
2026-08-03 19:30:10+00:00,1.75,1.018,88.0,SW,Chance Showers And Thunderstorms,True,12.0,0.0,KILM,0.7405,74.05,waning_gibbous,0.023622047244094346,0.45669291338582646,1.08267716535433
2026-08-03 19:35:10+00:00,1.67,1.018,88.0,SW,Chance Showers And Thunderstorms,True,12.0,0.0,KILM,0.7405,74.05,waning_gibbous,0.023622047244094346,0.45669291338582646,1.08267716535433
2026-08-03 19:40:10+00:00,1.6,1.018,88.0,SW,Chance Showers And Thunderstorms,True,12.0,0.0,KILM,0.7405,74.05,waning_gibbous,0.023622047244094346,0.45669291338582646,1.08267716535433
2026-08-03 19:45:10+00:00,1.51,1.018,88.0,SW,Chance Showers And Thunderstorms,True,12.0,0.0,KILM,0.7405,74.05,waning_gibbous,0.023622047244094346,0.45669291338582646,1.08267716535433
2026-08-03 19:50:10+00:00,1.44,1.018,88.0,SW,Chance Showers And Thunderstorms,True,12.0,0.0,KILM,0.7405,74.05,waning_gibbous,0.023622047244094346,0.45669291338582646,1.08267716535433
2026-08-03 19:55:10+00:00,1.36,1.018,88.0,SW,Chance Showers And Thunderstorms,True,12.0,0.0,KILM,0.7405,74.05,waning_gibbous,0.023622047244094346,0.45669291338582646,1.08267716535433
2026-08-03 20:00:10+00:00,1.29,1.018,88.0,SW,Chance Showers And Thunderstorms,True,12.0,0.0,KILM,0.7405,74.05,waning_gibbous,0.023622047244094346,0.45669291338582646,1.08267716535433
2026-08-03 20:05:10+00:00,1.2,1.018,88.0,SW,Chance Showers And Thunderstorms,True,12.0,0.0,KILM,0.7405,74.05,waning_gibbous,0.023622047244094346,0.45669291338582646,1.08267716535433
2026-08-03 20:10:10+00:00,1.13,1.018,88.0,SW,Chance Showers And Thunderstorms,True,12.0,0.0,KILM,0.7405,74.05,waning_gibbous,0.023622047244094346,0.45669291338582646,1.08267716535433
2026-08-03 20:15:10+00:00,1.06,1.018,88.0,SW,Chance Showers And Thunderstorms,True,12.0,0.0,KILM,0.7405,74.05,waning_gibbous,0.023622047244094346,0.45669291338582646,1.08267716535433
2026-08-03 20:20:10+00:00,0.97,1.018,88.0,SW,Chance Showers And Thunderstorms,True,12.0,0.0,KILM,0.7405,74.05,waning_gibbous,0.023622047244094346,0.45669291338582646,1.08267716535433
2026-08-03 20:25:10+00:00,0.92,1.018,88.0,SW,Chance Showers And Thunderstorms,True,12.0,0.0,KILM,0.7405,74.05,waning_gibbous,0.023622047244094346,0.45669291338582646,1.08267716535433
2026-08-03 20:30:10+00:00,0.8600000000000001,0.631,88.0,SW,Chance Showers And Thunderstorms,True,12.0,0.0,KILM,0.7366,73.66,waning_gibbous,0.023622047244094346,0.45669291338582646,1.08267716535433
2026-08-03 20:35:10+00:00,0.79,0.631,88.0,SW,Chance Showers And Thunderstorms,True,12.0,0.0,KILM,0.7366,73.66,waning_gibbous,0.023622047244094346,0.45669291338582646,1.08267716535433
2026-08-03 20:40:10+00:00,0.72,0.631,88.0,SW,Chance Showers And Thunderstorms,True,12.0,0.0,KILM,0.7366,73.66,waning_gibbous,0.023622047244094346,0.45669291338582646,1.08267716535433
2026-08-03 20:45:10+00:00,0.6599999999999999,0.631,88.0,SW,Chance Showers And Thunderstorms,True,12.0,0.0,KILM,0.7366,73.66,waning_gibbous,0.023622047244094346,0.45669291338582646,1.08267716535433
2026-08-03 20:55:10+00:00,0.53,0.631,88.0,SW,Chance Showers And Thunderstorms,True,12.0,0.0,KILM,0.7366,73.66,waning_gibbous,0.023622047244094346,0.45669291338582646,1.08267716535433
2026-08-03 21:00:10+00:00,0.47,0.631,88.0,SW,Chance Showers And Thunderstorms,True,12.0,0.0,KILM,0.7366,73.66,waning_gibbous,0.023622047244094346,0.45669291338582646,1.08267716535433
2026-08-03 21:05:10+00:00,0.4099999999999999,0.631,88.0,SW,Chance Showers And Thunderstorms,True,12.0,0.0,KILM,0.7366,73.66,waning_gibbous,0.023622047244094346,0.45669291338582646,1.08267716535433
2026-08-03 21:10:10+00:00,0.3600000000000001,0.631,88.0,SW,Chance Showers And Thunderstorms,True,12.0,0.0,KILM,0.7366,73.66,waning_gibbous,0.023622047244094346,0.45669291338582646,1.08267716535433
2026-08-03 21:15:10+00:00,0.28,0.631,88.0,SW,Chance Showers And Thunderstorms,True,12.0,0.0,KILM,0.7366,73.66,waning_gibbous,0.023622047244094346,0.45669291338582646,1.08267716535433
2026-08-03 21:20:10+00:00,0.2299999999999999,0.631,88.0,SW,Chance Showers And Thunderstorms,True,12.0,0.0,KILM,0.7366,73.66,waning_gibbous,0.023622047244094346,0.45669291338582646,1.08267716535433
2026-08-03 21:25:10+00:00,0.1799999999999999,0.631,88.0,SW,Chance Showers And Thunderstorms,True,12.0,0.0,KILM,0.7366,73.66,waning_gibbous,0.023622047244094346,0.45669291338582646,1.08267716535433
2026-08-03 21:30:10+00:00,0.1399999999999999,0.664,86.0,SW,Chance Showers And Thunderstorms,False,9.0,0.0,KILM,0.7326,73.26,waning_gibbous,0.023622047244094346,0.45669291338582646,1.08267716535433
2026-08-03 21:35:10+00:00,0.1,0.664,86.0,SW,Chance Showers And Thunderstorms,False,9.0,0.0,KILM,0.7326,73.26,waning_gibbous,0.023622047244094346,0.45669291338582646,1.08267716535433
2026-08-03 21:40:10+00:00,0.06,0.664,86.0,SW,Chance Showers And Thunderstorms,False,9.0,0.0,KILM,0.7326,73.26,waning_gibbous,0.023622047244094346,0.45669291338582646,1.08267716535433
2026-08-03 21:45:10+00:00,0.01,0.664,86.0,SW,Chance Showers And Thunderstorms,False,9.0,0.0,KILM,0.7326,73.26,waning_gibbous,0.023622047244094346,0.45669291338582646,1.08267716535433
2026-08-03 21:55:10+00:00,0.01,0.664,86.0,SW,Chance Showers And Thunderstorms,False,9.0,0.0,KILM,0.7326,73.26,waning_gibbous,0.023622047244094346,0.45669291338582646,1.08267716535433
2026-08-03 22:00:10+00:00,0.02,0.664,86.0,SW,Chance Showers And Thunderstorms,False,9.0,0.0,KILM,0.7326,73.26,waning_gibbous,0.023622047244094346,0.45669291338582646,1.08267716535433
2026-08-03 22:05:10+00:00,0.01,0.664,86.0,SW,Chance Showers And Thunderstorms,False,9.0,0.0,KILM,0.7326,73.26,waning_gibbous,0.023622047244094346,0.45669291338582646,1.08267716535433
2026-08-03 22:30:10+00:00,0.01,1.125,85.0,SW,Chance Showers And Thunderstorms,False,8.0,0.0,KILM,0.7286,72.86,waning_gibbous,0.023622047244094346,0.45669291338582646,1.08267716535433
2026-08-03 22:35:10+00:00,0.0,1.125,85.0,SW,Chance Showers And Thunderstorms,False,8.0,0.0,KILM,0.7286,72.86,waning_gibbous,0.023622047244094346,0.45669291338582646,1.08267716535433
2026-08-03 22:40:10+00:00,0.01,1.125,85.0,SW,Chance Showers And Thunderstorms,False,8.0,0.0,KILM,0.7286,72.86,waning_gibbous,0.023622047244094346,0.45669291338582646,1.08267716535433
2026-08-03 22:45:10+00:00,0.02,1.125,85.0,SW,Chance Showers And Thunderstorms,False,8.0,0.0,KILM,0.7286,72.86,waning_gibbous,0.023622047244094346,0.45669291338582646,1.08267716535433
2026-08-03 22:50:10+00:00,0.07,1.125,85.0,SW,Chance Showers And Thunderstorms,False,8.0,0.0,KILM,0.7286,72.86,waning_gibbous,0.023622047244094346,0.45669291338582646,1.08267716535433
2026-08-03 22:55:10+00:00,0.1799999999999999,1.125,85.0,SW,Chance Showers And Thunderstorms,False,8.0,0.0,KILM,0.7286,72.86,waning_gibbous,0.023622047244094346,0.45669291338582646,1.08267716535433
2026-08-03 23:00:10+00:00,0.26,1.125,85.0,SW,Chance Showers And Thunderstorms,False,8.0,0.0,KILM,0.7286,72.86,waning_gibbous,0.023622047244094346,0.45669291338582646,1.08267716535433
2026-08-03 23:05:10+00:00,0.29,1.125,85.0,SW,Chance Showers And Thunderstorms,False,8.0,0.0,KILM,0.7286,72.86,waning_gibbous,0.023622047244094346,0.45669291338582646,1.08267716535433
2026-08-03 23:10:10+00:00,0.33,1.125,85.0,SW,Chance Showers And Thunderstorms,False,8.0,0.0,KILM,0.7286,72.86,waning_gibbous,0.023622047244094346,0.45669291338582646,1.08267716535433
2026-08-03 23:15:10+00:00,0.4099999999999999,1.125,85.0,SW,Chance Showers And Thunderstorms,False,8.0,0.0,KILM,0.7286,72.86,waning_gibbous,0.023622047244094346,0.45669291338582646,1.08267716535433
2026-08-03 23:20:10+00:00,0.48,1.125,85.0,SW,Chance Showers And Thunderstorms,False,8.0,0.0,KILM,0.7286,72.86,waning_gibbous,0.023622047244094346,0.45669291338582646,1.08267716535433
2026-08-03 23:25:10+00:00,0.55,1.125,85.0,SW,Chance Showers And Thunderstorms,False,8.0,0.0,KILM,0.7286,72.86,waning_gibbous,0.023622047244094346,0.45669291338582646,1.08267716535433
2026-08-03 23:35:10+00:00,0.6399999999999999,1.913,83.0,SW,Chance Showers And Thunderstorms,False,7.0,0.0,KILM,0.7246,72.46,waning_gibbous,0.023622047244094346,0.45669291338582646,1.08267716535433
2026-08-03 23:40:10+00:00,0.6599999999999999,1.913,83.0,SW,Chance Showers And Thunderstorms,False,7.0,0.0,KILM,0.7246,72.46,waning_gibbous,0.023622047244094346,0.45669291338582646,1.08267716535433
2026-08-03 23:45:10+00:00,0.69,1.913,83.0,SW,Chance Showers And Thunderstorms,False,7.0,0.0,KILM,0.7246,72.46,waning_gibbous,0.023622047244094346,0.45669291338582646,1.08267716535433
2026-08-03 23:50:10+00:00,0.74,1.913,83.0,SW,Chance Showers And Thunderstorms,False,7.0,0.0,KILM,0.7246,72.46,waning_gibbous,0.023622047244094346,0.45669291338582646,1.08267716535433
2026-08-03 23:55:10+00:00,0.79,1.913,83.0,SW,Chance Showers And Thunderstorms,False,7.0,0.0,KILM,0.7246,72.46,waning_gibbous,0.023622047244094346,0.45669291338582646,1.08267716535433
2026-08-04 00:00:10+00:00,0.8600000000000001,1.913,83.0,SW,Chance Showers And Thunderstorms,False,7.0,0.0,KILM,0.7246,72.46,waning_gibbous,0.023622047244094346,0.45669291338582646,1.08267716535433
2026-08-04 00:05:10+00:00,0.8999999999999999,1.913,83.0,SW,Chance Showers And Thunderstorms,False,7.0,0.0,KILM,0.7246,72.46,waning_gibbous,0.023622047244094346,0.45669291338582646,1.08267716535433
2026-08-04 00:10:10+00:00,0.95,1.913,83.0,SW,Chance Showers And Thunderstorms,False,7.0,0.0,KILM,0.7246,72.46,waning_gibbous,0.023622047244094346,0.45669291338582646,1.08267716535433
2026-08-04 00:15:10+00:00,0.99,1.913,83.0,SW,Chance Showers And Thunderstorms,False,7.0,0.0,KILM,0.7246,72.46,waning_gibbous,0.023622047244094346,0.4448818897637793,1.08267716535433
2026-08-04 00:20:10+00:00,1.02,1.913,83.0,SW,Chance Showers And Thunderstorms,False,7.0,0.0,KILM,0.7246,72.46,waning_gibbous,0.023622047244094346,0.4448818897637793,1.08267716535433
2026-08-04 00:25:10+00:00,1.0699999999999998,1.913,83.0,SW,Chance Showers And Thunderstorms,False,7.0,0.0,KILM,0.7246,72.46,waning_gibbous,0.023622047244094346,0.4448818897637793,1.08267716535433
2026-08-04 00:30:10+00:00,1.11,2.81,82.0,SW,Chance Showers And Thunderstorms,False,6.0,0.0,KILM,0.7206,72.06,waning_gibbous,0.023622047244094346,0.4448818897637793,1.08267716535433
2026-08-04 00:35:10+00:00,1.17,2.81,82.0,SW,Chance Showers And Thunderstorms,False,6.0,0.0,KILM,0.7206,72.06,waning_gibbous,0.023622047244094346,0.43307086614173207,1.08267716535433
2026-08-04 00:40:10+00:00,1.22,2.81,82.0,SW,Chance Showers And Thunderstorms,False,6.0,0.0,KILM,0.7206,72.06,waning_gibbous,0.023622047244094346,0.43307086614173207,1.08267716535433
2026-08-04 00:45:10+00:00,1.28,2.81,82.0,SW,Chance Showers And Thunderstorms,False,6.0,0.0,KILM,0.7206,72.06,waning_gibbous,0.023622047244094346,0.43307086614173207,1.08267716535433
2026-08-04 00:50:10+00:00,1.31,2.81,82.0,SW,Chance Showers And Thunderstorms,False,6.0,0.0,KILM,0.7206,72.06,waning_gibbous,0.023622047244094346,0.43307086614173207,1.08267716535433
2026-08-04 00:55:10+00:00,1.37,2.81,82.0,SW,Chance Showers And Thunderstorms,False,6.0,0.0,KILM,0.7206,72.06,waning_gibbous,0.023622047244094346,0.43307086614173207,1.08267716535433
2026-08-04 01:00:10+00:00,1.42,2.81,82.0,SW,Chance Showers And Thunderstorms,False,6.0,0.0,KILM,0.7206,72.06,waning_gibbous,0.023622047244094346,0.43307086614173207,1.08267716535433
2026-08-04 01:05:10+00:00,1.53,2.81,82.0,SW,Chance Showers And Thunderstorms,False,6.0,0.0,KILM,0.7206,72.06,waning_gibbous,0.023622047244094346,0.43307086614173207,1.08267716535433
2026-08-04 01:10:10+00:00,1.57,2.81,82.0,SW,Chance Showers And Thunderstorms,False,6.0,0.0,KILM,0.7206,72.06,waning_gibbous,0.023622047244094346,0.43307086614173207,1.08267716535433
2026-08-04 01:15:10+00:00,1.66,2.81,82.0,SW,Chance Showers And Thunderstorms,False,6.0,0.0,KILM,0.7206,72.06,waning_gibbous,0.023622047244094346,0.43307086614173207,1.08267716535433
2026-08-04 01:20:10+00:00,1.72,2.81,82.0,SW,Chance Showers And Thunderstorms,False,6.0,0.0,KILM,0.7206,72.06,waning_gibbous,0.023622047244094346,0.43307086614173207,1.08267716535433
2026-08-04 01:25:10+00:00,1.81,2.81,82.0,SW,Chance Showers And Thunderstorms,False,6.0,0.0,KILM,0.7206,72.06,waning_gibbous,0.023622047244094346,0.43307086614173207,1.08267716535433
2026-08-04 01:30:10+00:00,1.9,3.586,80.0,SW,Chance Showers And Thunderstorms,False,5.0,0.0,KILM,0.7165,71.65,waning_gibbous,0.023622047244094346,0.43307086614173207,1.08267716535433
2026-08-04 01:35:10+00:00,1.95,3.586,80.0,SW,Chance Showers And Thunderstorms,False,5.0,0.0,KILM,0.7165,71.65,waning_gibbous,0.023622047244094346,0.43307086614173207,1.08267716535433
2026-08-04 01:40:10+00:00,2.02,3.586,80.0,SW,Chance Showers And Thunderstorms,False,5.0,0.0,KILM,0.7165,71.65,waning_gibbous,0.023622047244094346,0.43307086614173207,1.08267716535433
2026-08-04 01:45:10+00:00,2.1,3.586,80.0,SW,Chance Showers And Thunderstorms,False,5.0,0.0,KILM,0.7165,71.65,waning_gibbous,0.023622047244094346,0.43307086614173207,1.08267716535433
2026-08-04 01:50:10+00:00,2.16,3.586,80.0,SW,Chance Showers And Thunderstorms,False,5.0,0.0,KILM,0.7165,71.65,waning_gibbous,0.023622047244094346,0.43307086614173207,1.08267716535433
2026-08-04 01:55:10+00:00,2.24,3.586,80.0,SW,Chance Showers And Thunderstorms,False,5.0,0.0,KILM,0.7165,71.65,waning_gibbous,0.023622047244094346,0.43307086614173207,1.08267716535433
2026-08-04 02:00:10+00:00,2.31,3.586,80.0,SW,Chance Showers And Thunderstorms,False,5.0,0.0,KILM,0.7165,71.65,waning_gibbous,0.023622047244094346,0.43307086614173207,1.08267716535433
2026-08-04 02:05:10+00:00,2.38,3.586,80.0,SW,Chance Showers And Thunderstorms,False,5.0,0.0,KILM,0.7165,71.65,waning_gibbous,0.023622047244094346,0.43307086614173207,1.08267716535433
2026-08-04 02:10:10+00:00,2.46,3.586,80.0,SW,Chance Showers And Thunderstorms,False,5.0,0.0,KILM,0.7165,71.65,waning_gibbous,0.023622047244094346,0.43307086614173207,1.08267716535433
2026-08-04 02:15:10+00:00,2.51,3.586,80.0,SW,Chance Showers And Thunderstorms,False,5.0,0.0,KILM,0.7165,71.65,waning_gibbous,0.023622047244094346,0.43307086614173207,1.08267716535433
2026-08-04 02:20:10+00:00,2.57,3.586,80.0,SW,Chance Showers And Thunderstorms,False,5.0,0.0,KILM,0.7165,71.65,waning_gibbous,0.023622047244094346,0.43307086614173207,1.08267716535433
2026-08-04 02:25:10+00:00,2.6,3.586,80.0,SW,Chance Showers And Thunderstorms,False,5.0,0.0,KILM,0.7165,71.65,waning_gibbous,0.023622047244094346,0.43307086614173207,1.08267716535433
2026-08-04 02:30:10+00:00,2.63,4.069,80.0,SW,Chance Showers And Thunderstorms,False,5.0,0.0,KILM,0.7125,71.25,waning_gibbous,0.023622047244094346,0.43307086614173207,1.08267716535433
2026-08-04 02:35:10+00:00,2.67,4.069,80.0,SW,Chance Showers And Thunderstorms,False,5.0,0.0,KILM,0.7125,71.25,waning_gibbous,0.023622047244094346,0.43307086614173207,1.08267716535433
2026-08-04 02:40:10+00:00,2.73,4.069,80.0,SW,Chance Showers And Thunderstorms,False,5.0,0.0,KILM,0.7125,71.25,waning_gibbous,0.023622047244094346,0.43307086614173207,1.08267716535433
2026-08-04 02:45:10+00:00,2.77,4.069,80.0,SW,Chance Showers And Thunderstorms,False,5.0,0.0,KILM,0.7125,71.25,waning_gibbous,0.023622047244094346,0.43307086614173207,1.08267716535433
2026-08-04 02:50:10+00:00,2.81,4.069,80.0,SW,Chance Showers And Thunderstorms,False,5.0,0.0,KILM,0.7125,71.25,waning_gibbous,0.023622047244094346,0.43307086614173207,1.08267716535433
2026-08-04 02:55:10+00:00,2.84,4.069,80.0,SW,Chance Showers And Thunderstorms,False,5.0,0.0,KILM,0.7125,71.25,waning_gibbous,0.023622047244094346,0.43307086614173207,1.08267716535433
2026-08-04 03:00:10+00:00,2.88,4.069,80.0,SW,Chance Showers And Thunderstorms,False,5.0,0.0,KILM,0.7125,71.25,waning_gibbous,0.023622047244094346,0.43307086614173207,1.08267716535433
2026-08-04 03:05:10+00:00,2.92,4.069,80.0,SW,Chance Showers And Thunderstorms,False,5.0,0.0,KILM,0.7125,71.25,waning_gibbous,0.023622047244094346,0.43307086614173207,1.08267716535433
2026-08-04 03:10:10+00:00,2.96,4.069,80.0,SW,Chance Showers And Thunderstorms,False,5.0,0.0,KILM,0.7125,71.25,waning_gibbous,0.023622047244094346,0.43307086614173207,1.08267716535433
2026-08-04 03:15:10+00:00,3.01,4.069,80.0,SW,Chance Showers And Thunderstorms,False,5.0,0.0,KILM,0.7125,71.25,waning_gibbous,0.023622047244094346,0.43307086614173207,1.08267716535433
2026-08-04 03:20:10+00:00,3.05,4.069,80.0,SW,Chance Showers And Thunderstorms,False,5.0,0.0,KILM,0.7125,71.25,waning_gibbous,0.023622047244094346,0.43307086614173207,1.08267716535433
2026-08-04 03:25:10+00:00,3.1,4.069,80.0,SW,Chance Showers And Thunderstorms,False,5.0,0.0,KILM,0.7125,71.25,waning_gibbous,0.023622047244094346,0.43307086614173207,1.08267716535433
2026-08-04 03:30:10+00:00,3.16,4.124,79.0,SW,Chance Showers And Thunderstorms,False,5.0,0.0,KILM,0.7084,70.84,waning_gibbous,0.023622047244094346,0.43307086614173207,1.08267716535433
2026-08-04 03:35:10+00:00,3.23,4.124,79.0,SW,Chance Showers And Thunderstorms,False,5.0,0.0,KILM,0.7084,70.84,waning_gibbous,0.023622047244094346,0.43307086614173207,1.08267716535433
2026-08-04 03:40:10+00:00,3.29,4.124,79.0,SW,Chance Showers And Thunderstorms,False,5.0,0.0,KILM,0.7084,70.84,waning_gibbous,0.023622047244094346,0.43307086614173207,1.08267716535433
2026-08-04 03:45:10+00:00,3.33,4.124,79.0,SW,Chance Showers And Thunderstorms,False,5.0,0.0,KILM,0.7084,70.84,waning_gibbous,0.023622047244094346,0.43307086614173207,1.08267716535433
2026-08-04 03:50:10+00:00,3.39,4.124,79.0,SW,Chance Showers And Thunderstorms,False,5.0,0.0,KILM,0.7084,70.84,waning_gibbous,0.023622047244094346,0.43307086614173207,1.08267716535433
2026-08-04 03:55:10+00:00,3.43,4.124,79.0,SW,Chance Showers And Thunderstorms,False,5.0,0.0,KILM,0.7084,70.84,waning_gibbous,0.023622047244094346,0.43307086614173207,1.08267716535433
2026-08-04 04:00:10+00:00,3.47,4.124,79.0,SW,Chance Showers And Thunderstorms,False,5.0,0.0,KILM,0.7084,70.84,waning_gibbous,0.023622047244094346,0.43307086614173207,1.08267716535433
2026-08-04 04:05:10+00:00,3.5,4.124,79.0,SW,Chance Showers And Thunderstorms,False,5.0,0.0,KILM,0.7084,70.84,waning_gibbous,0.023622047244094346,0.43307086614173207,1.08267716535433
2026-08-04 04:10:10+00:00,3.54,4.124,79.0,SW,Chance Showers And Thunderstorms,False,5.0,0.0,KILM,0.7084,70.84,waning_gibbous,0.023622047244094346,0.43307086614173207,1.08267716535433
2026-08-04 04:15:10+00:00,3.56,4.124,79.0,SW,Chance Showers And Thunderstorms,False,5.0,0.0,KILM,0.7084,70.84,waning_gibbous,0.023622047244094346,0.43307086614173207,1.08267716535433
2026-08-04 04:20:10+00:00,3.56,4.124,79.0,SW,Chance Showers And Thunderstorms,False,5.0,0.0,KILM,0.7084,70.84,waning_gibbous,0.023622047244094346,0.43307086614173207,1.08267716535433
2026-08-04 04:25:10+00:00,3.56,4.124,79.0,SW,Chance Showers And Thunderstorms,False,5.0,0.0,KILM,0.7084,70.84,waning_gibbous,0.023622047244094346,0.43307086614173207,1.08267716535433
2026-08-04 04:30:10+00:00,3.58,3.668,79.0,SW,Chance Showers And Thunderstorms,False,5.0,0.0,KILM,0.7043,70.43,waning_gibbous,0.023622047244094346,0.43307086614173207,1.08267716535433
2026-08-04 04:35:10+00:00,3.58,3.668,79.0,SW,Chance Showers And Thunderstorms,False,5.0,0.0,KILM,0.7043,70.43,waning_gibbous,0.023622047244094346,0.43307086614173207,1.08267716535433
2026-08-04 04:40:10+00:00,3.56,3.668,79.0,SW,Chance Showers And Thunderstorms,False,5.0,0.0,KILM,0.7043,70.43,waning_gibbous,0.023622047244094346,0.43307086614173207,1.08267716535433
2026-08-04 04:45:10+00:00,3.52,3.668,79.0,SW,Chance Showers And Thunderstorms,False,5.0,0.0,KILM,0.7043,70.43,waning_gibbous,0.023622047244094346,0.43307086614173207,1.08267716535433
2026-08-04 04:50:10+00:00,3.5,3.668,79.0,SW,Chance Showers And Thunderstorms,False,5.0,0.0,KILM,0.7043,70.43,waning_gibbous,0.023622047244094346,0.43307086614173207,1.08267716535433
2026-08-04 04:55:10+00:00,3.48,3.668,79.0,SW,Chance Showers And Thunderstorms,False,5.0,0.0,KILM,0.7043,70.43,waning_gibbous,0.023622047244094346,0.43307086614173207,1.08267716535433
2026-08-04 05:00:10+00:00,3.44,3.668,79.0,SW,Chance Showers And Thunderstorms,False,5.0,0.0,KILM,0.7043,70.43,waning_gibbous,0.023622047244094346,0.43307086614173207,1.08267716535433
2026-08-04 05:05:10+00:00,3.4,3.668,79.0,SW,Chance Showers And Thunderstorms,False,5.0,0.0,KILM,0.7043,70.43,waning_gibbous,0.023622047244094346,0.43307086614173207,1.08267716535433
2026-08-04 05:10:10+00:00,3.35,3.668,79.0,SW,Chance Showers And Thunderstorms,False,5.0,0.0,KILM,0.7043,70.43,waning_gibbous,0.023622047244094346,0.43307086614173207,1.08267716535433
2026-08-04 05:15:10+00:00,3.33,3.668,79.0,SW,Chance Showers And Thunderstorms,False,5.0,0.0,KILM,0.7043,70.43,waning_gibbous,0.011811023622047145,0.43307086614173207,1.08267716535433
2026-08-04 05:20:10+00:00,3.31,3.668,79.0,SW,Chance Showers And Thunderstorms,False,5.0,0.0,KILM,0.7043,70.43,waning_gibbous,0.011811023622047145,0.43307086614173207,1.08267716535433
2026-08-04 05:25:10+00:00,3.28,3.668,79.0,SW,Chance Showers And Thunderstorms,False,5.0,0.0,KILM,0.7043,70.43,waning_gibbous,0.011811023622047145,0.43307086614173207,1.08267716535433
2026-08-04 05:30:10+00:00,3.23,2.78,78.0,SW,Chance Showers And Thunderstorms,False,6.0,0.0,KILM,0.7001,70.01,waning_gibbous,0.011811023622047145,0.43307086614173207,1.08267716535433
2026-08-04 05:35:10+00:00,3.19,2.78,78.0,SW,Chance Showers And Thunderstorms,False,6.0,0.0,KILM,0.7001,70.01,waning_gibbous,0.011811023622047145,0.43307086614173207,1.08267716535433
2026-08-04 05:40:10+00:00,3.13,2.78,78.0,SW,Chance Showers And Thunderstorms,False,6.0,0.0,KILM,0.7001,70.01,waning_gibbous,0.011811023622047145,0.43307086614173207,1.08267716535433
2026-08-04 05:45:10+00:00,3.0700000000000003,2.78,78.0,SW,Chance Showers And Thunderstorms,False,6.0,0.0,KILM,0.7001,70.01,waning_gibbous,0.011811023622047145,0.43307086614173207,1.08267716535433
2026-08-04 05:50:10+00:00,2.98,2.78,78.0,SW,Chance Showers And Thunderstorms,False,6.0,0.0,KILM,0.7001,70.01,waning_gibbous,0.0,0.43307086614173207,1.08267716535433
2026-08-04 05:55:10+00:00,2.93,2.78,78.0,SW,Chance Showers And Thunderstorms,False,6.0,0.0,KILM,0.7001,70.01,waning_gibbous,0.0,0.43307086614173207,1.08267716535433
2026-08-04 06:00:10+00:00,2.86,2.78,78.0,SW,Chance Showers And Thunderstorms,False,6.0,0.0,KILM,0.7001,70.01,waning_gibbous,0.0,0.43307086614173207,1.08267716535433
2026-08-04 06:05:10+00:00,2.8,2.78,78.0,SW,Chance Showers And Thunderstorms,False,6.0,0.0,KILM,0.7001,70.01,waning_gibbous,0.0,0.43307086614173207,1.08267716535433
2026-08-04 06:10:10+00:00,2.76,2.78,78.0,SW,Chance Showers And Thunderstorms,False,6.0,0.0,KILM,0.7001,70.01,waning_gibbous,0.0,0.43307086614173207,1.08267716535433
2026-08-04 06:15:10+00:00,2.7,2.78,78.0,SW,Chance Showers And Thunderstorms,False,6.0,0.0,KILM,0.7001,70.01,waning_gibbous,0.0,0.4212598425196849,1.08267716535433
2026-08-04 06:20:10+00:00,2.63,2.78,78.0,SW,Chance Showers And Thunderstorms,False,6.0,0.0,KILM,0.7001,70.01,waning_gibbous,0.0,0.4212598425196849,1.08267716535433
2026-08-04 06:25:10+00:00,2.54,2.78,78.0,SW,Chance Showers And Thunderstorms,False,6.0,0.0,KILM,0.7001,70.01,waning_gibbous,0.0,0.4212598425196849,1.08267716535433
2026-08-04 06:30:10+00:00,2.48,1.729,78.0,SW,Chance Showers And Thunderstorms,False,6.0,0.0,KILM,0.696,69.6,waning_gibbous,0.0,0.4212598425196849,1.08267716535433
2026-08-04 06:35:10+00:00,2.41,1.729,78.0,SW,Chance Showers And Thunderstorms,False,6.0,0.0,KILM,0.696,69.6,waning_gibbous,0.0,0.4094488188976377,1.08267716535433
2026-08-04 06:40:10+00:00,2.36,1.729,78.0,SW,Chance Showers And Thunderstorms,False,6.0,0.0,KILM,0.696,69.6,waning_gibbous,0.0,0.4094488188976377,1.08267716535433
2026-08-04 06:45:10+00:00,2.28,1.729,78.0,SW,Chance Showers And Thunderstorms,False,6.0,0.0,KILM,0.696,69.6,waning_gibbous,0.0,0.4094488188976377,1.08267716535433
2026-08-04 06:50:10+00:00,2.21,1.729,78.0,SW,Chance Showers And Thunderstorms,False,6.0,0.0,KILM,0.696,69.6,waning_gibbous,0.0,0.4094488188976377,1.08267716535433
2026-08-04 06:55:10+00:00,2.14,1.729,78.0,SW,Chance Showers And Thunderstorms,False,6.0,0.0,KILM,0.696,69.6,waning_gibbous,0.0,0.4094488188976377,1.08267716535433
2026-08-04 07:00:10+00:00,2.07,1.729,78.0,SW,Chance Showers And Thunderstorms,False,6.0,0.0,KILM,0.696,69.6,waning_gibbous,0.0,0.4094488188976377,1.08267716535433
2026-08-04 07:05:10+00:00,1.99,1.729,78.0,SW,Chance Showers And Thunderstorms,False,6.0,0.0,KILM,0.696,69.6,waning_gibbous,0.0,0.4094488188976377,1.08267716535433
2026-08-04 07:10:10+00:00,1.91,1.729,78.0,SW,Chance Showers And Thunderstorms,False,6.0,0.0,KILM,0.696,69.6,waning_gibbous,0.0,0.4094488188976377,1.08267716535433
2026-08-04 07:15:10+00:00,1.83,1.729,78.0,SW,Chance Showers And Thunderstorms,False,6.0,0.0,KILM,0.696,69.6,waning_gibbous,0.0,0.4094488188976377,1.08267716535433
2026-08-04 07:20:10+00:00,1.76,1.729,78.0,SW,Chance Showers And Thunderstorms,False,6.0,0.0,KILM,0.696,69.6,waning_gibbous,0.0,0.4094488188976377,1.08267716535433
2026-08-04 07:25:10+00:00,1.68,1.729,78.0,SW,Chance Showers And Thunderstorms,False,6.0,0.0,KILM,0.696,69.6,waning_gibbous,0.0,0.4094488188976377,1.08267716535433
2026-08-04 07:30:10+00:00,1.61,0.834,78.0,SW,Chance Showers And Thunderstorms,False,6.0,0.0,KILM,0.6918,69.18,waning_gibbous,0.0,0.4094488188976377,1.08267716535433
2026-08-04 07:35:10+00:00,1.53,0.834,78.0,SW,Chance Showers And Thunderstorms,False,6.0,0.0,KILM,0.6918,69.18,waning_gibbous,0.0,0.4094488188976377,1.08267716535433
2026-08-04 07:40:10+00:00,1.45,0.834,78.0,SW,Chance Showers And Thunderstorms,False,6.0,0.0,KILM,0.6918,69.18,waning_gibbous,0.0,0.4094488188976377,1.08267716535433
2026-08-04 07:45:10+00:00,1.37,0.834,78.0,SW,Chance Showers And Thunderstorms,False,6.0,0.0,KILM,0.6918,69.18,waning_gibbous,0.0,0.4094488188976377,1.08267716535433
2026-08-04 07:50:10+00:00,1.29,0.834,78.0,SW,Chance Showers And Thunderstorms,False,6.0,0.0,KILM,0.6918,69.18,waning_gibbous,0.0,0.4094488188976377,1.08267716535433
2026-08-04 07:55:10+00:00,1.22,0.834,78.0,SW,Chance Showers And Thunderstorms,False,6.0,0.0,KILM,0.6918,69.18,waning_gibbous,0.0,0.4094488188976377,1.08267716535433
2026-08-04 08:00:10+00:00,1.15,0.834,78.0,SW,Chance Showers And Thunderstorms,False,6.0,0.0,KILM,0.6918,69.18,waning_gibbous,0.0,0.4094488188976377,1.08267716535433
2026-08-04 08:05:10+00:00,1.0699999999999998,0.834,78.0,SW,Chance Showers And Thunderstorms,False,6.0,0.0,KILM,0.6918,69.18,waning_gibbous,0.0,0.4094488188976377,1.08267716535433
2026-08-04 08:10:10+00:00,1.0,0.834,78.0,SW,Chance Showers And Thunderstorms,False,6.0,0.0,KILM,0.6918,69.18,waning_gibbous,0.0,0.4094488188976377,1.08267716535433
2026-08-04 08:15:10+00:00,0.92,0.834,78.0,SW,Chance Showers And Thunderstorms,False,6.0,0.0,KILM,0.6918,69.18,waning_gibbous,0.0,0.4094488188976377,1.08267716535433
2026-08-04 08:20:10+00:00,0.8400000000000001,0.834,78.0,SW,Chance Showers And Thunderstorms,False,6.0,0.0,KILM,0.6918,69.18,waning_gibbous,0.0,0.4094488188976377,1.08267716535433
2026-08-04 08:25:10+00:00,0.77,0.834,78.0,SW,Chance Showers And Thunderstorms,False,6.0,0.0,KILM,0.6918,69.18,waning_gibbous,0.0,0.4094488188976377,1.08267716535433
2026-08-04 08:30:10+00:00,0.7,0.297,78.0,SW,Chance Showers And Thunderstorms,False,6.0,0.0,KILM,0.6876,68.76,waning_gibbous,0.0,0.4094488188976377,1.08267716535433
2026-08-04 08:35:10+00:00,0.6200000000000001,0.297,78.0,SW,Chance Showers And Thunderstorms,False,6.0,0.0,KILM,0.6876,68.76,waning_gibbous,0.0,0.4094488188976377,1.08267716535433
2026-08-04 08:40:10+00:00,0.53,0.297,78.0,SW,Chance Showers And Thunderstorms,False,6.0,0.0,KILM,0.6876,68.76,waning_gibbous,0.0,0.4094488188976377,1.08267716535433
2026-08-04 08:45:10+00:00,0.47,0.297,78.0,SW,Chance Showers And Thunderstorms,False,6.0,0.0,KILM,0.6876,68.76,waning_gibbous,0.0,0.4094488188976377,1.08267716535433
2026-08-04 08:50:10+00:00,0.3799999999999999,0.297,78.0,SW,Chance Showers And Thunderstorms,False,6.0,0.0,KILM,0.6876,68.76,waning_gibbous,0.0,0.4094488188976377,1.08267716535433
2026-08-04 08:55:10+00:00,0.32,0.297,78.0,SW,Chance Showers And Thunderstorms,False,6.0,0.0,KILM,0.6876,68.76,waning_gibbous,0.0,0.4094488188976377,1.08267716535433
2026-08-04 09:00:10+00:00,0.27,0.297,78.0,SW,Chance Showers And Thunderstorms,False,6.0,0.0,KILM,0.6876,68.76,waning_gibbous,0.0,0.4094488188976377,1.08267716535433
2026-08-04 09:10:10+00:00,0.1999999999999999,0.297,78.0,SW,Chance Showers And Thunderstorms,False,6.0,0.1811023622047244,KILM,0.6876,68.76,waning_gibbous,0.18110236220472434,0.590551181102362,1.2637795275590542
2026-08-04 09:15:10+00:00,0.1899999999999999,0.297,78.0,SW,Chance Showers And Thunderstorms,False,6.0,0.0,KILM,0.6876,68.76,waning_gibbous,0.18110236220472434,0.590551181102362,1.2637795275590542
2026-08-04 09:20:10+00:00,0.1899999999999999,0.297,78.0,SW,Chance Showers And Thunderstorms,False,6.0,0.0,KILM,0.6876,68.76,waning_gibbous,0.18110236220472434,0.590551181102362,1.2637795275590542
2026-08-04 09:25:10+00:00,0.1899999999999999,0.297,78.0,SW,Chance Showers And Thunderstorms,False,6.0,0.0,KILM,0.6876,68.76,waning_gibbous,0.18110236220472434,0.590551181102362,1.2637795275590542
2026-08-04 09:30:10+00:00,0.1999999999999999,0.201,78.0,W,Chance Showers And Thunderstorms,True,6.0,0.0,KILM,0.6834,68.34,waning_gibbous,0.18110236220472434,0.590551181102362,1.2637795275590542
2026-08-04 09:35:10+00:00,0.1699999999999999,0.201,78.0,W,Chance Showers And Thunderstorms,True,6.0,0.0,KILM,0.6834,68.34,waning_gibbous,0.18110236220472434,0.590551181102362,1.2637795275590542
2026-08-04 09:40:10+00:00,0.1799999999999999,0.201,78.0,W,Chance Showers And Thunderstorms,True,6.0,0.0,KILM,0.6834,68.34,waning_gibbous,0.18110236220472434,0.590551181102362,1.2637795275590542
2026-08-04 09:45:10+00:00,0.1999999999999999,0.201,78.0,W,Chance Showers And Thunderstorms,True,6.0,0.0,KILM,0.6834,68.34,waning_gibbous,0.18110236220472434,0.590551181102362,1.2637795275590542
2026-08-04 09:50:10+00:00,0.1499999999999999,0.201,78.0,W,Chance Showers And Thunderstorms,True,6.0,0.0,KILM,0.6834,68.34,waning_gibbous,0.18110236220472434,0.590551181102362,1.2637795275590542
2026-08-04 09:55:10+00:00,0.2299999999999999,0.201,78.0,W,Chance Showers And Thunderstorms,True,6.0,0.0,KILM,0.6834,68.34,waning_gibbous,0.18110236220472434,0.590551181102362,1.2637795275590542
2026-08-04 10:00:10+00:00,0.25,0.201,78.0,W,Chance Showers And Thunderstorms,True,6.0,0.0,KILM,0.6834,68.34,waning_gibbous,0.18110236220472434,0.590551181102362,1.2637795275590542
2026-08-04 10:05:10+00:00,0.26,0.201,78.0,W,Chance Showers And Thunderstorms,True,6.0,0.0,KILM,0.6834,68.34,waning_gibbous,0.18110236220472434,0.590551181102362,1.2637795275590542
2026-08-04 10:10:10+00:00,0.27,0.201,78.0,W,Chance Showers And Thunderstorms,True,6.0,0.0,KILM,0.6834,68.34,waning_gibbous,0.18110236220472434,0.590551181102362,1.2637795275590542
2026-08-04 10:15:10+00:00,0.28,0.201,78.0,W,Chance Showers And Thunderstorms,True,6.0,0.0,KILM,0.6834,68.34,waning_gibbous,0.18110236220472434,0.590551181102362,1.2637795275590542
2026-08-04 10:20:10+00:00,0.31,0.201,78.0,W,Chance Showers And Thunderstorms,True,6.0,0.0,KILM,0.6834,68.34,waning_gibbous,0.18110236220472434,0.590551181102362,1.2637795275590542
2026-08-04 10:25:10+00:00,0.31,0.201,78.0,W,Chance Showers And Thunderstorms,True,6.0,0.6181102362204725,KILM,0.6834,68.34,waning_gibbous,0.7992125984251968,1.2086614173228345,1.8818897637795267
2026-08-04 10:30:10+00:00,0.33,0.568,78.0,W,Chance Showers And Thunderstorms,True,5.0,0.0,KILM,0.6792,67.92,waning_gibbous,0.7992125984251968,1.2086614173228345,1.8818897637795267
2026-08-04 10:35:10+00:00,0.3400000000000001,0.568,78.0,W,Chance Showers And Thunderstorms,True,5.0,0.0,KILM,0.6792,67.92,waning_gibbous,0.7992125984251968,1.2086614173228345,1.8818897637795267
2026-08-04 10:40:10+00:00,0.3400000000000001,0.568,78.0,W,Chance Showers And Thunderstorms,True,5.0,0.0,KILM,0.6792,67.92,waning_gibbous,0.7992125984251968,1.2086614173228345,1.8818897637795267
2026-08-04 10:45:10+00:00,0.3700000000000001,0.568,78.0,W,Chance Showers And Thunderstorms,True,5.0,0.0,KILM,0.6792,67.92,waning_gibbous,0.7992125984251968,1.2086614173228345,1.8818897637795267
2026-08-04 10:50:10+00:00,0.3600000000000001,0.568,78.0,W,Chance Showers And Thunderstorms,True,5.0,0.0,KILM,0.6792,67.92,waning_gibbous,0.7992125984251968,1.2086614173228345,1.8818897637795267
2026-08-04 10:55:10+00:00,0.3700000000000001,0.568,78.0,W,Chance Showers And Thunderstorms,True,5.0,0.0,KILM,0.6792,67.92,waning_gibbous,0.7992125984251968,1.2086614173228345,1.8818897637795267
2026-08-04 11:05:10+00:00,0.3700000000000001,0.568,78.0,W,Chance Showers And Thunderstorms,True,5.0,0.0,KILM,0.6792,67.92,waning_gibbous,0.7992125984251968,1.2086614173228345,1.8818897637795267
2026-08-04 11:10:10+00:00,0.3899999999999999,0.568,78.0,W,Chance Showers And Thunderstorms,True,5.0,0.0,KILM,0.6792,67.92,waning_gibbous,0.7992125984251968,1.2086614173228345,1.8818897637795267
2026-08-04 11:15:10+00:00,0.3999999999999999,0.568,78.0,W,Chance Showers And Thunderstorms,True,5.0,0.0,KILM,0.6792,67.92,waning_gibbous,0.7992125984251968,1.2086614173228345,1.8818897637795267
2026-08-04 11:20:10+00:00,0.4099999999999999,0.568,78.0,W,Chance Showers And Thunderstorms,True,5.0,0.0,KILM,0.6792,67.92,waning_gibbous,0.7992125984251968,1.2086614173228345,1.8818897637795267
2026-08-04 11:25:10+00:00,0.3999999999999999,0.568,78.0,W,Chance Showers And Thunderstorms,True,5.0,0.0,KILM,0.6792,67.92,waning_gibbous,0.7992125984251968,1.2086614173228345,1.8818897637795267
2026-08-04 11:30:10+00:00,0.4099999999999999,1.346,79.0,W,Chance Showers And Thunderstorms,True,6.0,0.0,KILM,0.6749,67.49,waning_gibbous,0.7992125984251968,1.2086614173228345,1.8818897637795267
2026-08-04 11:40:10+00:00,0.4399999999999999,1.346,79.0,W,Chance Showers And Thunderstorms,True,6.0,0.0,KILM,0.6749,67.49,waning_gibbous,0.7992125984251968,1.2086614173228345,1.8818897637795267
2026-08-04 11:45:10+00:00,0.5,1.346,79.0,W,Chance Showers And Thunderstorms,True,6.0,0.0,KILM,0.6749,67.49,waning_gibbous,0.7992125984251968,1.2086614173228345,1.8818897637795267
2026-08-04 11:50:10+00:00,0.5700000000000001,1.346,79.0,W,Chance Showers And Thunderstorms,True,6.0,0.0,KILM,0.6749,67.49,waning_gibbous,0.7992125984251968,1.2086614173228345,1.8818897637795267
2026-08-04 11:55:10+00:00,0.6000000000000001,1.346,79.0,W,Chance Showers And Thunderstorms,True,6.0,0.0,KILM,0.6749,67.49,waning_gibbous,0.7992125984251968,1.2086614173228345,1.8818897637795267
2026-08-04 12:00:10+00:00,0.6200000000000001,1.346,79.0,W,Chance Showers And Thunderstorms,True,6.0,0.0,KILM,0.6749,67.49,waning_gibbous,0.7992125984251968,1.2086614173228345,1.8818897637795267
2026-08-04 12:05:10+00:00,0.6599999999999999,1.346,79.0,W,Chance Showers And Thunderstorms,True,6.0,0.0,KILM,0.6749,67.49,waning_gibbous,0.7992125984251968,1.2086614173228345,1.8818897637795267
2026-08-04 12:10:10+00:00,0.73,1.346,79.0,W,Chance Showers And Thunderstorms,True,6.0,0.0,KILM,0.6749,67.49,waning_gibbous,0.7992125984251968,1.2086614173228345,1.8818897637795267
2026-08-04 12:15:10+00:00,0.8,1.346,79.0,W,Chance Showers And Thunderstorms,True,6.0,0.0590551181102362,KILM,0.6749,67.49,waning_gibbous,0.858267716535433,1.2677165354330706,1.9409448818897628
2026-08-04 12:20:10+00:00,0.81,1.346,79.0,W,Chance Showers And Thunderstorms,True,6.0,0.0,KILM,0.6749,67.49,waning_gibbous,0.858267716535433,1.2677165354330706,1.9409448818897628
2026-08-04 12:25:10+00:00,0.81,1.346,79.0,W,Chance Showers And Thunderstorms,True,6.0,0.0787401574803149,KILM,0.6749,67.49,waning_gibbous,0.9370078740157479,1.3464566929133857,2.019685039370078
2026-08-04 12:30:10+00:00,0.8300000000000001,2.351,81.0,W,Chance Showers And Thunderstorms,True,6.0,0.0,KILM,0.6707,67.07,waning_gibbous,0.9370078740157479,1.3464566929133857,2.019685039370078
2026-08-04 12:35:10+00:00,0.8500000000000001,2.351,81.0,W,Chance Showers And Thunderstorms,True,6.0,0.0,KILM,0.6707,67.07,waning_gibbous,0.9370078740157479,1.3464566929133857,2.019685039370078
2026-08-04 12:40:10+00:00,0.92,2.351,81.0,W,Chance Showers And Thunderstorms,True,6.0,0.0,KILM,0.6707,67.07,waning_gibbous,0.9370078740157479,1.3464566929133857,2.019685039370078
2026-08-04 12:45:10+00:00,0.99,2.351,81.0,W,Chance Showers And Thunderstorms,True,6.0,0.0,KILM,0.6707,67.07,waning_gibbous,0.9370078740157479,1.3464566929133857,2.019685039370078
2026-08-04 12:50:10+00:00,1.04,2.351,81.0,W,Chance Showers And Thunderstorms,True,6.0,0.0,KILM,0.6707,67.07,waning_gibbous,0.9370078740157479,1.3464566929133857,2.019685039370078
2026-08-04 12:55:10+00:00,1.0699999999999998,2.351,81.0,W,Chance Showers And Thunderstorms,True,6.0,0.0,KILM,0.6707,67.07,waning_gibbous,0.9370078740157479,1.3464566929133857,2.019685039370078
2026-08-04 13:00:10+00:00,1.17,2.351,81.0,W,Chance Showers And Thunderstorms,True,6.0,0.0,KILM,0.6707,67.07,waning_gibbous,0.9370078740157479,1.3464566929133857,2.019685039370078
2026-08-04 13:05:10+00:00,1.24,2.351,81.0,W,Chance Showers And Thunderstorms,True,6.0,0.0,KILM,0.6707,67.07,waning_gibbous,0.9370078740157479,1.3464566929133857,2.019685039370078
2026-08-04 13:10:10+00:00,1.3,2.351,81.0,W,Chance Showers And Thunderstorms,True,6.0,0.0,KILM,0.6707,67.07,waning_gibbous,0.9370078740157479,1.3464566929133857,2.019685039370078
2026-08-04 13:15:10+00:00,1.35,2.351,81.0,W,Chance Showers And Thunderstorms,True,6.0,0.0,KILM,0.6707,67.07,waning_gibbous,0.9370078740157479,1.3346456692913384,2.019685039370078
2026-08-04 13:20:10+00:00,1.42,2.351,81.0,W,Chance Showers And Thunderstorms,True,6.0,0.0,KILM,0.6707,67.07,waning_gibbous,0.9370078740157479,1.3346456692913384,2.019685039370078
2026-08-04 13:25:10+00:00,1.49,2.351,81.0,W,Chance Showers And Thunderstorms,True,6.0,0.0,KILM,0.6707,67.07,waning_gibbous,0.9370078740157479,1.3346456692913384,2.019685039370078
2026-08-04 13:30:10+00:00,1.58,3.328,84.0,W,Chance Showers And Thunderstorms,True,7.0,0.0,KILM,0.6664,66.64,waning_gibbous,0.9370078740157479,1.3346456692913384,2.019685039370078
2026-08-04 13:35:10+00:00,1.65,3.328,84.0,W,Chance Showers And Thunderstorms,True,7.0,0.0,KILM,0.6664,66.64,waning_gibbous,0.9370078740157479,1.3228346456692912,2.019685039370078
2026-08-04 13:40:10+00:00,1.71,3.328,84.0,W,Chance Showers And Thunderstorms,True,7.0,0.0,KILM,0.6664,66.64,waning_gibbous,0.9370078740157479,1.3228346456692912,2.019685039370078
2026-08-04 13:45:10+00:00,1.79,3.328,84.0,W,Chance Showers And Thunderstorms,True,7.0,0.0,KILM,0.6664,66.64,waning_gibbous,0.9370078740157479,1.3228346456692912,2.019685039370078
2026-08-04 13:50:10+00:00,1.86,3.328,84.0,W,Chance Showers And Thunderstorms,True,7.0,0.0,KILM,0.6664,66.64,waning_gibbous,0.9370078740157479,1.3228346456692912,2.019685039370078
2026-08-04 13:55:10+00:00,1.94,3.328,84.0,W,Chance Showers And Thunderstorms,True,7.0,0.0,KILM,0.6664,66.64,waning_gibbous,0.9370078740157479,1.311023622047244,2.019685039370078
2026-08-04 14:00:10+00:00,2.01,3.328,84.0,W,Chance Showers And Thunderstorms,True,7.0,0.0,KILM,0.6664,66.64,waning_gibbous,0.9370078740157479,1.311023622047244,2.019685039370078
2026-08-04 14:05:10+00:00,2.08,3.328,84.0,W,Chance Showers And Thunderstorms,True,7.0,0.0,KILM,0.6664,66.64,waning_gibbous,0.9370078740157479,1.311023622047244,2.019685039370078
2026-08-04 14:10:10+00:00,2.16,3.328,84.0,W,Chance Showers And Thunderstorms,True,7.0,0.0,KILM,0.6664,66.64,waning_gibbous,0.9370078740157479,1.311023622047244,2.019685039370078
2026-08-04 14:15:10+00:00,2.24,3.328,84.0,W,Chance Showers And Thunderstorms,True,7.0,0.0,KILM,0.6664,66.64,waning_gibbous,0.9370078740157479,1.311023622047244,2.019685039370078
2026-08-04 14:20:10+00:00,2.3,3.328,84.0,W,Chance Showers And Thunderstorms,True,7.0,0.0,KILM,0.6664,66.64,waning_gibbous,0.9370078740157479,1.311023622047244,2.019685039370078
2026-08-04 14:25:10+00:00,2.35,3.328,84.0,W,Chance Showers And Thunderstorms,True,7.0,0.0,KILM,0.6664,66.64,waning_gibbous,0.9370078740157479,1.311023622047244,2.019685039370078
2026-08-04 14:30:10+00:00,2.4,4.058,86.0,W,Chance Showers And Thunderstorms,True,8.0,0.0,KILM,0.6621,66.21,waning_gibbous,0.9370078740157479,1.311023622047244,2.019685039370078
2026-08-04 14:35:10+00:00,2.46,4.058,86.0,W,Chance Showers And Thunderstorms,True,8.0,0.0,KILM,0.6621,66.21,waning_gibbous,0.9370078740157479,1.311023622047244,2.019685039370078
2026-08-04 14:40:10+00:00,2.52,4.058,86.0,W,Chance Showers And Thunderstorms,True,8.0,0.0,KILM,0.6621,66.21,waning_gibbous,0.9370078740157479,1.311023622047244,2.019685039370078
2026-08-04 14:45:10+00:00,2.57,4.058,86.0,W,Chance Showers And Thunderstorms,True,8.0,0.0,KILM,0.6621,66.21,waning_gibbous,0.9370078740157479,1.311023622047244,2.019685039370078
2026-08-04 14:50:10+00:00,2.63,4.058,86.0,W,Chance Showers And Thunderstorms,True,8.0,0.0,KILM,0.6621,66.21,waning_gibbous,0.9370078740157479,1.311023622047244,2.019685039370078
2026-08-04 14:55:10+00:00,2.7,4.058,86.0,W,Chance Showers And Thunderstorms,True,8.0,0.0,KILM,0.6621,66.21,waning_gibbous,0.9370078740157479,1.311023622047244,2.019685039370078
2026-08-04 15:00:10+00:00,2.77,4.058,86.0,W,Chance Showers And Thunderstorms,True,8.0,0.0,KILM,0.6621,66.21,waning_gibbous,0.9370078740157479,1.311023622047244,2.019685039370078
2026-08-04 15:05:10+00:00,2.84,4.058,86.0,W,Chance Showers And Thunderstorms,True,8.0,0.0,KILM,0.6621,66.21,waning_gibbous,0.9370078740157479,1.311023622047244,2.019685039370078
2026-08-04 15:10:10+00:00,2.9,4.058,86.0,W,Chance Showers And Thunderstorms,True,8.0,0.0,KILM,0.6621,66.21,waning_gibbous,0.9370078740157479,1.311023622047244,2.019685039370078
2026-08-04 15:15:10+00:00,2.98,4.058,86.0,W,Chance Showers And Thunderstorms,True,8.0,0.0,KILM,0.6621,66.21,waning_gibbous,0.9370078740157479,1.311023622047244,2.019685039370078
2026-08-04 15:20:10+00:00,3.03,4.058,86.0,W,Chance Showers And Thunderstorms,True,8.0,0.0,KILM,0.6621,66.21,waning_gibbous,0.9370078740157479,1.311023622047244,2.019685039370078
2026-08-04 15:25:10+00:00,3.09,4.058,86.0,W,Chance Showers And Thunderstorms,True,8.0,0.0,KILM,0.6621,66.21,waning_gibbous,0.9370078740157479,1.311023622047244,2.019685039370078
2026-08-04 15:30:10+00:00,3.14,4.385,86.0,SW,Chance Showers And Thunderstorms,True,8.0,0.0,KILM,0.6578,65.78,waning_gibbous,0.9370078740157479,1.311023622047244,2.019685039370078
2026-08-04 15:35:10+00:00,3.18,4.385,86.0,SW,Chance Showers And Thunderstorms,True,8.0,0.0,KILM,0.6578,65.78,waning_gibbous,0.9370078740157479,1.311023622047244,2.019685039370078
2026-08-04 15:40:10+00:00,3.24,4.385,86.0,SW,Chance Showers And Thunderstorms,True,8.0,0.0,KILM,0.6578,65.78,waning_gibbous,0.9370078740157479,1.311023622047244,2.019685039370078
2026-08-04 15:45:10+00:00,3.28,4.385,86.0,SW,Chance Showers And Thunderstorms,True,8.0,0.0,KILM,0.6578,65.78,waning_gibbous,0.9370078740157479,1.311023622047244,2.019685039370078
2026-08-04 15:50:10+00:00,3.3200000000000003,4.385,86.0,SW,Chance Showers And Thunderstorms,True,8.0,0.0,KILM,0.6578,65.78,waning_gibbous,0.9370078740157479,1.311023622047244,2.019685039370078
2026-08-04 15:55:10+00:00,3.35,4.385,86.0,SW,Chance Showers And Thunderstorms,True,8.0,0.0,KILM,0.6578,65.78,waning_gibbous,0.9370078740157479,1.311023622047244,2.019685039370078
2026-08-04 16:00:10+00:00,3.4,4.385,86.0,SW,Chance Showers And Thunderstorms,True,8.0,0.0,KILM,0.6578,65.78,waning_gibbous,0.9370078740157479,1.311023622047244,2.019685039370078
2026-08-04 16:05:10+00:00,3.44,4.385,86.0,SW,Chance Showers And Thunderstorms,True,8.0,0.0,KILM,0.6578,65.78,waning_gibbous,0.9370078740157479,1.311023622047244,2.019685039370078
2026-08-04 16:10:10+00:00,3.48,4.385,86.0,SW,Chance Showers And Thunderstorms,True,8.0,0.0,KILM,0.6578,65.78,waning_gibbous,0.9370078740157479,1.311023622047244,2.019685039370078
2026-08-04 16:15:10+00:00,3.5,4.385,86.0,SW,Chance Showers And Thunderstorms,True,8.0,0.0,KILM,0.6578,65.78,waning_gibbous,0.9370078740157479,1.311023622047244,2.019685039370078
2026-08-04 16:20:10+00:00,3.51,4.385,86.0,SW,Chance Showers And Thunderstorms,True,8.0,0.0,KILM,0.6578,65.78,waning_gibbous,0.9370078740157479,1.311023622047244,2.019685039370078
2026-08-04 16:25:10+00:00,3.55,4.385,86.0,SW,Chance Showers And Thunderstorms,True,8.0,0.0,KILM,0.6578,65.78,waning_gibbous,0.9370078740157479,1.311023622047244,2.019685039370078
2026-08-04 16:30:10+00:00,3.5700000000000003,4.209,86.0,SW,Showers And Thunderstorms Likely,True,9.0,0.0,KILM,0.6534,65.34,waning_gibbous,0.9370078740157479,1.311023622047244,2.019685039370078
2026-08-04 16:35:10+00:00,3.59,4.209,86.0,SW,Showers And Thunderstorms Likely,True,9.0,0.0,KILM,0.6534,65.34,waning_gibbous,0.9370078740157479,1.311023622047244,2.019685039370078
2026-08-04 16:40:10+00:00,3.61,4.209,86.0,SW,Showers And Thunderstorms Likely,True,9.0,0.0,KILM,0.6534,65.34,waning_gibbous,0.9370078740157479,1.311023622047244,2.019685039370078
2026-08-04 16:45:10+00:00,3.62,4.209,86.0,SW,Showers And Thunderstorms Likely,True,9.0,0.0,KILM,0.6534,65.34,waning_gibbous,0.9370078740157479,1.311023622047244,2.019685039370078
2026-08-04 16:50:10+00:00,3.64,4.209,86.0,SW,Showers And Thunderstorms Likely,True,9.0,0.0,KILM,0.6534,65.34,waning_gibbous,0.9370078740157479,1.311023622047244,2.019685039370078
2026-08-04 16:55:10+00:00,3.64,4.209,86.0,SW,Showers And Thunderstorms Likely,True,9.0,0.0,KILM,0.6534,65.34,waning_gibbous,0.9370078740157479,1.311023622047244,2.019685039370078
2026-08-04 17:00:10+00:00,3.64,4.209,86.0,SW,Showers And Thunderstorms Likely,True,9.0,0.0,KILM,0.6534,65.34,waning_gibbous,0.9370078740157479,1.311023622047244,2.019685039370078
2026-08-04 17:05:10+00:00,3.66,4.209,86.0,SW,Showers And Thunderstorms Likely,True,9.0,0.0,KILM,0.6534,65.34,waning_gibbous,0.9370078740157479,1.311023622047244,2.019685039370078
2026-08-04 17:10:10+00:00,3.64,4.209,86.0,SW,Showers And Thunderstorms Likely,True,9.0,0.0,KILM,0.6534,65.34,waning_gibbous,0.9370078740157479,1.311023622047244,2.019685039370078
2026-08-04 17:15:10+00:00,3.64,4.209,86.0,SW,Showers And Thunderstorms Likely,True,9.0,0.0,KILM,0.6534,65.34,waning_gibbous,0.9370078740157479,1.311023622047244,2.019685039370078
2026-08-04 17:20:10+00:00,3.65,4.209,86.0,SW,Showers And Thunderstorms Likely,True,9.0,0.0,KILM,0.6534,65.34,waning_gibbous,0.9370078740157479,1.311023622047244,2.019685039370078
2026-08-04 17:25:10+00:00,3.65,4.209,86.0,SW,Showers And Thunderstorms Likely,True,9.0,0.0,KILM,0.6534,65.34,waning_gibbous,0.9370078740157479,1.311023622047244,2.019685039370078
2026-08-04 17:30:10+00:00,3.62,3.556,86.0,S,Chance Showers And Thunderstorms,True,10.0,0.0,KILM,0.6491,64.91,last_quarter,0.9370078740157479,1.311023622047244,2.019685039370078
2026-08-04 17:35:10+00:00,3.6,3.556,86.0,S,Chance Showers And Thunderstorms,True,10.0,0.0,KILM,0.6491,64.91,last_quarter,0.9370078740157479,1.311023622047244,2.019685039370078
2026-08-04 17:40:10+00:00,3.56,3.556,86.0,S,Chance Showers And Thunderstorms,True,10.0,0.0,KILM,0.6491,64.91,last_quarter,0.9370078740157479,1.311023622047244,2.019685039370078
2026-08-04 17:45:10+00:00,3.52,3.556,86.0,S,Chance Showers And Thunderstorms,True,10.0,0.0,KILM,0.6491,64.91,last_quarter,0.9370078740157479,1.311023622047244,2.019685039370078
2026-08-04 17:50:10+00:00,3.5,3.556,86.0,S,Chance Showers And Thunderstorms,True,10.0,0.0,KILM,0.6491,64.91,last_quarter,0.9370078740157479,1.311023622047244,2.019685039370078
2026-08-04 17:55:10+00:00,3.44,3.556,86.0,S,Chance Showers And Thunderstorms,True,10.0,0.0,KILM,0.6491,64.91,last_quarter,0.9370078740157479,1.311023622047244,2.019685039370078
2026-08-04 18:00:10+00:00,3.4,3.556,86.0,S,Chance Showers And Thunderstorms,True,10.0,0.0,KILM,0.6491,64.91,last_quarter,0.9370078740157479,1.311023622047244,2.019685039370078
2026-08-04 18:05:10+00:00,3.35,3.556,86.0,S,Chance Showers And Thunderstorms,True,10.0,0.0,KILM,0.6491,64.91,last_quarter,0.9370078740157479,1.311023622047244,2.019685039370078
2026-08-04 18:10:10+00:00,3.3,3.556,86.0,S,Chance Showers And Thunderstorms,True,10.0,0.0,KILM,0.6491,64.91,last_quarter,0.9370078740157479,1.311023622047244,2.019685039370078
2026-08-04 18:15:10+00:00,3.26,3.556,86.0,S,Chance Showers And Thunderstorms,True,10.0,0.0,KILM,0.6491,64.91,last_quarter,0.9370078740157479,1.311023622047244,2.019685039370078
2026-08-04 18:20:10+00:00,3.22,3.556,86.0,S,Chance Showers And Thunderstorms,True,10.0,0.0,KILM,0.6491,64.91,last_quarter,0.9370078740157479,1.311023622047244,2.019685039370078
2026-08-04 18:25:10+00:00,3.18,3.556,86.0,S,Chance Showers And Thunderstorms,True,10.0,0.0,KILM,0.6491,64.91,last_quarter,0.9370078740157479,1.311023622047244,2.019685039370078
2026-08-04 18:30:10+00:00,3.14,2.638,87.0,S,Chance Showers And Thunderstorms,True,12.0,0.0,KILM,0.6447,64.47,last_quarter,0.9370078740157479,1.311023622047244,2.019685039370078
2026-08-04 18:35:10+00:00,3.08,2.638,87.0,S,Chance Showers And Thunderstorms,True,12.0,0.0,KILM,0.6447,64.47,last_quarter,0.9370078740157479,1.311023622047244,2.019685039370078
2026-08-04 18:40:10+00:00,3.04,2.638,87.0,S,Chance Showers And Thunderstorms,True,12.0,0.0,KILM,0.6447,64.47,last_quarter,0.9370078740157479,1.311023622047244,2.019685039370078
2026-08-04 18:45:10+00:00,2.98,2.638,87.0,S,Chance Showers And Thunderstorms,True,12.0,0.0,KILM,0.6447,64.47,last_quarter,0.9370078740157479,1.311023622047244,2.019685039370078
2026-08-04 18:50:10+00:00,2.93,2.638,87.0,S,Chance Showers And Thunderstorms,True,12.0,0.0,KILM,0.6447,64.47,last_quarter,0.9370078740157479,1.311023622047244,2.019685039370078
2026-08-04 18:55:10+00:00,2.85,2.638,87.0,S,Chance Showers And Thunderstorms,True,12.0,0.0,KILM,0.6447,64.47,last_quarter,0.9370078740157479,1.311023622047244,2.019685039370078
2026-08-04 19:00:10+00:00,2.78,2.638,87.0,S,Chance Showers And Thunderstorms,True,12.0,0.0,KILM,0.6447,64.47,last_quarter,0.9370078740157479,1.311023622047244,2.019685039370078
2026-08-04 19:05:10+00:00,2.73,2.638,87.0,S,Chance Showers And Thunderstorms,True,12.0,0.0,KILM,0.6447,64.47,last_quarter,0.9370078740157479,1.311023622047244,2.019685039370078
2026-08-04 19:10:10+00:00,2.67,2.638,87.0,S,Chance Showers And Thunderstorms,True,12.0,0.0,KILM,0.6447,64.47,last_quarter,0.9370078740157479,1.311023622047244,2.019685039370078
2026-08-04 19:15:10+00:00,2.61,2.638,87.0,S,Chance Showers And Thunderstorms,True,12.0,0.0,KILM,0.6447,64.47,last_quarter,0.9370078740157479,1.311023622047244,2.019685039370078
2026-08-04 19:20:10+00:00,2.56,2.638,87.0,S,Chance Showers And Thunderstorms,True,12.0,0.0,KILM,0.6447,64.47,last_quarter,0.9370078740157479,1.311023622047244,2.019685039370078
2026-08-04 19:25:10+00:00,2.49,2.638,87.0,S,Chance Showers And Thunderstorms,True,12.0,0.0,KILM,0.6447,64.47,last_quarter,0.9370078740157479,1.311023622047244,2.019685039370078
2026-08-04 19:30:10+00:00,2.42,1.759,87.0,S,Chance Showers And Thunderstorms,True,12.0,0.0,KILM,0.6403,64.03,last_quarter,0.9370078740157479,1.311023622047244,2.019685039370078
2026-08-04 19:35:10+00:00,2.35,1.759,87.0,S,Chance Showers And Thunderstorms,True,12.0,0.0,KILM,0.6403,64.03,last_quarter,0.9370078740157479,1.311023622047244,2.019685039370078
2026-08-04 19:40:10+00:00,2.27,1.759,87.0,S,Chance Showers And Thunderstorms,True,12.0,0.0,KILM,0.6403,64.03,last_quarter,0.9370078740157479,1.311023622047244,2.019685039370078
2026-08-04 19:45:10+00:00,2.21,1.759,87.0,S,Chance Showers And Thunderstorms,True,12.0,0.0,KILM,0.6403,64.03,last_quarter,0.9370078740157479,1.311023622047244,2.019685039370078
2026-08-04 19:50:10+00:00,2.14,1.759,87.0,S,Chance Showers And Thunderstorms,True,12.0,0.0,KILM,0.6403,64.03,last_quarter,0.9370078740157479,1.311023622047244,2.019685039370078
2026-08-04 19:55:10+00:00,2.1,1.759,87.0,S,Chance Showers And Thunderstorms,True,12.0,0.0,KILM,0.6403,64.03,last_quarter,0.9370078740157479,1.311023622047244,2.019685039370078
2026-08-04 20:00:10+00:00,2.06,1.759,87.0,S,Chance Showers And Thunderstorms,True,12.0,0.0,KILM,0.6403,64.03,last_quarter,0.9370078740157479,1.311023622047244,2.019685039370078
2026-08-04 20:05:10+00:00,1.98,1.759,87.0,S,Chance Showers And Thunderstorms,True,12.0,0.0,KILM,0.6403,64.03,last_quarter,0.9370078740157479,1.311023622047244,2.019685039370078
2026-08-04 20:10:10+00:00,1.9,1.759,87.0,S,Chance Showers And Thunderstorms,True,12.0,0.0,KILM,0.6403,64.03,last_quarter,0.9370078740157479,1.311023622047244,2.019685039370078
2026-08-04 20:15:10+00:00,1.83,1.759,87.0,S,Chance Showers And Thunderstorms,True,12.0,0.0,KILM,0.6403,64.03,last_quarter,0.9370078740157479,1.311023622047244,2.019685039370078
2026-08-04 20:20:10+00:00,1.76,1.759,87.0,S,Chance Showers And Thunderstorms,True,12.0,0.0,KILM,0.6403,64.03,last_quarter,0.9370078740157479,1.311023622047244,2.019685039370078
2026-08-04 20:25:10+00:00,1.71,1.759,87.0,S,Chance Showers And Thunderstorms,True,12.0,0.0,KILM,0.6403,64.03,last_quarter,0.9370078740157479,1.311023622047244,2.019685039370078
2026-08-04 20:30:10+00:00,1.67,1.127,87.0,S,Chance Showers And Thunderstorms,True,12.0,0.0,KILM,0.6359,63.59,last_quarter,0.9370078740157479,1.311023622047244,2.019685039370078
2026-08-04 20:35:10+00:00,1.6,1.127,87.0,S,Chance Showers And Thunderstorms,True,12.0,0.0,KILM,0.6359,63.59,last_quarter,0.9370078740157479,1.311023622047244,2.019685039370078
2026-08-04 20:40:10+00:00,1.54,1.127,87.0,S,Chance Showers And Thunderstorms,True,12.0,0.0,KILM,0.6359,63.59,last_quarter,0.9370078740157479,1.311023622047244,2.019685039370078
2026-08-04 20:45:10+00:00,1.46,1.127,87.0,S,Chance Showers And Thunderstorms,True,12.0,0.0,KILM,0.6359,63.59,last_quarter,0.9370078740157479,1.311023622047244,2.019685039370078
2026-08-04 20:50:10+00:00,1.39,1.127,87.0,S,Chance Showers And Thunderstorms,True,12.0,0.0,KILM,0.6359,63.59,last_quarter,0.9370078740157479,1.311023622047244,2.019685039370078
2026-08-04 20:55:10+00:00,1.34,1.127,87.0,S,Chance Showers And Thunderstorms,True,12.0,0.0,KILM,0.6359,63.59,last_quarter,0.9370078740157479,1.311023622047244,2.019685039370078
2026-08-04 21:00:10+00:00,1.27,1.127,87.0,S,Chance Showers And Thunderstorms,True,12.0,0.0,KILM,0.6359,63.59,last_quarter,0.9370078740157479,1.311023622047244,2.019685039370078
2026-08-04 21:05:10+00:00,1.22,1.127,87.0,S,Chance Showers And Thunderstorms,True,12.0,0.0,KILM,0.6359,63.59,last_quarter,0.9370078740157479,1.311023622047244,2.019685039370078
2026-08-04 21:10:10+00:00,1.16,1.127,87.0,S,Chance Showers And Thunderstorms,True,12.0,0.0,KILM,0.6359,63.59,last_quarter,0.9370078740157479,1.311023622047244,2.019685039370078
2026-08-04 21:15:10+00:00,1.1,1.127,87.0,S,Chance Showers And Thunderstorms,True,12.0,0.0,KILM,0.6359,63.59,last_quarter,0.9370078740157479,1.311023622047244,2.019685039370078
2026-08-04 21:20:10+00:00,1.04,1.127,87.0,S,Chance Showers And Thunderstorms,True,12.0,0.0,KILM,0.6359,63.59,last_quarter,0.9370078740157479,1.311023622047244,2.019685039370078
2026-08-04 21:25:10+00:00,0.96,1.127,87.0,S,Chance Showers And Thunderstorms,True,12.0,0.0,KILM,0.6359,63.59,last_quarter,0.9370078740157479,1.311023622047244,2.019685039370078
2026-08-04 21:30:10+00:00,0.8999999999999999,0.813,86.0,S,Chance Showers And Thunderstorms,False,10.0,0.0,KILM,0.6315,63.15,last_quarter,0.9370078740157479,1.311023622047244,2.019685039370078
2026-08-04 21:35:10+00:00,0.8500000000000001,0.813,86.0,S,Chance Showers And Thunderstorms,False,10.0,0.0,KILM,0.6315,63.15,last_quarter,0.9370078740157479,1.311023622047244,2.019685039370078
2026-08-04 21:40:10+00:00,0.79,0.813,86.0,S,Chance Showers And Thunderstorms,False,10.0,0.0,KILM,0.6315,63.15,last_quarter,0.9370078740157479,1.311023622047244,2.019685039370078
2026-08-04 21:45:10+00:00,0.74,0.813,86.0,S,Chance Showers And Thunderstorms,False,10.0,0.0,KILM,0.6315,63.15,last_quarter,0.9370078740157479,1.311023622047244,2.019685039370078
2026-08-04 21:50:10+00:00,0.6799999999999999,0.813,86.0,S,Chance Showers And Thunderstorms,False,10.0,0.0,KILM,0.6315,63.15,last_quarter,0.9370078740157479,1.311023622047244,2.019685039370078
2026-08-04 21:55:10+00:00,0.6299999999999999,0.813,86.0,S,Chance Showers And Thunderstorms,False,10.0,0.0,KILM,0.6315,63.15,last_quarter,0.9370078740157479,1.311023622047244,2.019685039370078
2026-08-04 22:00:10+00:00,0.5800000000000001,0.813,86.0,S,Chance Showers And Thunderstorms,False,10.0,0.0,KILM,0.6315,63.15,last_quarter,0.9370078740157479,1.311023622047244,2.019685039370078
2026-08-04 22:05:10+00:00,0.54,0.813,86.0,S,Chance Showers And Thunderstorms,False,10.0,0.0,KILM,0.6315,63.15,last_quarter,0.9370078740157479,1.311023622047244,2.019685039370078
2026-08-04 22:10:10+00:00,0.49,0.813,86.0,S,Chance Showers And Thunderstorms,False,10.0,0.0,KILM,0.6315,63.15,last_quarter,0.9370078740157479,1.311023622047244,2.019685039370078
2026-08-04 22:15:10+00:00,0.4399999999999999,0.813,86.0,S,Chance Showers And Thunderstorms,False,10.0,0.0,KILM,0.6315,63.15,last_quarter,0.9370078740157479,1.311023622047244,2.019685039370078
2026-08-04 22:20:10+00:00,0.3999999999999999,0.813,86.0,S,Chance Showers And Thunderstorms,False,10.0,0.0,KILM,0.6315,63.15,last_quarter,0.9370078740157479,1.311023622047244,2.019685039370078
2026-08-04 22:25:10+00:00,0.3600000000000001,0.813,86.0,S,Chance Showers And Thunderstorms,False,10.0,0.0,KILM,0.6315,63.15,last_quarter,0.9370078740157479,1.311023622047244,2.019685039370078
2026-08-04 22:30:10+00:00,0.33,0.848,84.0,S,Chance Showers And Thunderstorms,False,9.0,0.0,KILM,0.6271,62.71,last_quarter,0.9370078740157479,1.311023622047244,2.019685039370078
2026-08-04 22:35:10+00:00,0.3,0.848,84.0,S,Chance Showers And Thunderstorms,False,9.0,0.0,KILM,0.6271,62.71,last_quarter,0.9370078740157479,1.311023622047244,2.019685039370078
2026-08-04 22:40:10+00:00,0.27,0.848,84.0,S,Chance Showers And Thunderstorms,False,9.0,0.0,KILM,0.6271,62.71,last_quarter,0.9370078740157479,1.311023622047244,2.019685039370078
2026-08-04 22:45:10+00:00,0.25,0.848,84.0,S,Chance Showers And Thunderstorms,False,9.0,0.0,KILM,0.6271,62.71,last_quarter,0.9370078740157479,1.311023622047244,2.019685039370078
2026-08-04 22:50:10+00:00,0.2299999999999999,0.848,84.0,S,Chance Showers And Thunderstorms,False,9.0,0.0,KILM,0.6271,62.71,last_quarter,0.9370078740157479,1.311023622047244,2.019685039370078
2026-08-04 22:55:10+00:00,0.2199999999999999,0.848,84.0,S,Chance Showers And Thunderstorms,False,9.0,0.0,KILM,0.6271,62.71,last_quarter,0.9370078740157479,1.311023622047244,2.019685039370078
2026-08-04 23:00:10+00:00,0.1999999999999999,0.848,84.0,S,Chance Showers And Thunderstorms,False,9.0,0.0,KILM,0.6271,62.71,last_quarter,0.9370078740157479,1.311023622047244,2.019685039370078
2026-08-04 23:05:10+00:00,0.1799999999999999,0.848,84.0,S,Chance Showers And Thunderstorms,False,9.0,0.0,KILM,0.6271,62.71,last_quarter,0.9370078740157479,1.311023622047244,2.019685039370078
2026-08-04 23:10:10+00:00,0.1299999999999999,0.848,84.0,S,Chance Showers And Thunderstorms,False,9.0,0.0,KILM,0.6271,62.71,last_quarter,0.9370078740157479,1.311023622047244,2.019685039370078
2026-08-04 23:15:10+00:00,0.1499999999999999,0.848,84.0,S,Chance Showers And Thunderstorms,False,9.0,0.0,KILM,0.6271,62.71,last_quarter,0.9370078740157479,1.311023622047244,2.019685039370078
2026-08-04 23:20:10+00:00,0.1699999999999999,0.848,84.0,S,Chance Showers And Thunderstorms,False,9.0,0.0,KILM,0.6271,62.71,last_quarter,0.9370078740157479,1.311023622047244,2.019685039370078
2026-08-04 23:25:10+00:00,0.2099999999999999,0.848,84.0,S,Chance Showers And Thunderstorms,False,9.0,0.0,KILM,0.6271,62.71,last_quarter,0.9370078740157479,1.311023622047244,2.019685039370078
2026-08-04 23:30:10+00:00,0.26,1.256,83.0,S,Slight Chance Showers And Thunderstorms,False,8.0,0.0,KILM,0.6226,62.26,last_quarter,0.9370078740157479,1.311023622047244,2.019685039370078
2026-08-04 23:35:10+00:00,0.29,1.256,83.0,S,Slight Chance Showers And Thunderstorms,False,8.0,0.0,KILM,0.6226,62.26,last_quarter,0.9370078740157479,1.311023622047244,2.019685039370078
2026-08-04 23:40:10+00:00,0.3400000000000001,1.256,83.0,S,Slight Chance Showers And Thunderstorms,False,8.0,0.0,KILM,0.6226,62.26,last_quarter,0.9370078740157479,1.311023622047244,2.019685039370078
2026-08-04 23:45:10+00:00,0.3400000000000001,1.256,83.0,S,Slight Chance Showers And Thunderstorms,False,8.0,0.0,KILM,0.6226,62.26,last_quarter,0.9370078740157479,1.311023622047244,2.019685039370078
2026-08-04 23:50:10+00:00,0.3600000000000001,1.256,83.0,S,Slight Chance Showers And Thunderstorms,False,8.0,0.0,KILM,0.6226,62.26,last_quarter,0.9370078740157479,1.311023622047244,2.019685039370078
2026-08-04 23:55:10+00:00,0.3999999999999999,1.256,83.0,S,Slight Chance Showers And Thunderstorms,False,8.0,0.0,KSUT,0.6226,62.26,last_quarter,0.9370078740157479,1.311023622047244,2.019685039370078
2026-08-05 00:00:10+00:00,0.3899999999999999,1.256,83.0,S,Slight Chance Showers And Thunderstorms,False,8.0,0.0,KILM,0.6226,62.26,last_quarter,0.9370078740157479,1.311023622047244,2.019685039370078
2026-08-05 00:05:10+00:00,0.4499999999999999,1.256,83.0,S,Slight Chance Showers And Thunderstorms,False,8.0,0.0,KILM,0.6226,62.26,last_quarter,0.9370078740157479,1.311023622047244,2.019685039370078
2026-08-05 00:10:10+00:00,0.53,1.256,83.0,S,Slight Chance Showers And Thunderstorms,False,8.0,0.0,KILM,0.6226,62.26,last_quarter,0.9370078740157479,1.311023622047244,2.019685039370078
2026-08-05 00:15:10+00:00,0.6000000000000001,1.256,83.0,S,Slight Chance Showers And Thunderstorms,False,8.0,0.0,KSUT,0.6226,62.26,last_quarter,0.9370078740157479,1.311023622047244,2.019685039370078
2026-08-05 00:20:10+00:00,0.6299999999999999,1.256,83.0,S,Slight Chance Showers And Thunderstorms,False,8.0,0.0,KILM,0.6226,62.26,last_quarter,0.9370078740157479,1.311023622047244,2.019685039370078
2026-08-05 00:25:10+00:00,0.6799999999999999,1.256,83.0,S,Slight Chance Showers And Thunderstorms,False,8.0,0.0,KILM,0.6226,62.26,last_quarter,0.9370078740157479,1.311023622047244,2.019685039370078
2026-08-05 00:30:10+00:00,0.7,1.97,82.0,S,Slight Chance Showers And Thunderstorms,False,7.0,0.0,KILM,0.6182,61.82,last_quarter,0.9370078740157479,1.311023622047244,2.019685039370078
2026-08-05 00:35:10+00:00,0.75,1.97,82.0,S,Slight Chance Showers And Thunderstorms,False,7.0,0.0,KSUT,0.6182,61.82,last_quarter,0.9370078740157479,1.311023622047244,2.019685039370078
2026-08-05 00:40:10+00:00,0.8200000000000001,1.97,82.0,S,Slight Chance Showers And Thunderstorms,False,7.0,0.0,KILM,0.6182,61.82,last_quarter,0.9370078740157479,1.311023622047244,2.019685039370078
2026-08-05 00:45:10+00:00,0.8600000000000001,1.97,82.0,S,Slight Chance Showers And Thunderstorms,False,7.0,0.0,KILM,0.6182,61.82,last_quarter,0.9370078740157479,1.311023622047244,2.019685039370078
2026-08-05 00:50:10+00:00,0.93,1.97,82.0,S,Slight Chance Showers And Thunderstorms,False,7.0,0.0,KILM,0.6182,61.82,last_quarter,0.9370078740157479,1.311023622047244,2.019685039370078
2026-08-05 00:55:10+00:00,0.99,1.97,82.0,S,Slight Chance Showers And Thunderstorms,False,7.0,0.0,KSUT,0.6182,61.82,last_quarter,0.9370078740157479,1.311023622047244,2.019685039370078
2026-08-05 01:00:10+00:00,1.04,1.97,82.0,S,Slight Chance Showers And Thunderstorms,False,7.0,0.0,KILM,0.6182,61.82,last_quarter,0.9370078740157479,1.311023622047244,2.019685039370078
2026-08-05 01:05:10+00:00,1.1,1.97,82.0,S,Slight Chance Showers And Thunderstorms,False,7.0,0.0,KILM,0.6182,61.82,last_quarter,0.9370078740157479,1.311023622047244,2.019685039370078
2026-08-05 01:10:10+00:00,1.16,1.97,82.0,S,Slight Chance Showers And Thunderstorms,False,7.0,0.0,KILM,0.6182,61.82,last_quarter,0.9370078740157479,1.311023622047244,2.019685039370078
2026-08-05 01:15:10+00:00,1.21,1.97,82.0,S,Slight Chance Showers And Thunderstorms,False,7.0,0.0,KSUT,0.6182,61.82,last_quarter,0.9370078740157479,1.311023622047244,2.019685039370078
2026-08-05 01:20:10+00:00,1.26,1.97,82.0,S,Slight Chance Showers And Thunderstorms,False,7.0,0.0,KILM,0.6182,61.82,last_quarter,0.9370078740157479,1.311023622047244,2.019685039370078
2026-08-05 01:25:10+00:00,1.3,1.97,82.0,S,Slight Chance Showers And Thunderstorms,False,7.0,0.0,KILM,0.6182,61.82,last_quarter,0.9370078740157479,1.311023622047244,2.019685039370078
2026-08-05 01:30:10+00:00,1.35,2.804,81.0,SW,Slight Chance Showers And Thunderstorms,False,7.0,0.0,KILM,0.6137,61.37,last_quarter,0.9370078740157479,1.311023622047244,2.019685039370078
2026-08-05 01:35:10+00:00,1.4,2.804,81.0,SW,Slight Chance Showers And Thunderstorms,False,7.0,0.0,KSUT,0.6137,61.37,last_quarter,0.9370078740157479,1.311023622047244,2.019685039370078
2026-08-05 01:40:10+00:00,1.45,2.804,81.0,SW,Slight Chance Showers And Thunderstorms,False,7.0,0.0,KILM,0.6137,61.37,last_quarter,0.9370078740157479,1.311023622047244,2.019685039370078
2026-08-05 01:45:10+00:00,1.51,2.804,81.0,SW,Slight Chance Showers And Thunderstorms,False,7.0,0.0,KILM,0.6137,61.37,last_quarter,0.9370078740157479,1.311023622047244,2.019685039370078
2026-08-05 01:50:10+00:00,1.57,2.804,81.0,SW,Slight Chance Showers And Thunderstorms,False,7.0,0.0,KILM,0.6137,61.37,last_quarter,0.9370078740157479,1.311023622047244,2.019685039370078
2026-08-05 01:55:10+00:00,1.63,2.804,81.0,SW,Slight Chance Showers And Thunderstorms,False,7.0,0.0,KSUT,0.6137,61.37,last_quarter,0.9370078740157479,1.311023622047244,2.019685039370078
2026-08-05 02:00:10+00:00,1.69,2.804,81.0,SW,Slight Chance Showers And Thunderstorms,False,7.0,0.0,KILM,0.6137,61.37,last_quarter,0.9370078740157479,1.311023622047244,2.019685039370078
2026-08-05 02:05:10+00:00,1.75,2.804,81.0,SW,Slight Chance Showers And Thunderstorms,False,7.0,0.0,KILM,0.6137,61.37,last_quarter,0.9370078740157479,1.311023622047244,2.019685039370078
2026-08-05 02:10:10+00:00,1.82,2.804,81.0,SW,Slight Chance Showers And Thunderstorms,False,7.0,0.0,KILM,0.6137,61.37,last_quarter,0.9370078740157479,1.311023622047244,2.019685039370078
2026-08-05 02:15:10+00:00,1.88,2.804,81.0,SW,Slight Chance Showers And Thunderstorms,False,7.0,0.0,KSUT,0.6137,61.37,last_quarter,0.9370078740157479,1.311023622047244,2.019685039370078
2026-08-05 02:20:10+00:00,1.94,2.804,81.0,SW,Slight Chance Showers And Thunderstorms,False,7.0,0.0,KILM,0.6137,61.37,last_quarter,0.9370078740157479,1.311023622047244,2.019685039370078
2026-08-05 02:25:10+00:00,2.01,2.804,81.0,SW,Slight Chance Showers And Thunderstorms,False,7.0,0.0,KILM,0.6137,61.37,last_quarter,0.9370078740157479,1.311023622047244,2.019685039370078
2026-08-05 02:30:10+00:00,2.08,3.526,80.0,SW,Slight Chance Showers And Thunderstorms,False,7.0,0.0,KILM,0.6092,60.92,last_quarter,0.9370078740157479,1.311023622047244,2.019685039370078
2026-08-05 02:35:10+00:00,2.14,3.526,80.0,SW,Slight Chance Showers And Thunderstorms,False,7.0,0.0,KSUT,0.6092,60.92,last_quarter,0.9370078740157479,1.311023622047244,2.019685039370078
2026-08-05 02:40:10+00:00,2.19,3.526,80.0,SW,Slight Chance Showers And Thunderstorms,False,7.0,0.0,KILM,0.6092,60.92,last_quarter,0.9370078740157479,1.311023622047244,2.019685039370078
2026-08-05 02:45:10+00:00,2.26,3.526,80.0,SW,Slight Chance Showers And Thunderstorms,False,7.0,0.0,KILM,0.6092,60.92,last_quarter,0.9370078740157479,1.311023622047244,2.019685039370078
2026-08-05 02:50:10+00:00,2.33,3.526,80.0,SW,Slight Chance Showers And Thunderstorms,False,7.0,0.0,KILM,0.6092,60.92,last_quarter,0.9370078740157479,1.311023622047244,2.019685039370078
2026-08-05 02:55:10+00:00,2.39,3.526,80.0,SW,Slight Chance Showers And Thunderstorms,False,7.0,0.0,KSUT,0.6092,60.92,last_quarter,0.9370078740157479,1.311023622047244,2.019685039370078
2026-08-05 03:00:10+00:00,2.44,3.526,80.0,SW,Slight Chance Showers And Thunderstorms,False,7.0,0.0,KILM,0.6092,60.92,last_quarter,0.9370078740157479,1.311023622047244,2.019685039370078
2026-08-05 03:05:10+00:00,2.49,3.526,80.0,SW,Slight Chance Showers And Thunderstorms,False,7.0,0.0,KILM,0.6092,60.92,last_quarter,0.9370078740157479,1.311023622047244,2.019685039370078
2026-08-05 03:10:10+00:00,2.54,3.526,80.0,SW,Slight Chance Showers And Thunderstorms,False,7.0,0.0,KILM,0.6092,60.92,last_quarter,0.9370078740157479,1.311023622047244,2.019685039370078
2026-08-05 03:15:10+00:00,2.6,3.526,80.0,SW,Slight Chance Showers And Thunderstorms,False,7.0,0.0,KSUT,0.6092,60.92,last_quarter,0.9370078740157479,1.311023622047244,2.019685039370078
2026-08-05 03:20:10+00:00,2.67,3.526,80.0,SW,Slight Chance Showers And Thunderstorms,False,7.0,0.0,KILM,0.6092,60.92,last_quarter,0.9370078740157479,1.311023622047244,2.019685039370078
2026-08-05 03:25:10+00:00,2.73,3.526,80.0,SW,Slight Chance Showers And Thunderstorms,False,7.0,0.0,KILM,0.6092,60.92,last_quarter,0.9370078740157479,1.311023622047244,2.019685039370078
2026-08-05 03:30:10+00:00,2.76,3.935,80.0,SW,Slight Chance Showers And Thunderstorms,False,6.0,0.0,KILM,0.6047,60.47,last_quarter,0.9370078740157479,1.311023622047244,2.019685039370078
2026-08-05 03:35:10+00:00,2.8,3.935,80.0,SW,Slight Chance Showers And Thunderstorms,False,6.0,0.0,KSUT,0.6047,60.47,last_quarter,0.9370078740157479,1.311023622047244,1.8700787401574794
2026-08-05 03:40:10+00:00,2.85,3.935,80.0,SW,Slight Chance Showers And Thunderstorms,False,6.0,0.0,KILM,0.6047,60.47,last_quarter,0.9370078740157479,1.311023622047244,1.8700787401574794
2026-08-05 03:45:10+00:00,2.91,3.935,80.0,SW,Slight Chance Showers And Thunderstorms,False,6.0,0.0,KILM,0.6047,60.47,last_quarter,0.9370078740157479,1.311023622047244,1.8700787401574794
2026-08-05 03:50:10+00:00,2.96,3.935,80.0,SW,Slight Chance Showers And Thunderstorms,False,6.0,0.0,KILM,0.6047,60.47,last_quarter,0.9370078740157479,1.311023622047244,1.8700787401574794
2026-08-05 03:55:10+00:00,3.0,3.935,80.0,SW,Slight Chance Showers And Thunderstorms,False,6.0,0.0,KILM,0.6047,60.47,last_quarter,0.9370078740157479,1.311023622047244,1.8700787401574794
2026-08-05 04:00:10+00:00,3.05,3.935,80.0,SW,Slight Chance Showers And Thunderstorms,False,6.0,0.0,KILM,0.6047,60.47,last_quarter,0.9370078740157479,1.311023622047244,1.8700787401574794
2026-08-05 04:05:10+00:00,3.09,3.935,80.0,SW,Slight Chance Showers And Thunderstorms,False,6.0,0.0,KILM,0.6047,60.47,last_quarter,0.9370078740157479,1.311023622047244,1.8700787401574794
2026-08-05 04:10:10+00:00,3.13,3.935,80.0,SW,Slight Chance Showers And Thunderstorms,False,6.0,0.0,KILM,0.6047,60.47,last_quarter,0.9370078740157479,1.311023622047244,1.8700787401574794
2026-08-05 04:15:10+00:00,3.16,3.935,80.0,SW,Slight Chance Showers And Thunderstorms,False,6.0,0.0,KILM,0.6047,60.47,last_quarter,0.9370078740157479,1.311023622047244,1.8700787401574794
2026-08-05 04:20:10+00:00,3.19,3.935,80.0,SW,Slight Chance Showers And Thunderstorms,False,6.0,0.0,KILM,0.6047,60.47,last_quarter,0.9370078740157479,1.311023622047244,1.8700787401574794
2026-08-05 04:25:10+00:00,3.23,3.935,80.0,SW,Slight Chance Showers And Thunderstorms,False,6.0,0.0,KILM,0.6047,60.47,last_quarter,0.9370078740157479,1.311023622047244,1.8700787401574794
2026-08-05 04:30:10+00:00,3.27,3.883,80.0,SW,Slight Chance Showers And Thunderstorms,False,6.0,0.0,KILM,0.6002,60.02,last_quarter,0.9370078740157479,1.311023622047244,1.8700787401574794
2026-08-05 04:35:10+00:00,3.3,3.883,80.0,SW,Slight Chance Showers And Thunderstorms,False,6.0,0.0,KILM,0.6002,60.02,last_quarter,0.9370078740157479,1.311023622047244,1.5393700787401565
2026-08-05 04:40:10+00:00,3.34,3.883,80.0,SW,Slight Chance Showers And Thunderstorms,False,6.0,0.0,KILM,0.6002,60.02,last_quarter,0.9370078740157479,1.311023622047244,1.5393700787401565
2026-08-05 04:45:10+00:00,3.3600000000000003,3.883,80.0,SW,Slight Chance Showers And Thunderstorms,False,6.0,0.0,KILM,0.6002,60.02,last_quarter,0.9370078740157479,1.311023622047244,1.5393700787401565
2026-08-05 04:50:10+00:00,3.37,3.883,80.0,SW,Slight Chance Showers And Thunderstorms,False,6.0,0.0,KILM,0.6002,60.02,last_quarter,0.9370078740157479,1.311023622047244,1.5393700787401565
2026-08-05 04:55:10+00:00,3.37,3.883,80.0,SW,Slight Chance Showers And Thunderstorms,False,6.0,0.0,KILM,0.6002,60.02,last_quarter,0.9370078740157479,1.311023622047244,1.5393700787401565
2026-08-05 05:00:10+00:00,3.39,3.883,80.0,SW,Slight Chance Showers And Thunderstorms,False,6.0,0.0,KILM,0.6002,60.02,last_quarter,0.9370078740157479,1.311023622047244,1.5393700787401565
2026-08-05 05:05:10+00:00,3.39,3.883,80.0,SW,Slight Chance Showers And Thunderstorms,False,6.0,0.0,KILM,0.6002,60.02,last_quarter,0.9370078740157479,1.311023622047244,1.5393700787401565
2026-08-05 05:10:10+00:00,3.41,3.883,80.0,SW,Slight Chance Showers And Thunderstorms,False,6.0,0.0,KILM,0.6002,60.02,last_quarter,0.9370078740157479,1.311023622047244,1.5393700787401565
2026-08-05 05:15:10+00:00,3.39,3.883,80.0,SW,Slight Chance Showers And Thunderstorms,False,6.0,0.0,KILM,0.6002,60.02,last_quarter,0.9370078740157479,1.311023622047244,1.5393700787401565
2026-08-05 05:20:10+00:00,3.37,3.883,80.0,SW,Slight Chance Showers And Thunderstorms,False,6.0,0.0,KILM,0.6002,60.02,last_quarter,0.9370078740157479,1.311023622047244,1.5393700787401565
2026-08-05 05:25:10+00:00,3.35,3.883,80.0,SW,Slight Chance Showers And Thunderstorms,False,6.0,0.0,KILM,0.6002,60.02,last_quarter,0.9370078740157479,1.311023622047244,1.5393700787401565
2026-08-05 05:30:10+00:00,3.35,3.326,79.0,SW,Chance Showers And Thunderstorms,False,3.0,0.0,KILM,0.5957,59.57,last_quarter,0.9370078740157479,1.311023622047244,1.5393700787401565
2026-08-05 05:35:10+00:00,3.33,3.326,79.0,SW,Chance Showers And Thunderstorms,False,3.0,0.0,KILM,0.5957,59.57,last_quarter,0.9370078740157479,1.311023622047244,1.5393700787401565
2026-08-05 05:40:10+00:00,3.29,3.326,79.0,SW,Chance Showers And Thunderstorms,False,3.0,0.0,KILM,0.5957,59.57,last_quarter,0.9370078740157479,1.311023622047244,1.5393700787401565
2026-08-05 05:45:10+00:00,3.25,3.326,79.0,SW,Chance Showers And Thunderstorms,False,3.0,0.0,KILM,0.5957,59.57,last_quarter,0.9370078740157479,1.311023622047244,1.5393700787401565
2026-08-05 05:50:10+00:00,3.2,3.326,79.0,SW,Chance Showers And Thunderstorms,False,3.0,0.0,KILM,0.5957,59.57,last_quarter,0.9370078740157479,1.311023622047244,1.5393700787401565
2026-08-05 05:55:10+00:00,3.15,3.326,79.0,SW,Chance Showers And Thunderstorms,False,3.0,0.0,KILM,0.5957,59.57,last_quarter,0.9370078740157479,1.311023622047244,1.5393700787401565
2026-08-05 06:00:10+00:00,3.1,3.326,79.0,SW,Chance Showers And Thunderstorms,False,3.0,0.0,KILM,0.5957,59.57,last_quarter,0.9370078740157479,1.311023622047244,1.5393700787401565
2026-08-05 06:05:10+00:00,3.05,3.326,79.0,SW,Chance Showers And Thunderstorms,False,3.0,0.0,KILM,0.5957,59.57,last_quarter,0.9370078740157479,1.311023622047244,1.5393700787401565
2026-08-05 06:10:10+00:00,2.96,3.326,79.0,SW,Chance Showers And Thunderstorms,False,3.0,0.0,KILM,0.5957,59.57,last_quarter,0.9370078740157479,1.311023622047244,1.5393700787401565
2026-08-05 06:15:10+00:00,2.92,3.326,79.0,SW,Chance Showers And Thunderstorms,False,3.0,0.0,KILM,0.5957,59.57,last_quarter,0.9370078740157479,1.311023622047244,1.5275590551181095
2026-08-05 06:20:10+00:00,2.87,3.326,79.0,SW,Chance Showers And Thunderstorms,False,3.0,0.0,KILM,0.5957,59.57,last_quarter,0.9370078740157479,1.311023622047244,1.5275590551181095
2026-08-05 06:25:10+00:00,2.81,3.326,79.0,SW,Chance Showers And Thunderstorms,False,3.0,0.0,KILM,0.5957,59.57,last_quarter,0.9370078740157479,1.311023622047244,1.5275590551181095
2026-08-05 06:30:10+00:00,2.75,2.414,78.0,SW,Chance Showers And Thunderstorms,False,3.0,0.0,KILM,0.5911,59.11,last_quarter,0.9370078740157479,1.311023622047244,1.5275590551181095
2026-08-05 06:35:10+00:00,2.69,2.414,78.0,SW,Chance Showers And Thunderstorms,False,3.0,0.0,KILM,0.5911,59.11,last_quarter,0.9370078740157479,1.311023622047244,1.5157480314960623
2026-08-05 06:40:10+00:00,2.62,2.414,78.0,SW,Chance Showers And Thunderstorms,False,3.0,0.0,KILM,0.5911,59.11,last_quarter,0.9370078740157479,1.311023622047244,1.5157480314960623
2026-08-05 06:45:10+00:00,2.57,2.414,78.0,SW,Chance Showers And Thunderstorms,False,3.0,0.0,KILM,0.5911,59.11,last_quarter,0.9370078740157479,1.311023622047244,1.5157480314960623
2026-08-05 06:50:10+00:00,2.51,2.414,78.0,SW,Chance Showers And Thunderstorms,False,3.0,0.0,KILM,0.5911,59.11,last_quarter,0.9370078740157479,1.311023622047244,1.5157480314960623
2026-08-05 06:55:10+00:00,2.45,2.414,78.0,SW,Chance Showers And Thunderstorms,False,3.0,0.0,KILM,0.5911,59.11,last_quarter,0.9370078740157479,1.311023622047244,1.5157480314960623
2026-08-05 07:00:10+00:00,2.39,2.414,78.0,SW,Chance Showers And Thunderstorms,False,3.0,0.0,KILM,0.5911,59.11,last_quarter,0.9370078740157479,1.311023622047244,1.5157480314960623
2026-08-05 07:05:10+00:00,2.34,2.414,78.0,SW,Chance Showers And Thunderstorms,False,3.0,0.0,KILM,0.5911,59.11,last_quarter,0.9370078740157479,1.311023622047244,1.5157480314960623
2026-08-05 07:10:10+00:00,2.27,2.414,78.0,SW,Chance Showers And Thunderstorms,False,3.0,0.0,KILM,0.5911,59.11,last_quarter,0.9370078740157479,1.311023622047244,1.5157480314960623
2026-08-05 07:15:10+00:00,2.2,2.414,78.0,SW,Chance Showers And Thunderstorms,False,3.0,0.0,KILM,0.5911,59.11,last_quarter,0.9370078740157479,1.311023622047244,1.5157480314960623
2026-08-05 07:20:10+00:00,2.13,2.414,78.0,SW,Chance Showers And Thunderstorms,False,3.0,0.0,KILM,0.5911,59.11,last_quarter,0.9370078740157479,1.311023622047244,1.5157480314960623
2026-08-05 07:25:10+00:00,2.07,2.414,78.0,SW,Chance Showers And Thunderstorms,False,3.0,0.0,KILM,0.5911,59.11,last_quarter,0.9370078740157479,1.311023622047244,1.5157480314960623
2026-08-05 07:30:10+00:00,1.99,1.453,78.0,SW,Chance Showers And Thunderstorms,False,3.0,0.0,KILM,0.5866,58.66,last_quarter,0.9370078740157479,1.311023622047244,1.5157480314960623
2026-08-05 07:35:10+00:00,1.94,1.453,78.0,SW,Chance Showers And Thunderstorms,False,3.0,0.0,KILM,0.5866,58.66,last_quarter,0.9370078740157479,1.311023622047244,1.5157480314960623
2026-08-05 07:40:10+00:00,1.87,1.453,78.0,SW,Chance Showers And Thunderstorms,False,3.0,0.0,KILM,0.5866,58.66,last_quarter,0.9370078740157479,1.311023622047244,1.5157480314960623
2026-08-05 07:45:10+00:00,1.81,1.453,78.0,SW,Chance Showers And Thunderstorms,False,3.0,0.0,KILM,0.5866,58.66,last_quarter,0.9370078740157479,1.311023622047244,1.5157480314960623
2026-08-05 07:50:10+00:00,1.76,1.453,78.0,SW,Chance Showers And Thunderstorms,False,3.0,0.0,KILM,0.5866,58.66,last_quarter,0.9370078740157479,1.311023622047244,1.5157480314960623
2026-08-05 07:55:10+00:00,1.69,1.453,78.0,SW,Chance Showers And Thunderstorms,False,3.0,0.0,KILM,0.5866,58.66,last_quarter,0.9370078740157479,1.311023622047244,1.5157480314960623
2026-08-05 08:00:10+00:00,1.61,1.453,78.0,SW,Chance Showers And Thunderstorms,False,3.0,0.0,KILM,0.5866,58.66,last_quarter,0.9370078740157479,1.311023622047244,1.5157480314960623
2026-08-05 08:05:10+00:00,1.53,1.453,78.0,SW,Chance Showers And Thunderstorms,False,3.0,0.0,KILM,0.5866,58.66,last_quarter,0.9370078740157479,1.311023622047244,1.5157480314960623
2026-08-05 08:10:10+00:00,1.46,1.453,78.0,SW,Chance Showers And Thunderstorms,False,3.0,0.0,KILM,0.5866,58.66,last_quarter,0.9370078740157479,1.311023622047244,1.5157480314960623
2026-08-05 08:15:10+00:00,1.39,1.453,78.0,SW,Chance Showers And Thunderstorms,False,3.0,0.0,KILM,0.5866,58.66,last_quarter,0.9370078740157479,1.311023622047244,1.5157480314960623
2026-08-05 08:20:10+00:00,1.3199999999999998,1.453,78.0,SW,Chance Showers And Thunderstorms,False,3.0,0.0,KILM,0.5866,58.66,last_quarter,0.9370078740157479,1.311023622047244,1.5157480314960623
2026-08-05 08:25:10+00:00,1.25,1.453,78.0,SW,Chance Showers And Thunderstorms,False,3.0,0.0,KILM,0.5866,58.66,last_quarter,0.9370078740157479,1.311023622047244,1.5157480314960623
2026-08-05 08:30:10+00:00,1.1800000000000002,0.715,78.0,SW,Chance Showers And Thunderstorms,False,3.0,0.0,KILM,0.582,58.2,last_quarter,0.9370078740157479,1.311023622047244,1.5157480314960623
2026-08-05 08:35:10+00:00,1.12,0.715,78.0,SW,Chance Showers And Thunderstorms,False,3.0,0.0,KILM,0.582,58.2,last_quarter,0.9370078740157479,1.311023622047244,1.5157480314960623
2026-08-05 08:40:10+00:00,1.06,0.715,78.0,SW,Chance Showers And Thunderstorms,False,3.0,0.0,KILM,0.582,58.2,last_quarter,0.9370078740157479,1.311023622047244,1.5157480314960623
2026-08-05 08:45:10+00:00,0.99,0.715,78.0,SW,Chance Showers And Thunderstorms,False,3.0,0.0,KILM,0.582,58.2,last_quarter,0.9370078740157479,1.311023622047244,1.5157480314960623
2026-08-05 08:50:10+00:00,0.92,0.715,78.0,SW,Chance Showers And Thunderstorms,False,3.0,0.0,KILM,0.582,58.2,last_quarter,0.9370078740157479,1.311023622047244,1.5157480314960623
2026-08-05 08:55:10+00:00,0.8500000000000001,0.715,78.0,SW,Chance Showers And Thunderstorms,False,3.0,0.0,KILM,0.582,58.2,last_quarter,0.9370078740157479,1.311023622047244,1.5157480314960623
2026-08-05 09:00:10+00:00,0.78,0.715,78.0,SW,Chance Showers And Thunderstorms,False,3.0,0.0,KILM,0.582,58.2,last_quarter,0.9370078740157479,1.311023622047244,1.5157480314960623
2026-08-05 09:05:10+00:00,0.72,0.715,78.0,SW,Chance Showers And Thunderstorms,False,3.0,0.0,KILM,0.582,58.2,last_quarter,0.9370078740157479,1.311023622047244,1.5157480314960623
2026-08-05 09:10:10+00:00,0.6599999999999999,0.715,78.0,SW,Chance Showers And Thunderstorms,False,3.0,0.0,KILM,0.582,58.2,last_quarter,0.7559055118110234,1.311023622047244,1.5157480314960623
2026-08-05 09:15:10+00:00,0.6000000000000001,0.715,78.0,SW,Chance Showers And Thunderstorms,False,3.0,0.0,KILM,0.582,58.2,last_quarter,0.7559055118110234,1.311023622047244,1.5157480314960623
2026-08-05 09:20:10+00:00,0.52,0.715,78.0,SW,Chance Showers And Thunderstorms,False,3.0,0.0,KILM,0.582,58.2,last_quarter,0.7559055118110234,1.311023622047244,1.5157480314960623
2026-08-05 09:25:10+00:00,0.4399999999999999,0.715,78.0,SW,Chance Showers And Thunderstorms,False,3.0,0.0,KILM,0.582,58.2,last_quarter,0.7559055118110234,1.311023622047244,1.5157480314960623
2026-08-05 09:35:10+00:00,0.3400000000000001,0.318,78.0,SW,Chance Showers And Thunderstorms,True,3.0,0.0,KILM,0.5774,57.74,last_quarter,0.7559055118110234,1.311023622047244,1.5157480314960623
2026-08-05 09:45:10+00:00,0.2099999999999999,0.318,78.0,SW,Chance Showers And Thunderstorms,True,3.0,0.0,KILM,0.5774,57.74,last_quarter,0.7559055118110234,1.311023622047244,1.5157480314960623
2026-08-05 09:55:10+00:00,0.09,0.318,78.0,SW,Chance Showers And Thunderstorms,True,3.0,0.0,KILM,0.5774,57.74,last_quarter,0.7559055118110234,1.311023622047244,1.5157480314960623
2026-08-05 10:00:10+00:00,0.05,0.318,78.0,SW,Chance Showers And Thunderstorms,True,3.0,0.0,KILM,0.5774,57.74,last_quarter,0.7559055118110234,1.311023622047244,1.5157480314960623
2026-08-05 10:05:10+00:00,0.08,0.318,78.0,SW,Chance Showers And Thunderstorms,True,3.0,0.0,KILM,0.5774,57.74,last_quarter,0.7559055118110234,1.311023622047244,1.5157480314960623
2026-08-05 10:10:10+00:00,0.08,0.318,78.0,SW,Chance Showers And Thunderstorms,True,3.0,0.0,KILM,0.5774,57.74,last_quarter,0.7559055118110234,1.311023622047244,1.5157480314960623
2026-08-05 10:15:10+00:00,0.07,0.318,78.0,SW,Chance Showers And Thunderstorms,True,3.0,0.0,KILM,0.5774,57.74,last_quarter,0.7559055118110234,1.311023622047244,1.5157480314960623
2026-08-05 10:20:10+00:00,0.05,0.318,78.0,SW,Chance Showers And Thunderstorms,True,3.0,0.2007874015748031,KILM,0.5774,57.74,last_quarter,0.9566929133858265,1.511811023622047,1.7165354330708653
2026-08-05 10:25:10+00:00,0.04,0.318,78.0,SW,Chance Showers And Thunderstorms,True,3.0,0.0,KILM,0.5774,57.74,last_quarter,0.33858267716535406,1.511811023622047,1.7165354330708653
2026-08-05 10:30:10+00:00,0.03,0.299,78.0,SW,Chance Showers And Thunderstorms,True,3.0,0.0,KILM,0.5729,57.29,last_quarter,0.33858267716535406,1.511811023622047,1.7165354330708653
2026-08-05 10:35:10+00:00,0.03,0.299,78.0,SW,Chance Showers And Thunderstorms,True,3.0,0.0,KILM,0.5729,57.29,last_quarter,0.33858267716535406,1.511811023622047,1.7165354330708653
2026-08-05 10:40:10+00:00,0.02,0.299,78.0,SW,Chance Showers And Thunderstorms,True,3.0,0.0,KILM,0.5729,57.29,last_quarter,0.33858267716535406,1.511811023622047,1.7165354330708653
2026-08-05 10:45:10+00:00,0.0,0.299,78.0,SW,Chance Showers And Thunderstorms,True,3.0,0.0,KILM,0.5729,57.29,last_quarter,0.33858267716535406,1.511811023622047,1.7165354330708653
2026-08-05 10:50:10+00:00,0.0,0.299,78.0,SW,Chance Showers And Thunderstorms,True,3.0,0.0,KILM,0.5729,57.29,last_quarter,0.33858267716535406,1.511811023622047,1.7165354330708653
2026-08-05 12:05:10+00:00,0.0,0.695,79.0,SW,Chance Showers And Thunderstorms,True,3.0,0.0,KILM,0.5683,56.83,last_quarter,0.33858267716535406,1.511811023622047,1.7165354330708653
2026-08-05 12:10:10+00:00,0.03,0.695,79.0,SW,Chance Showers And Thunderstorms,True,3.0,0.0,KILM,0.5683,56.83,last_quarter,0.33858267716535406,1.511811023622047,1.7165354330708653
2026-08-05 12:15:10+00:00,0.07,0.695,79.0,SW,Chance Showers And Thunderstorms,True,3.0,0.0,KILM,0.5683,56.83,last_quarter,0.27952755905511784,1.511811023622047,1.7165354330708653
2026-08-05 12:25:10+00:00,0.1299999999999999,0.695,79.0,SW,Chance Showers And Thunderstorms,True,3.0,0.0,KILM,0.5683,56.83,last_quarter,0.200787401574803,1.511811023622047,1.7165354330708653
2026-08-05 12:30:10+00:00,0.1399999999999999,1.485,81.0,SW,Chance Showers And Thunderstorms,True,3.0,0.0,KILM,0.5637,56.37,last_quarter,0.200787401574803,1.511811023622047,1.7165354330708653
2026-08-05 12:35:10+00:00,0.1699999999999999,1.485,81.0,SW,Chance Showers And Thunderstorms,True,3.0,0.0,KILM,0.5637,56.37,last_quarter,0.200787401574803,1.511811023622047,1.7165354330708653
2026-08-05 12:40:10+00:00,0.2099999999999999,1.485,81.0,SW,Chance Showers And Thunderstorms,True,3.0,0.0,KILM,0.5637,56.37,last_quarter,0.200787401574803,1.511811023622047,1.7165354330708653
2026-08-05 12:45:10+00:00,0.3,1.485,81.0,SW,Chance Showers And Thunderstorms,True,3.0,0.0,KILM,0.5637,56.37,last_quarter,0.200787401574803,1.511811023622047,1.7165354330708653
2026-08-05 12:50:10+00:00,0.3600000000000001,1.485,81.0,SW,Chance Showers And Thunderstorms,True,3.0,0.0,KILM,0.5637,56.37,last_quarter,0.200787401574803,1.511811023622047,1.7165354330708653
2026-08-05 12:55:10+00:00,0.3600000000000001,1.485,81.0,SW,Chance Showers And Thunderstorms,True,3.0,0.0,KILM,0.5637,56.37,last_quarter,0.200787401574803,1.511811023622047,1.7165354330708653
2026-08-05 13:00:10+00:00,0.3500000000000001,1.485,81.0,SW,Chance Showers And Thunderstorms,True,3.0,0.0,KILM,0.5637,56.37,last_quarter,0.200787401574803,1.511811023622047,1.7165354330708653
2026-08-05 13:05:10+00:00,0.3700000000000001,1.485,81.0,SW,Chance Showers And Thunderstorms,True,3.0,0.0,KILM,0.5637,56.37,last_quarter,0.200787401574803,1.511811023622047,1.7165354330708653
2026-08-05 13:10:10+00:00,0.47,1.485,81.0,SW,Chance Showers And Thunderstorms,True,3.0,0.0,KILM,0.5637,56.37,last_quarter,0.200787401574803,1.511811023622047,1.7165354330708653
2026-08-05 13:15:10+00:00,0.53,1.485,81.0,SW,Chance Showers And Thunderstorms,True,3.0,0.0,KILM,0.5637,56.37,last_quarter,0.200787401574803,1.511811023622047,1.7165354330708653
2026-08-05 13:20:10+00:00,0.6100000000000001,1.485,81.0,SW,Chance Showers And Thunderstorms,True,3.0,0.0,KILM,0.5637,56.37,last_quarter,0.200787401574803,1.511811023622047,1.7165354330708653
2026-08-05 13:25:10+00:00,0.6499999999999999,1.485,81.0,SW,Chance Showers And Thunderstorms,True,3.0,0.0,KILM,0.5637,56.37,last_quarter,0.200787401574803,1.511811023622047,1.7165354330708653
2026-08-05 13:30:10+00:00,0.6699999999999999,2.51,84.0,SW,Chance Showers And Thunderstorms,True,5.0,0.0,KILM,0.559,55.9,last_quarter,0.200787401574803,1.511811023622047,1.7165354330708653
2026-08-05 13:35:10+00:00,0.71,2.51,84.0,SW,Chance Showers And Thunderstorms,True,5.0,0.0,KILM,0.559,55.9,last_quarter,0.200787401574803,1.511811023622047,1.7165354330708653
2026-08-05 13:40:10+00:00,0.76,2.51,84.0,SW,Chance Showers And Thunderstorms,True,5.0,0.0,KILM,0.559,55.9,last_quarter,0.200787401574803,1.511811023622047,1.7165354330708653
2026-08-05 13:45:10+00:00,0.8400000000000001,2.51,84.0,SW,Chance Showers And Thunderstorms,True,5.0,0.0,KILM,0.559,55.9,last_quarter,0.200787401574803,1.511811023622047,1.7165354330708653
2026-08-05 13:50:10+00:00,0.92,2.51,84.0,SW,Chance Showers And Thunderstorms,True,5.0,0.0,KILM,0.559,55.9,last_quarter,0.200787401574803,1.511811023622047,1.7165354330708653
2026-08-05 13:55:10+00:00,1.01,2.51,84.0,SW,Chance Showers And Thunderstorms,True,5.0,0.0,KILM,0.559,55.9,last_quarter,0.200787401574803,1.511811023622047,1.7165354330708653
2026-08-05 14:00:10+00:00,1.09,2.51,84.0,SW,Chance Showers And Thunderstorms,True,5.0,0.0,KILM,0.559,55.9,last_quarter,0.200787401574803,1.511811023622047,1.7165354330708653
2026-08-05 14:05:10+00:00,1.16,2.51,84.0,SW,Chance Showers And Thunderstorms,True,5.0,0.0,KILM,0.559,55.9,last_quarter,0.200787401574803,1.511811023622047,1.7165354330708653
2026-08-05 14:10:10+00:00,1.25,2.51,84.0,SW,Chance Showers And Thunderstorms,True,5.0,0.0,KILM,0.559,55.9,last_quarter,0.200787401574803,1.511811023622047,1.7165354330708653
2026-08-05 14:15:10+00:00,1.3199999999999998,2.51,84.0,SW,Chance Showers And Thunderstorms,True,5.0,0.0,KILM,0.559,55.9,last_quarter,0.200787401574803,1.511811023622047,1.7165354330708653
2026-08-05 14:20:10+00:00,1.4,2.51,84.0,SW,Chance Showers And Thunderstorms,True,5.0,0.0,KILM,0.559,55.9,last_quarter,0.200787401574803,1.511811023622047,1.7165354330708653
2026-08-05 14:25:10+00:00,1.49,2.51,84.0,SW,Chance Showers And Thunderstorms,True,5.0,0.0,KILM,0.559,55.9,last_quarter,0.200787401574803,1.511811023622047,1.7165354330708653
2026-08-05 14:30:10+00:00,1.55,3.508,86.0,S,Chance Showers And Thunderstorms,True,6.0,0.0,KILM,0.5544,55.44,last_quarter,0.200787401574803,1.511811023622047,1.7165354330708653
2026-08-05 14:35:10+00:00,1.64,3.508,86.0,S,Chance Showers And Thunderstorms,True,6.0,0.0,KILM,0.5544,55.44,last_quarter,0.200787401574803,1.511811023622047,1.7165354330708653
2026-08-05 14:40:10+00:00,1.73,3.508,86.0,S,Chance Showers And Thunderstorms,True,6.0,0.0,KILM,0.5544,55.44,last_quarter,0.200787401574803,1.511811023622047,1.7165354330708653
2026-08-05 14:45:10+00:00,1.79,3.508,86.0,S,Chance Showers And Thunderstorms,True,6.0,0.0,KILM,0.5544,55.44,last_quarter,0.200787401574803,1.511811023622047,1.7165354330708653
2026-08-05 14:50:10+00:00,1.87,3.508,86.0,S,Chance Showers And Thunderstorms,True,6.0,0.0,KILM,0.5544,55.44,last_quarter,0.200787401574803,1.511811023622047,1.7165354330708653
2026-08-05 14:55:10+00:00,1.93,3.508,86.0,S,Chance Showers And Thunderstorms,True,6.0,0.0,KILM,0.5544,55.44,last_quarter,0.200787401574803,1.511811023622047,1.7165354330708653
2026-08-05 15:00:10+00:00,2.02,3.508,86.0,S,Chance Showers And Thunderstorms,True,6.0,0.0,KILM,0.5544,55.44,last_quarter,0.200787401574803,1.511811023622047,1.7165354330708653
2026-08-05 15:05:10+00:00,2.09,3.508,86.0,S,Chance Showers And Thunderstorms,True,6.0,0.0,KILM,0.5544,55.44,last_quarter,0.200787401574803,1.511811023622047,1.7165354330708653
2026-08-05 15:10:10+00:00,2.16,3.508,86.0,S,Chance Showers And Thunderstorms,True,6.0,0.0,KILM,0.5544,55.44,last_quarter,0.200787401574803,1.511811023622047,1.7165354330708653
2026-08-05 15:15:10+00:00,2.23,3.508,86.0,S,Chance Showers And Thunderstorms,True,6.0,0.0,KILM,0.5544,55.44,last_quarter,0.200787401574803,1.511811023622047,1.7165354330708653
2026-08-05 15:20:10+00:00,2.31,3.508,86.0,S,Chance Showers And Thunderstorms,True,6.0,0.0,KILM,0.5544,55.44,last_quarter,0.200787401574803,1.1614173228346454,1.7165354330708653
2026-08-05 15:25:10+00:00,2.41,3.508,86.0,S,Chance Showers And Thunderstorms,True,6.0,0.0,KILM,0.5544,55.44,last_quarter,0.200787401574803,1.1614173228346454,1.7165354330708653
2026-08-05 15:30:10+00:00,2.47,4.23,86.0,S,Chance Showers And Thunderstorms,True,7.0,0.0,KILM,0.5498,54.98,last_quarter,0.200787401574803,1.1614173228346454,1.7165354330708653
2026-08-05 15:35:10+00:00,2.52,4.23,86.0,S,Chance Showers And Thunderstorms,True,7.0,0.0,KILM,0.5498,54.98,last_quarter,0.200787401574803,1.1614173228346454,1.7165354330708653
2026-08-05 15:40:10+00:00,2.59,4.23,86.0,S,Chance Showers And Thunderstorms,True,7.0,0.0,KILM,0.5498,54.98,last_quarter,0.200787401574803,1.1614173228346454,1.7165354330708653
2026-08-05 15:45:10+00:00,2.66,4.23,86.0,S,Chance Showers And Thunderstorms,True,7.0,0.0,KILM,0.5498,54.98,last_quarter,0.200787401574803,1.1614173228346454,1.7165354330708653
2026-08-05 15:50:10+00:00,2.76,4.23,86.0,S,Chance Showers And Thunderstorms,True,7.0,0.0,KILM,0.5498,54.98,last_quarter,0.200787401574803,1.1614173228346454,1.7165354330708653
2026-08-05 15:55:10+00:00,2.83,4.23,86.0,S,Chance Showers And Thunderstorms,True,7.0,0.0,KILM,0.5498,54.98,last_quarter,0.200787401574803,1.1614173228346454,1.7165354330708653
2026-08-05 16:00:10+00:00,2.88,4.23,86.0,S,Chance Showers And Thunderstorms,True,7.0,0.0,KILM,0.5498,54.98,last_quarter,0.200787401574803,1.1614173228346454,1.7165354330708653
2026-08-05 16:05:10+00:00,2.93,4.23,86.0,S,Chance Showers And Thunderstorms,True,7.0,0.0,KILM,0.5498,54.98,last_quarter,0.200787401574803,1.1614173228346454,1.7165354330708653
2026-08-05 16:10:10+00:00,2.98,4.23,86.0,S,Chance Showers And Thunderstorms,True,7.0,0.0,KILM,0.5498,54.98,last_quarter,0.200787401574803,1.1614173228346454,1.7165354330708653
2026-08-05 16:15:10+00:00,3.0700000000000003,4.23,86.0,S,Chance Showers And Thunderstorms,True,7.0,0.0,KILM,0.5498,54.98,last_quarter,0.200787401574803,1.1614173228346454,1.7165354330708653
2026-08-05 16:20:10+00:00,3.12,4.23,86.0,S,Chance Showers And Thunderstorms,True,7.0,0.0,KILM,0.5498,54.98,last_quarter,0.200787401574803,1.1614173228346454,1.7165354330708653
2026-08-05 16:25:10+00:00,3.19,4.23,86.0,S,Chance Showers And Thunderstorms,True,7.0,0.0,KILM,0.5498,54.98,last_quarter,0.200787401574803,1.1614173228346454,1.7165354330708653
2026-08-05 16:30:10+00:00,3.26,4.502,86.0,S,Chance Showers And Thunderstorms,True,8.0,0.0,KILM,0.5451,54.51,last_quarter,0.200787401574803,1.1614173228346454,1.7165354330708653
2026-08-05 16:35:10+00:00,3.31,4.502,86.0,S,Chance Showers And Thunderstorms,True,8.0,0.0,KILM,0.5451,54.51,last_quarter,0.200787401574803,1.1614173228346454,1.7165354330708653
2026-08-05 16:40:10+00:00,3.3600000000000003,4.502,86.0,S,Chance Showers And Thunderstorms,True,8.0,0.0,KILM,0.5451,54.51,last_quarter,0.200787401574803,1.1614173228346454,1.7165354330708653
2026-08-05 16:45:10+00:00,3.39,4.502,86.0,S,Chance Showers And Thunderstorms,True,8.0,0.0,KILM,0.5451,54.51,last_quarter,0.200787401574803,1.1614173228346454,1.7165354330708653
2026-08-05 16:50:10+00:00,3.44,4.502,86.0,S,Chance Showers And Thunderstorms,True,8.0,0.0,KILM,0.5451,54.51,last_quarter,0.200787401574803,1.1614173228346454,1.7165354330708653
2026-08-05 16:55:10+00:00,3.48,4.502,86.0,S,Chance Showers And Thunderstorms,True,8.0,0.0,KILM,0.5451,54.51,last_quarter,0.200787401574803,1.1614173228346454,1.7165354330708653
2026-08-05 17:00:10+00:00,3.55,4.502,86.0,S,Chance Showers And Thunderstorms,True,8.0,0.0,KILM,0.5451,54.51,last_quarter,0.200787401574803,1.1614173228346454,1.7165354330708653
2026-08-05 17:05:10+00:00,3.58,4.502,86.0,S,Chance Showers And Thunderstorms,True,8.0,0.0,KILM,0.5451,54.51,last_quarter,0.200787401574803,1.1614173228346454,1.7165354330708653
2026-08-05 17:10:10+00:00,3.64,4.502,86.0,S,Chance Showers And Thunderstorms,True,8.0,0.0,KILM,0.5451,54.51,last_quarter,0.200787401574803,1.1614173228346454,1.7165354330708653
2026-08-05 17:15:10+00:00,3.67,4.502,86.0,S,Chance Showers And Thunderstorms,True,8.0,0.0,KILM,0.5451,54.51,last_quarter,0.200787401574803,1.1614173228346454,1.7165354330708653
2026-08-05 17:20:10+00:00,3.69,4.502,86.0,S,Chance Showers And Thunderstorms,True,8.0,0.0,KILM,0.5451,54.51,last_quarter,0.200787401574803,1.1614173228346454,1.7165354330708653
2026-08-05 17:25:10+00:00,3.72,4.502,86.0,S,Chance Showers And Thunderstorms,True,8.0,0.0,KILM,0.5451,54.51,last_quarter,0.200787401574803,1.1614173228346454,1.7165354330708653
2026-08-05 17:30:10+00:00,3.75,4.246,86.0,S,Chance Showers And Thunderstorms,True,9.0,0.0,KILM,0.5405,54.05,last_quarter,0.200787401574803,1.1614173228346454,1.7165354330708653
2026-08-05 17:35:10+00:00,3.77,4.246,86.0,S,Chance Showers And Thunderstorms,True,9.0,0.0,KILM,0.5405,54.05,last_quarter,0.200787401574803,1.1614173228346454,1.7165354330708653
2026-08-05 17:40:10+00:00,3.79,4.246,86.0,S,Chance Showers And Thunderstorms,True,9.0,0.0,KILM,0.5405,54.05,last_quarter,0.200787401574803,1.1614173228346454,1.7165354330708653
2026-08-05 17:45:10+00:00,3.76,4.246,86.0,S,Chance Showers And Thunderstorms,True,9.0,0.0,KILM,0.5405,54.05,last_quarter,0.200787401574803,1.1614173228346454,1.7165354330708653
2026-08-05 17:50:10+00:00,3.75,4.246,86.0,S,Chance Showers And Thunderstorms,True,9.0,0.0,KILM,0.5405,54.05,last_quarter,0.200787401574803,1.1614173228346454,1.7165354330708653
2026-08-05 17:55:10+00:00,3.78,4.246,86.0,S,Chance Showers And Thunderstorms,True,9.0,0.0,KILM,0.5405,54.05,last_quarter,0.200787401574803,1.1614173228346454,1.7165354330708653
2026-08-05 18:00:10+00:00,3.78,4.246,86.0,S,Chance Showers And Thunderstorms,True,9.0,0.0,KILM,0.5405,54.05,last_quarter,0.200787401574803,1.1614173228346454,1.7165354330708653
2026-08-05 18:05:10+00:00,3.75,4.246,86.0,S,Chance Showers And Thunderstorms,True,9.0,0.0,KILM,0.5405,54.05,last_quarter,0.200787401574803,1.1614173228346454,1.7165354330708653
2026-08-05 18:10:10+00:00,3.73,4.246,86.0,S,Chance Showers And Thunderstorms,True,9.0,0.0,KILM,0.5405,54.05,last_quarter,0.200787401574803,1.1614173228346454,1.7165354330708653
2026-08-05 18:15:10+00:00,3.7,4.246,86.0,S,Chance Showers And Thunderstorms,True,9.0,0.0,KILM,0.5405,54.05,last_quarter,0.200787401574803,1.1614173228346454,1.7165354330708653
2026-08-05 18:20:10+00:00,3.67,4.246,86.0,S,Chance Showers And Thunderstorms,True,9.0,0.0,KILM,0.5405,54.05,last_quarter,0.200787401574803,1.1614173228346454,1.7165354330708653
2026-08-05 18:25:10+00:00,3.65,4.246,86.0,S,Chance Showers And Thunderstorms,True,9.0,0.0,KILM,0.5405,54.05,last_quarter,0.200787401574803,1.1614173228346454,1.7165354330708653
2026-08-05 18:30:10+00:00,3.65,3.552,86.0,S,Chance Showers And Thunderstorms,True,10.0,0.0,KILM,0.5358,53.58,last_quarter,0.200787401574803,1.1614173228346454,1.7165354330708653
2026-08-05 18:35:10+00:00,3.59,3.552,86.0,S,Chance Showers And Thunderstorms,True,10.0,0.0,KILM,0.5358,53.58,last_quarter,0.200787401574803,1.1614173228346454,1.7165354330708653
2026-08-05 18:40:10+00:00,3.61,3.552,86.0,S,Chance Showers And Thunderstorms,True,10.0,0.0,KILM,0.5358,53.58,last_quarter,0.200787401574803,1.1614173228346454,1.7165354330708653
2026-08-05 18:45:10+00:00,3.5700000000000003,3.552,86.0,S,Chance Showers And Thunderstorms,True,10.0,0.0,KILM,0.5358,53.58,last_quarter,0.200787401574803,1.1614173228346454,1.7165354330708653
2026-08-05 18:50:10+00:00,3.51,3.552,86.0,S,Chance Showers And Thunderstorms,True,10.0,0.0,KILM,0.5358,53.58,last_quarter,0.200787401574803,1.1614173228346454,1.7165354330708653
2026-08-05 18:55:10+00:00,3.47,3.552,86.0,S,Chance Showers And Thunderstorms,True,10.0,0.0,KILM,0.5358,53.58,last_quarter,0.200787401574803,1.1614173228346454,1.7165354330708653
2026-08-05 19:00:10+00:00,3.41,3.552,86.0,S,Chance Showers And Thunderstorms,True,10.0,0.0,KILM,0.5358,53.58,last_quarter,0.200787401574803,1.1614173228346454,1.7165354330708653
2026-08-05 19:05:10+00:00,3.39,3.552,86.0,S,Chance Showers And Thunderstorms,True,10.0,0.0,KILM,0.5358,53.58,last_quarter,0.200787401574803,1.1614173228346454,1.7165354330708653
2026-08-05 19:10:10+00:00,3.3,3.552,86.0,S,Chance Showers And Thunderstorms,True,10.0,0.0,KILM,0.5358,53.58,last_quarter,0.200787401574803,1.1614173228346454,1.7165354330708653
2026-08-05 19:15:10+00:00,3.23,3.552,86.0,S,Chance Showers And Thunderstorms,True,10.0,0.0,KILM,0.5358,53.58,last_quarter,0.200787401574803,1.1614173228346454,1.7165354330708653
2026-08-05 19:20:10+00:00,3.18,3.552,86.0,S,Chance Showers And Thunderstorms,True,10.0,0.0,KILM,0.5358,53.58,last_quarter,0.200787401574803,1.1614173228346454,1.7165354330708653
2026-08-05 19:25:10+00:00,3.1,3.552,86.0,S,Chance Showers And Thunderstorms,True,10.0,0.0,KILM,0.5358,53.58,last_quarter,0.200787401574803,1.1614173228346454,1.7165354330708653
2026-08-05 19:30:10+00:00,3.04,2.675,87.0,S,Chance Showers And Thunderstorms,True,10.0,0.0,KILM,0.5312,53.12,last_quarter,0.200787401574803,1.1614173228346454,1.7165354330708653
2026-08-05 19:35:10+00:00,2.97,2.675,87.0,S,Chance Showers And Thunderstorms,True,10.0,0.0,KILM,0.5312,53.12,last_quarter,0.200787401574803,1.1614173228346454,1.7165354330708653
2026-08-05 19:40:10+00:00,2.94,2.675,87.0,S,Chance Showers And Thunderstorms,True,10.0,0.0,KILM,0.5312,53.12,last_quarter,0.200787401574803,1.1614173228346454,1.7165354330708653
2026-08-05 19:45:10+00:00,2.86,2.675,87.0,S,Chance Showers And Thunderstorms,True,10.0,0.0,KILM,0.5312,53.12,last_quarter,0.200787401574803,1.1614173228346454,1.7165354330708653
2026-08-05 19:50:10+00:00,2.78,2.675,87.0,S,Chance Showers And Thunderstorms,True,10.0,0.0,KILM,0.5312,53.12,last_quarter,0.200787401574803,1.1614173228346454,1.7165354330708653
2026-08-05 19:55:10+00:00,2.71,2.675,87.0,S,Chance Showers And Thunderstorms,True,10.0,0.0,KILM,0.5312,53.12,last_quarter,0.200787401574803,1.1614173228346454,1.7165354330708653
2026-08-05 20:00:10+00:00,2.66,2.675,87.0,S,Chance Showers And Thunderstorms,True,10.0,0.0,KILM,0.5312,53.12,last_quarter,0.200787401574803,1.1614173228346454,1.7165354330708653
2026-08-05 20:05:10+00:00,2.59,2.675,87.0,S,Chance Showers And Thunderstorms,True,10.0,0.0,KILM,0.5312,53.12,last_quarter,0.200787401574803,1.1614173228346454,1.7165354330708653
2026-08-05 20:10:10+00:00,2.55,2.675,87.0,S,Chance Showers And Thunderstorms,True,10.0,0.0,KILM,0.5312,53.12,last_quarter,0.200787401574803,1.1614173228346454,1.7165354330708653
2026-08-05 20:15:10+00:00,2.49,2.675,87.0,S,Chance Showers And Thunderstorms,True,10.0,0.0,KILM,0.5312,53.12,last_quarter,0.200787401574803,1.1614173228346454,1.7165354330708653
2026-08-05 20:20:10+00:00,2.43,2.675,87.0,S,Chance Showers And Thunderstorms,True,10.0,0.0,KILM,0.5312,53.12,last_quarter,0.200787401574803,1.1614173228346454,1.7165354330708653
2026-08-05 20:25:10+00:00,2.35,2.675,87.0,S,Chance Showers And Thunderstorms,True,10.0,0.0,KILM,0.5312,53.12,last_quarter,0.200787401574803,1.1614173228346454,1.7165354330708653
2026-08-05 20:30:10+00:00,2.28,1.884,86.0,S,Chance Showers And Thunderstorms,True,9.0,0.0,KILM,0.5265,52.65,last_quarter,0.200787401574803,1.1614173228346454,1.7165354330708653
2026-08-05 20:35:10+00:00,2.27,1.884,86.0,S,Chance Showers And Thunderstorms,True,9.0,0.0,KILM,0.5265,52.65,last_quarter,0.200787401574803,1.1614173228346454,1.7165354330708653
2026-08-05 20:40:10+00:00,2.18,1.884,86.0,S,Chance Showers And Thunderstorms,True,9.0,0.0,KILM,0.5265,52.65,last_quarter,0.200787401574803,1.1614173228346454,1.7165354330708653
2026-08-05 20:45:10+00:00,2.12,1.884,86.0,S,Chance Showers And Thunderstorms,True,9.0,0.0,KILM,0.5265,52.65,last_quarter,0.200787401574803,1.1614173228346454,1.7165354330708653
2026-08-05 20:50:10+00:00,2.05,1.884,86.0,S,Chance Showers And Thunderstorms,True,9.0,0.0,KILM,0.5265,52.65,last_quarter,0.200787401574803,1.1614173228346454,1.7165354330708653
2026-08-05 20:55:10+00:00,1.98,1.884,86.0,S,Chance Showers And Thunderstorms,True,9.0,0.0,KILM,0.5265,52.65,last_quarter,0.200787401574803,1.1614173228346454,1.7165354330708653
2026-08-05 21:00:10+00:00,1.95,1.884,86.0,S,Chance Showers And Thunderstorms,True,9.0,0.0,KILM,0.5265,52.65,last_quarter,0.200787401574803,1.1614173228346454,1.7165354330708653
2026-08-05 21:05:10+00:00,1.9,1.884,86.0,S,Chance Showers And Thunderstorms,True,9.0,0.0,KILM,0.5265,52.65,last_quarter,0.200787401574803,1.1614173228346454,1.7165354330708653
2026-08-05 21:10:10+00:00,1.87,1.884,86.0,S,Chance Showers And Thunderstorms,True,9.0,0.0,KILM,0.5265,52.65,last_quarter,0.200787401574803,1.1614173228346454,1.7165354330708653
2026-08-05 21:15:10+00:00,1.8,1.884,86.0,S,Chance Showers And Thunderstorms,True,9.0,0.0,KSUT,0.5265,52.65,last_quarter,0.200787401574803,1.1614173228346454,1.7165354330708653
2026-08-05 21:20:10+00:00,1.71,1.884,86.0,S,Chance Showers And Thunderstorms,True,9.0,0.0,KILM,0.5265,52.65,last_quarter,0.200787401574803,1.1614173228346454,1.7165354330708653
2026-08-05 21:25:10+00:00,1.65,1.884,86.0,S,Chance Showers And Thunderstorms,True,9.0,0.0,KILM,0.5265,52.65,last_quarter,0.200787401574803,1.1614173228346454,1.7165354330708653
2026-08-05 21:30:10+00:00,1.6,1.308,86.0,S,Chance Showers And Thunderstorms,False,9.0,0.0,KILM,0.5218,52.18,last_quarter,0.200787401574803,1.1614173228346454,1.7165354330708653
2026-08-05 21:35:10+00:00,1.56,1.308,86.0,S,Chance Showers And Thunderstorms,False,9.0,0.0,KSUT,0.5218,52.18,last_quarter,0.200787401574803,1.1614173228346454,1.7165354330708653
2026-08-05 21:40:10+00:00,1.48,1.308,86.0,S,Chance Showers And Thunderstorms,False,9.0,0.0,KILM,0.5218,52.18,last_quarter,0.200787401574803,1.1614173228346454,1.7165354330708653
2026-08-05 21:45:10+00:00,1.44,1.308,86.0,S,Chance Showers And Thunderstorms,False,9.0,0.0,KILM,0.5218,52.18,last_quarter,0.200787401574803,1.1614173228346454,1.7165354330708653
2026-08-05 21:50:10+00:00,1.38,1.308,86.0,S,Chance Showers And Thunderstorms,False,9.0,0.0,KILM,0.5218,52.18,last_quarter,0.200787401574803,1.1614173228346454,1.7165354330708653
2026-08-05 21:55:10+00:00,1.3199999999999998,1.308,86.0,S,Chance Showers And Thunderstorms,False,9.0,0.0,KSUT,0.5218,52.18,last_quarter,0.200787401574803,1.1614173228346454,1.7165354330708653
2026-08-05 22:00:10+00:00,1.26,1.308,86.0,S,Chance Showers And Thunderstorms,False,9.0,0.0,KILM,0.5218,52.18,last_quarter,0.200787401574803,1.1614173228346454,1.7165354330708653
2026-08-05 22:05:10+00:00,1.21,1.308,86.0,S,Chance Showers And Thunderstorms,False,9.0,0.0,KILM,0.5218,52.18,last_quarter,0.200787401574803,1.1614173228346454,1.7165354330708653
2026-08-05 22:10:10+00:00,1.14,1.308,86.0,S,Chance Showers And Thunderstorms,False,9.0,0.0,KILM,0.5218,52.18,last_quarter,0.200787401574803,1.1614173228346454,1.7165354330708653
2026-08-05 22:15:10+00:00,1.08,1.308,86.0,S,Chance Showers And Thunderstorms,False,9.0,0.0,KSUT,0.5218,52.18,last_quarter,0.200787401574803,1.1614173228346454,1.7165354330708653
2026-08-05 22:20:10+00:00,1.03,1.308,86.0,S,Chance Showers And Thunderstorms,False,9.0,0.0,KILM,0.5218,52.18,last_quarter,0.200787401574803,1.1614173228346454,1.7165354330708653
2026-08-05 22:25:10+00:00,0.96,1.308,86.0,S,Chance Showers And Thunderstorms,False,9.0,0.0,KILM,0.5218,52.18,last_quarter,0.200787401574803,1.1614173228346454,1.7165354330708653
2026-08-05 22:30:10+00:00,0.8999999999999999,0.974,84.0,S,Chance Showers And Thunderstorms,False,8.0,0.0,KILM,0.5171,51.71,last_quarter,0.200787401574803,1.1614173228346454,1.7165354330708653
2026-08-05 22:35:10+00:00,0.8600000000000001,0.974,84.0,S,Chance Showers And Thunderstorms,False,8.0,0.0,KSUT,0.5171,51.71,last_quarter,0.200787401574803,1.1614173228346454,1.7165354330708653
2026-08-05 22:40:10+00:00,0.8200000000000001,0.974,84.0,S,Chance Showers And Thunderstorms,False,8.0,0.0,KILM,0.5171,51.71,last_quarter,0.200787401574803,1.1614173228346454,1.7165354330708653
2026-08-05 22:45:10+00:00,0.76,0.974,84.0,S,Chance Showers And Thunderstorms,False,8.0,0.0,KILM,0.5171,51.71,last_quarter,0.200787401574803,1.1614173228346454,1.7165354330708653
2026-08-05 22:50:10+00:00,0.72,0.974,84.0,S,Chance Showers And Thunderstorms,False,8.0,0.0,KILM,0.5171,51.71,last_quarter,0.200787401574803,1.1614173228346454,1.7165354330708653
2026-08-05 22:55:10+00:00,0.6799999999999999,0.974,84.0,S,Chance Showers And Thunderstorms,False,8.0,0.0,KSUT,0.5171,51.71,last_quarter,0.200787401574803,1.1614173228346454,1.7165354330708653
2026-08-05 23:00:10+00:00,0.6499999999999999,0.974,84.0,S,Chance Showers And Thunderstorms,False,8.0,0.0,KILM,0.5171,51.71,last_quarter,0.200787401574803,1.1614173228346454,1.7165354330708653
2026-08-05 23:05:10+00:00,0.6399999999999999,0.974,84.0,S,Chance Showers And Thunderstorms,False,8.0,0.0,KILM,0.5171,51.71,last_quarter,0.200787401574803,1.1614173228346454,1.7165354330708653
2026-08-05 23:10:10+00:00,0.6100000000000001,0.974,84.0,S,Chance Showers And Thunderstorms,False,8.0,0.0,KILM,0.5171,51.71,last_quarter,0.200787401574803,1.1614173228346454,1.7165354330708653
2026-08-05 23:15:10+00:00,0.5800000000000001,0.974,84.0,S,Chance Showers And Thunderstorms,False,8.0,0.0,KSUT,0.5171,51.71,last_quarter,0.200787401574803,1.1614173228346454,1.7165354330708653
2026-08-05 23:20:10+00:00,0.55,0.974,84.0,S,Chance Showers And Thunderstorms,False,8.0,0.0,KILM,0.5171,51.71,last_quarter,0.200787401574803,1.1614173228346454,1.7165354330708653
2026-08-05 23:25:10+00:00,0.52,0.974,84.0,S,Chance Showers And Thunderstorms,False,8.0,0.0,KILM,0.5171,51.71,last_quarter,0.200787401574803,1.1614173228346454,1.7165354330708653
2026-08-05 23:30:10+00:00,0.5,0.934,83.0,S,Partly Cloudy,False,7.0,0.0,KILM,0.5124,51.24,last_quarter,0.200787401574803,1.1614173228346454,1.7165354330708653
2026-08-05 23:35:10+00:00,0.4599999999999999,0.934,83.0,S,Partly Cloudy,False,7.0,0.0,KSUT,0.5124,51.24,last_quarter,0.200787401574803,1.1614173228346454,1.7165354330708653
2026-08-05 23:40:10+00:00,0.47,0.934,83.0,S,Partly Cloudy,False,7.0,0.0,KILM,0.5124,51.24,last_quarter,0.200787401574803,1.1614173228346454,1.7165354330708653
2026-08-05 23:45:10+00:00,0.4599999999999999,0.934,83.0,S,Partly Cloudy,False,7.0,0.0,KILM,0.5124,51.24,last_quarter,0.200787401574803,1.1614173228346454,1.7165354330708653
2026-08-05 23:50:10+00:00,0.4199999999999999,0.934,83.0,S,Partly Cloudy,False,7.0,0.0,KILM,0.5124,51.24,last_quarter,0.200787401574803,1.1614173228346454,1.7165354330708653
2026-08-05 23:55:10+00:00,0.3700000000000001,0.934,83.0,S,Partly Cloudy,False,7.0,0.0,KSUT,0.5124,51.24,last_quarter,0.200787401574803,1.1614173228346454,1.7165354330708653
2026-08-06 00:00:10+00:00,0.3400000000000001,0.934,83.0,S,Partly Cloudy,False,7.0,0.0,KILM,0.5124,51.24,last_quarter,0.200787401574803,1.1614173228346454,1.7165354330708653
2026-08-06 00:05:10+00:00,0.32,0.934,83.0,S,Partly Cloudy,False,7.0,0.0,KILM,0.5124,51.24,last_quarter,0.200787401574803,1.1614173228346454,1.7165354330708653
2026-08-06 00:10:10+00:00,0.28,0.934,83.0,S,Partly Cloudy,False,7.0,0.0,KILM,0.5124,51.24,last_quarter,0.200787401574803,1.1614173228346454,1.7165354330708653
2026-08-06 00:15:10+00:00,0.27,0.934,83.0,S,Partly Cloudy,False,7.0,0.0,KSUT,0.5124,51.24,last_quarter,0.200787401574803,1.1614173228346454,1.7165354330708653
2026-08-06 00:20:10+00:00,0.24,0.934,83.0,S,Partly Cloudy,False,7.0,0.0,KILM,0.5124,51.24,last_quarter,0.200787401574803,1.1614173228346454,1.7165354330708653
2026-08-06 00:25:10+00:00,0.2199999999999999,0.934,83.0,S,Partly Cloudy,False,7.0,0.0,KILM,0.5124,51.24,last_quarter,0.200787401574803,1.1614173228346454,1.7165354330708653
2026-08-06 00:30:10+00:00,0.28,1.265,82.0,S,Partly Cloudy,False,6.0,0.0,KILM,0.5077,50.77,last_quarter,0.200787401574803,1.1614173228346454,1.7165354330708653
2026-08-06 00:35:10+00:00,0.27,1.265,82.0,S,Partly Cloudy,False,6.0,0.0,KSUT,0.5077,50.77,last_quarter,0.200787401574803,1.1614173228346454,1.7165354330708653
2026-08-06 00:40:10+00:00,0.3,1.265,82.0,S,Partly Cloudy,False,6.0,0.0,KILM,0.5077,50.77,last_quarter,0.200787401574803,1.1614173228346454,1.7165354330708653
2026-08-06 00:45:10+00:00,0.3400000000000001,1.265,82.0,S,Partly Cloudy,False,6.0,0.0,KILM,0.5077,50.77,last_quarter,0.200787401574803,1.1614173228346454,1.7165354330708653
2026-08-06 00:50:10+00:00,0.3899999999999999,1.265,82.0,S,Partly Cloudy,False,6.0,0.0,KILM,0.5077,50.77,last_quarter,0.200787401574803,1.1614173228346454,1.7165354330708653
2026-08-06 00:55:10+00:00,0.4499999999999999,1.265,82.0,S,Partly Cloudy,False,6.0,0.0,KSUT,0.5077,50.77,last_quarter,0.200787401574803,1.1614173228346454,1.7165354330708653
2026-08-06 01:00:10+00:00,0.52,1.265,82.0,S,Partly Cloudy,False,6.0,0.0,KILM,0.5077,50.77,last_quarter,0.200787401574803,1.1614173228346454,1.7165354330708653
2026-08-06 01:05:10+00:00,0.5700000000000001,1.265,82.0,S,Partly Cloudy,False,6.0,0.0,KILM,0.5077,50.77,last_quarter,0.200787401574803,1.1614173228346454,1.7165354330708653
2026-08-06 01:10:10+00:00,0.6200000000000001,1.265,82.0,S,Partly Cloudy,False,6.0,0.0,KILM,0.5077,50.77,last_quarter,0.200787401574803,1.1614173228346454,1.7165354330708653
2026-08-06 01:15:10+00:00,0.6499999999999999,1.265,82.0,S,Partly Cloudy,False,6.0,0.0,KSUT,0.5077,50.77,last_quarter,0.200787401574803,1.1614173228346454,1.7165354330708653
2026-08-06 01:20:10+00:00,0.6799999999999999,1.265,82.0,S,Partly Cloudy,False,6.0,0.0,KILM,0.5077,50.77,last_quarter,0.200787401574803,1.1614173228346454,1.7165354330708653
2026-08-06 01:25:10+00:00,0.71,1.265,82.0,S,Partly Cloudy,False,6.0,0.0,KILM,0.5077,50.77,last_quarter,0.200787401574803,1.1614173228346454,1.7165354330708653
2026-08-06 01:30:10+00:00,0.76,1.934,81.0,S,Partly Cloudy,False,6.0,0.0,KILM,0.503,50.3,last_quarter,0.200787401574803,1.1614173228346454,1.7165354330708653
2026-08-06 01:35:10+00:00,0.8,1.934,81.0,S,Partly Cloudy,False,6.0,0.0,KSUT,0.503,50.3,last_quarter,0.200787401574803,1.1614173228346454,1.7165354330708653
2026-08-06 01:40:10+00:00,0.8500000000000001,1.934,81.0,S,Partly Cloudy,False,6.0,0.0,KILM,0.503,50.3,last_quarter,0.200787401574803,1.1614173228346454,1.7165354330708653
2026-08-06 01:45:10+00:00,0.8999999999999999,1.934,81.0,S,Partly Cloudy,False,6.0,0.0,KILM,0.503,50.3,last_quarter,0.200787401574803,1.1614173228346454,1.7165354330708653
2026-08-06 01:50:10+00:00,0.94,1.934,81.0,S,Partly Cloudy,False,6.0,0.0,KILM,0.503,50.3,last_quarter,0.200787401574803,1.1614173228346454,1.7165354330708653
2026-08-06 01:55:10+00:00,0.98,1.934,81.0,S,Partly Cloudy,False,6.0,0.0,KSUT,0.503,50.3,last_quarter,0.200787401574803,1.1614173228346454,1.7165354330708653
2026-08-06 02:00:10+00:00,1.03,1.934,81.0,S,Partly Cloudy,False,6.0,0.0,KILM,0.503,50.3,last_quarter,0.200787401574803,1.1614173228346454,1.7165354330708653
2026-08-06 02:05:10+00:00,1.09,1.934,81.0,S,Partly Cloudy,False,6.0,0.0,KILM,0.503,50.3,last_quarter,0.200787401574803,1.1614173228346454,1.7165354330708653
2026-08-06 02:10:10+00:00,1.15,1.934,81.0,S,Partly Cloudy,False,6.0,0.0,KILM,0.503,50.3,last_quarter,0.200787401574803,1.1614173228346454,1.7165354330708653
2026-08-06 02:15:10+00:00,1.24,1.934,81.0,S,Partly Cloudy,False,6.0,0.0,KSUT,0.503,50.3,last_quarter,0.200787401574803,1.1614173228346454,1.7165354330708653
2026-08-06 02:20:10+00:00,1.28,1.934,81.0,S,Partly Cloudy,False,6.0,0.0,KILM,0.503,50.3,last_quarter,0.200787401574803,1.1614173228346454,1.7165354330708653
2026-08-06 02:25:10+00:00,1.31,1.934,81.0,S,Partly Cloudy,False,6.0,0.0,KILM,0.503,50.3,last_quarter,0.200787401574803,1.1614173228346454,1.7165354330708653
2026-08-06 02:30:10+00:00,1.37,2.742,80.0,S,Partly Cloudy,False,5.0,0.0,KILM,0.4983,49.83,first_quarter,0.200787401574803,1.1614173228346454,1.7165354330708653
2026-08-06 02:35:10+00:00,1.42,2.742,80.0,S,Partly Cloudy,False,5.0,0.0,KSUT,0.4983,49.83,first_quarter,0.200787401574803,1.1614173228346454,1.7165354330708653
2026-08-06 02:40:10+00:00,1.48,2.742,80.0,S,Partly Cloudy,False,5.0,0.0,KILM,0.4983,49.83,first_quarter,0.200787401574803,1.1614173228346454,1.7165354330708653
2026-08-06 02:45:10+00:00,1.53,2.742,80.0,S,Partly Cloudy,False,5.0,0.0,KILM,0.4983,49.83,first_quarter,0.200787401574803,1.1614173228346454,1.7165354330708653
2026-08-06 02:50:10+00:00,1.58,2.742,80.0,S,Partly Cloudy,False,5.0,0.0,KILM,0.4983,49.83,first_quarter,0.200787401574803,1.1614173228346454,1.7165354330708653
2026-08-06 02:55:10+00:00,1.62,2.742,80.0,S,Partly Cloudy,False,5.0,0.0,KSUT,0.4983,49.83,first_quarter,0.200787401574803,1.1614173228346454,1.7165354330708653
2026-08-06 03:00:10+00:00,1.68,2.742,80.0,S,Partly Cloudy,False,5.0,0.0,KILM,0.4983,49.83,first_quarter,0.200787401574803,1.1614173228346454,1.7165354330708653
2026-08-06 03:05:10+00:00,1.72,2.742,80.0,S,Partly Cloudy,False,5.0,0.0,KILM,0.4983,49.83,first_quarter,0.200787401574803,1.1614173228346454,1.7165354330708653
2026-08-06 03:10:10+00:00,1.77,2.742,80.0,S,Partly Cloudy,False,5.0,0.0,KILM,0.4983,49.83,first_quarter,0.200787401574803,1.1614173228346454,1.7165354330708653
2026-08-06 03:15:10+00:00,1.83,2.742,80.0,S,Partly Cloudy,False,5.0,0.0,KSUT,0.4983,49.83,first_quarter,0.200787401574803,1.1614173228346454,1.7165354330708653
2026-08-06 03:20:10+00:00,1.87,2.742,80.0,S,Partly Cloudy,False,5.0,0.0,KILM,0.4983,49.83,first_quarter,0.200787401574803,1.1614173228346454,1.7165354330708653
2026-08-06 03:25:10+00:00,1.93,2.742,80.0,S,Partly Cloudy,False,5.0,0.0,KILM,0.4983,49.83,first_quarter,0.200787401574803,1.1614173228346454,1.7165354330708653
2026-08-06 03:30:10+00:00,1.99,3.429,80.0,S,Partly Cloudy,False,5.0,0.0,KILM,0.4936,49.36,first_quarter,0.200787401574803,1.1614173228346454,1.7165354330708653
2026-08-06 03:35:10+00:00,2.06,3.429,80.0,S,Partly Cloudy,False,5.0,0.0,KSUT,0.4936,49.36,first_quarter,0.200787401574803,1.1614173228346454,1.7165354330708653
2026-08-06 03:40:10+00:00,2.13,3.429,80.0,S,Partly Cloudy,False,5.0,0.0,KILM,0.4936,49.36,first_quarter,0.200787401574803,1.1614173228346454,1.7165354330708653
2026-08-06 03:45:10+00:00,2.18,3.429,80.0,S,Partly Cloudy,False,5.0,0.0,KILM,0.4936,49.36,first_quarter,0.200787401574803,1.1614173228346454,1.7165354330708653
2026-08-06 03:50:10+00:00,2.25,3.429,80.0,S,Partly Cloudy,False,5.0,0.0,KILM,0.4936,49.36,first_quarter,0.200787401574803,1.1614173228346454,1.7165354330708653
2026-08-06 04:00:10+00:00,2.38,3.429,80.0,S,Partly Cloudy,False,5.0,0.0,KILM,0.4936,49.36,first_quarter,0.200787401574803,1.1614173228346454,1.7165354330708653
2026-08-06 04:05:10+00:00,2.45,3.429,80.0,S,Partly Cloudy,False,5.0,0.0,KILM,0.4936,49.36,first_quarter,0.200787401574803,1.1614173228346454,1.7165354330708653
2026-08-06 04:10:10+00:00,2.52,3.429,80.0,S,Partly Cloudy,False,5.0,0.0,KILM,0.4936,49.36,first_quarter,0.200787401574803,1.1614173228346454,1.7165354330708653
2026-08-06 04:15:10+00:00,2.59,3.429,80.0,S,Partly Cloudy,False,5.0,0.0,KSUT,0.4936,49.36,first_quarter,0.200787401574803,1.1614173228346454,1.7165354330708653
2026-08-06 04:20:10+00:00,2.63,3.429,80.0,S,Partly Cloudy,False,5.0,0.0,KILM,0.4936,49.36,first_quarter,0.200787401574803,1.1614173228346454,1.7165354330708653
2026-08-06 04:25:10+00:00,2.69,3.429,80.0,S,Partly Cloudy,False,5.0,0.0,KILM,0.4936,49.36,first_quarter,0.200787401574803,1.1614173228346454,1.7165354330708653
2026-08-06 04:30:10+00:00,2.75,3.774,79.0,SW,Slight Chance Showers And Thunderstorms,False,5.0,0.0,KILM,0.4889,48.89,first_quarter,0.200787401574803,1.1614173228346454,1.7165354330708653
2026-08-06 04:35:10+00:00,2.79,3.774,79.0,SW,Slight Chance Showers And Thunderstorms,False,5.0,0.0,KSUT,0.4889,48.89,first_quarter,0.200787401574803,1.1614173228346454,1.7165354330708653
2026-08-06 04:40:10+00:00,2.83,3.774,79.0,SW,Slight Chance Showers And Thunderstorms,False,5.0,0.0,KILM,0.4889,48.89,first_quarter,0.200787401574803,1.1614173228346454,1.7165354330708653
2026-08-06 04:45:10+00:00,2.88,3.774,79.0,SW,Slight Chance Showers And Thunderstorms,False,5.0,0.0,KILM,0.4889,48.89,first_quarter,0.200787401574803,1.1614173228346454,1.7165354330708653
2026-08-06 04:50:10+00:00,2.92,3.774,79.0,SW,Slight Chance Showers And Thunderstorms,False,5.0,0.0,KILM,0.4889,48.89,first_quarter,0.200787401574803,1.1614173228346454,1.7165354330708653
2026-08-06 04:55:10+00:00,2.96,3.774,79.0,SW,Slight Chance Showers And Thunderstorms,False,5.0,0.0,KSUT,0.4889,48.89,first_quarter,0.200787401574803,1.1614173228346454,1.7165354330708653
2026-08-06 05:00:10+00:00,2.98,3.774,79.0,SW,Slight Chance Showers And Thunderstorms,False,5.0,0.0,KILM,0.4889,48.89,first_quarter,0.200787401574803,1.1614173228346454,1.7165354330708653
2026-08-06 05:05:10+00:00,3.0,3.774,79.0,SW,Slight Chance Showers And Thunderstorms,False,5.0,0.0,KILM,0.4889,48.89,first_quarter,0.200787401574803,1.1614173228346454,1.7165354330708653
2026-08-06 05:10:10+00:00,3.03,3.774,79.0,SW,Slight Chance Showers And Thunderstorms,False,5.0,0.0,KACZ,0.4889,48.89,first_quarter,0.200787401574803,1.1614173228346454,1.7165354330708653
2026-08-06 05:15:10+00:00,3.0700000000000003,3.774,79.0,SW,Slight Chance Showers And Thunderstorms,False,5.0,0.0,KSUT,0.4889,48.89,first_quarter,0.200787401574803,1.1496062992125982,1.7165354330708653
2026-08-06 05:20:10+00:00,3.1,3.774,79.0,SW,Slight Chance Showers And Thunderstorms,False,5.0,0.0,KILM,0.4889,48.89,first_quarter,0.200787401574803,1.1496062992125982,1.7165354330708653
2026-08-06 05:25:10+00:00,3.13,3.774,79.0,SW,Slight Chance Showers And Thunderstorms,False,5.0,0.0,KILM,0.4889,48.89,first_quarter,0.200787401574803,1.1496062992125982,1.7165354330708653
2026-08-06 05:30:10+00:00,3.15,3.643,79.0,SW,Slight Chance Showers And Thunderstorms,False,5.0,0.0,KILM,0.4842,48.42,first_quarter,0.200787401574803,1.1496062992125982,1.7165354330708653
2026-08-06 05:35:10+00:00,3.18,3.643,79.0,SW,Slight Chance Showers And Thunderstorms,False,5.0,0.0,KACZ,0.4842,48.42,first_quarter,0.200787401574803,1.1496062992125982,1.7165354330708653
2026-08-06 05:40:10+00:00,3.2,3.643,79.0,SW,Slight Chance Showers And Thunderstorms,False,5.0,0.0,KILM,0.4842,48.42,first_quarter,0.200787401574803,1.1496062992125982,1.7165354330708653
2026-08-06 05:45:10+00:00,3.22,3.643,79.0,SW,Slight Chance Showers And Thunderstorms,False,5.0,0.0,KILM,0.4842,48.42,first_quarter,0.200787401574803,1.1496062992125982,1.7165354330708653
2026-08-06 05:50:10+00:00,3.22,3.643,79.0,SW,Slight Chance Showers And Thunderstorms,False,5.0,0.0,KILM,0.4842,48.42,first_quarter,0.200787401574803,1.137795275590551,1.7165354330708653
2026-08-06 05:55:10+00:00,3.23,3.643,79.0,SW,Slight Chance Showers And Thunderstorms,False,5.0,0.0,KILM,0.4842,48.42,first_quarter,0.200787401574803,1.137795275590551,1.7165354330708653
2026-08-06 06:00:10+00:00,3.24,3.643,79.0,SW,Slight Chance Showers And Thunderstorms,False,5.0,0.0,KILM,0.4842,48.42,first_quarter,0.200787401574803,1.137795275590551,1.7165354330708653
2026-08-06 06:05:10+00:00,3.26,3.643,79.0,SW,Slight Chance Showers And Thunderstorms,False,5.0,0.0,KILM,0.4842,48.42,first_quarter,0.200787401574803,1.137795275590551,1.7165354330708653
2026-08-06 06:10:10+00:00,3.27,3.643,79.0,SW,Slight Chance Showers And Thunderstorms,False,5.0,0.0,KILM,0.4842,48.42,first_quarter,0.200787401574803,1.137795275590551,1.7165354330708653
2026-08-06 06:15:10+00:00,3.25,3.643,79.0,SW,Slight Chance Showers And Thunderstorms,False,5.0,0.0,KACZ,0.4842,48.42,first_quarter,0.200787401574803,1.137795275590551,1.7165354330708653
2026-08-06 06:20:10+00:00,3.24,3.643,79.0,SW,Slight Chance Showers And Thunderstorms,False,5.0,0.0,KILM,0.4842,48.42,first_quarter,0.200787401574803,1.137795275590551,1.7165354330708653
2026-08-06 06:25:10+00:00,3.2,3.643,79.0,SW,Slight Chance Showers And Thunderstorms,False,5.0,0.0,KILM,0.4842,48.42,first_quarter,0.200787401574803,1.137795275590551,1.7165354330708653
2026-08-06 06:30:10+00:00,3.19,3.049,78.0,SW,Slight Chance Showers And Thunderstorms,False,5.0,0.0,KILM,0.4795,47.95,first_quarter,0.200787401574803,1.137795275590551,1.7165354330708653
2026-08-06 06:35:10+00:00,3.16,3.049,78.0,SW,Slight Chance Showers And Thunderstorms,False,5.0,0.0,KACZ,0.4795,47.95,first_quarter,0.200787401574803,1.137795275590551,1.7165354330708653
2026-08-06 06:40:10+00:00,3.14,3.049,78.0,SW,Slight Chance Showers And Thunderstorms,False,5.0,0.0,KILM,0.4795,47.95,first_quarter,0.200787401574803,1.137795275590551,1.7165354330708653
2026-08-06 06:45:10+00:00,3.09,3.049,78.0,SW,Slight Chance Showers And Thunderstorms,False,5.0,0.0,KILM,0.4795,47.95,first_quarter,0.200787401574803,1.137795275590551,1.7165354330708653
2026-08-06 06:50:10+00:00,3.03,3.049,78.0,SW,Slight Chance Showers And Thunderstorms,False,5.0,0.0,KILM,0.4795,47.95,first_quarter,0.200787401574803,1.137795275590551,1.7165354330708653
2026-08-06 06:55:10+00:00,2.98,3.049,78.0,SW,Slight Chance Showers And Thunderstorms,False,5.0,0.0,KILM,0.4795,47.95,first_quarter,0.200787401574803,1.137795275590551,1.7165354330708653
2026-08-06 07:00:10+00:00,2.92,3.049,78.0,SW,Slight Chance Showers And Thunderstorms,False,5.0,0.0,KILM,0.4795,47.95,first_quarter,0.200787401574803,1.137795275590551,1.7165354330708653
2026-08-06 07:05:10+00:00,2.87,3.049,78.0,SW,Slight Chance Showers And Thunderstorms,False,5.0,0.0,KILM,0.4795,47.95,first_quarter,0.200787401574803,1.137795275590551,1.7165354330708653
2026-08-06 07:10:10+00:00,2.8,3.049,78.0,SW,Slight Chance Showers And Thunderstorms,False,5.0,0.0,KILM,0.4795,47.95,first_quarter,0.200787401574803,1.137795275590551,1.7165354330708653
2026-08-06 07:15:10+00:00,2.75,3.049,78.0,SW,Slight Chance Showers And Thunderstorms,False,5.0,0.0,KACZ,0.4795,47.95,first_quarter,0.200787401574803,1.137795275590551,1.7165354330708653
2026-08-06 07:20:10+00:00,2.69,3.049,78.0,SW,Slight Chance Showers And Thunderstorms,False,5.0,0.0,KILM,0.4795,47.95,first_quarter,0.200787401574803,1.137795275590551,1.7165354330708653
2026-08-06 07:25:10+00:00,2.64,3.049,78.0,SW,Slight Chance Showers And Thunderstorms,False,5.0,0.0,KILM,0.4795,47.95,first_quarter,0.200787401574803,1.137795275590551,1.7165354330708653
2026-08-06 07:30:10+00:00,2.57,2.187,78.0,SW,Slight Chance Showers And Thunderstorms,False,5.0,0.0,KILM,0.4747,47.47,first_quarter,0.200787401574803,1.137795275590551,1.7165354330708653
2026-08-06 07:35:10+00:00,2.51,2.187,78.0,SW,Slight Chance Showers And Thunderstorms,False,5.0,0.0,KACZ,0.4747,47.47,first_quarter,0.200787401574803,1.137795275590551,1.7165354330708653
2026-08-06 07:40:10+00:00,2.45,2.187,78.0,SW,Slight Chance Showers And Thunderstorms,False,5.0,0.0,KILM,0.4747,47.47,first_quarter,0.200787401574803,1.137795275590551,1.7165354330708653
2026-08-06 07:45:10+00:00,2.37,2.187,78.0,SW,Slight Chance Showers And Thunderstorms,False,5.0,0.0,KILM,0.4747,47.47,first_quarter,0.200787401574803,1.137795275590551,1.7165354330708653
2026-08-06 07:50:10+00:00,2.3,2.187,78.0,SW,Slight Chance Showers And Thunderstorms,False,5.0,0.0,KILM,0.4747,47.47,first_quarter,0.200787401574803,1.137795275590551,1.7165354330708653
2026-08-06 07:55:10+00:00,2.23,2.187,78.0,SW,Slight Chance Showers And Thunderstorms,False,5.0,0.0,KILM,0.4747,47.47,first_quarter,0.200787401574803,1.137795275590551,1.7165354330708653
2026-08-06 08:00:10+00:00,2.17,2.187,78.0,SW,Slight Chance Showers And Thunderstorms,False,5.0,0.0,KILM,0.4747,47.47,first_quarter,0.200787401574803,1.137795275590551,1.7165354330708653
2026-08-06 08:05:10+00:00,2.08,2.187,78.0,SW,Slight Chance Showers And Thunderstorms,False,5.0,0.0,KILM,0.4747,47.47,first_quarter,0.200787401574803,1.137795275590551,1.7165354330708653
2026-08-06 08:10:10+00:00,2.05,2.187,78.0,SW,Slight Chance Showers And Thunderstorms,False,5.0,0.0,KILM,0.4747,47.47,first_quarter,0.200787401574803,1.137795275590551,1.7165354330708653
2026-08-06 08:15:10+00:00,1.99,2.187,78.0,SW,Slight Chance Showers And Thunderstorms,False,5.0,0.0,KACZ,0.4747,47.47,first_quarter,0.200787401574803,1.137795275590551,1.7165354330708653
2026-08-06 08:20:10+00:00,1.92,2.187,78.0,SW,Slight Chance Showers And Thunderstorms,False,5.0,0.0,KILM,0.4747,47.47,first_quarter,0.200787401574803,1.137795275590551,1.7165354330708653
2026-08-06 08:25:10+00:00,1.85,2.187,78.0,SW,Slight Chance Showers And Thunderstorms,False,5.0,0.0,KILM,0.4747,47.47,first_quarter,0.200787401574803,1.137795275590551,1.7165354330708653
2026-08-06 08:30:10+00:00,1.78,1.345,77.0,SW,Slight Chance Showers And Thunderstorms,False,3.0,0.0,KILM,0.47,47.0,first_quarter,0.200787401574803,1.137795275590551,1.7165354330708653
2026-08-06 08:35:10+00:00,1.72,1.345,77.0,SW,Slight Chance Showers And Thunderstorms,False,3.0,0.0,KACZ,0.47,47.0,first_quarter,0.200787401574803,1.137795275590551,1.7165354330708653
2026-08-06 08:40:10+00:00,1.67,1.345,77.0,SW,Slight Chance Showers And Thunderstorms,False,3.0,0.0,KILM,0.47,47.0,first_quarter,0.200787401574803,1.137795275590551,1.7165354330708653
2026-08-06 08:45:10+00:00,1.62,1.345,77.0,SW,Slight Chance Showers And Thunderstorms,False,3.0,0.0,KILM,0.47,47.0,first_quarter,0.200787401574803,1.137795275590551,1.7165354330708653
2026-08-06 08:50:10+00:00,1.56,1.345,77.0,SW,Slight Chance Showers And Thunderstorms,False,3.0,0.0,KILM,0.47,47.0,first_quarter,0.200787401574803,1.137795275590551,1.7165354330708653
2026-08-06 08:55:10+00:00,1.52,1.345,77.0,SW,Slight Chance Showers And Thunderstorms,False,3.0,0.0,KILM,0.47,47.0,first_quarter,0.200787401574803,1.137795275590551,1.7165354330708653
2026-08-06 09:00:10+00:00,1.47,1.345,77.0,SW,Slight Chance Showers And Thunderstorms,False,3.0,0.0,KILM,0.47,47.0,first_quarter,0.200787401574803,1.137795275590551,1.7165354330708653
2026-08-06 09:05:10+00:00,1.41,1.345,77.0,SW,Slight Chance Showers And Thunderstorms,False,3.0,0.0,KILM,0.47,47.0,first_quarter,0.200787401574803,1.137795275590551,1.7165354330708653
2026-08-06 09:10:10+00:00,1.35,1.345,77.0,SW,Slight Chance Showers And Thunderstorms,False,3.0,0.0,KILM,0.47,47.0,first_quarter,0.200787401574803,1.137795275590551,1.7165354330708653
2026-08-06 09:15:10+00:00,1.29,1.345,77.0,SW,Slight Chance Showers And Thunderstorms,False,3.0,0.0,KACZ,0.47,47.0,first_quarter,0.200787401574803,1.137795275590551,1.7165354330708653
2026-08-06 09:20:10+00:00,1.22,1.345,77.0,SW,Slight Chance Showers And Thunderstorms,False,3.0,0.0,KILM,0.47,47.0,first_quarter,0.200787401574803,1.137795275590551,1.7165354330708653
2026-08-06 09:25:10+00:00,1.16,1.345,77.0,SW,Slight Chance Showers And Thunderstorms,False,3.0,0.0,KILM,0.47,47.0,first_quarter,0.200787401574803,1.137795275590551,1.7165354330708653
2026-08-06 09:30:10+00:00,1.1,0.717,78.0,SW,Slight Chance Showers And Thunderstorms,True,3.0,0.0,KILM,0.4653,46.53,first_quarter,0.200787401574803,1.137795275590551,1.7165354330708653
2026-08-06 09:35:10+00:00,1.04,0.717,78.0,SW,Slight Chance Showers And Thunderstorms,True,3.0,0.0,KACZ,0.4653,46.53,first_quarter,0.200787401574803,1.137795275590551,1.7165354330708653
2026-08-06 09:40:10+00:00,0.97,0.717,78.0,SW,Slight Chance Showers And Thunderstorms,True,3.0,0.0,KILM,0.4653,46.53,first_quarter,0.200787401574803,1.137795275590551,1.7165354330708653
2026-08-06 09:45:10+00:00,0.8999999999999999,0.717,78.0,SW,Slight Chance Showers And Thunderstorms,True,3.0,0.0,KILM,0.4653,46.53,first_quarter,0.200787401574803,1.137795275590551,1.7165354330708653
2026-08-06 09:50:10+00:00,0.8200000000000001,0.717,78.0,SW,Slight Chance Showers And Thunderstorms,True,3.0,0.0,KILM,0.4653,46.53,first_quarter,0.200787401574803,1.137795275590551,1.7165354330708653
2026-08-06 09:55:10+00:00,0.77,0.717,78.0,SW,Slight Chance Showers And Thunderstorms,True,3.0,0.0,KILM,0.4653,46.53,first_quarter,0.200787401574803,1.137795275590551,1.7165354330708653
2026-08-06 10:00:10+00:00,0.71,0.717,78.0,SW,Slight Chance Showers And Thunderstorms,True,3.0,0.0,KILM,0.4653,46.53,first_quarter,0.200787401574803,1.137795275590551,1.7165354330708653
2026-08-06 10:05:10+00:00,0.6499999999999999,0.717,78.0,SW,Slight Chance Showers And Thunderstorms,True,3.0,0.0,KILM,0.4653,46.53,first_quarter,0.200787401574803,1.137795275590551,1.7165354330708653
2026-08-06 10:10:10+00:00,0.5800000000000001,0.717,78.0,SW,Slight Chance Showers And Thunderstorms,True,3.0,0.0,KILM,0.4653,46.53,first_quarter,0.200787401574803,1.137795275590551,1.7165354330708653
2026-08-06 10:15:10+00:00,0.51,0.717,78.0,SW,Slight Chance Showers And Thunderstorms,True,3.0,0.0,KACZ,0.4653,46.53,first_quarter,0.200787401574803,1.137795275590551,1.7165354330708653
2026-08-06 10:20:10+00:00,0.4499999999999999,0.717,78.0,SW,Slight Chance Showers And Thunderstorms,True,3.0,0.0,KILM,0.4653,46.53,first_quarter,0.0,1.137795275590551,1.7165354330708653
2026-08-06 10:25:10+00:00,0.3799999999999999,0.717,78.0,SW,Slight Chance Showers And Thunderstorms,True,3.0,0.0,KILM,0.4653,46.53,first_quarter,0.0,1.137795275590551,1.7165354330708653
2026-08-06 10:30:10+00:00,0.32,0.367,79.0,SW,Slight Chance Showers And Thunderstorms,True,3.0,0.0,KILM,0.4606,46.06,first_quarter,0.0,1.137795275590551,1.7165354330708653
2026-08-06 10:35:10+00:00,0.27,0.367,79.0,SW,Slight Chance Showers And Thunderstorms,True,3.0,0.0,KACZ,0.4606,46.06,first_quarter,0.0,1.137795275590551,1.7165354330708653
2026-08-06 10:40:10+00:00,0.1899999999999999,0.367,79.0,SW,Slight Chance Showers And Thunderstorms,True,3.0,0.0,KILM,0.4606,46.06,first_quarter,0.0,1.137795275590551,1.7165354330708653
2026-08-06 10:45:10+00:00,0.1299999999999999,0.367,79.0,SW,Slight Chance Showers And Thunderstorms,True,3.0,0.0,KILM,0.4606,46.06,first_quarter,0.0,1.137795275590551,1.7165354330708653
2026-08-06 10:50:10+00:00,0.09,0.367,79.0,SW,Slight Chance Showers And Thunderstorms,True,3.0,0.0,KILM,0.4606,46.06,first_quarter,0.0,1.137795275590551,1.7165354330708653
2026-08-06 10:55:10+00:00,0.07,0.367,79.0,SW,Slight Chance Showers And Thunderstorms,True,3.0,0.0,KACZ,0.4606,46.06,first_quarter,0.0,1.137795275590551,1.7165354330708653
2026-08-06 11:00:10+00:00,0.02,0.367,79.0,SW,Slight Chance Showers And Thunderstorms,True,3.0,0.0,KILM,0.4606,46.06,first_quarter,0.0,1.137795275590551,1.7165354330708653
2026-08-06 13:10:10+00:00,0.03,0.731,82.0,SW,Chance Showers And Thunderstorms,True,3.0,0.0,KILM,0.4511,45.11,first_quarter,0.0,1.137795275590551,1.7165354330708653
2026-08-06 13:15:10+00:00,0.1200000000000001,0.731,82.0,SW,Chance Showers And Thunderstorms,True,3.0,0.0,KACZ,0.4511,45.11,first_quarter,0.0,1.137795275590551,1.7165354330708653
2026-08-06 13:20:10+00:00,0.1699999999999999,0.731,82.0,SW,Chance Showers And Thunderstorms,True,3.0,0.0,KILM,0.4511,45.11,first_quarter,0.0,1.137795275590551,1.7165354330708653
2026-08-06 13:25:10+00:00,0.1899999999999999,0.731,82.0,SW,Chance Showers And Thunderstorms,True,3.0,0.0,KILM,0.4511,45.11,first_quarter,0.0,1.137795275590551,1.7165354330708653
2026-08-06 13:30:10+00:00,0.27,1.55,84.0,SW,Chance Showers And Thunderstorms,True,5.0,0.0,KILM,0.4464,44.64,first_quarter,0.0,1.137795275590551,1.7165354330708653
2026-08-06 13:35:10+00:00,0.3500000000000001,1.55,84.0,SW,Chance Showers And Thunderstorms,True,5.0,0.0,KACZ,0.4464,44.64,first_quarter,0.0,1.137795275590551,1.704724409448818
2026-08-06 13:40:10+00:00,0.4199999999999999,1.55,84.0,SW,Chance Showers And Thunderstorms,True,5.0,0.0,KILM,0.4464,44.64,first_quarter,0.0,1.137795275590551,1.704724409448818
2026-08-06 13:45:10+00:00,0.47,1.55,84.0,SW,Chance Showers And Thunderstorms,True,5.0,0.0,KILM,0.4464,44.64,first_quarter,0.0,1.137795275590551,1.704724409448818
2026-08-06 13:50:10+00:00,0.52,1.55,84.0,SW,Chance Showers And Thunderstorms,True,5.0,0.0,KILM,0.4464,44.64,first_quarter,0.0,1.137795275590551,1.704724409448818
2026-08-06 13:55:10+00:00,0.5700000000000001,1.55,84.0,SW,Chance Showers And Thunderstorms,True,5.0,0.0,KILM,0.4464,44.64,first_quarter,0.0,1.137795275590551,1.6653543307086607
2026-08-06 14:00:10+00:00,0.6100000000000001,1.55,84.0,SW,Chance Showers And Thunderstorms,True,5.0,0.0,KILM,0.4464,44.64,first_quarter,0.0,1.137795275590551,1.6653543307086607
2026-08-06 14:05:10+00:00,0.6599999999999999,1.55,84.0,SW,Chance Showers And Thunderstorms,True,5.0,0.0,KILM,0.4464,44.64,first_quarter,0.0,1.137795275590551,1.6653543307086607
2026-08-06 14:10:10+00:00,0.71,1.55,84.0,SW,Chance Showers And Thunderstorms,True,5.0,0.0,KILM,0.4464,44.64,first_quarter,0.0,1.137795275590551,1.6653543307086607
2026-08-06 14:15:10+00:00,0.75,1.55,84.0,SW,Chance Showers And Thunderstorms,True,5.0,0.0,KILM,0.4464,44.64,first_quarter,0.0,1.137795275590551,1.6653543307086607
2026-08-06 14:20:10+00:00,0.8200000000000001,1.55,84.0,SW,Chance Showers And Thunderstorms,True,5.0,0.0,KILM,0.4464,44.64,first_quarter,0.0,1.137795275590551,1.6653543307086607
2026-08-06 14:25:10+00:00,0.8500000000000001,1.55,84.0,SW,Chance Showers And Thunderstorms,True,5.0,0.0,KILM,0.4464,44.64,first_quarter,0.0,1.137795275590551,1.6653543307086607
2026-08-06 14:30:10+00:00,0.8999999999999999,2.62,86.0,S,Chance Showers And Thunderstorms,True,6.0,0.0,KILM,0.4417,44.17,first_quarter,0.0,1.137795275590551,1.6653543307086607
2026-08-06 14:35:10+00:00,0.95,2.62,86.0,S,Chance Showers And Thunderstorms,True,6.0,0.0,KILM,0.4417,44.17,first_quarter,0.0,1.137795275590551,1.6653543307086607
2026-08-06 14:40:10+00:00,1.02,2.62,86.0,S,Chance Showers And Thunderstorms,True,6.0,0.0,KILM,0.4417,44.17,first_quarter,0.0,1.137795275590551,1.6653543307086607
2026-08-06 14:45:10+00:00,1.0699999999999998,2.62,86.0,S,Chance Showers And Thunderstorms,True,6.0,0.0,KILM,0.4417,44.17,first_quarter,0.0,1.137795275590551,1.6653543307086607
2026-08-06 14:50:10+00:00,1.12,2.62,86.0,S,Chance Showers And Thunderstorms,True,6.0,0.0,KILM,0.4417,44.17,first_quarter,0.0,1.137795275590551,1.6653543307086607
2026-08-06 14:55:10+00:00,1.2,2.62,86.0,S,Chance Showers And Thunderstorms,True,6.0,0.0,KILM,0.4417,44.17,first_quarter,0.0,1.137795275590551,1.6653543307086607
2026-08-06 15:00:10+00:00,1.28,2.62,86.0,S,Chance Showers And Thunderstorms,True,6.0,0.0,KILM,0.4417,44.17,first_quarter,0.0,1.137795275590551,1.6653543307086607
2026-08-06 15:05:10+00:00,1.36,2.62,86.0,S,Chance Showers And Thunderstorms,True,6.0,0.0,KILM,0.4417,44.17,first_quarter,0.0,1.137795275590551,1.6653543307086607
2026-08-06 15:10:10+00:00,1.45,2.62,86.0,S,Chance Showers And Thunderstorms,True,6.0,0.0,KILM,0.4417,44.17,first_quarter,0.0,1.137795275590551,1.6653543307086607
2026-08-06 15:15:10+00:00,1.51,2.62,86.0,S,Chance Showers And Thunderstorms,True,6.0,0.0,KILM,0.4417,44.17,first_quarter,0.0,1.137795275590551,1.6653543307086607
2026-08-06 15:20:10+00:00,1.59,2.62,86.0,S,Chance Showers And Thunderstorms,True,6.0,0.0,KILM,0.4417,44.17,first_quarter,0.0,1.137795275590551,1.6653543307086607
2026-08-06 15:25:10+00:00,1.66,2.62,86.0,S,Chance Showers And Thunderstorms,True,6.0,0.0,KILM,0.4417,44.17,first_quarter,0.0,1.137795275590551,1.6653543307086607
2026-08-06 15:30:10+00:00,1.77,3.645,87.0,S,Chance Showers And Thunderstorms,True,7.0,0.0,KILM,0.4369,43.69,first_quarter,0.0,1.137795275590551,1.6653543307086607
2026-08-06 15:35:10+00:00,1.81,3.645,87.0,S,Chance Showers And Thunderstorms,True,7.0,0.0,KILM,0.4369,43.69,first_quarter,0.0,1.137795275590551,1.6653543307086607
2026-08-06 15:40:10+00:00,1.96,3.645,87.0,S,Chance Showers And Thunderstorms,True,7.0,0.0,KILM,0.4369,43.69,first_quarter,0.0,1.137795275590551,1.6653543307086607
2026-08-06 15:45:10+00:00,2.03,3.645,87.0,S,Chance Showers And Thunderstorms,True,7.0,0.0,KILM,0.4369,43.69,first_quarter,0.0,1.137795275590551,1.6653543307086607
2026-08-06 15:50:10+00:00,2.13,3.645,87.0,S,Chance Showers And Thunderstorms,True,7.0,0.0,KILM,0.4369,43.69,first_quarter,0.0,1.137795275590551,1.6653543307086607
2026-08-06 15:55:10+00:00,2.2,3.645,87.0,S,Chance Showers And Thunderstorms,True,7.0,0.0,KILM,0.4369,43.69,first_quarter,0.0,1.137795275590551,1.6653543307086607
2026-08-06 16:00:10+00:00,2.28,3.645,87.0,S,Chance Showers And Thunderstorms,True,7.0,0.0,KILM,0.4369,43.69,first_quarter,0.0,1.137795275590551,1.6653543307086607
2026-08-06 16:05:10+00:00,2.34,3.645,87.0,S,Chance Showers And Thunderstorms,True,7.0,0.0,KILM,0.4369,43.69,first_quarter,0.0,1.137795275590551,1.6653543307086607
2026-08-06 16:10:10+00:00,2.4,3.645,87.0,S,Chance Showers And Thunderstorms,True,7.0,0.0,KILM,0.4369,43.69,first_quarter,0.0,1.137795275590551,1.6653543307086607
2026-08-06 16:15:10+00:00,2.46,3.645,87.0,S,Chance Showers And Thunderstorms,True,7.0,0.0,KILM,0.4369,43.69,first_quarter,0.0,1.137795275590551,1.6653543307086607
2026-08-06 16:20:10+00:00,2.53,3.645,87.0,S,Chance Showers And Thunderstorms,True,7.0,0.0,KILM,0.4369,43.69,first_quarter,0.0,1.137795275590551,1.6653543307086607
2026-08-06 16:25:10+00:00,2.57,3.645,87.0,S,Chance Showers And Thunderstorms,True,7.0,0.0,KILM,0.4369,43.69,first_quarter,0.0,1.137795275590551,1.6653543307086607
2026-08-06 16:30:10+00:00,2.67,4.357,87.0,S,Chance Showers And Thunderstorms,True,8.0,0.0,KILM,0.4322,43.22,first_quarter,0.0,1.137795275590551,1.6653543307086607
2026-08-06 16:35:10+00:00,2.72,4.357,87.0,S,Chance Showers And Thunderstorms,True,8.0,0.0,KILM,0.4322,43.22,first_quarter,0.0,1.137795275590551,1.6653543307086607
2026-08-06 16:40:10+00:00,2.79,4.357,87.0,S,Chance Showers And Thunderstorms,True,8.0,0.0,KILM,0.4322,43.22,first_quarter,0.0,1.137795275590551,1.6653543307086607
2026-08-06 16:45:10+00:00,2.84,4.357,87.0,S,Chance Showers And Thunderstorms,True,8.0,0.0,KILM,0.4322,43.22,first_quarter,0.0,1.137795275590551,1.6653543307086607
2026-08-06 16:50:10+00:00,2.95,4.357,87.0,S,Chance Showers And Thunderstorms,True,8.0,0.0,KILM,0.4322,43.22,first_quarter,0.0,1.137795275590551,1.6653543307086607
2026-08-06 16:55:10+00:00,2.98,4.357,87.0,S,Chance Showers And Thunderstorms,True,8.0,0.0,KILM,0.4322,43.22,first_quarter,0.0,1.137795275590551,1.6653543307086607
2026-08-06 17:00:10+00:00,3.09,4.357,87.0,S,Chance Showers And Thunderstorms,True,8.0,0.0,KILM,0.4322,43.22,first_quarter,0.0,1.137795275590551,1.6653543307086607
2026-08-06 17:05:10+00:00,3.14,4.357,87.0,S,Chance Showers And Thunderstorms,True,8.0,0.0,KILM,0.4322,43.22,first_quarter,0.0,1.137795275590551,1.6653543307086607
2026-08-06 17:10:10+00:00,3.19,4.357,87.0,S,Chance Showers And Thunderstorms,True,8.0,0.0,KILM,0.4322,43.22,first_quarter,0.0,1.137795275590551,1.6653543307086607
2026-08-06 17:15:10+00:00,3.26,4.357,87.0,S,Chance Showers And Thunderstorms,True,8.0,0.0,KILM,0.4322,43.22,first_quarter,0.0,1.137795275590551,1.6653543307086607
2026-08-06 17:20:10+00:00,3.33,4.357,87.0,S,Chance Showers And Thunderstorms,True,8.0,0.0,KILM,0.4322,43.22,first_quarter,0.0,1.137795275590551,1.6653543307086607
2026-08-06 17:25:10+00:00,3.4,4.357,87.0,S,Chance Showers And Thunderstorms,True,8.0,0.0,KILM,0.4322,43.22,first_quarter,0.0,1.137795275590551,1.6653543307086607
2026-08-06 17:30:10+00:00,3.47,4.587,87.0,S,Slight Chance Showers And Thunderstorms,True,9.0,0.0,KILM,0.4275,42.75,first_quarter,0.0,1.137795275590551,1.6653543307086607
2026-08-06 17:35:10+00:00,3.52,4.587,87.0,S,Slight Chance Showers And Thunderstorms,True,9.0,0.0,KILM,0.4275,42.75,first_quarter,0.0,1.137795275590551,1.6653543307086607
2026-08-06 17:40:10+00:00,3.58,4.587,87.0,S,Slight Chance Showers And Thunderstorms,True,9.0,0.0,KILM,0.4275,42.75,first_quarter,0.0,1.137795275590551,1.6653543307086607
2026-08-06 17:45:10+00:00,3.62,4.587,87.0,S,Slight Chance Showers And Thunderstorms,True,9.0,0.0,KILM,0.4275,42.75,first_quarter,0.0,1.137795275590551,1.6653543307086607
2026-08-06 17:50:10+00:00,3.66,4.587,87.0,S,Slight Chance Showers And Thunderstorms,True,9.0,0.0,KILM,0.4275,42.75,first_quarter,0.0,1.137795275590551,1.6653543307086607
2026-08-06 17:55:10+00:00,3.72,4.587,87.0,S,Slight Chance Showers And Thunderstorms,True,9.0,0.0,KILM,0.4275,42.75,first_quarter,0.0,1.137795275590551,1.6653543307086607
2026-08-06 18:00:10+00:00,3.76,4.587,87.0,S,Slight Chance Showers And Thunderstorms,True,9.0,0.0,KILM,0.4275,42.75,first_quarter,0.0,1.137795275590551,1.6653543307086607
2026-08-06 18:05:10+00:00,3.79,4.587,87.0,S,Slight Chance Showers And Thunderstorms,True,9.0,0.0,KILM,0.4275,42.75,first_quarter,0.0,1.137795275590551,1.6653543307086607
2026-08-06 18:10:10+00:00,3.83,4.587,87.0,S,Slight Chance Showers And Thunderstorms,True,9.0,0.0,KILM,0.4275,42.75,first_quarter,0.0,1.137795275590551,1.6653543307086607
2026-08-06 18:15:10+00:00,3.85,4.587,87.0,S,Slight Chance Showers And Thunderstorms,True,9.0,0.0,KILM,0.4275,42.75,first_quarter,0.0,1.137795275590551,1.6535433070866135
2026-08-06 18:20:10+00:00,3.9,4.587,87.0,S,Slight Chance Showers And Thunderstorms,True,9.0,0.0,KILM,0.4275,42.75,first_quarter,0.0,1.137795275590551,1.6535433070866135
2026-08-06 18:25:10+00:00,3.94,4.587,87.0,S,Slight Chance Showers And Thunderstorms,True,9.0,0.0,KILM,0.4275,42.75,first_quarter,0.0,1.137795275590551,1.6535433070866135
2026-08-06 18:30:10+00:00,3.94,4.303,87.0,S,Slight Chance Showers And Thunderstorms,True,9.0,0.0,KILM,0.4228,42.28,first_quarter,0.0,1.137795275590551,1.6535433070866135
2026-08-06 18:35:10+00:00,3.93,4.303,87.0,S,Slight Chance Showers And Thunderstorms,True,9.0,0.0,KILM,0.4228,42.28,first_quarter,0.0,1.137795275590551,1.6417322834645662
2026-08-06 18:40:10+00:00,3.94,4.303,87.0,S,Slight Chance Showers And Thunderstorms,True,9.0,0.0,KILM,0.4228,42.28,first_quarter,0.0,1.137795275590551,1.6417322834645662
2026-08-06 18:45:10+00:00,3.92,4.303,87.0,S,Slight Chance Showers And Thunderstorms,True,9.0,0.0,KILM,0.4228,42.28,first_quarter,0.0,1.137795275590551,1.6417322834645662
2026-08-06 18:50:10+00:00,3.89,4.303,87.0,S,Slight Chance Showers And Thunderstorms,True,9.0,0.0,KILM,0.4228,42.28,first_quarter,0.0,1.137795275590551,1.6417322834645662
2026-08-06 18:55:10+00:00,3.88,4.303,87.0,S,Slight Chance Showers And Thunderstorms,True,9.0,0.0,KILM,0.4228,42.28,first_quarter,0.0,1.137795275590551,1.6417322834645662
2026-08-06 19:00:10+00:00,3.85,4.303,87.0,S,Slight Chance Showers And Thunderstorms,True,9.0,0.0,KILM,0.4228,42.28,first_quarter,0.0,1.137795275590551,1.6417322834645662
2026-08-06 19:05:10+00:00,3.85,4.303,87.0,S,Slight Chance Showers And Thunderstorms,True,9.0,0.0,KILM,0.4228,42.28,first_quarter,0.0,1.137795275590551,1.6417322834645662
2026-08-06 19:10:10+00:00,3.79,4.303,87.0,S,Slight Chance Showers And Thunderstorms,True,9.0,0.0,KILM,0.4228,42.28,first_quarter,0.0,1.137795275590551,1.6417322834645662
2026-08-06 19:15:10+00:00,3.75,4.303,87.0,S,Slight Chance Showers And Thunderstorms,True,9.0,0.0,KILM,0.4228,42.28,first_quarter,0.0,1.137795275590551,1.6417322834645662
2026-08-06 19:20:10+00:00,3.74,4.303,87.0,S,Slight Chance Showers And Thunderstorms,True,9.0,0.0,KILM,0.4228,42.28,first_quarter,0.0,1.137795275590551,1.6417322834645662
2026-08-06 19:25:10+00:00,3.67,4.303,87.0,S,Slight Chance Showers And Thunderstorms,True,9.0,0.0,KILM,0.4228,42.28,first_quarter,0.0,1.137795275590551,1.6417322834645662
2026-08-06 19:30:10+00:00,3.63,3.634,87.0,S,Slight Chance Showers And Thunderstorms,True,9.0,0.0,KILM,0.418,41.8,first_quarter,0.0,1.137795275590551,1.6417322834645662
2026-08-06 19:35:10+00:00,3.58,3.634,87.0,S,Slight Chance Showers And Thunderstorms,True,9.0,0.0,KILM,0.418,41.8,first_quarter,0.0,1.137795275590551,1.6417322834645662
2026-08-06 19:40:10+00:00,3.53,3.634,87.0,S,Slight Chance Showers And Thunderstorms,True,9.0,0.0,KILM,0.418,41.8,first_quarter,0.0,1.137795275590551,1.6417322834645662
2026-08-06 19:45:10+00:00,3.48,3.634,87.0,S,Slight Chance Showers And Thunderstorms,True,9.0,0.0,KILM,0.418,41.8,first_quarter,0.0,1.137795275590551,1.6417322834645662
2026-08-06 19:50:10+00:00,3.43,3.634,87.0,S,Slight Chance Showers And Thunderstorms,True,9.0,0.0,KILM,0.418,41.8,first_quarter,0.0,1.137795275590551,1.6417322834645662
2026-08-06 19:55:10+00:00,3.35,3.634,87.0,S,Slight Chance Showers And Thunderstorms,True,9.0,0.0,KILM,0.418,41.8,first_quarter,0.0,1.137795275590551,1.6417322834645662
2026-08-06 20:00:10+00:00,3.31,3.634,87.0,S,Slight Chance Showers And Thunderstorms,True,9.0,0.0,KILM,0.418,41.8,first_quarter,0.0,1.137795275590551,1.6417322834645662
2026-08-06 20:05:10+00:00,3.25,3.634,87.0,S,Slight Chance Showers And Thunderstorms,True,9.0,0.0,KILM,0.418,41.8,first_quarter,0.0,1.137795275590551,1.6417322834645662
2026-08-06 20:10:10+00:00,3.19,3.634,87.0,S,Slight Chance Showers And Thunderstorms,True,9.0,0.0,KILM,0.418,41.8,first_quarter,0.0,1.137795275590551,1.6417322834645662
2026-08-06 20:15:10+00:00,3.15,3.634,87.0,S,Slight Chance Showers And Thunderstorms,True,9.0,0.0,KILM,0.418,41.8,first_quarter,0.0,1.137795275590551,1.6417322834645662
2026-08-06 20:20:10+00:00,3.12,3.634,87.0,S,Slight Chance Showers And Thunderstorms,True,9.0,0.0,KILM,0.418,41.8,first_quarter,0.0,1.137795275590551,1.6417322834645662
2026-08-06 20:25:10+00:00,3.05,3.634,87.0,S,Slight Chance Showers And Thunderstorms,True,9.0,0.0,KILM,0.418,41.8,first_quarter,0.0,1.137795275590551,1.6417322834645662
2026-08-06 20:30:10+00:00,2.97,2.825,87.0,S,Slight Chance Showers And Thunderstorms,True,9.0,0.0,KILM,0.4133,41.33,first_quarter,0.0,1.137795275590551,1.6417322834645662
2026-08-06 20:35:10+00:00,2.89,2.825,87.0,S,Slight Chance Showers And Thunderstorms,True,9.0,0.0,KILM,0.4133,41.33,first_quarter,0.0,1.137795275590551,1.6417322834645662
2026-08-06 20:40:10+00:00,2.85,2.825,87.0,S,Slight Chance Showers And Thunderstorms,True,9.0,0.1181102362204724,KILM,0.4133,41.33,first_quarter,0.11811023622047229,1.2559055118110234,1.7598425196850387
2026-08-06 20:45:10+00:00,2.8,2.825,87.0,S,Slight Chance Showers And Thunderstorms,True,9.0,0.0,KILM,0.4133,41.33,first_quarter,0.11811023622047229,1.2559055118110234,1.7598425196850387
2026-08-06 20:50:10+00:00,2.76,2.825,87.0,S,Slight Chance Showers And Thunderstorms,True,9.0,0.0,KILM,0.4133,41.33,first_quarter,0.11811023622047229,1.2559055118110234,1.7598425196850387
2026-08-06 20:55:10+00:00,2.7,2.825,87.0,S,Slight Chance Showers And Thunderstorms,True,9.0,0.0,KILM,0.4133,41.33,first_quarter,0.11811023622047229,1.2559055118110234,1.7598425196850387
2026-08-06 21:00:10+00:00,2.64,2.825,87.0,S,Slight Chance Showers And Thunderstorms,True,9.0,0.0,KILM,0.4133,41.33,first_quarter,0.11811023622047229,1.2559055118110234,1.7598425196850387
2026-08-06 21:05:10+00:00,2.58,2.825,87.0,S,Slight Chance Showers And Thunderstorms,True,9.0,0.0,KILM,0.4133,41.33,first_quarter,0.11811023622047229,1.2559055118110234,1.7598425196850387
2026-08-06 21:10:10+00:00,2.54,2.825,87.0,S,Slight Chance Showers And Thunderstorms,True,9.0,0.0,KILM,0.4133,41.33,first_quarter,0.11811023622047229,1.2559055118110234,1.7598425196850387
2026-08-06 21:15:10+00:00,2.47,2.825,87.0,S,Slight Chance Showers And Thunderstorms,True,9.0,0.0,KILM,0.4133,41.33,first_quarter,0.11811023622047229,1.2559055118110234,1.7598425196850387
2026-08-06 21:20:10+00:00,2.43,2.825,87.0,S,Slight Chance Showers And Thunderstorms,True,9.0,0.0,KILM,0.4133,41.33,first_quarter,0.11811023622047229,1.2559055118110234,1.7598425196850387
2026-08-06 21:25:10+00:00,2.38,2.825,87.0,S,Slight Chance Showers And Thunderstorms,True,9.0,0.0,KILM,0.4133,41.33,first_quarter,0.11811023622047229,1.2559055118110234,1.7598425196850387
2026-08-06 21:30:10+00:00,2.33,2.079,86.0,S,Slight Chance Showers And Thunderstorms,False,8.0,0.0,KILM,0.4086,40.86,first_quarter,0.11811023622047229,1.2559055118110234,1.7598425196850387
2026-08-06 21:35:10+00:00,2.27,2.079,86.0,S,Slight Chance Showers And Thunderstorms,False,8.0,0.0,KILM,0.4086,40.86,first_quarter,0.11811023622047229,1.2559055118110234,1.7598425196850387
2026-08-06 21:40:10+00:00,2.22,2.079,86.0,S,Slight Chance Showers And Thunderstorms,False,8.0,0.0,KILM,0.4086,40.86,first_quarter,0.11811023622047229,1.2559055118110234,1.7598425196850387
2026-08-06 21:45:10+00:00,2.14,2.079,86.0,S,Slight Chance Showers And Thunderstorms,False,8.0,0.0,KILM,0.4086,40.86,first_quarter,0.11811023622047229,1.2559055118110234,1.7598425196850387
2026-08-06 21:50:10+00:00,2.09,2.079,86.0,S,Slight Chance Showers And Thunderstorms,False,8.0,0.0,KILM,0.4086,40.86,first_quarter,0.11811023622047229,1.2559055118110234,1.7598425196850387
2026-08-06 21:55:10+00:00,2.04,2.079,86.0,S,Slight Chance Showers And Thunderstorms,False,8.0,0.0,KILM,0.4086,40.86,first_quarter,0.11811023622047229,1.2559055118110234,1.7598425196850387
2026-08-06 22:00:10+00:00,1.98,2.079,86.0,S,Slight Chance Showers And Thunderstorms,False,8.0,0.0,KILM,0.4086,40.86,first_quarter,0.11811023622047229,1.2559055118110234,1.7598425196850387
2026-08-06 22:05:10+00:00,1.92,2.079,86.0,S,Slight Chance Showers And Thunderstorms,False,8.0,0.0,KILM,0.4086,40.86,first_quarter,0.11811023622047229,1.2559055118110234,1.7598425196850387
2026-08-06 22:10:10+00:00,1.86,2.079,86.0,S,Slight Chance Showers And Thunderstorms,False,8.0,0.0,KILM,0.4086,40.86,first_quarter,0.11811023622047229,1.2559055118110234,1.7598425196850387
2026-08-06 22:15:10+00:00,1.79,2.079,86.0,S,Slight Chance Showers And Thunderstorms,False,8.0,0.0,KILM,0.4086,40.86,first_quarter,0.11811023622047229,1.2559055118110234,1.7598425196850387
2026-08-06 22:20:10+00:00,1.72,2.079,86.0,S,Slight Chance Showers And Thunderstorms,False,8.0,0.0,KILM,0.4086,40.86,first_quarter,0.11811023622047229,1.2559055118110234,1.7598425196850387
2026-08-06 22:25:10+00:00,1.65,2.079,86.0,S,Slight Chance Showers And Thunderstorms,False,8.0,0.0,KILM,0.4086,40.86,first_quarter,0.11811023622047229,1.2559055118110234,1.7598425196850387
2026-08-06 22:30:10+00:00,1.6,1.469,84.0,S,Slight Chance Showers And Thunderstorms,False,7.0,0.0,KILM,0.4039,40.39,first_quarter,0.11811023622047229,1.2559055118110234,1.7598425196850387
2026-08-06 22:35:10+00:00,1.56,1.469,84.0,S,Slight Chance Showers And Thunderstorms,False,7.0,0.0,KILM,0.4039,40.39,first_quarter,0.11811023622047229,1.2559055118110234,1.7598425196850387
2026-08-06 22:40:10+00:00,1.5,1.469,84.0,S,Slight Chance Showers And Thunderstorms,False,7.0,0.0,KILM,0.4039,40.39,first_quarter,0.11811023622047229,1.2559055118110234,1.7598425196850387
2026-08-06 22:45:10+00:00,1.44,1.469,84.0,S,Slight Chance Showers And Thunderstorms,False,7.0,0.0,KILM,0.4039,40.39,first_quarter,0.11811023622047229,1.2559055118110234,1.7598425196850387
2026-08-06 22:50:10+00:00,1.39,1.469,84.0,S,Slight Chance Showers And Thunderstorms,False,7.0,0.0,KILM,0.4039,40.39,first_quarter,0.11811023622047229,1.2559055118110234,1.7598425196850387
2026-08-06 22:55:10+00:00,1.33,1.469,84.0,S,Slight Chance Showers And Thunderstorms,False,7.0,0.0,KILM,0.4039,40.39,first_quarter,0.11811023622047229,1.2559055118110234,1.7598425196850387
2026-08-06 23:00:10+00:00,1.28,1.469,84.0,S,Slight Chance Showers And Thunderstorms,False,7.0,0.0,KILM,0.4039,40.39,first_quarter,0.11811023622047229,1.2559055118110234,1.7598425196850387
2026-08-06 23:05:10+00:00,1.21,1.469,84.0,S,Slight Chance Showers And Thunderstorms,False,7.0,0.0,KILM,0.4039,40.39,first_quarter,0.11811023622047229,1.2559055118110234,1.7598425196850387
2026-08-06 23:10:10+00:00,1.14,1.469,84.0,S,Slight Chance Showers And Thunderstorms,False,7.0,0.0,KILM,0.4039,40.39,first_quarter,0.11811023622047229,1.2559055118110234,1.7598425196850387
2026-08-06 23:15:10+00:00,1.11,1.469,84.0,S,Slight Chance Showers And Thunderstorms,False,7.0,0.0,KILM,0.4039,40.39,first_quarter,0.11811023622047229,1.2559055118110234,1.7598425196850387
2026-08-06 23:20:10+00:00,1.05,1.469,84.0,S,Slight Chance Showers And Thunderstorms,False,7.0,0.0,KILM,0.4039,40.39,first_quarter,0.11811023622047229,1.2559055118110234,1.7598425196850387
2026-08-06 23:25:10+00:00,1.01,1.469,84.0,S,Slight Chance Showers And Thunderstorms,False,7.0,0.0,KILM,0.4039,40.39,first_quarter,0.11811023622047229,1.2559055118110234,1.7598425196850387
2026-08-06 23:30:10+00:00,0.95,1.035,83.0,S,Partly Cloudy,False,6.0,0.0,KILM,0.3992,39.92,first_quarter,0.11811023622047229,1.2559055118110234,1.7598425196850387
2026-08-06 23:35:10+00:00,0.8899999999999999,1.035,83.0,S,Partly Cloudy,False,6.0,0.0,KILM,0.3992,39.92,first_quarter,0.11811023622047229,1.2559055118110234,1.7480314960629915
2026-08-06 23:40:10+00:00,0.8500000000000001,1.035,83.0,S,Partly Cloudy,False,6.0,0.0,KILM,0.3992,39.92,first_quarter,0.11811023622047229,1.2559055118110234,1.7480314960629915
2026-08-06 23:45:10+00:00,0.81,1.035,83.0,S,Partly Cloudy,False,6.0,0.0,KILM,0.3992,39.92,first_quarter,0.11811023622047229,1.2559055118110234,1.7480314960629915
2026-08-06 23:50:10+00:00,0.77,1.035,83.0,S,Partly Cloudy,False,6.0,0.0,KILM,0.3992,39.92,first_quarter,0.11811023622047229,1.2559055118110234,1.7480314960629915
2026-08-06 23:55:10+00:00,0.73,1.035,83.0,S,Partly Cloudy,False,6.0,0.0,KILM,0.3992,39.92,first_quarter,0.11811023622047229,1.2559055118110234,1.7480314960629915
2026-08-07 00:00:10+00:00,0.72,1.035,83.0,S,Partly Cloudy,False,6.0,0.0,KILM,0.3992,39.92,first_quarter,0.11811023622047229,1.2559055118110234,1.7480314960629915
2026-08-07 00:05:10+00:00,0.69,1.035,83.0,S,Partly Cloudy,False,6.0,0.0,KILM,0.3992,39.92,first_quarter,0.11811023622047229,1.2559055118110234,1.7480314960629915
2026-08-07 00:10:10+00:00,0.6399999999999999,1.035,83.0,S,Partly Cloudy,False,6.0,0.0,KILM,0.3992,39.92,first_quarter,0.11811023622047229,1.2559055118110234,1.7480314960629915
2026-08-07 00:15:10+00:00,0.6000000000000001,1.035,83.0,S,Partly Cloudy,False,6.0,0.0,KILM,0.3992,39.92,first_quarter,0.11811023622047229,1.2559055118110234,1.7480314960629915
2026-08-07 00:20:10+00:00,0.55,1.035,83.0,S,Partly Cloudy,False,6.0,0.0,KILM,0.3992,39.92,first_quarter,0.11811023622047229,1.2559055118110234,1.7480314960629915
2026-08-07 00:25:10+00:00,0.51,1.035,83.0,S,Partly Cloudy,False,6.0,0.0,KILM,0.3992,39.92,first_quarter,0.11811023622047229,1.2559055118110234,1.7480314960629915
2026-08-07 00:30:10+00:00,0.48,0.898,82.0,S,Partly Cloudy,False,5.0,0.0,KILM,0.3945,39.45,first_quarter,0.11811023622047229,1.2559055118110234,1.7480314960629915
2026-08-07 00:35:10+00:00,0.4199999999999999,0.898,82.0,S,Partly Cloudy,False,5.0,0.0,KILM,0.3945,39.45,first_quarter,0.11811023622047229,1.2559055118110234,1.7480314960629915
2026-08-07 00:40:10+00:00,0.3500000000000001,0.898,82.0,S,Partly Cloudy,False,5.0,0.0,KILM,0.3945,39.45,first_quarter,0.11811023622047229,1.2559055118110234,1.7480314960629915
2026-08-07 00:45:10+00:00,0.3,0.898,82.0,S,Partly Cloudy,False,5.0,0.0,KILM,0.3945,39.45,first_quarter,0.11811023622047229,1.2559055118110234,1.7480314960629915
2026-08-07 00:50:10+00:00,0.24,0.898,82.0,S,Partly Cloudy,False,5.0,0.0,KILM,0.3945,39.45,first_quarter,0.11811023622047229,1.2559055118110234,1.7480314960629915
2026-08-07 00:55:10+00:00,0.1699999999999999,0.898,82.0,S,Partly Cloudy,False,5.0,0.0,KILM,0.3945,39.45,first_quarter,0.11811023622047229,1.2559055118110234,1.7480314960629915
2026-08-07 01:00:10+00:00,0.1599999999999999,0.898,82.0,S,Partly Cloudy,False,5.0,0.0,KILM,0.3945,39.45,first_quarter,0.11811023622047229,1.2559055118110234,1.7480314960629915
2026-08-07 01:05:10+00:00,0.1,0.898,82.0,S,Partly Cloudy,False,5.0,0.0,KILM,0.3945,39.45,first_quarter,0.11811023622047229,1.2559055118110234,1.7480314960629915
2026-08-07 01:10:10+00:00,0.06,0.898,82.0,S,Partly Cloudy,False,5.0,0.0,KILM,0.3945,39.45,first_quarter,0.11811023622047229,1.2559055118110234,1.7480314960629915
2026-08-07 01:15:10+00:00,0.04,0.898,82.0,S,Partly Cloudy,False,5.0,0.0,KILM,0.3945,39.45,first_quarter,0.11811023622047229,1.2559055118110234,1.7480314960629915
2026-08-07 01:20:10+00:00,0.04,0.898,82.0,S,Partly Cloudy,False,5.0,0.0,KILM,0.3945,39.45,first_quarter,0.11811023622047229,1.2559055118110234,1.7480314960629915
2026-08-07 01:25:10+00:00,0.06,0.898,82.0,S,Partly Cloudy,False,5.0,0.0,KILM,0.3945,39.45,first_quarter,0.11811023622047229,1.2559055118110234,1.7480314960629915
2026-08-07 01:30:10+00:00,0.07,1.182,81.0,S,Partly Cloudy,False,5.0,0.0,KILM,0.3898,38.98,first_quarter,0.11811023622047229,1.2559055118110234,1.7480314960629915
2026-08-07 01:35:10+00:00,0.09,1.182,81.0,S,Partly Cloudy,False,5.0,0.0,KILM,0.3898,38.98,first_quarter,0.11811023622047229,1.2559055118110234,1.7480314960629915
2026-08-07 01:40:10+00:00,0.07,1.182,81.0,S,Partly Cloudy,False,5.0,0.0,KILM,0.3898,38.98,first_quarter,0.11811023622047229,1.2559055118110234,1.7480314960629915
2026-08-07 01:45:10+00:00,0.1299999999999999,1.182,81.0,S,Partly Cloudy,False,5.0,0.0,KILM,0.3898,38.98,first_quarter,0.11811023622047229,1.2559055118110234,1.7480314960629915
2026-08-07 01:55:10+00:00,0.2199999999999999,1.182,81.0,S,Partly Cloudy,False,5.0,0.0,KILM,0.3898,38.98,first_quarter,0.11811023622047229,1.2559055118110234,1.7480314960629915
2026-08-07 02:00:10+00:00,0.24,1.182,81.0,S,Partly Cloudy,False,5.0,0.0,KILM,0.3898,38.98,first_quarter,0.11811023622047229,1.2559055118110234,1.7480314960629915
2026-08-07 02:05:10+00:00,0.2299999999999999,1.182,81.0,S,Partly Cloudy,False,5.0,0.0,KILM,0.3898,38.98,first_quarter,0.11811023622047229,1.2559055118110234,1.7480314960629915
2026-08-07 02:10:10+00:00,0.25,1.182,81.0,S,Partly Cloudy,False,5.0,0.0,KILM,0.3898,38.98,first_quarter,0.11811023622047229,1.2559055118110234,1.7480314960629915
2026-08-07 02:15:10+00:00,0.33,1.182,81.0,S,Partly Cloudy,False,5.0,0.0,KILM,0.3898,38.98,first_quarter,0.11811023622047229,1.2559055118110234,1.7480314960629915
2026-08-07 02:20:10+00:00,0.4399999999999999,1.182,81.0,S,Partly Cloudy,False,5.0,0.0,KILM,0.3898,38.98,first_quarter,0.11811023622047229,1.2559055118110234,1.7480314960629915
2026-08-07 02:25:10+00:00,0.5,1.182,81.0,S,Partly Cloudy,False,5.0,0.0,KILM,0.3898,38.98,first_quarter,0.11811023622047229,1.2559055118110234,1.7480314960629915
2026-08-07 02:30:10+00:00,0.52,1.844,80.0,S,Partly Cloudy,False,3.0,0.0,KILM,0.3851,38.51,first_quarter,0.11811023622047229,1.2559055118110234,1.7480314960629915
2026-08-07 02:35:10+00:00,0.53,1.844,80.0,S,Partly Cloudy,False,3.0,0.0,KILM,0.3851,38.51,first_quarter,0.11811023622047229,1.2559055118110234,1.7480314960629915
2026-08-07 02:40:10+00:00,0.55,1.844,80.0,S,Partly Cloudy,False,3.0,0.0,KILM,0.3851,38.51,first_quarter,0.11811023622047229,1.2559055118110234,1.7480314960629915
2026-08-07 02:45:10+00:00,0.6100000000000001,1.844,80.0,S,Partly Cloudy,False,3.0,0.0,KILM,0.3851,38.51,first_quarter,0.11811023622047229,1.2559055118110234,1.7480314960629915
2026-08-07 02:50:10+00:00,0.69,1.844,80.0,S,Partly Cloudy,False,3.0,0.0,KILM,0.3851,38.51,first_quarter,0.11811023622047229,1.2559055118110234,1.7480314960629915
2026-08-07 02:55:10+00:00,0.74,1.844,80.0,S,Partly Cloudy,False,3.0,0.0,KILM,0.3851,38.51,first_quarter,0.11811023622047229,1.2559055118110234,1.7480314960629915
2026-08-07 03:00:10+00:00,0.8,1.844,80.0,S,Partly Cloudy,False,3.0,0.0,KILM,0.3851,38.51,first_quarter,0.11811023622047229,1.2559055118110234,1.7480314960629915
2026-08-07 03:05:10+00:00,0.8500000000000001,1.844,80.0,S,Partly Cloudy,False,3.0,0.0,KILM,0.3851,38.51,first_quarter,0.11811023622047229,1.2559055118110234,1.7480314960629915
2026-08-07 03:10:10+00:00,0.8899999999999999,1.844,80.0,S,Partly Cloudy,False,3.0,0.0,KILM,0.3851,38.51,first_quarter,0.11811023622047229,1.2559055118110234,1.7480314960629915
2026-08-07 03:15:10+00:00,0.95,1.844,80.0,S,Partly Cloudy,False,3.0,0.0,KILM,0.3851,38.51,first_quarter,0.11811023622047229,1.2559055118110234,1.7480314960629915
2026-08-07 03:20:10+00:00,1.03,1.844,80.0,S,Partly Cloudy,False,3.0,0.0,KILM,0.3851,38.51,first_quarter,0.11811023622047229,1.2559055118110234,1.7480314960629915
2026-08-07 03:25:10+00:00,1.08,1.844,80.0,S,Partly Cloudy,False,3.0,0.0,KILM,0.3851,38.51,first_quarter,0.11811023622047229,1.2559055118110234,1.7480314960629915
2026-08-07 03:30:10+00:00,1.14,2.651,80.0,S,Partly Cloudy,False,3.0,0.0,KILM,0.3805,38.05,first_quarter,0.11811023622047229,1.2559055118110234,1.7480314960629915
2026-08-07 03:35:10+00:00,1.1800000000000002,2.651,80.0,S,Partly Cloudy,False,3.0,0.0,KILM,0.3805,38.05,first_quarter,0.11811023622047229,1.2559055118110234,1.7480314960629915
2026-08-07 03:40:10+00:00,1.22,2.651,80.0,S,Partly Cloudy,False,3.0,0.0,KILM,0.3805,38.05,first_quarter,0.11811023622047229,1.2559055118110234,1.7480314960629915
2026-08-07 03:45:10+00:00,1.26,2.651,80.0,S,Partly Cloudy,False,3.0,0.0,KILM,0.3805,38.05,first_quarter,0.11811023622047229,1.2559055118110234,1.7480314960629915
2026-08-07 03:50:10+00:00,1.3,2.651,80.0,S,Partly Cloudy,False,3.0,0.0,KILM,0.3805,38.05,first_quarter,0.11811023622047229,1.2559055118110234,1.7480314960629915
2026-08-07 03:55:10+00:00,1.34,2.651,80.0,S,Partly Cloudy,False,3.0,0.0,KFBG,0.3805,38.05,first_quarter,0.11811023622047229,1.2559055118110234,1.7480314960629915
2026-08-07 04:00:10+00:00,1.4,2.651,80.0,S,Partly Cloudy,False,3.0,0.0,KILM,0.3805,38.05,first_quarter,0.11811023622047229,1.2559055118110234,1.7480314960629915
2026-08-07 04:05:10+00:00,1.45,2.651,80.0,S,Partly Cloudy,False,3.0,0.0,KILM,0.3805,38.05,first_quarter,0.11811023622047229,1.2559055118110234,1.7480314960629915
2026-08-07 04:10:10+00:00,1.52,2.651,80.0,S,Partly Cloudy,False,3.0,0.0,KILM,0.3805,38.05,first_quarter,0.11811023622047229,1.2559055118110234,1.7480314960629915
2026-08-07 04:15:10+00:00,1.59,2.651,80.0,S,Partly Cloudy,False,3.0,0.0,KILM,0.3805,38.05,first_quarter,0.11811023622047229,1.2559055118110234,1.7480314960629915
2026-08-07 04:20:10+00:00,1.67,2.651,80.0,S,Partly Cloudy,False,3.0,0.0,KILM,0.3805,38.05,first_quarter,0.11811023622047229,1.2559055118110234,1.7480314960629915
2026-08-07 04:25:10+00:00,1.75,2.651,80.0,S,Partly Cloudy,False,3.0,0.0,KILM,0.3805,38.05,first_quarter,0.11811023622047229,1.2559055118110234,1.7480314960629915
2026-08-07 04:30:10+00:00,1.82,3.314,80.0,S,Partly Cloudy,False,3.0,0.0,KILM,0.3758,37.58,first_quarter,0.11811023622047229,1.2559055118110234,1.7480314960629915
2026-08-07 04:35:10+00:00,1.9,3.314,80.0,S,Partly Cloudy,False,3.0,0.0,KILM,0.3758,37.58,first_quarter,0.11811023622047229,1.2559055118110234,1.7362204724409442
2026-08-07 04:40:10+00:00,1.99,3.314,80.0,S,Partly Cloudy,False,3.0,0.0,KILM,0.3758,37.58,first_quarter,0.11811023622047229,1.2559055118110234,1.7362204724409442
2026-08-07 04:45:10+00:00,2.08,3.314,80.0,S,Partly Cloudy,False,3.0,0.0,KILM,0.3758,37.58,first_quarter,0.11811023622047229,1.2559055118110234,1.7362204724409442
2026-08-07 04:50:10+00:00,2.13,3.314,80.0,S,Partly Cloudy,False,3.0,0.0,KILM,0.3758,37.58,first_quarter,0.11811023622047229,1.2559055118110234,1.7362204724409442
2026-08-07 04:55:10+00:00,2.18,3.314,80.0,S,Partly Cloudy,False,3.0,0.0,KFBG,0.3758,37.58,first_quarter,0.11811023622047229,1.2559055118110234,1.7362204724409442
2026-08-07 05:00:10+00:00,2.23,3.314,80.0,S,Partly Cloudy,False,3.0,0.0,KILM,0.3758,37.58,first_quarter,0.11811023622047229,1.2559055118110234,1.7362204724409442
2026-08-07 05:05:10+00:00,2.29,3.314,80.0,S,Partly Cloudy,False,3.0,0.0,KILM,0.3758,37.58,first_quarter,0.11811023622047229,1.2559055118110234,1.7362204724409442
2026-08-07 05:10:10+00:00,2.36,3.314,80.0,S,Partly Cloudy,False,3.0,0.0,KILM,0.3758,37.58,first_quarter,0.11811023622047229,1.2559055118110234,1.7362204724409442
2026-08-07 05:15:10+00:00,2.4,3.314,80.0,S,Partly Cloudy,False,3.0,0.0,KILM,0.3758,37.58,first_quarter,0.11811023622047229,1.2559055118110234,1.7362204724409442
2026-08-07 05:20:10+00:00,2.47,3.314,80.0,S,Partly Cloudy,False,3.0,0.0,KILM,0.3758,37.58,first_quarter,0.11811023622047229,1.2559055118110234,1.7362204724409442
2026-08-07 05:25:10+00:00,2.5,3.314,80.0,S,Partly Cloudy,False,3.0,0.0,KFBG,0.3758,37.58,first_quarter,0.11811023622047229,1.2559055118110234,1.7362204724409442
2026-08-07 05:30:10+00:00,2.55,3.621,80.0,S,Mostly Clear,False,5.0,0.0,KILM,0.3711,37.11,first_quarter,0.11811023622047229,1.2559055118110234,1.7362204724409442
2026-08-07 05:35:10+00:00,2.6,3.621,80.0,S,Mostly Clear,False,5.0,0.0,KILM,0.3711,37.11,first_quarter,0.11811023622047229,1.2559055118110234,1.7362204724409442
2026-08-07 05:40:10+00:00,2.65,3.621,80.0,S,Mostly Clear,False,5.0,0.0,KILM,0.3711,37.11,first_quarter,0.11811023622047229,1.2559055118110234,1.7362204724409442
2026-08-07 05:45:10+00:00,2.7,3.621,80.0,S,Mostly Clear,False,5.0,0.0,KILM,0.3711,37.11,first_quarter,0.11811023622047229,1.2559055118110234,1.7362204724409442
2026-08-07 05:50:10+00:00,2.73,3.621,80.0,S,Mostly Clear,False,5.0,0.0,KILM,0.3711,37.11,first_quarter,0.11811023622047229,1.2559055118110234,1.7362204724409442
2026-08-07 05:55:10+00:00,2.79,3.621,80.0,S,Mostly Clear,False,5.0,0.0,KFBG,0.3711,37.11,first_quarter,0.11811023622047229,1.2559055118110234,1.7362204724409442
2026-08-07 06:00:10+00:00,2.85,3.621,80.0,S,Mostly Clear,False,5.0,0.0,KILM,0.3711,37.11,first_quarter,0.11811023622047229,1.2559055118110234,1.7362204724409442
2026-08-07 06:05:10+00:00,2.92,3.621,80.0,S,Mostly Clear,False,5.0,0.0,KILM,0.3711,37.11,first_quarter,0.11811023622047229,1.2559055118110234,1.7362204724409442
2026-08-07 06:10:10+00:00,2.96,3.621,80.0,S,Mostly Clear,False,5.0,0.0,KILM,0.3711,37.11,first_quarter,0.11811023622047229,1.2559055118110234,1.7362204724409442
2026-08-07 06:15:10+00:00,3.0,3.621,80.0,S,Mostly Clear,False,5.0,0.0,KILM,0.3711,37.11,first_quarter,0.11811023622047229,1.2559055118110234,1.7362204724409442
2026-08-07 06:20:10+00:00,3.03,3.621,80.0,S,Mostly Clear,False,5.0,0.0,KILM,0.3711,37.11,first_quarter,0.11811023622047229,1.2559055118110234,1.7362204724409442
2026-08-07 06:25:10+00:00,3.08,3.621,80.0,S,Mostly Clear,False,5.0,0.0,KILM,0.3711,37.11,first_quarter,0.11811023622047229,1.2559055118110234,1.7362204724409442
2026-08-07 06:30:10+00:00,3.12,3.472,79.0,S,Mostly Clear,False,5.0,0.0,KILM,0.3665,36.65,first_quarter,0.11811023622047229,1.2559055118110234,1.7362204724409442
2026-08-07 06:35:10+00:00,3.14,3.472,79.0,S,Mostly Clear,False,5.0,0.0,KFBG,0.3665,36.65,first_quarter,0.11811023622047229,1.2559055118110234,1.7362204724409442
2026-08-07 06:40:10+00:00,3.15,3.472,79.0,S,Mostly Clear,False,5.0,0.0,KILM,0.3665,36.65,first_quarter,0.11811023622047229,1.2559055118110234,1.7362204724409442
2026-08-07 06:45:10+00:00,3.17,3.472,79.0,S,Mostly Clear,False,5.0,0.0,KFBG,0.3665,36.65,first_quarter,0.11811023622047229,1.2559055118110234,1.7362204724409442
2026-08-07 06:50:10+00:00,3.18,3.472,79.0,S,Mostly Clear,False,5.0,0.0,KILM,0.3665,36.65,first_quarter,0.11811023622047229,1.2559055118110234,1.7362204724409442
2026-08-07 06:55:10+00:00,3.19,3.472,79.0,S,Mostly Clear,False,5.0,0.0,KFBG,0.3665,36.65,first_quarter,0.11811023622047229,1.2559055118110234,1.7362204724409442
2026-08-07 07:00:10+00:00,3.19,3.472,79.0,S,Mostly Clear,False,5.0,0.0,KILM,0.3665,36.65,first_quarter,0.11811023622047229,1.2559055118110234,1.7362204724409442
2026-08-07 07:05:10+00:00,3.16,3.472,79.0,S,Mostly Clear,False,5.0,0.0,KILM,0.3665,36.65,first_quarter,0.11811023622047229,1.2559055118110234,1.7362204724409442
2026-08-07 07:10:10+00:00,3.13,3.472,79.0,S,Mostly Clear,False,5.0,0.0,KILM,0.3665,36.65,first_quarter,0.11811023622047229,1.2559055118110234,1.7362204724409442
2026-08-07 07:15:10+00:00,3.09,3.472,79.0,S,Mostly Clear,False,5.0,0.0,KILM,0.3665,36.65,first_quarter,0.11811023622047229,1.2559055118110234,1.7362204724409442
2026-08-07 07:20:10+00:00,3.08,3.472,79.0,S,Mostly Clear,False,5.0,0.0,KILM,0.3665,36.65,first_quarter,0.11811023622047229,1.2559055118110234,1.7362204724409442
2026-08-07 07:25:10+00:00,3.05,3.472,79.0,S,Mostly Clear,False,5.0,0.0,KILM,0.3665,36.65,first_quarter,0.11811023622047229,1.2559055118110234,1.7362204724409442
2026-08-07 07:30:10+00:00,3.0,2.911,78.0,S,Mostly Clear,False,3.0,0.0,KFBG,0.3618,36.18,first_quarter,0.11811023622047229,1.2559055118110234,1.7362204724409442
2026-08-07 07:35:10+00:00,2.93,2.911,78.0,S,Mostly Clear,False,3.0,0.0,KILM,0.3618,36.18,first_quarter,0.11811023622047229,1.2559055118110234,1.7362204724409442
2026-08-07 07:40:10+00:00,2.9,2.911,78.0,S,Mostly Clear,False,3.0,0.0,KILM,0.3618,36.18,first_quarter,0.11811023622047229,1.2559055118110234,1.7362204724409442
2026-08-07 07:45:10+00:00,2.85,2.911,78.0,S,Mostly Clear,False,3.0,0.0,KILM,0.3618,36.18,first_quarter,0.11811023622047229,1.2559055118110234,1.7362204724409442
2026-08-07 07:50:10+00:00,2.79,2.911,78.0,S,Mostly Clear,False,3.0,0.0,KILM,0.3618,36.18,first_quarter,0.11811023622047229,1.2559055118110234,1.7362204724409442
2026-08-07 07:55:10+00:00,2.74,2.911,78.0,S,Mostly Clear,False,3.0,0.0,KFBG,0.3618,36.18,first_quarter,0.11811023622047229,1.2559055118110234,1.7362204724409442
2026-08-07 08:00:10+00:00,2.68,2.911,78.0,S,Mostly Clear,False,3.0,0.0,KILM,0.3618,36.18,first_quarter,0.11811023622047229,1.2559055118110234,1.7362204724409442
2026-08-07 08:05:10+00:00,2.62,2.911,78.0,S,Mostly Clear,False,3.0,0.0,KILM,0.3618,36.18,first_quarter,0.11811023622047229,1.2559055118110234,1.7362204724409442
2026-08-07 08:10:10+00:00,2.56,2.911,78.0,S,Mostly Clear,False,3.0,0.0,KILM,0.3618,36.18,first_quarter,0.11811023622047229,1.2559055118110234,1.7362204724409442
2026-08-07 08:15:10+00:00,2.51,2.911,78.0,S,Mostly Clear,False,3.0,0.0,KILM,0.3618,36.18,first_quarter,0.11811023622047229,1.2559055118110234,1.7362204724409442
2026-08-07 08:20:10+00:00,2.45,2.911,78.0,S,Mostly Clear,False,3.0,0.0,KILM,0.3618,36.18,first_quarter,0.11811023622047229,1.2559055118110234,1.7362204724409442
2026-08-07 08:25:10+00:00,2.41,2.911,78.0,S,Mostly Clear,False,3.0,0.0,KILM,0.3618,36.18,first_quarter,0.11811023622047229,1.2559055118110234,1.7362204724409442
2026-08-07 08:30:10+00:00,2.35,2.134,78.0,SW,Mostly Clear,False,3.0,0.0,KILM,0.3572,35.72,first_quarter,0.11811023622047229,1.2559055118110234,1.7362204724409442
2026-08-07 08:35:10+00:00,2.28,2.134,78.0,SW,Mostly Clear,False,3.0,0.0,KILM,0.3572,35.72,first_quarter,0.11811023622047229,1.2559055118110234,1.7362204724409442
2026-08-07 08:40:10+00:00,2.23,2.134,78.0,SW,Mostly Clear,False,3.0,0.0,KILM,0.3572,35.72,first_quarter,0.11811023622047229,1.2559055118110234,1.7362204724409442
2026-08-07 08:45:10+00:00,2.16,2.134,78.0,SW,Mostly Clear,False,3.0,0.0,KILM,0.3572,35.72,first_quarter,0.11811023622047229,1.2559055118110234,1.7362204724409442
2026-08-07 08:50:10+00:00,2.1,2.134,78.0,SW,Mostly Clear,False,3.0,0.0,KILM,0.3572,35.72,first_quarter,0.11811023622047229,1.2559055118110234,1.7362204724409442
2026-08-07 08:55:10+00:00,2.04,2.134,78.0,SW,Mostly Clear,False,3.0,0.0,KFBG,0.3572,35.72,first_quarter,0.11811023622047229,1.2559055118110234,1.7362204724409442
2026-08-07 09:00:10+00:00,2.0,2.134,78.0,SW,Mostly Clear,False,3.0,0.0,KILM,0.3572,35.72,first_quarter,0.11811023622047229,1.2559055118110234,1.7362204724409442
2026-08-07 09:05:10+00:00,1.94,2.134,78.0,SW,Mostly Clear,False,3.0,0.0,KFBG,0.3572,35.72,first_quarter,0.11811023622047229,1.2559055118110234,1.7362204724409442
2026-08-07 09:10:10+00:00,1.86,2.134,78.0,SW,Mostly Clear,False,3.0,0.0,KFBG,0.3572,35.72,first_quarter,0.11811023622047229,1.074803149606299,1.7362204724409442
2026-08-07 09:15:10+00:00,1.81,2.134,78.0,SW,Mostly Clear,False,3.0,0.0,KFBG,0.3572,35.72,first_quarter,0.11811023622047229,1.074803149606299,1.7362204724409442
2026-08-07 09:20:10+00:00,1.74,2.134,78.0,SW,Mostly Clear,False,3.0,0.0,KFBG,0.3572,35.72,first_quarter,0.11811023622047229,1.074803149606299,1.7362204724409442
2026-08-07 09:25:10+00:00,1.68,2.134,78.0,SW,Mostly Clear,False,3.0,0.0,KILM,0.3572,35.72,first_quarter,0.11811023622047229,1.074803149606299,1.7362204724409442
2026-08-07 09:30:10+00:00,1.63,1.372,78.0,SW,Sunny,True,3.0,0.0,KILM,0.3525,35.25,first_quarter,0.11811023622047229,1.074803149606299,1.7362204724409442
2026-08-07 09:35:10+00:00,1.56,1.372,78.0,SW,Sunny,True,3.0,0.0,KFBG,0.3525,35.25,first_quarter,0.11811023622047229,1.074803149606299,1.7362204724409442
2026-08-07 09:40:10+00:00,1.51,1.372,78.0,SW,Sunny,True,3.0,0.0,KILM,0.3525,35.25,first_quarter,0.11811023622047229,1.074803149606299,1.7362204724409442
2026-08-07 09:45:10+00:00,1.44,1.372,78.0,SW,Sunny,True,3.0,0.0,KFBG,0.3525,35.25,first_quarter,0.11811023622047229,1.074803149606299,1.7362204724409442
2026-08-07 09:50:10+00:00,1.39,1.372,78.0,SW,Sunny,True,3.0,0.0,KILM,0.3525,35.25,first_quarter,0.11811023622047229,1.074803149606299,1.7362204724409442
2026-08-07 09:55:10+00:00,1.35,1.372,78.0,SW,Sunny,True,3.0,0.0,KFBG,0.3525,35.25,first_quarter,0.11811023622047229,1.074803149606299,1.7362204724409442
2026-08-07 10:00:10+00:00,1.3,1.372,78.0,SW,Sunny,True,3.0,0.0,KILM,0.3525,35.25,first_quarter,0.11811023622047229,1.074803149606299,1.7362204724409442
2026-08-07 10:05:10+00:00,1.24,1.372,78.0,SW,Sunny,True,3.0,0.0,KILM,0.3525,35.25,first_quarter,0.11811023622047229,1.074803149606299,1.7362204724409442
2026-08-07 10:10:10+00:00,1.19,1.372,78.0,SW,Sunny,True,3.0,0.0,KILM,0.3525,35.25,first_quarter,0.11811023622047229,1.074803149606299,1.7362204724409442
2026-08-07 10:15:10+00:00,1.13,1.372,78.0,SW,Sunny,True,3.0,0.0,KILM,0.3525,35.25,first_quarter,0.11811023622047229,1.074803149606299,1.7362204724409442
2026-08-07 10:20:10+00:00,1.06,1.372,78.0,SW,Sunny,True,3.0,0.0,KILM,0.3525,35.25,first_quarter,0.11811023622047229,1.074803149606299,1.7362204724409442
2026-08-07 10:25:10+00:00,1.01,1.372,78.0,SW,Sunny,True,3.0,0.0,KFBG,0.3525,35.25,first_quarter,0.11811023622047229,0.4566929133858266,1.7362204724409442
2026-08-07 10:30:10+00:00,0.94,0.763,79.0,S,Sunny,True,3.0,0.0,KILM,0.3479,34.79,waxing_crescent,0.11811023622047229,0.4566929133858266,1.7362204724409442
2026-08-07 10:35:10+00:00,0.8899999999999999,0.763,79.0,S,Sunny,True,3.0,0.0,KILM,0.3479,34.79,waxing_crescent,0.11811023622047229,0.4566929133858266,1.724409448818897
2026-08-07 10:40:10+00:00,0.8400000000000001,0.763,79.0,S,Sunny,True,3.0,0.0,KILM,0.3479,34.79,waxing_crescent,0.11811023622047229,0.4566929133858266,1.724409448818897
2026-08-07 10:45:10+00:00,0.76,0.763,79.0,S,Sunny,True,3.0,0.0,KILM,0.3479,34.79,waxing_crescent,0.11811023622047229,0.4566929133858266,1.724409448818897
2026-08-07 10:50:10+00:00,0.71,0.763,79.0,S,Sunny,True,3.0,0.0,KILM,0.3479,34.79,waxing_crescent,0.11811023622047229,0.4566929133858266,1.724409448818897
2026-08-07 10:55:10+00:00,0.6499999999999999,0.763,79.0,S,Sunny,True,3.0,0.0,KFBG,0.3479,34.79,waxing_crescent,0.11811023622047229,0.4566929133858266,1.724409448818897
2026-08-07 11:00:10+00:00,0.6000000000000001,0.763,79.0,S,Sunny,True,3.0,0.0,KILM,0.3479,34.79,waxing_crescent,0.11811023622047229,0.4566929133858266,1.724409448818897
2026-08-07 11:05:10+00:00,0.54,0.763,79.0,S,Sunny,True,3.0,0.0,KILM,0.3479,34.79,waxing_crescent,0.11811023622047229,0.4566929133858266,1.724409448818897
2026-08-07 11:10:10+00:00,0.48,0.763,79.0,S,Sunny,True,3.0,0.0,KILM,0.3479,34.79,waxing_crescent,0.11811023622047229,0.4566929133858266,1.724409448818897
2026-08-07 11:15:10+00:00,0.4199999999999999,0.763,79.0,S,Sunny,True,3.0,0.0,KILM,0.3479,34.79,waxing_crescent,0.11811023622047229,0.4566929133858266,1.724409448818897
2026-08-07 11:20:10+00:00,0.3500000000000001,0.763,79.0,S,Sunny,True,3.0,0.0,KILM,0.3479,34.79,waxing_crescent,0.11811023622047229,0.4566929133858266,1.724409448818897
2026-08-07 11:25:10+00:00,0.31,0.763,79.0,S,Sunny,True,3.0,0.0,KILM,0.3479,34.79,waxing_crescent,0.11811023622047229,0.4566929133858266,1.724409448818897
2026-08-07 11:30:10+00:00,0.24,0.37,80.0,S,Slight Chance Showers And Thunderstorms,True,3.0,0.0,KILM,0.3433,34.33,waxing_crescent,0.11811023622047229,0.4566929133858266,1.724409448818897
2026-08-07 11:35:10+00:00,0.1699999999999999,0.37,80.0,S,Slight Chance Showers And Thunderstorms,True,3.0,0.0,KILM,0.3433,34.33,waxing_crescent,0.11811023622047229,0.4566929133858266,1.724409448818897
2026-08-07 11:40:10+00:00,0.1100000000000001,0.37,80.0,S,Slight Chance Showers And Thunderstorms,True,3.0,0.0,KILM,0.3433,34.33,waxing_crescent,0.11811023622047229,0.4566929133858266,1.724409448818897
2026-08-07 11:45:10+00:00,0.05,0.37,80.0,S,Slight Chance Showers And Thunderstorms,True,3.0,0.0,KILM,0.3433,34.33,waxing_crescent,0.11811023622047229,0.4566929133858266,1.724409448818897
2026-08-07 14:20:10+00:00,0.05,0.697,84.0,S,Slight Chance Showers And Thunderstorms,True,5.0,0.0,KFBG,0.3341,33.41,waxing_crescent,0.11811023622047229,0.31889763779527547,1.724409448818897
2026-08-07 14:25:10+00:00,0.1100000000000001,0.697,84.0,S,Slight Chance Showers And Thunderstorms,True,5.0,0.0,KILM,0.3341,33.41,waxing_crescent,0.11811023622047229,0.31889763779527547,1.724409448818897
2026-08-07 14:30:10+00:00,0.2199999999999999,1.564,86.0,SE,Slight Chance Showers And Thunderstorms,True,6.0,0.0,KILM,0.3296,32.96,waxing_crescent,0.11811023622047229,0.31889763779527547,1.724409448818897
2026-08-07 14:35:10+00:00,0.31,1.564,86.0,SE,Slight Chance Showers And Thunderstorms,True,6.0,0.0,KILM,0.3296,32.96,waxing_crescent,0.11811023622047229,0.31889763779527547,1.724409448818897
2026-08-07 14:40:10+00:00,0.3700000000000001,1.564,86.0,SE,Slight Chance Showers And Thunderstorms,True,6.0,0.0,KILM,0.3296,32.96,waxing_crescent,0.11811023622047229,0.31889763779527547,1.724409448818897
2026-08-07 14:45:10+00:00,0.3600000000000001,1.564,86.0,SE,Slight Chance Showers And Thunderstorms,True,6.0,0.0,KILM,0.3296,32.96,waxing_crescent,0.11811023622047229,0.31889763779527547,1.724409448818897
2026-08-07 14:50:10+00:00,0.3799999999999999,1.564,86.0,SE,Slight Chance Showers And Thunderstorms,True,6.0,0.0,KILM,0.3296,32.96,waxing_crescent,0.11811023622047229,0.31889763779527547,1.724409448818897
2026-08-07 14:55:10+00:00,0.4499999999999999,1.564,86.0,SE,Slight Chance Showers And Thunderstorms,True,6.0,0.0,KILM,0.3296,32.96,waxing_crescent,0.11811023622047229,0.31889763779527547,1.724409448818897
2026-08-07 15:00:10+00:00,0.5,1.564,86.0,SE,Slight Chance Showers And Thunderstorms,True,6.0,0.0,KILM,0.3296,32.96,waxing_crescent,0.11811023622047229,0.31889763779527547,1.724409448818897
2026-08-07 15:05:10+00:00,0.56,1.564,86.0,SE,Slight Chance Showers And Thunderstorms,True,6.0,0.0,KILM,0.3296,32.96,waxing_crescent,0.11811023622047229,0.31889763779527547,1.724409448818897
2026-08-07 15:10:10+00:00,0.6399999999999999,1.564,86.0,SE,Slight Chance Showers And Thunderstorms,True,6.0,0.0,KILM,0.3296,32.96,waxing_crescent,0.11811023622047229,0.31889763779527547,1.724409448818897
2026-08-07 15:15:10+00:00,0.69,1.564,86.0,SE,Slight Chance Showers And Thunderstorms,True,6.0,0.0,KILM,0.3296,32.96,waxing_crescent,0.11811023622047229,0.31889763779527547,1.724409448818897
2026-08-07 15:20:10+00:00,0.71,1.564,86.0,SE,Slight Chance Showers And Thunderstorms,True,6.0,0.0,KILM,0.3296,32.96,waxing_crescent,0.11811023622047229,0.31889763779527547,1.724409448818897
2026-08-07 15:25:10+00:00,0.78,1.564,86.0,SE,Slight Chance Showers And Thunderstorms,True,6.0,0.0,KILM,0.3296,32.96,waxing_crescent,0.11811023622047229,0.31889763779527547,1.724409448818897
2026-08-07 15:30:10+00:00,0.8600000000000001,2.685,87.0,SE,Slight Chance Showers And Thunderstorms,True,7.0,0.0,KILM,0.325,32.5,waxing_crescent,0.11811023622047229,0.31889763779527547,1.724409448818897
2026-08-07 15:35:10+00:00,0.92,2.685,87.0,SE,Slight Chance Showers And Thunderstorms,True,7.0,0.0,KILM,0.325,32.5,waxing_crescent,0.11811023622047229,0.31889763779527547,1.7125984251968498
2026-08-07 15:40:10+00:00,1.0,2.685,87.0,SE,Slight Chance Showers And Thunderstorms,True,7.0,0.0,KILM,0.325,32.5,waxing_crescent,0.11811023622047229,0.31889763779527547,1.7125984251968498
2026-08-07 15:45:10+00:00,1.06,2.685,87.0,SE,Slight Chance Showers And Thunderstorms,True,7.0,0.0,KILM,0.325,32.5,waxing_crescent,0.11811023622047229,0.31889763779527547,1.7125984251968498
2026-08-07 15:50:10+00:00,1.12,2.685,87.0,SE,Slight Chance Showers And Thunderstorms,True,7.0,0.0,KILM,0.325,32.5,waxing_crescent,0.11811023622047229,0.31889763779527547,1.7125984251968498
2026-08-07 15:55:10+00:00,1.2,2.685,87.0,SE,Slight Chance Showers And Thunderstorms,True,7.0,0.0,KILM,0.325,32.5,waxing_crescent,0.11811023622047229,0.31889763779527547,1.7125984251968498
2026-08-07 16:00:10+00:00,1.26,2.685,87.0,SE,Slight Chance Showers And Thunderstorms,True,7.0,0.0,KILM,0.325,32.5,waxing_crescent,0.11811023622047229,0.31889763779527547,1.7125984251968498
2026-08-07 16:05:10+00:00,1.36,2.685,87.0,SE,Slight Chance Showers And Thunderstorms,True,7.0,0.0,KILM,0.325,32.5,waxing_crescent,0.11811023622047229,0.31889763779527547,1.7125984251968498
2026-08-07 16:10:10+00:00,1.47,2.685,87.0,SE,Slight Chance Showers And Thunderstorms,True,7.0,0.0,KILM,0.325,32.5,waxing_crescent,0.11811023622047229,0.31889763779527547,1.7125984251968498
2026-08-07 16:15:10+00:00,1.56,2.685,87.0,SE,Slight Chance Showers And Thunderstorms,True,7.0,0.0,KILM,0.325,32.5,waxing_crescent,0.11811023622047229,0.31889763779527547,1.7125984251968498
2026-08-07 16:20:10+00:00,1.66,2.685,87.0,SE,Slight Chance Showers And Thunderstorms,True,7.0,0.0,KILM,0.325,32.5,waxing_crescent,0.11811023622047229,0.31889763779527547,1.7125984251968498
2026-08-07 16:25:10+00:00,1.73,2.685,87.0,SE,Slight Chance Showers And Thunderstorms,True,7.0,0.0,KILM,0.325,32.5,waxing_crescent,0.11811023622047229,0.31889763779527547,1.7125984251968498
2026-08-07 16:30:10+00:00,1.83,3.732,87.0,SE,Slight Chance Showers And Thunderstorms,True,8.0,0.0,KILM,0.3204,32.04,waxing_crescent,0.11811023622047229,0.31889763779527547,1.7125984251968498
2026-08-07 16:35:10+00:00,1.9,3.732,87.0,SE,Slight Chance Showers And Thunderstorms,True,8.0,0.0,KILM,0.3204,32.04,waxing_crescent,0.11811023622047229,0.31889763779527547,1.7125984251968498
2026-08-07 16:40:10+00:00,1.97,3.732,87.0,SE,Slight Chance Showers And Thunderstorms,True,8.0,0.0,KILM,0.3204,32.04,waxing_crescent,0.11811023622047229,0.31889763779527547,1.7125984251968498
2026-08-07 16:45:10+00:00,2.06,3.732,87.0,SE,Slight Chance Showers And Thunderstorms,True,8.0,0.0,KILM,0.3204,32.04,waxing_crescent,0.11811023622047229,0.31889763779527547,1.7125984251968498
2026-08-07 16:50:10+00:00,2.15,3.732,87.0,SE,Slight Chance Showers And Thunderstorms,True,8.0,0.0,KILM,0.3204,32.04,waxing_crescent,0.11811023622047229,0.31889763779527547,1.7125984251968498
2026-08-07 16:55:10+00:00,2.22,3.732,87.0,SE,Slight Chance Showers And Thunderstorms,True,8.0,0.0,KILM,0.3204,32.04,waxing_crescent,0.11811023622047229,0.31889763779527547,1.7125984251968498
2026-08-07 17:00:10+00:00,2.3,3.732,87.0,SE,Slight Chance Showers And Thunderstorms,True,8.0,0.0,KILM,0.3204,32.04,waxing_crescent,0.11811023622047229,0.31889763779527547,1.7125984251968498
2026-08-07 17:05:10+00:00,2.37,3.732,87.0,SE,Slight Chance Showers And Thunderstorms,True,8.0,0.0,KILM,0.3204,32.04,waxing_crescent,0.11811023622047229,0.31889763779527547,1.7125984251968498
2026-08-07 17:10:10+00:00,2.44,3.732,87.0,SE,Slight Chance Showers And Thunderstorms,True,8.0,0.0,KILM,0.3204,32.04,waxing_crescent,0.11811023622047229,0.31889763779527547,1.7125984251968498
2026-08-07 17:15:10+00:00,2.51,3.732,87.0,SE,Slight Chance Showers And Thunderstorms,True,8.0,0.0,KILM,0.3204,32.04,waxing_crescent,0.11811023622047229,0.31889763779527547,1.7125984251968498
2026-08-07 17:20:10+00:00,2.6,3.732,87.0,SE,Slight Chance Showers And Thunderstorms,True,8.0,0.0,KILM,0.3204,32.04,waxing_crescent,0.11811023622047229,0.31889763779527547,1.7125984251968498
2026-08-07 17:25:10+00:00,2.67,3.732,87.0,SE,Slight Chance Showers And Thunderstorms,True,8.0,0.0,KILM,0.3204,32.04,waxing_crescent,0.11811023622047229,0.31889763779527547,1.7125984251968498
2026-08-07 17:30:10+00:00,2.73,4.442,87.0,SE,Slight Chance Showers And Thunderstorms,True,9.0,0.0,KILM,0.3159,31.59,waxing_crescent,0.11811023622047229,0.31889763779527547,1.7125984251968498
2026-08-07 17:35:10+00:00,2.82,4.442,87.0,SE,Slight Chance Showers And Thunderstorms,True,9.0,0.0,KILM,0.3159,31.59,waxing_crescent,0.11811023622047229,0.31889763779527547,1.7125984251968498
2026-08-07 17:40:10+00:00,2.89,4.442,87.0,SE,Slight Chance Showers And Thunderstorms,True,9.0,0.0,KILM,0.3159,31.59,waxing_crescent,0.11811023622047229,0.31889763779527547,1.7125984251968498
2026-08-07 17:45:10+00:00,2.97,4.442,87.0,SE,Slight Chance Showers And Thunderstorms,True,9.0,0.0,KILM,0.3159,31.59,waxing_crescent,0.11811023622047229,0.31889763779527547,1.7125984251968498
2026-08-07 17:50:10+00:00,3.05,4.442,87.0,SE,Slight Chance Showers And Thunderstorms,True,9.0,0.0,KILM,0.3159,31.59,waxing_crescent,0.11811023622047229,0.31889763779527547,1.7125984251968498
2026-08-07 17:55:10+00:00,3.13,4.442,87.0,SE,Slight Chance Showers And Thunderstorms,True,9.0,0.0,KILM,0.3159,31.59,waxing_crescent,0.11811023622047229,0.31889763779527547,1.7125984251968498
2026-08-07 18:00:10+00:00,3.19,4.442,87.0,SE,Slight Chance Showers And Thunderstorms,True,9.0,0.0,KILM,0.3159,31.59,waxing_crescent,0.11811023622047229,0.31889763779527547,1.7125984251968498
2026-08-07 18:05:10+00:00,3.26,4.442,87.0,SE,Slight Chance Showers And Thunderstorms,True,9.0,0.0,KILM,0.3159,31.59,waxing_crescent,0.11811023622047229,0.31889763779527547,1.7125984251968498
2026-08-07 18:10:10+00:00,3.3200000000000003,4.442,87.0,SE,Slight Chance Showers And Thunderstorms,True,9.0,0.0,KILM,0.3159,31.59,waxing_crescent,0.11811023622047229,0.31889763779527547,1.7125984251968498
2026-08-07 18:15:10+00:00,3.41,4.442,87.0,SE,Slight Chance Showers And Thunderstorms,True,9.0,0.0,KILM,0.3159,31.59,waxing_crescent,0.11811023622047229,0.31889763779527547,1.7125984251968498
2026-08-07 18:20:10+00:00,3.49,4.442,87.0,SE,Slight Chance Showers And Thunderstorms,True,9.0,0.0,KILM,0.3159,31.59,waxing_crescent,0.11811023622047229,0.31889763779527547,1.7125984251968498
2026-08-07 18:25:10+00:00,3.5700000000000003,4.442,87.0,SE,Slight Chance Showers And Thunderstorms,True,9.0,0.0,KILM,0.3159,31.59,waxing_crescent,0.11811023622047229,0.31889763779527547,1.7125984251968498
2026-08-07 18:30:10+00:00,3.64,4.676,87.0,SE,Slight Chance Showers And Thunderstorms,True,9.0,0.0,KILM,0.3114,31.14,waxing_crescent,0.11811023622047229,0.31889763779527547,1.7125984251968498
2026-08-07 18:35:10+00:00,3.68,4.676,87.0,SE,Slight Chance Showers And Thunderstorms,True,9.0,0.0,KILM,0.3114,31.14,waxing_crescent,0.11811023622047229,0.31889763779527547,1.7125984251968498
2026-08-07 18:40:10+00:00,3.71,4.676,87.0,SE,Slight Chance Showers And Thunderstorms,True,9.0,0.0,KILM,0.3114,31.14,waxing_crescent,0.11811023622047229,0.31889763779527547,1.7125984251968498
2026-08-07 18:45:10+00:00,3.76,4.676,87.0,SE,Slight Chance Showers And Thunderstorms,True,9.0,0.0,KILM,0.3114,31.14,waxing_crescent,0.11811023622047229,0.31889763779527547,1.7125984251968498
2026-08-07 18:50:10+00:00,3.82,4.676,87.0,SE,Slight Chance Showers And Thunderstorms,True,9.0,0.0,KILM,0.3114,31.14,waxing_crescent,0.11811023622047229,0.31889763779527547,1.7125984251968498
2026-08-07 18:55:10+00:00,3.85,4.676,87.0,SE,Slight Chance Showers And Thunderstorms,True,9.0,0.0,KILM,0.3114,31.14,waxing_crescent,0.11811023622047229,0.31889763779527547,1.7125984251968498
2026-08-07 19:00:10+00:00,3.89,4.676,87.0,SE,Slight Chance Showers And Thunderstorms,True,9.0,0.0,KILM,0.3114,31.14,waxing_crescent,0.11811023622047229,0.31889763779527547,1.7125984251968498
2026-08-07 19:05:10+00:00,3.92,4.676,87.0,SE,Slight Chance Showers And Thunderstorms,True,9.0,0.0,KILM,0.3114,31.14,waxing_crescent,0.11811023622047229,0.31889763779527547,1.7125984251968498
2026-08-07 19:10:10+00:00,3.95,4.676,87.0,SE,Slight Chance Showers And Thunderstorms,True,9.0,0.0,KILM,0.3114,31.14,waxing_crescent,0.11811023622047229,0.31889763779527547,1.7125984251968498
2026-08-07 19:15:10+00:00,3.96,4.676,87.0,SE,Slight Chance Showers And Thunderstorms,True,9.0,0.0,KILM,0.3114,31.14,waxing_crescent,0.11811023622047229,0.31889763779527547,1.7125984251968498
2026-08-07 19:20:10+00:00,3.99,4.676,87.0,SE,Slight Chance Showers And Thunderstorms,True,9.0,0.0,KILM,0.3114,31.14,waxing_crescent,0.11811023622047229,0.31889763779527547,1.7125984251968498
2026-08-07 19:25:10+00:00,4.029999999999999,4.676,87.0,SE,Slight Chance Showers And Thunderstorms,True,9.0,0.0,KILM,0.3114,31.14,waxing_crescent,0.11811023622047229,0.31889763779527547,1.7125984251968498
2026-08-07 19:30:10+00:00,4.029999999999999,4.425,88.0,SE,Slight Chance Showers And Thunderstorms,True,9.0,0.0,KILM,0.3069,30.69,waxing_crescent,0.11811023622047229,0.31889763779527547,1.7125984251968498
2026-08-07 19:35:10+00:00,4.0600000000000005,4.425,88.0,SE,Slight Chance Showers And Thunderstorms,True,9.0,0.0,KILM,0.3069,30.69,waxing_crescent,0.11811023622047229,0.31889763779527547,1.7125984251968498
2026-08-07 19:40:10+00:00,4.07,4.425,88.0,SE,Slight Chance Showers And Thunderstorms,True,9.0,0.0,KILM,0.3069,30.69,waxing_crescent,0.11811023622047229,0.31889763779527547,1.7125984251968498
2026-08-07 19:45:10+00:00,4.08,4.425,88.0,SE,Slight Chance Showers And Thunderstorms,True,9.0,0.0,KILM,0.3069,30.69,waxing_crescent,0.11811023622047229,0.31889763779527547,1.7125984251968498
2026-08-07 19:50:10+00:00,4.08,4.425,88.0,SE,Slight Chance Showers And Thunderstorms,True,9.0,0.0,KILM,0.3069,30.69,waxing_crescent,0.11811023622047229,0.31889763779527547,1.7125984251968498
2026-08-07 19:55:10+00:00,4.0600000000000005,4.425,88.0,SE,Slight Chance Showers And Thunderstorms,True,9.0,0.0,KILM,0.3069,30.69,waxing_crescent,0.11811023622047229,0.31889763779527547,1.7125984251968498
2026-08-07 20:00:10+00:00,4.05,4.425,88.0,SE,Slight Chance Showers And Thunderstorms,True,9.0,0.0,KILM,0.3069,30.69,waxing_crescent,0.11811023622047229,0.31889763779527547,1.7125984251968498
2026-08-07 20:05:10+00:00,4.01,4.425,88.0,SE,Slight Chance Showers And Thunderstorms,True,9.0,0.0,KILM,0.3069,30.69,waxing_crescent,0.11811023622047229,0.31889763779527547,1.7125984251968498
2026-08-07 20:10:10+00:00,3.98,4.425,88.0,SE,Slight Chance Showers And Thunderstorms,True,9.0,0.0,KILM,0.3069,30.69,waxing_crescent,0.11811023622047229,0.31889763779527547,1.7125984251968498
2026-08-07 20:15:10+00:00,3.96,4.425,88.0,SE,Slight Chance Showers And Thunderstorms,True,9.0,0.0,KILM,0.3069,30.69,waxing_crescent,0.11811023622047229,0.31889763779527547,1.7125984251968498
2026-08-07 20:20:10+00:00,3.89,4.425,88.0,SE,Slight Chance Showers And Thunderstorms,True,9.0,0.0,KILM,0.3069,30.69,waxing_crescent,0.11811023622047229,0.31889763779527547,1.7125984251968498
2026-08-07 20:25:10+00:00,3.86,4.425,88.0,SE,Slight Chance Showers And Thunderstorms,True,9.0,0.0,KILM,0.3069,30.69,waxing_crescent,0.11811023622047229,0.31889763779527547,1.7125984251968498
2026-08-07 20:30:10+00:00,3.8,3.811,88.0,SE,Slight Chance Showers And Thunderstorms,True,9.0,0.0,KILM,0.3024,30.24,waxing_crescent,0.11811023622047229,0.31889763779527547,1.7125984251968498
2026-08-07 20:35:10+00:00,3.76,3.811,88.0,SE,Slight Chance Showers And Thunderstorms,True,9.0,0.0,KILM,0.3024,30.24,waxing_crescent,0.11811023622047229,0.31889763779527547,1.7125984251968498
2026-08-07 20:40:10+00:00,3.69,3.811,88.0,SE,Slight Chance Showers And Thunderstorms,True,9.0,0.0,KILM,0.3024,30.24,waxing_crescent,0.0,0.31889763779527547,1.7125984251968498
2026-08-07 20:45:10+00:00,3.64,3.811,88.0,SE,Slight Chance Showers And Thunderstorms,True,9.0,0.0,KILM,0.3024,30.24,waxing_crescent,0.0,0.31889763779527547,1.7125984251968498
2026-08-07 20:50:10+00:00,3.6,3.811,88.0,SE,Slight Chance Showers And Thunderstorms,True,9.0,0.0,KILM,0.3024,30.24,waxing_crescent,0.0,0.31889763779527547,1.7125984251968498
2026-08-07 20:55:10+00:00,3.53,3.811,88.0,SE,Slight Chance Showers And Thunderstorms,True,9.0,0.0,KILM,0.3024,30.24,waxing_crescent,0.0,0.31889763779527547,1.7125984251968498
2026-08-07 21:00:10+00:00,3.48,3.811,88.0,SE,Slight Chance Showers And Thunderstorms,True,9.0,0.0,KILM,0.3024,30.24,waxing_crescent,0.0,0.31889763779527547,1.7125984251968498
2026-08-07 21:05:10+00:00,3.42,3.811,88.0,SE,Slight Chance Showers And Thunderstorms,True,9.0,0.0,KILM,0.3024,30.24,waxing_crescent,0.0,0.31889763779527547,1.7125984251968498
2026-08-07 21:10:10+00:00,3.37,3.811,88.0,SE,Slight Chance Showers And Thunderstorms,True,9.0,0.0,KILM,0.3024,30.24,waxing_crescent,0.0,0.31889763779527547,1.7125984251968498
2026-08-07 21:15:10+00:00,3.3200000000000003,3.811,88.0,SE,Slight Chance Showers And Thunderstorms,True,9.0,0.0,KILM,0.3024,30.24,waxing_crescent,0.0,0.31889763779527547,1.7125984251968498
2026-08-07 21:20:10+00:00,3.27,3.811,88.0,SE,Slight Chance Showers And Thunderstorms,True,9.0,0.0,KILM,0.3024,30.24,waxing_crescent,0.0,0.31889763779527547,1.7125984251968498
2026-08-07 21:25:10+00:00,3.2,3.811,88.0,SE,Slight Chance Showers And Thunderstorms,True,9.0,0.0,KILM,0.3024,30.24,waxing_crescent,0.0,0.31889763779527547,1.7125984251968498
2026-08-07 21:30:10+00:00,3.16,3.035,87.0,SE,Slight Chance Showers And Thunderstorms,False,8.0,0.0,KILM,0.2979,29.79,waxing_crescent,0.0,0.31889763779527547,1.7125984251968498
2026-08-07 21:35:10+00:00,3.09,3.035,87.0,SE,Slight Chance Showers And Thunderstorms,False,8.0,0.0,KILM,0.2979,29.79,waxing_crescent,0.0,0.31889763779527547,1.7125984251968498
2026-08-07 21:40:10+00:00,3.01,3.035,87.0,SE,Slight Chance Showers And Thunderstorms,False,8.0,0.0,KILM,0.2979,29.79,waxing_crescent,0.0,0.31889763779527547,1.7125984251968498
2026-08-07 21:45:10+00:00,2.95,3.035,87.0,SE,Slight Chance Showers And Thunderstorms,False,8.0,0.0,KILM,0.2979,29.79,waxing_crescent,0.0,0.31889763779527547,1.7125984251968498
2026-08-07 21:50:10+00:00,2.91,3.035,87.0,SE,Slight Chance Showers And Thunderstorms,False,8.0,0.0,KILM,0.2979,29.79,waxing_crescent,0.0,0.31889763779527547,1.7125984251968498
2026-08-07 21:55:10+00:00,2.86,3.035,87.0,SE,Slight Chance Showers And Thunderstorms,False,8.0,0.0,KILM,0.2979,29.79,waxing_crescent,0.0,0.31889763779527547,1.7125984251968498
2026-08-07 22:00:10+00:00,2.79,3.035,87.0,SE,Slight Chance Showers And Thunderstorms,False,8.0,0.0,KILM,0.2979,29.79,waxing_crescent,0.0,0.31889763779527547,1.7125984251968498
2026-08-07 22:05:10+00:00,2.73,3.035,87.0,SE,Slight Chance Showers And Thunderstorms,False,8.0,0.0,KILM,0.2979,29.79,waxing_crescent,0.0,0.31889763779527547,1.7125984251968498
2026-08-07 22:10:10+00:00,2.68,3.035,87.0,SE,Slight Chance Showers And Thunderstorms,False,8.0,0.0,KILM,0.2979,29.79,waxing_crescent,0.0,0.31889763779527547,1.7125984251968498
2026-08-07 22:15:10+00:00,2.62,3.035,87.0,SE,Slight Chance Showers And Thunderstorms,False,8.0,0.0,KILM,0.2979,29.79,waxing_crescent,0.0,0.31889763779527547,1.7125984251968498
2026-08-07 22:20:10+00:00,2.58,3.035,87.0,SE,Slight Chance Showers And Thunderstorms,False,8.0,0.0,KILM,0.2979,29.79,waxing_crescent,0.0,0.31889763779527547,1.7125984251968498
2026-08-07 22:25:10+00:00,2.53,3.035,87.0,SE,Slight Chance Showers And Thunderstorms,False,8.0,0.0,KILM,0.2979,29.79,waxing_crescent,0.0,0.31889763779527547,1.7125984251968498
2026-08-07 22:30:10+00:00,2.47,2.251,85.0,S,Slight Chance Showers And Thunderstorms,False,7.0,0.0,KILM,0.2935,29.35,waxing_crescent,0.0,0.31889763779527547,1.7125984251968498
2026-08-07 22:35:10+00:00,2.41,2.251,85.0,S,Slight Chance Showers And Thunderstorms,False,7.0,0.0,KILM,0.2935,29.35,waxing_crescent,0.0,0.31889763779527547,1.7125984251968498
2026-08-07 22:40:10+00:00,2.37,2.251,85.0,S,Slight Chance Showers And Thunderstorms,False,7.0,0.0,KILM,0.2935,29.35,waxing_crescent,0.0,0.31889763779527547,1.7125984251968498
2026-08-07 22:45:10+00:00,2.31,2.251,85.0,S,Slight Chance Showers And Thunderstorms,False,7.0,0.0,KILM,0.2935,29.35,waxing_crescent,0.0,0.31889763779527547,1.7125984251968498
2026-08-07 22:50:10+00:00,2.25,2.251,85.0,S,Slight Chance Showers And Thunderstorms,False,7.0,0.0,KILM,0.2935,29.35,waxing_crescent,0.0,0.31889763779527547,1.7125984251968498
2026-08-07 22:55:10+00:00,2.2,2.251,85.0,S,Slight Chance Showers And Thunderstorms,False,7.0,0.0,KILM,0.2935,29.35,waxing_crescent,0.0,0.31889763779527547,1.7125984251968498
2026-08-07 23:00:10+00:00,2.15,2.251,85.0,S,Slight Chance Showers And Thunderstorms,False,7.0,0.0,KILM,0.2935,29.35,waxing_crescent,0.0,0.31889763779527547,1.7125984251968498
2026-08-07 23:05:10+00:00,2.08,2.251,85.0,S,Slight Chance Showers And Thunderstorms,False,7.0,0.0,KILM,0.2935,29.35,waxing_crescent,0.0,0.31889763779527547,1.7125984251968498
2026-08-07 23:10:10+00:00,2.04,2.251,85.0,S,Slight Chance Showers And Thunderstorms,False,7.0,0.0,KILM,0.2935,29.35,waxing_crescent,0.0,0.31889763779527547,1.7125984251968498
2026-08-07 23:15:10+00:00,1.96,2.251,85.0,S,Slight Chance Showers And Thunderstorms,False,7.0,0.0,KILM,0.2935,29.35,waxing_crescent,0.0,0.31889763779527547,1.7125984251968498
2026-08-07 23:20:10+00:00,1.92,2.251,85.0,S,Slight Chance Showers And Thunderstorms,False,7.0,0.0,KILM,0.2935,29.35,waxing_crescent,0.0,0.31889763779527547,1.7125984251968498
2026-08-07 23:25:10+00:00,1.85,2.251,85.0,S,Slight Chance Showers And Thunderstorms,False,7.0,0.0,KILM,0.2935,29.35,waxing_crescent,0.0,0.31889763779527547,1.7125984251968498
2026-08-07 23:30:10+00:00,1.78,1.53,84.0,S,Mostly Clear,False,7.0,0.0,KILM,0.289,28.9,waxing_crescent,0.0,0.31889763779527547,1.7125984251968498
2026-08-07 23:35:10+00:00,1.58,1.53,84.0,S,Mostly Clear,False,7.0,0.0,KILM,0.289,28.9,waxing_crescent,0.0,0.31889763779527547,1.7125984251968498
2026-08-07 23:40:10+00:00,1.64,1.53,84.0,S,Mostly Clear,False,7.0,0.0,KILM,0.289,28.9,waxing_crescent,0.0,0.31889763779527547,1.7125984251968498
2026-08-07 23:45:10+00:00,1.59,1.53,84.0,S,Mostly Clear,False,7.0,0.0,KILM,0.289,28.9,waxing_crescent,0.0,0.31889763779527547,1.7125984251968498
2026-08-07 23:50:10+00:00,1.52,1.53,84.0,S,Mostly Clear,False,7.0,0.0,KILM,0.289,28.9,waxing_crescent,0.0,0.31889763779527547,1.7125984251968498
2026-08-07 23:55:10+00:00,1.46,1.53,84.0,S,Mostly Clear,False,7.0,0.0,KILM,0.289,28.9,waxing_crescent,0.0,0.31889763779527547,1.7125984251968498
2026-08-08 00:00:10+00:00,1.39,1.53,84.0,S,Mostly Clear,False,7.0,0.0,KILM,0.289,28.9,waxing_crescent,0.0,0.31889763779527547,1.7125984251968498
2026-08-08 00:05:10+00:00,1.33,1.53,84.0,S,Mostly Clear,False,7.0,0.0,KILM,0.289,28.9,waxing_crescent,0.0,0.31889763779527547,1.7125984251968498
2026-08-08 00:10:10+00:00,1.27,1.53,84.0,S,Mostly Clear,False,7.0,0.0,KILM,0.289,28.9,waxing_crescent,0.0,0.31889763779527547,1.7125984251968498
2026-08-08 00:15:10+00:00,1.21,1.53,84.0,S,Mostly Clear,False,7.0,0.0,KILM,0.289,28.9,waxing_crescent,0.0,0.31889763779527547,1.7007874015748028
2026-08-08 00:20:10+00:00,1.14,1.53,84.0,S,Mostly Clear,False,7.0,0.0,KILM,0.289,28.9,waxing_crescent,0.0,0.31889763779527547,1.7007874015748028
2026-08-08 00:25:10+00:00,1.09,1.53,84.0,S,Mostly Clear,False,7.0,0.0,KILM,0.289,28.9,waxing_crescent,0.0,0.31889763779527547,1.7007874015748028
2026-08-08 00:30:10+00:00,1.04,0.972,83.0,S,Mostly Clear,False,6.0,0.0,KILM,0.2846,28.46,waxing_crescent,0.0,0.31889763779527547,1.7007874015748028
2026-08-08 00:35:10+00:00,0.99,0.972,83.0,S,Mostly Clear,False,6.0,0.0,KILM,0.2846,28.46,waxing_crescent,0.0,0.31889763779527547,1.6889763779527556
2026-08-08 00:40:10+00:00,0.92,0.972,83.0,S,Mostly Clear,False,6.0,0.0,KILM,0.2846,28.46,waxing_crescent,0.0,0.31889763779527547,1.6889763779527556
2026-08-08 00:45:10+00:00,0.8500000000000001,0.972,83.0,S,Mostly Clear,False,6.0,0.0,KILM,0.2846,28.46,waxing_crescent,0.0,0.31889763779527547,1.6889763779527556
2026-08-08 00:50:10+00:00,0.79,0.972,83.0,S,Mostly Clear,False,6.0,0.0,KILM,0.2846,28.46,waxing_crescent,0.0,0.31889763779527547,1.6889763779527556
2026-08-08 00:55:10+00:00,0.73,0.972,83.0,S,Mostly Clear,False,6.0,0.0,KILM,0.2846,28.46,waxing_crescent,0.0,0.31889763779527547,1.6889763779527556
2026-08-08 01:00:10+00:00,0.6699999999999999,0.972,83.0,S,Mostly Clear,False,6.0,0.0,KILM,0.2846,28.46,waxing_crescent,0.0,0.31889763779527547,1.6889763779527556
2026-08-08 01:05:10+00:00,0.6200000000000001,0.972,83.0,S,Mostly Clear,False,6.0,0.0,KILM,0.2846,28.46,waxing_crescent,0.0,0.31889763779527547,1.6889763779527556
2026-08-08 01:10:10+00:00,0.56,0.972,83.0,S,Mostly Clear,False,6.0,0.0,KILM,0.2846,28.46,waxing_crescent,0.0,0.31889763779527547,1.6889763779527556
2026-08-08 01:15:10+00:00,0.52,0.972,83.0,S,Mostly Clear,False,6.0,0.0,KILM,0.2846,28.46,waxing_crescent,0.0,0.31889763779527547,1.6889763779527556
2026-08-08 01:20:10+00:00,0.4499999999999999,0.972,83.0,S,Mostly Clear,False,6.0,0.0,KILM,0.2846,28.46,waxing_crescent,0.0,0.31889763779527547,1.6889763779527556
2026-08-08 01:25:10+00:00,0.3899999999999999,0.972,83.0,S,Mostly Clear,False,6.0,0.0,KILM,0.2846,28.46,waxing_crescent,0.0,0.31889763779527547,1.6889763779527556
2026-08-08 01:30:10+00:00,0.33,0.766,82.0,S,Mostly Clear,False,5.0,0.0,KILM,0.2802,28.02,waxing_crescent,0.0,0.31889763779527547,1.6889763779527556
2026-08-08 01:35:10+00:00,0.27,0.766,82.0,S,Mostly Clear,False,5.0,0.0,KILM,0.2802,28.02,waxing_crescent,0.0,0.31889763779527547,1.6889763779527556
2026-08-08 01:40:10+00:00,0.25,0.766,82.0,S,Mostly Clear,False,5.0,0.0,KILM,0.2802,28.02,waxing_crescent,0.0,0.31889763779527547,1.6889763779527556
2026-08-08 01:45:10+00:00,0.1999999999999999,0.766,82.0,S,Mostly Clear,False,5.0,0.0,KILM,0.2802,28.02,waxing_crescent,0.0,0.31889763779527547,1.6889763779527556
2026-08-08 01:50:10+00:00,0.1499999999999999,0.766,82.0,S,Mostly Clear,False,5.0,0.0,KILM,0.2802,28.02,waxing_crescent,0.0,0.31889763779527547,1.6889763779527556
2026-08-08 01:55:10+00:00,0.1399999999999999,0.766,82.0,S,Mostly Clear,False,5.0,0.0,KILM,0.2802,28.02,waxing_crescent,0.0,0.31889763779527547,1.6889763779527556
2026-08-08 02:00:10+00:00,0.1299999999999999,0.766,82.0,S,Mostly Clear,False,5.0,0.0,KILM,0.2802,28.02,waxing_crescent,0.0,0.31889763779527547,1.6889763779527556
2026-08-08 02:05:10+00:00,0.1200000000000001,0.766,82.0,S,Mostly Clear,False,5.0,0.0,KILM,0.2802,28.02,waxing_crescent,0.0,0.31889763779527547,1.6889763779527556
2026-08-08 02:10:10+00:00,0.1599999999999999,0.766,82.0,S,Mostly Clear,False,5.0,0.0,KILM,0.2802,28.02,waxing_crescent,0.0,0.31889763779527547,1.6889763779527556
2026-08-08 02:15:10+00:00,0.1599999999999999,0.766,82.0,S,Mostly Clear,False,5.0,0.0,KILM,0.2802,28.02,waxing_crescent,0.0,0.31889763779527547,1.6889763779527556
2026-08-08 02:20:10+00:00,0.1499999999999999,0.766,82.0,S,Mostly Clear,False,5.0,0.0,KILM,0.2802,28.02,waxing_crescent,0.0,0.31889763779527547,1.6889763779527556
2026-08-08 02:25:10+00:00,0.1699999999999999,0.766,82.0,S,Mostly Clear,False,5.0,0.0,KILM,0.2802,28.02,waxing_crescent,0.0,0.31889763779527547,1.6889763779527556
2026-08-08 02:30:10+00:00,0.25,1.046,80.0,S,Mostly Clear,False,5.0,0.0,KILM,0.2758,27.58,waxing_crescent,0.0,0.31889763779527547,1.6889763779527556
2026-08-08 02:35:10+00:00,0.27,1.046,80.0,S,Mostly Clear,False,5.0,0.0,KILM,0.2758,27.58,waxing_crescent,0.0,0.31889763779527547,1.6889763779527556
2026-08-08 02:40:10+00:00,0.3,1.046,80.0,S,Mostly Clear,False,5.0,0.0,KILM,0.2758,27.58,waxing_crescent,0.0,0.31889763779527547,1.6889763779527556
2026-08-08 02:45:10+00:00,0.29,1.046,80.0,S,Mostly Clear,False,5.0,0.0,KILM,0.2758,27.58,waxing_crescent,0.0,0.31889763779527547,1.6889763779527556
2026-08-08 02:50:10+00:00,0.25,1.046,80.0,S,Mostly Clear,False,5.0,0.0,KILM,0.2758,27.58,waxing_crescent,0.0,0.31889763779527547,1.6889763779527556
2026-08-08 02:55:10+00:00,0.28,1.046,80.0,S,Mostly Clear,False,5.0,0.0,KILM,0.2758,27.58,waxing_crescent,0.0,0.31889763779527547,1.6889763779527556
2026-08-08 03:00:10+00:00,0.3400000000000001,1.046,80.0,S,Mostly Clear,False,5.0,0.0,KILM,0.2758,27.58,waxing_crescent,0.0,0.31889763779527547,1.6889763779527556
2026-08-08 03:05:10+00:00,0.3899999999999999,1.046,80.0,S,Mostly Clear,False,5.0,0.0,KILM,0.2758,27.58,waxing_crescent,0.0,0.31889763779527547,1.6889763779527556
2026-08-08 03:10:10+00:00,0.4299999999999999,1.046,80.0,S,Mostly Clear,False,5.0,0.0,KILM,0.2758,27.58,waxing_crescent,0.0,0.31889763779527547,1.6889763779527556
2026-08-08 03:15:10+00:00,0.4599999999999999,1.046,80.0,S,Mostly Clear,False,5.0,0.0,KILM,0.2758,27.58,waxing_crescent,0.0,0.31889763779527547,1.6889763779527556
2026-08-08 03:20:10+00:00,0.5,1.046,80.0,S,Mostly Clear,False,5.0,0.0,KILM,0.2758,27.58,waxing_crescent,0.0,0.31889763779527547,1.6889763779527556
2026-08-08 03:25:10+00:00,0.55,1.046,80.0,S,Mostly Clear,False,5.0,0.0,KILM,0.2758,27.58,waxing_crescent,0.0,0.31889763779527547,1.6889763779527556
2026-08-08 03:30:10+00:00,0.6100000000000001,1.73,80.0,S,Mostly Clear,False,3.0,0.0,KACZ,0.2714,27.14,waxing_crescent,0.0,0.31889763779527547,1.6889763779527556
2026-08-08 03:35:10+00:00,0.6399999999999999,1.73,80.0,S,Mostly Clear,False,3.0,0.0,KACZ,0.2714,27.14,waxing_crescent,0.0,0.31889763779527547,1.6889763779527556
2026-08-08 03:40:10+00:00,0.69,1.73,80.0,S,Mostly Clear,False,3.0,0.0,KACZ,0.2714,27.14,waxing_crescent,0.0,0.31889763779527547,1.6889763779527556
2026-08-08 03:45:10+00:00,0.73,1.73,80.0,S,Mostly Clear,False,3.0,0.0,KMEB,0.2714,27.14,waxing_crescent,0.0,0.31889763779527547,1.6889763779527556
2026-08-08 03:50:10+00:00,0.77,1.73,80.0,S,Mostly Clear,False,3.0,0.0,KMEB,0.2714,27.14,waxing_crescent,0.0,0.31889763779527547,1.6889763779527556
2026-08-08 03:55:10+00:00,0.8400000000000001,1.73,80.0,S,Mostly Clear,False,3.0,0.0,KACZ,0.2714,27.14,waxing_crescent,0.0,0.31889763779527547,1.6889763779527556
2026-08-08 04:00:10+00:00,0.8999999999999999,1.73,80.0,S,Mostly Clear,False,3.0,0.0,KACZ,0.2714,27.14,waxing_crescent,0.0,0.31889763779527547,1.6889763779527556
2026-08-08 04:05:10+00:00,0.96,1.73,80.0,S,Mostly Clear,False,3.0,0.0,KACZ,0.2714,27.14,waxing_crescent,0.0,0.31889763779527547,1.6889763779527556
2026-08-08 04:10:10+00:00,0.99,1.73,80.0,S,Mostly Clear,False,3.0,0.0,KACZ,0.2714,27.14,waxing_crescent,0.0,0.31889763779527547,1.6889763779527556
2026-08-08 04:15:10+00:00,1.0699999999999998,1.73,80.0,S,Mostly Clear,False,3.0,0.0,KACZ,0.2714,27.14,waxing_crescent,0.0,0.31889763779527547,1.6889763779527556
2026-08-08 04:20:10+00:00,1.11,1.73,80.0,S,Mostly Clear,False,3.0,0.0,KACZ,0.2714,27.14,waxing_crescent,0.0,0.31889763779527547,1.6889763779527556
2026-08-08 04:25:10+00:00,1.1800000000000002,1.73,80.0,S,Mostly Clear,False,3.0,0.0,KACZ,0.2714,27.14,waxing_crescent,0.0,0.31889763779527547,1.6889763779527556
2026-08-08 04:30:10+00:00,1.23,2.547,79.0,S,Mostly Clear,False,3.0,0.0,KACZ,0.267,26.7,waxing_crescent,0.0,0.31889763779527547,1.6889763779527556
2026-08-08 04:35:10+00:00,1.28,2.547,79.0,S,Mostly Clear,False,3.0,0.0,KACZ,0.267,26.7,waxing_crescent,0.0,0.31889763779527547,1.6889763779527556
2026-08-08 04:40:10+00:00,1.31,2.547,79.0,S,Mostly Clear,False,3.0,0.0,KACZ,0.267,26.7,waxing_crescent,0.0,0.31889763779527547,1.6889763779527556
2026-08-08 04:45:10+00:00,1.36,2.547,79.0,S,Mostly Clear,False,3.0,0.0,KMEB,0.267,26.7,waxing_crescent,0.0,0.31889763779527547,1.6889763779527556
2026-08-08 04:50:10+00:00,1.41,2.547,79.0,S,Mostly Clear,False,3.0,0.0,KMEB,0.267,26.7,waxing_crescent,0.0,0.31889763779527547,1.6889763779527556
2026-08-08 04:55:10+00:00,1.47,2.547,79.0,S,Mostly Clear,False,3.0,0.0,KACZ,0.267,26.7,waxing_crescent,0.0,0.31889763779527547,1.6889763779527556
2026-08-08 05:00:10+00:00,1.51,2.547,79.0,S,Mostly Clear,False,3.0,0.0,KACZ,0.267,26.7,waxing_crescent,0.0,0.31889763779527547,1.6889763779527556
2026-08-08 05:05:10+00:00,1.55,2.547,79.0,S,Mostly Clear,False,3.0,0.0,KACZ,0.267,26.7,waxing_crescent,0.0,0.31889763779527547,1.6889763779527556
2026-08-08 05:10:10+00:00,1.6,2.547,79.0,S,Mostly Clear,False,3.0,0.0,KACZ,0.267,26.7,waxing_crescent,0.0,0.31889763779527547,1.6889763779527556
2026-08-08 05:15:10+00:00,1.64,2.547,79.0,S,Mostly Clear,False,3.0,0.0,KACZ,0.267,26.7,waxing_crescent,0.0,0.31889763779527547,1.6889763779527556
2026-08-08 05:20:10+00:00,1.71,2.547,79.0,S,Mostly Clear,False,3.0,0.0,KACZ,0.267,26.7,waxing_crescent,0.0,0.31889763779527547,1.6889763779527556
2026-08-08 05:25:10+00:00,1.76,2.547,79.0,S,Mostly Clear,False,3.0,0.0,KACZ,0.267,26.7,waxing_crescent,0.0,0.31889763779527547,1.6889763779527556
2026-08-08 05:30:10+00:00,1.81,3.213,79.0,S,Slight Chance Showers And Thunderstorms,False,3.0,0.0,KACZ,0.2627,26.27,waxing_crescent,0.0,0.31889763779527547,1.6889763779527556
2026-08-08 05:35:10+00:00,1.88,3.213,79.0,S,Slight Chance Showers And Thunderstorms,False,3.0,0.0,KACZ,0.2627,26.27,waxing_crescent,0.0,0.31889763779527547,1.6889763779527556
2026-08-08 05:40:10+00:00,1.92,3.213,79.0,S,Slight Chance Showers And Thunderstorms,False,3.0,0.0,KFBG,0.2627,26.27,waxing_crescent,0.0,0.31889763779527547,1.6889763779527556
2026-08-08 05:45:10+00:00,1.97,3.213,79.0,S,Slight Chance Showers And Thunderstorms,False,3.0,0.0,KFBG,0.2627,26.27,waxing_crescent,0.0,0.31889763779527547,1.6889763779527556
2026-08-08 05:50:10+00:00,2.03,3.213,79.0,S,Slight Chance Showers And Thunderstorms,False,3.0,0.0,KMEB,0.2627,26.27,waxing_crescent,0.0,0.31889763779527547,1.6889763779527556
2026-08-08 05:55:10+00:00,2.07,3.213,79.0,S,Slight Chance Showers And Thunderstorms,False,3.0,0.0,KACZ,0.2627,26.27,waxing_crescent,0.0,0.31889763779527547,1.6889763779527556
2026-08-08 06:00:10+00:00,2.13,3.213,79.0,S,Slight Chance Showers And Thunderstorms,False,3.0,0.0,KACZ,0.2627,26.27,waxing_crescent,0.0,0.31889763779527547,1.6889763779527556
2026-08-08 06:05:10+00:00,2.18,3.213,79.0,S,Slight Chance Showers And Thunderstorms,False,3.0,0.0,KACZ,0.2627,26.27,waxing_crescent,0.0,0.31889763779527547,1.6889763779527556
2026-08-08 06:10:10+00:00,2.23,3.213,79.0,S,Slight Chance Showers And Thunderstorms,False,3.0,0.0,KACZ,0.2627,26.27,waxing_crescent,0.0,0.31889763779527547,1.6889763779527556
2026-08-08 06:15:10+00:00,2.27,3.213,79.0,S,Slight Chance Showers And Thunderstorms,False,3.0,0.0,KACZ,0.2627,26.27,waxing_crescent,0.0,0.31889763779527547,1.6771653543307083
2026-08-08 06:20:10+00:00,2.35,3.213,79.0,S,Slight Chance Showers And Thunderstorms,False,3.0,0.0,KACZ,0.2627,26.27,waxing_crescent,0.0,0.31889763779527547,1.6771653543307083
2026-08-08 06:25:10+00:00,2.4,3.213,79.0,S,Slight Chance Showers And Thunderstorms,False,3.0,0.0,KACZ,0.2627,26.27,waxing_crescent,0.0,0.31889763779527547,1.6771653543307083
2026-08-08 06:30:10+00:00,2.44,3.539,78.0,S,Slight Chance Showers And Thunderstorms,False,3.0,0.0,KACZ,0.2584,25.84,waxing_crescent,0.0,0.31889763779527547,1.6771653543307083
2026-08-08 06:35:10+00:00,2.47,3.539,78.0,S,Slight Chance Showers And Thunderstorms,False,3.0,0.0,KACZ,0.2584,25.84,waxing_crescent,0.0,0.31889763779527547,1.6653543307086611
2026-08-08 06:40:10+00:00,2.53,3.539,78.0,S,Slight Chance Showers And Thunderstorms,False,3.0,0.0,KACZ,0.2584,25.84,waxing_crescent,0.0,0.31889763779527547,1.6653543307086611
2026-08-08 06:45:10+00:00,2.6,3.539,78.0,S,Slight Chance Showers And Thunderstorms,False,3.0,0.0,KMEB,0.2584,25.84,waxing_crescent,0.0,0.31889763779527547,1.6653543307086611
2026-08-08 06:50:10+00:00,2.65,3.539,78.0,S,Slight Chance Showers And Thunderstorms,False,3.0,0.0,KMEB,0.2584,25.84,waxing_crescent,0.0,0.31889763779527547,1.6653543307086611
2026-08-08 06:55:10+00:00,2.7,3.539,78.0,S,Slight Chance Showers And Thunderstorms,False,3.0,0.0,KFBG,0.2584,25.84,waxing_crescent,0.0,0.31889763779527547,1.6653543307086611
2026-08-08 07:00:10+00:00,2.74,3.539,78.0,S,Slight Chance Showers And Thunderstorms,False,3.0,0.0,KFBG,0.2584,25.84,waxing_crescent,0.0,0.31889763779527547,1.6653543307086611
2026-08-08 07:05:10+00:00,2.78,3.539,78.0,S,Slight Chance Showers And Thunderstorms,False,3.0,0.0,KILM,0.2584,25.84,waxing_crescent,0.0,0.31889763779527547,1.6653543307086611
2026-08-08 07:10:10+00:00,2.82,3.539,78.0,S,Slight Chance Showers And Thunderstorms,False,3.0,0.0,KILM,0.2584,25.84,waxing_crescent,0.0,0.31889763779527547,1.6653543307086611
2026-08-08 07:15:10+00:00,2.84,3.539,78.0,S,Slight Chance Showers And Thunderstorms,False,3.0,0.0,KACZ,0.2584,25.84,waxing_crescent,0.0,0.31889763779527547,1.6653543307086611
2026-08-08 07:20:10+00:00,2.88,3.539,78.0,S,Slight Chance Showers And Thunderstorms,False,3.0,0.0,KILM,0.2584,25.84,waxing_crescent,0.0,0.31889763779527547,1.6653543307086611
2026-08-08 07:25:10+00:00,2.91,3.539,78.0,S,Slight Chance Showers And Thunderstorms,False,3.0,0.0,KILM,0.2584,25.84,waxing_crescent,0.0,0.31889763779527547,1.6653543307086611
2026-08-08 07:30:10+00:00,2.94,3.438,78.0,S,Slight Chance Showers And Thunderstorms,False,3.0,0.0,KILM,0.2541,25.41,waxing_crescent,0.0,0.31889763779527547,1.6653543307086611
2026-08-08 07:35:10+00:00,2.98,3.438,78.0,S,Slight Chance Showers And Thunderstorms,False,3.0,0.0,KACZ,0.2541,25.41,waxing_crescent,0.0,0.31889763779527547,1.6653543307086611
2026-08-08 07:40:10+00:00,2.98,3.438,78.0,S,Slight Chance Showers And Thunderstorms,False,3.0,0.0,KILM,0.2541,25.41,waxing_crescent,0.0,0.31889763779527547,1.6653543307086611
2026-08-08 07:45:10+00:00,2.99,3.438,78.0,S,Slight Chance Showers And Thunderstorms,False,3.0,0.0,KILM,0.2541,25.41,waxing_crescent,0.0,0.31889763779527547,1.6653543307086611
2026-08-08 07:50:10+00:00,2.98,3.438,78.0,S,Slight Chance Showers And Thunderstorms,False,3.0,0.0,KILM,0.2541,25.41,waxing_crescent,0.0,0.31889763779527547,1.6653543307086611
2026-08-08 07:55:10+00:00,3.0,3.438,78.0,S,Slight Chance Showers And Thunderstorms,False,3.0,0.0,KFBG,0.2541,25.41,waxing_crescent,0.0,0.31889763779527547,1.6653543307086611
2026-08-08 08:00:10+00:00,2.99,3.438,78.0,S,Slight Chance Showers And Thunderstorms,False,3.0,0.0,KILM,0.2541,25.41,waxing_crescent,0.0,0.31889763779527547,1.6653543307086611
2026-08-08 08:05:10+00:00,2.99,3.438,78.0,S,Slight Chance Showers And Thunderstorms,False,3.0,0.0,KILM,0.2541,25.41,waxing_crescent,0.0,0.31889763779527547,1.6653543307086611
2026-08-08 08:10:10+00:00,2.99,3.438,78.0,S,Slight Chance Showers And Thunderstorms,False,3.0,0.0,KILM,0.2541,25.41,waxing_crescent,0.0,0.31889763779527547,1.6653543307086611
2026-08-08 08:15:10+00:00,2.98,3.438,78.0,S,Slight Chance Showers And Thunderstorms,False,3.0,0.0,KACZ,0.2541,25.41,waxing_crescent,0.0,0.31889763779527547,1.6653543307086611
2026-08-08 08:20:10+00:00,2.97,3.438,78.0,S,Slight Chance Showers And Thunderstorms,False,3.0,0.0,KILM,0.2541,25.41,waxing_crescent,0.0,0.31889763779527547,1.6653543307086611
2026-08-08 08:25:10+00:00,2.95,3.438,78.0,S,Slight Chance Showers And Thunderstorms,False,3.0,0.0,KILM,0.2541,25.41,waxing_crescent,0.0,0.31889763779527547,1.6653543307086611
2026-08-08 08:30:10+00:00,2.94,2.946,77.0,S,Slight Chance Showers And Thunderstorms,False,3.0,0.0,KILM,0.2498,24.98,waxing_crescent,0.0,0.31889763779527547,1.6653543307086611
2026-08-08 08:35:10+00:00,2.93,2.946,77.0,S,Slight Chance Showers And Thunderstorms,False,3.0,0.0,KACZ,0.2498,24.98,waxing_crescent,0.0,0.31889763779527547,1.6653543307086611
2026-08-08 08:40:10+00:00,2.91,2.946,77.0,S,Slight Chance Showers And Thunderstorms,False,3.0,0.0,KILM,0.2498,24.98,waxing_crescent,0.0,0.31889763779527547,1.6653543307086611
2026-08-08 08:45:10+00:00,2.89,2.946,77.0,S,Slight Chance Showers And Thunderstorms,False,3.0,0.0,KILM,0.2498,24.98,waxing_crescent,0.0,0.31889763779527547,1.6653543307086611
2026-08-08 08:50:10+00:00,2.88,2.946,77.0,S,Slight Chance Showers And Thunderstorms,False,3.0,0.0,KILM,0.2498,24.98,waxing_crescent,0.0,0.31889763779527547,1.6653543307086611
2026-08-08 08:55:10+00:00,2.84,2.946,77.0,S,Slight Chance Showers And Thunderstorms,False,3.0,0.0,KILM,0.2498,24.98,waxing_crescent,0.0,0.31889763779527547,1.6653543307086611
2026-08-08 09:00:10+00:00,2.82,2.946,77.0,S,Slight Chance Showers And Thunderstorms,False,3.0,0.0,KILM,0.2498,24.98,waxing_crescent,0.0,0.31889763779527547,1.6653543307086611
2026-08-08 09:05:10+00:00,2.78,2.946,77.0,S,Slight Chance Showers And Thunderstorms,False,3.0,0.0,KILM,0.2498,24.98,waxing_crescent,0.0,0.31889763779527547,1.6653543307086611
2026-08-08 09:10:10+00:00,2.73,2.946,77.0,S,Slight Chance Showers And Thunderstorms,False,3.0,0.0,KILM,0.2498,24.98,waxing_crescent,0.0,0.31889763779527547,1.6653543307086611
2026-08-08 09:15:10+00:00,2.68,2.946,77.0,S,Slight Chance Showers And Thunderstorms,False,3.0,0.0,KACZ,0.2498,24.98,waxing_crescent,0.0,0.31889763779527547,1.6653543307086611
2026-08-08 09:20:10+00:00,2.63,2.946,77.0,S,Slight Chance Showers And Thunderstorms,False,3.0,0.0,KILM,0.2498,24.98,waxing_crescent,0.0,0.31889763779527547,1.6653543307086611
2026-08-08 09:25:10+00:00,2.58,2.946,77.0,S,Slight Chance Showers And Thunderstorms,False,3.0,0.0,KMEB,0.2498,24.98,waxing_crescent,0.0,0.31889763779527547,1.6653543307086611
2026-08-08 09:30:10+00:00,2.52,2.222,78.0,S,Slight Chance Showers And Thunderstorms,True,2.0,0.0,KILM,0.2456,24.56,waxing_crescent,0.0,0.31889763779527547,1.6653543307086611
2026-08-08 09:35:10+00:00,2.48,2.222,78.0,S,Slight Chance Showers And Thunderstorms,True,2.0,0.0,KACZ,0.2456,24.56,waxing_crescent,0.0,0.31889763779527547,1.6653543307086611
2026-08-08 09:40:10+00:00,2.41,2.222,78.0,S,Slight Chance Showers And Thunderstorms,True,2.0,0.0,KMEB,0.2456,24.56,waxing_crescent,0.0,0.31889763779527547,1.6653543307086611
2026-08-08 09:45:10+00:00,2.36,2.222,78.0,S,Slight Chance Showers And Thunderstorms,True,2.0,0.0,KILM,0.2456,24.56,waxing_crescent,0.0,0.31889763779527547,1.6653543307086611
2026-08-08 09:50:10+00:00,2.28,2.222,78.0,S,Slight Chance Showers And Thunderstorms,True,2.0,0.0,KILM,0.2456,24.56,waxing_crescent,0.0,0.31889763779527547,1.6653543307086611
2026-08-08 09:55:10+00:00,2.23,2.222,78.0,S,Slight Chance Showers And Thunderstorms,True,2.0,0.0,KILM,0.2456,24.56,waxing_crescent,0.0,0.31889763779527547,1.6653543307086611
2026-08-08 10:00:10+00:00,2.19,2.222,78.0,S,Slight Chance Showers And Thunderstorms,True,2.0,0.0,KILM,0.2456,24.56,waxing_crescent,0.0,0.31889763779527547,1.6653543307086611
2026-08-08 10:05:10+00:00,2.15,2.222,78.0,S,Slight Chance Showers And Thunderstorms,True,2.0,0.0,KILM,0.2456,24.56,waxing_crescent,0.0,0.31889763779527547,1.6653543307086611
2026-08-08 10:10:10+00:00,2.09,2.222,78.0,S,Slight Chance Showers And Thunderstorms,True,2.0,0.0,KILM,0.2456,24.56,waxing_crescent,0.0,0.31889763779527547,1.6653543307086611
2026-08-08 10:15:10+00:00,2.04,2.222,78.0,S,Slight Chance Showers And Thunderstorms,True,2.0,0.0,KACZ,0.2456,24.56,waxing_crescent,0.0,0.31889763779527547,1.6653543307086611
2026-08-08 10:20:10+00:00,1.98,2.222,78.0,S,Slight Chance Showers And Thunderstorms,True,2.0,0.0,KILM,0.2456,24.56,waxing_crescent,0.0,0.1181102362204724,1.6653543307086611
2026-08-08 10:25:10+00:00,1.93,2.222,78.0,S,Slight Chance Showers And Thunderstorms,True,2.0,0.0,KMEB,0.2456,24.56,waxing_crescent,0.0,0.1181102362204724,1.6653543307086611
2026-08-08 10:30:10+00:00,1.87,1.458,78.0,S,Slight Chance Showers And Thunderstorms,True,2.0,0.0,KILM,0.2413,24.13,waxing_crescent,0.0,0.1181102362204724,1.6653543307086611
2026-08-08 10:35:10+00:00,1.81,1.458,78.0,S,Slight Chance Showers And Thunderstorms,True,2.0,0.0,KACZ,0.2413,24.13,waxing_crescent,0.0,0.1181102362204724,1.6653543307086611
2026-08-08 10:40:10+00:00,1.75,1.458,78.0,S,Slight Chance Showers And Thunderstorms,True,2.0,0.0,KMEB,0.2413,24.13,waxing_crescent,0.0,0.1181102362204724,1.6653543307086611
2026-08-08 10:45:10+00:00,1.69,1.458,78.0,S,Slight Chance Showers And Thunderstorms,True,2.0,0.0,KILM,0.2413,24.13,waxing_crescent,0.0,0.1181102362204724,1.6653543307086611
2026-08-08 10:50:10+00:00,1.64,1.458,78.0,S,Slight Chance Showers And Thunderstorms,True,2.0,0.0,KILM,0.2413,24.13,waxing_crescent,0.0,0.1181102362204724,1.6653543307086611
2026-08-08 10:55:10+00:00,1.58,1.458,78.0,S,Slight Chance Showers And Thunderstorms,True,2.0,0.0,KILM,0.2413,24.13,waxing_crescent,0.0,0.1181102362204724,1.6653543307086611
2026-08-08 11:00:10+00:00,1.52,1.458,78.0,S,Slight Chance Showers And Thunderstorms,True,2.0,0.0,KILM,0.2413,24.13,waxing_crescent,0.0,0.1181102362204724,1.6653543307086611
2026-08-08 11:05:10+00:00,1.45,1.458,78.0,S,Slight Chance Showers And Thunderstorms,True,2.0,0.0,KILM,0.2413,24.13,waxing_crescent,0.0,0.1181102362204724,1.6653543307086611
2026-08-08 11:10:10+00:00,1.39,1.458,78.0,S,Slight Chance Showers And Thunderstorms,True,2.0,0.0,KILM,0.2413,24.13,waxing_crescent,0.0,0.1181102362204724,1.6653543307086611
2026-08-08 11:15:10+00:00,1.3199999999999998,1.458,78.0,S,Slight Chance Showers And Thunderstorms,True,2.0,0.0,KACZ,0.2413,24.13,waxing_crescent,0.0,0.1181102362204724,1.6653543307086611
2026-08-08 11:20:10+00:00,1.25,1.458,78.0,S,Slight Chance Showers And Thunderstorms,True,2.0,0.0,KILM,0.2413,24.13,waxing_crescent,0.0,0.1181102362204724,1.6653543307086611
2026-08-08 11:25:10+00:00,1.19,1.458,78.0,S,Slight Chance Showers And Thunderstorms,True,2.0,0.0,KILM,0.2413,24.13,waxing_crescent,0.0,0.1181102362204724,1.6653543307086611
2026-08-08 11:30:10+00:00,1.12,0.782,80.0,S,Chance Showers And Thunderstorms,True,3.0,0.0,KILM,0.2371,23.71,waxing_crescent,0.0,0.1181102362204724,1.6653543307086611
2026-08-08 11:35:10+00:00,1.05,0.782,80.0,S,Chance Showers And Thunderstorms,True,3.0,0.0,KACZ,0.2371,23.71,waxing_crescent,0.0,0.1181102362204724,1.6653543307086611
2026-08-08 11:40:10+00:00,0.98,0.782,80.0,S,Chance Showers And Thunderstorms,True,3.0,0.0,KILM,0.2371,23.71,waxing_crescent,0.0,0.1181102362204724,1.6653543307086611
2026-08-08 11:45:10+00:00,0.91,0.782,80.0,S,Chance Showers And Thunderstorms,True,3.0,0.0,KILM,0.2371,23.71,waxing_crescent,0.0,0.1181102362204724,1.6653543307086611
2026-08-08 11:50:10+00:00,0.8300000000000001,0.782,80.0,S,Chance Showers And Thunderstorms,True,3.0,0.0,KILM,0.2371,23.71,waxing_crescent,0.0,0.1181102362204724,1.6653543307086611
2026-08-08 11:55:10+00:00,0.78,0.782,80.0,S,Chance Showers And Thunderstorms,True,3.0,0.0,KILM,0.2371,23.71,waxing_crescent,0.0,0.1181102362204724,1.6653543307086611
2026-08-08 12:00:10+00:00,0.71,0.782,80.0,S,Chance Showers And Thunderstorms,True,3.0,0.0,KILM,0.2371,23.71,waxing_crescent,0.0,0.1181102362204724,1.6653543307086611
2026-08-08 12:05:10+00:00,0.6399999999999999,0.782,80.0,S,Chance Showers And Thunderstorms,True,3.0,0.0,KILM,0.2371,23.71,waxing_crescent,0.0,0.1181102362204724,1.6653543307086611
2026-08-08 12:10:10+00:00,0.5700000000000001,0.782,80.0,S,Chance Showers And Thunderstorms,True,3.0,0.0,KILM,0.2371,23.71,waxing_crescent,0.0,0.1181102362204724,1.6653543307086611
2026-08-08 12:15:10+00:00,0.5,0.782,80.0,S,Chance Showers And Thunderstorms,True,3.0,0.0,KACZ,0.2371,23.71,waxing_crescent,0.0,0.1181102362204724,1.6653543307086611
2026-08-08 12:20:10+00:00,0.4199999999999999,0.782,80.0,S,Chance Showers And Thunderstorms,True,3.0,0.0,KILM,0.2371,23.71,waxing_crescent,0.0,0.1181102362204724,1.6653543307086611
2026-08-08 12:25:10+00:00,0.3500000000000001,0.782,80.0,S,Chance Showers And Thunderstorms,True,3.0,0.0,KILM,0.2371,23.71,waxing_crescent,0.0,0.1181102362204724,1.6653543307086611
2026-08-08 12:30:10+00:00,0.27,0.305,82.0,S,Chance Showers And Thunderstorms,True,3.0,0.0,KILM,0.2329,23.29,waxing_crescent,0.0,0.1181102362204724,1.6653543307086611
2026-08-08 12:35:10+00:00,0.1999999999999999,0.305,82.0,S,Chance Showers And Thunderstorms,True,3.0,0.0,KACZ,0.2329,23.29,waxing_crescent,0.0,0.1181102362204724,1.6653543307086611
2026-08-08 12:40:10+00:00,0.1299999999999999,0.305,82.0,S,Chance Showers And Thunderstorms,True,3.0,0.0,KILM,0.2329,23.29,waxing_crescent,0.0,0.1181102362204724,1.6653543307086611
2026-08-08 12:45:10+00:00,0.05,0.305,82.0,S,Chance Showers And Thunderstorms,True,3.0,0.0,KILM,0.2329,23.29,waxing_crescent,0.0,0.1181102362204724,1.6653543307086611
2026-08-08 15:30:10+00:00,0.08,1.543,86.0,SE,Chance Showers And Thunderstorms,True,7.0,0.0,KILM,0.2205,22.05,waxing_crescent,0.0,0.1181102362204724,1.6299212598425195
2026-08-08 15:35:10+00:00,0.1399999999999999,1.543,86.0,SE,Chance Showers And Thunderstorms,True,7.0,0.0,KACZ,0.2205,22.05,waxing_crescent,0.0,0.1181102362204724,1.6299212598425195
2026-08-08 15:40:10+00:00,0.1899999999999999,1.543,86.0,SE,Chance Showers And Thunderstorms,True,7.0,0.0,KILM,0.2205,22.05,waxing_crescent,0.0,0.1181102362204724,1.6299212598425195
2026-08-08 15:45:10+00:00,0.29,1.543,86.0,SE,Chance Showers And Thunderstorms,True,7.0,0.0,KILM,0.2205,22.05,waxing_crescent,0.0,0.1181102362204724,1.6299212598425195
2026-08-08 15:50:10+00:00,0.3700000000000001,1.543,86.0,SE,Chance Showers And Thunderstorms,True,7.0,0.0,KILM,0.2205,22.05,waxing_crescent,0.0,0.1181102362204724,1.6299212598425195
2026-08-08 15:55:10+00:00,0.4299999999999999,1.543,86.0,SE,Chance Showers And Thunderstorms,True,7.0,0.0,KFBG,0.2205,22.05,waxing_crescent,0.0,0.1181102362204724,1.6299212598425195
2026-08-08 16:00:10+00:00,0.49,1.543,86.0,SE,Chance Showers And Thunderstorms,True,7.0,0.0,KILM,0.2205,22.05,waxing_crescent,0.0,0.1181102362204724,1.6299212598425195
2026-08-08 16:05:10+00:00,0.56,1.543,86.0,SE,Chance Showers And Thunderstorms,True,7.0,0.0,KILM,0.2205,22.05,waxing_crescent,0.0,0.1181102362204724,1.6299212598425195
2026-08-08 16:10:10+00:00,0.6299999999999999,1.543,86.0,SE,Chance Showers And Thunderstorms,True,7.0,0.0,KILM,0.2205,22.05,waxing_crescent,0.0,0.1181102362204724,1.6299212598425195
2026-08-08 16:15:10+00:00,0.69,1.543,86.0,SE,Chance Showers And Thunderstorms,True,7.0,0.0,KACZ,0.2205,22.05,waxing_crescent,0.0,0.1181102362204724,1.6299212598425195
2026-08-08 16:20:10+00:00,0.74,1.543,86.0,SE,Chance Showers And Thunderstorms,True,7.0,0.0,KMEB,0.2205,22.05,waxing_crescent,0.0,0.1181102362204724,1.6299212598425195
2026-08-08 16:25:10+00:00,0.81,1.543,86.0,SE,Chance Showers And Thunderstorms,True,7.0,0.0,KILM,0.2205,22.05,waxing_crescent,0.0,0.1181102362204724,1.6299212598425195
2026-08-08 16:30:10+00:00,0.8600000000000001,2.703,86.0,S,Chance Showers And Thunderstorms,True,8.0,0.0,KMEB,0.2164,21.64,waxing_crescent,0.0,0.1181102362204724,1.6299212598425195
2026-08-08 16:35:10+00:00,0.93,2.703,86.0,S,Chance Showers And Thunderstorms,True,8.0,0.0,KACZ,0.2164,21.64,waxing_crescent,0.0,0.1181102362204724,1.6299212598425195
2026-08-08 16:40:10+00:00,1.01,2.703,86.0,S,Chance Showers And Thunderstorms,True,8.0,0.0,KFBG,0.2164,21.64,waxing_crescent,0.0,0.1181102362204724,1.6299212598425195
2026-08-08 16:45:10+00:00,1.09,2.703,86.0,S,Chance Showers And Thunderstorms,True,8.0,0.0,KMEB,0.2164,21.64,waxing_crescent,0.0,0.1181102362204724,1.6299212598425195
2026-08-08 16:50:10+00:00,1.17,2.703,86.0,S,Chance Showers And Thunderstorms,True,8.0,0.0,KMEB,0.2164,21.64,waxing_crescent,0.0,0.1181102362204724,1.6299212598425195
2026-08-08 16:55:10+00:00,1.24,2.703,86.0,S,Chance Showers And Thunderstorms,True,8.0,0.0,KILM,0.2164,21.64,waxing_crescent,0.0,0.1181102362204724,1.6299212598425195
2026-08-08 17:00:10+00:00,1.3,2.703,86.0,S,Chance Showers And Thunderstorms,True,8.0,0.0,KILM,0.2164,21.64,waxing_crescent,0.0,0.1181102362204724,1.6299212598425195
2026-08-08 17:05:10+00:00,1.38,2.703,86.0,S,Chance Showers And Thunderstorms,True,8.0,0.0,KILM,0.2164,21.64,waxing_crescent,0.0,0.1181102362204724,1.6299212598425195
2026-08-08 17:10:10+00:00,1.47,2.703,86.0,S,Chance Showers And Thunderstorms,True,8.0,0.0,KILM,0.2164,21.64,waxing_crescent,0.0,0.1181102362204724,1.6299212598425195
2026-08-08 17:15:10+00:00,1.55,2.703,86.0,S,Chance Showers And Thunderstorms,True,8.0,0.0,KILM,0.2164,21.64,waxing_crescent,0.0,0.1181102362204724,1.6299212598425195
2026-08-08 17:20:10+00:00,1.62,2.703,86.0,S,Chance Showers And Thunderstorms,True,8.0,0.0,KILM,0.2164,21.64,waxing_crescent,0.0,0.1181102362204724,1.6299212598425195
2026-08-08 17:25:10+00:00,1.71,2.703,86.0,S,Chance Showers And Thunderstorms,True,8.0,0.0,KILM,0.2164,21.64,waxing_crescent,0.0,0.1181102362204724,1.6299212598425195
2026-08-08 17:30:10+00:00,1.79,3.775,86.0,S,Chance Showers And Thunderstorms,True,9.0,0.0,KILM,0.2124,21.24,waxing_crescent,0.0,0.1181102362204724,1.6299212598425195
2026-08-08 17:35:10+00:00,1.9,3.775,86.0,S,Chance Showers And Thunderstorms,True,9.0,0.0,KILM,0.2124,21.24,waxing_crescent,0.0,0.1181102362204724,1.6299212598425195
2026-08-08 17:40:10+00:00,1.99,3.775,86.0,S,Chance Showers And Thunderstorms,True,9.0,0.0,KILM,0.2124,21.24,waxing_crescent,0.0,0.1181102362204724,1.6299212598425195
2026-08-08 17:45:10+00:00,2.07,3.775,86.0,S,Chance Showers And Thunderstorms,True,9.0,0.0,KILM,0.2124,21.24,waxing_crescent,0.0,0.1181102362204724,1.6299212598425195
2026-08-08 17:50:10+00:00,2.19,3.775,86.0,S,Chance Showers And Thunderstorms,True,9.0,0.0,KILM,0.2124,21.24,waxing_crescent,0.0,0.1181102362204724,1.6299212598425195
2026-08-08 17:55:10+00:00,2.28,3.775,86.0,S,Chance Showers And Thunderstorms,True,9.0,0.0,KILM,0.2124,21.24,waxing_crescent,0.0,0.1181102362204724,1.6299212598425195
2026-08-08 18:00:10+00:00,2.35,3.775,86.0,S,Chance Showers And Thunderstorms,True,9.0,0.0,KILM,0.2124,21.24,waxing_crescent,0.0,0.1181102362204724,1.6299212598425195
2026-08-08 18:05:10+00:00,2.42,3.775,86.0,S,Chance Showers And Thunderstorms,True,9.0,0.0,KILM,0.2124,21.24,waxing_crescent,0.0,0.1181102362204724,1.6299212598425195
2026-08-08 18:10:10+00:00,2.5,3.775,86.0,S,Chance Showers And Thunderstorms,True,9.0,0.0,KILM,0.2124,21.24,waxing_crescent,0.0,0.1181102362204724,1.6299212598425195
2026-08-08 18:15:10+00:00,2.58,3.775,86.0,S,Chance Showers And Thunderstorms,True,9.0,0.0,KILM,0.2124,21.24,waxing_crescent,0.0,0.1181102362204724,1.6299212598425195
2026-08-08 18:20:10+00:00,2.66,3.775,86.0,S,Chance Showers And Thunderstorms,True,9.0,0.0,KILM,0.2124,21.24,waxing_crescent,0.0,0.1181102362204724,1.6299212598425195
2026-08-08 18:25:10+00:00,2.73,3.775,86.0,S,Chance Showers And Thunderstorms,True,9.0,0.0,KILM,0.2124,21.24,waxing_crescent,0.0,0.1181102362204724,1.6299212598425195
2026-08-08 18:30:10+00:00,2.82,4.521,87.0,S,Chance Showers And Thunderstorms,True,9.0,0.0,KILM,0.2083,20.83,waxing_crescent,0.0,0.1181102362204724,1.6299212598425195
2026-08-08 18:35:10+00:00,2.91,4.521,87.0,S,Chance Showers And Thunderstorms,True,9.0,0.0,KILM,0.2083,20.83,waxing_crescent,0.0,0.1181102362204724,1.6299212598425195
2026-08-08 18:40:10+00:00,2.97,4.521,87.0,S,Chance Showers And Thunderstorms,True,9.0,0.0,KILM,0.2083,20.83,waxing_crescent,0.0,0.1181102362204724,1.6299212598425195
2026-08-08 18:45:10+00:00,3.03,4.521,87.0,S,Chance Showers And Thunderstorms,True,9.0,0.0,KILM,0.2083,20.83,waxing_crescent,0.0,0.1181102362204724,1.6299212598425195
2026-08-08 18:50:10+00:00,3.13,4.521,87.0,S,Chance Showers And Thunderstorms,True,9.0,0.0,KILM,0.2083,20.83,waxing_crescent,0.0,0.1181102362204724,1.6299212598425195
2026-08-08 18:55:10+00:00,3.22,4.521,87.0,S,Chance Showers And Thunderstorms,True,9.0,0.0,KFBG,0.2083,20.83,waxing_crescent,0.0,0.1181102362204724,1.6299212598425195
2026-08-08 19:00:10+00:00,3.28,4.521,87.0,S,Chance Showers And Thunderstorms,True,9.0,0.0,KILM,0.2083,20.83,waxing_crescent,0.0,0.1181102362204724,1.6299212598425195
2026-08-08 19:05:10+00:00,3.3600000000000003,4.521,87.0,S,Chance Showers And Thunderstorms,True,9.0,0.0,KILM,0.2083,20.83,waxing_crescent,0.0,0.1181102362204724,1.6299212598425195
2026-08-08 19:10:10+00:00,3.42,4.521,87.0,S,Chance Showers And Thunderstorms,True,9.0,0.0,KILM,0.2083,20.83,waxing_crescent,0.0,0.1181102362204724,1.6299212598425195
2026-08-08 19:15:10+00:00,3.49,4.521,87.0,S,Chance Showers And Thunderstorms,True,9.0,0.0,KILM,0.2083,20.83,waxing_crescent,0.0,0.1181102362204724,1.6299212598425195
2026-08-08 19:20:10+00:00,3.55,4.521,87.0,S,Chance Showers And Thunderstorms,True,9.0,0.0,KILM,0.2083,20.83,waxing_crescent,0.0,0.1181102362204724,1.6299212598425195
2026-08-08 19:25:10+00:00,3.6,4.521,87.0,S,Chance Showers And Thunderstorms,True,9.0,0.0,KILM,0.2083,20.83,waxing_crescent,0.0,0.1181102362204724,1.6299212598425195
2026-08-08 19:30:10+00:00,3.67,4.812,87.0,S,Chance Showers And Thunderstorms,True,9.0,0.0,KILM,0.2043,20.43,waxing_crescent,0.0,0.1181102362204724,1.6299212598425195
2026-08-08 19:35:10+00:00,3.77,4.812,87.0,S,Chance Showers And Thunderstorms,True,9.0,0.0,KILM,0.2043,20.43,waxing_crescent,0.0,0.1181102362204724,1.6299212598425195
2026-08-08 19:40:10+00:00,3.84,4.812,87.0,S,Chance Showers And Thunderstorms,True,9.0,0.0,KILM,0.2043,20.43,waxing_crescent,0.0,0.1181102362204724,1.6299212598425195
2026-08-08 19:45:10+00:00,3.88,4.812,87.0,S,Chance Showers And Thunderstorms,True,9.0,0.0,KILM,0.2043,20.43,waxing_crescent,0.0,0.1181102362204724,1.6299212598425195
2026-08-08 19:50:10+00:00,4.04,4.812,87.0,S,Chance Showers And Thunderstorms,True,9.0,0.0,KILM,0.2043,20.43,waxing_crescent,0.0,0.1181102362204724,1.6299212598425195
2026-08-08 19:55:10+00:00,4.0,4.812,87.0,S,Chance Showers And Thunderstorms,True,9.0,0.0,KFBG,0.2043,20.43,waxing_crescent,0.0,0.1181102362204724,1.6299212598425195
2026-08-08 20:00:10+00:00,4.05,4.812,87.0,S,Chance Showers And Thunderstorms,True,9.0,0.0,KILM,0.2043,20.43,waxing_crescent,0.0,0.1181102362204724,1.6299212598425195
2026-08-08 20:05:10+00:00,4.09,4.812,87.0,S,Chance Showers And Thunderstorms,True,9.0,0.0,KILM,0.2043,20.43,waxing_crescent,0.0,0.1181102362204724,1.6299212598425195
2026-08-08 20:10:10+00:00,4.15,4.812,87.0,S,Chance Showers And Thunderstorms,True,9.0,0.0,KILM,0.2043,20.43,waxing_crescent,0.0,0.1181102362204724,1.6299212598425195
2026-08-08 20:15:10+00:00,4.19,4.812,87.0,S,Chance Showers And Thunderstorms,True,9.0,0.0,KILM,0.2043,20.43,waxing_crescent,0.0,0.1181102362204724,1.6299212598425195
2026-08-08 20:20:10+00:00,4.23,4.812,87.0,S,Chance Showers And Thunderstorms,True,9.0,0.0,KILM,0.2043,20.43,waxing_crescent,0.0,0.1181102362204724,1.6299212598425195
2026-08-08 20:25:10+00:00,4.23,4.812,87.0,S,Chance Showers And Thunderstorms,True,9.0,0.0,KILM,0.2043,20.43,waxing_crescent,0.0,0.1181102362204724,1.6299212598425195
2026-08-08 20:30:10+00:00,4.25,4.618,87.0,S,Chance Showers And Thunderstorms,True,9.0,0.0,KILM,0.2003,20.03,waxing_crescent,0.0,0.1181102362204724,1.6299212598425195
2026-08-08 20:35:10+00:00,4.26,4.618,87.0,S,Chance Showers And Thunderstorms,True,9.0,0.0,KILM,0.2003,20.03,waxing_crescent,0.0,0.1181102362204724,1.6299212598425195
2026-08-08 20:40:10+00:00,4.29,4.618,87.0,S,Chance Showers And Thunderstorms,True,9.0,0.0,KILM,0.2003,20.03,waxing_crescent,0.0,0.1181102362204724,1.6299212598425195
2026-08-08 20:45:10+00:00,4.3100000000000005,4.618,87.0,S,Chance Showers And Thunderstorms,True,9.0,0.0,KILM,0.2003,20.03,waxing_crescent,0.0,0.1181102362204724,1.6299212598425195
2026-08-08 20:50:10+00:00,4.3100000000000005,4.618,87.0,S,Chance Showers And Thunderstorms,True,9.0,0.0,KILM,0.2003,20.03,waxing_crescent,0.0,0.1181102362204724,1.6299212598425195
2026-08-08 20:55:10+00:00,4.279999999999999,4.618,87.0,S,Chance Showers And Thunderstorms,True,9.0,0.0,KFBG,0.2003,20.03,waxing_crescent,0.0,0.1181102362204724,1.6299212598425195
2026-08-08 21:00:10+00:00,4.25,4.618,87.0,S,Chance Showers And Thunderstorms,True,9.0,0.0,KILM,0.2003,20.03,waxing_crescent,0.0,0.1181102362204724,1.6299212598425195
2026-08-08 21:05:10+00:00,4.26,4.618,87.0,S,Chance Showers And Thunderstorms,True,9.0,0.0,KILM,0.2003,20.03,waxing_crescent,0.0,0.1181102362204724,1.6299212598425195
2026-08-08 21:10:10+00:00,4.220000000000001,4.618,87.0,S,Chance Showers And Thunderstorms,True,9.0,0.0,KILM,0.2003,20.03,waxing_crescent,0.0,0.1181102362204724,1.6299212598425195
2026-08-08 21:15:10+00:00,4.19,4.618,87.0,S,Chance Showers And Thunderstorms,True,9.0,0.0,KILM,0.2003,20.03,waxing_crescent,0.0,0.1181102362204724,1.6299212598425195
2026-08-08 21:20:10+00:00,4.15,4.618,87.0,S,Chance Showers And Thunderstorms,True,9.0,0.0,KILM,0.2003,20.03,waxing_crescent,0.0,0.1181102362204724,1.6299212598425195
2026-08-08 21:25:10+00:00,4.07,4.618,87.0,S,Chance Showers And Thunderstorms,True,9.0,0.0,KILM,0.2003,20.03,waxing_crescent,0.0,0.1181102362204724,1.6299212598425195
2026-08-08 21:30:10+00:00,4.029999999999999,4.03,86.0,S,Chance Showers And Thunderstorms,False,8.0,0.0,KILM,0.1964,19.64,waxing_crescent,0.0,0.1181102362204724,1.6299212598425195
2026-08-08 21:35:10+00:00,3.98,4.03,86.0,S,Chance Showers And Thunderstorms,False,8.0,0.0,KILM,0.1964,19.64,waxing_crescent,0.0,0.1181102362204724,1.6299212598425195
2026-08-08 21:40:10+00:00,3.94,4.03,86.0,S,Chance Showers And Thunderstorms,False,8.0,0.0,KILM,0.1964,19.64,waxing_crescent,0.0,0.1181102362204724,1.6299212598425195
2026-08-08 21:45:10+00:00,3.87,4.03,86.0,S,Chance Showers And Thunderstorms,False,8.0,0.0,KILM,0.1964,19.64,waxing_crescent,0.0,0.1181102362204724,1.6299212598425195
2026-08-08 21:50:10+00:00,3.81,4.03,86.0,S,Chance Showers And Thunderstorms,False,8.0,0.0,KILM,0.1964,19.64,waxing_crescent,0.0,0.1181102362204724,1.6299212598425195
2026-08-08 21:55:10+00:00,3.75,4.03,86.0,S,Chance Showers And Thunderstorms,False,8.0,0.0,KFBG,0.1964,19.64,waxing_crescent,0.0,0.1181102362204724,1.6299212598425195
2026-08-08 22:00:10+00:00,3.7,4.03,86.0,S,Chance Showers And Thunderstorms,False,8.0,0.0,KILM,0.1964,19.64,waxing_crescent,0.0,0.1181102362204724,1.6299212598425195
2026-08-08 22:05:10+00:00,3.65,4.03,86.0,S,Chance Showers And Thunderstorms,False,8.0,0.0,KILM,0.1964,19.64,waxing_crescent,0.0,0.1181102362204724,1.6299212598425195
2026-08-08 22:10:10+00:00,3.59,4.03,86.0,S,Chance Showers And Thunderstorms,False,8.0,0.0,KILM,0.1964,19.64,waxing_crescent,0.0,0.1181102362204724,1.6299212598425195
2026-08-08 22:15:10+00:00,3.54,4.03,86.0,S,Chance Showers And Thunderstorms,False,8.0,0.0,KILM,0.1964,19.64,waxing_crescent,0.0,0.1181102362204724,1.6299212598425195
2026-08-08 22:20:10+00:00,3.5,4.03,86.0,S,Chance Showers And Thunderstorms,False,8.0,0.0,KILM,0.1964,19.64,waxing_crescent,0.0,0.1181102362204724,1.6299212598425195
2026-08-08 22:25:10+00:00,3.45,4.03,86.0,S,Chance Showers And Thunderstorms,False,8.0,0.0,KILM,0.1964,19.64,waxing_crescent,0.0,0.1181102362204724,1.6299212598425195
2026-08-08 22:30:10+00:00,3.39,3.215,84.0,S,Chance Showers And Thunderstorms,False,7.0,0.0,KILM,0.1924,19.24,waxing_crescent,0.0,0.1181102362204724,1.6299212598425195
2026-08-08 22:35:10+00:00,3.35,3.215,84.0,S,Chance Showers And Thunderstorms,False,7.0,0.0,KILM,0.1924,19.24,waxing_crescent,0.0,0.1181102362204724,1.6299212598425195
2026-08-08 22:40:10+00:00,3.33,3.215,84.0,S,Chance Showers And Thunderstorms,False,7.0,0.0,KILM,0.1924,19.24,waxing_crescent,0.0,0.1181102362204724,1.6299212598425195
2026-08-08 22:45:10+00:00,3.26,3.215,84.0,S,Chance Showers And Thunderstorms,False,7.0,0.0,KILM,0.1924,19.24,waxing_crescent,0.0,0.1181102362204724,1.6299212598425195
2026-08-08 22:50:10+00:00,3.2,3.215,84.0,S,Chance Showers And Thunderstorms,False,7.0,0.0,KILM,0.1924,19.24,waxing_crescent,0.0,0.1181102362204724,1.6299212598425195
2026-08-08 22:55:10+00:00,3.16,3.215,84.0,S,Chance Showers And Thunderstorms,False,7.0,0.0,KFBG,0.1924,19.24,waxing_crescent,0.0,0.1181102362204724,1.6299212598425195
2026-08-08 23:00:10+00:00,3.12,3.215,84.0,S,Chance Showers And Thunderstorms,False,7.0,0.0,KILM,0.1924,19.24,waxing_crescent,0.0,0.1181102362204724,1.6299212598425195
2026-08-08 23:05:10+00:00,3.06,3.215,84.0,S,Chance Showers And Thunderstorms,False,7.0,0.0,KILM,0.1924,19.24,waxing_crescent,0.0,0.1181102362204724,1.6299212598425195
2026-08-08 23:10:10+00:00,2.99,3.215,84.0,S,Chance Showers And Thunderstorms,False,7.0,0.0,KILM,0.1924,19.24,waxing_crescent,0.0,0.1181102362204724,1.6299212598425195
2026-08-08 23:15:10+00:00,2.94,3.215,84.0,S,Chance Showers And Thunderstorms,False,7.0,0.0,KILM,0.1924,19.24,waxing_crescent,0.0,0.1181102362204724,1.6299212598425195
2026-08-08 23:20:10+00:00,2.88,3.215,84.0,S,Chance Showers And Thunderstorms,False,7.0,0.0,KILM,0.1924,19.24,waxing_crescent,0.0,0.1181102362204724,1.6299212598425195
2026-08-08 23:25:10+00:00,2.83,3.215,84.0,S,Chance Showers And Thunderstorms,False,7.0,0.0,KILM,0.1924,19.24,waxing_crescent,0.0,0.1181102362204724,1.6299212598425195
2026-08-08 23:30:10+00:00,2.78,2.321,83.0,S,Slight Chance Showers And Thunderstorms,False,7.0,0.0,KILM,0.1885,18.85,waxing_crescent,0.0,0.1181102362204724,1.6299212598425195
2026-08-08 23:35:10+00:00,2.71,2.321,83.0,S,Slight Chance Showers And Thunderstorms,False,7.0,0.0,KILM,0.1885,18.85,waxing_crescent,0.0,0.1181102362204724,1.6299212598425195
2026-08-08 23:40:10+00:00,2.66,2.321,83.0,S,Slight Chance Showers And Thunderstorms,False,7.0,0.0,KILM,0.1885,18.85,waxing_crescent,0.0,0.1181102362204724,1.6299212598425195
2026-08-08 23:45:10+00:00,2.61,2.321,83.0,S,Slight Chance Showers And Thunderstorms,False,7.0,0.0,KILM,0.1885,18.85,waxing_crescent,0.0,0.1181102362204724,1.6299212598425195
2026-08-08 23:50:10+00:00,2.51,2.321,83.0,S,Slight Chance Showers And Thunderstorms,False,7.0,0.0,KILM,0.1885,18.85,waxing_crescent,0.0,0.1181102362204724,1.6299212598425195
2026-08-08 23:55:10+00:00,2.48,2.321,83.0,S,Slight Chance Showers And Thunderstorms,False,7.0,0.0,KFBG,0.1885,18.85,waxing_crescent,0.0,0.1181102362204724,1.6299212598425195
2026-08-09 00:00:10+00:00,2.42,2.321,83.0,S,Slight Chance Showers And Thunderstorms,False,7.0,0.0,KILM,0.1885,18.85,waxing_crescent,0.0,0.1181102362204724,1.6299212598425195
2026-08-09 00:05:10+00:00,2.37,2.321,83.0,S,Slight Chance Showers And Thunderstorms,False,7.0,0.0,KILM,0.1885,18.85,waxing_crescent,0.0,0.1181102362204724,1.6299212598425195
2026-08-09 00:10:10+00:00,2.31,2.321,83.0,S,Slight Chance Showers And Thunderstorms,False,7.0,0.0,KILM,0.1885,18.85,waxing_crescent,0.0,0.1181102362204724,1.6299212598425195
2026-08-09 00:15:10+00:00,2.24,2.321,83.0,S,Slight Chance Showers And Thunderstorms,False,7.0,0.0,KILM,0.1885,18.85,waxing_crescent,0.0,0.1181102362204724,1.6299212598425195
2026-08-09 00:20:10+00:00,2.19,2.321,83.0,S,Slight Chance Showers And Thunderstorms,False,7.0,0.0,KILM,0.1885,18.85,waxing_crescent,0.0,0.1181102362204724,1.6299212598425195
2026-08-09 00:25:10+00:00,2.12,2.321,83.0,S,Slight Chance Showers And Thunderstorms,False,7.0,0.0,KILM,0.1885,18.85,waxing_crescent,0.0,0.1181102362204724,1.6299212598425195
2026-08-09 00:30:10+00:00,2.07,1.462,82.0,S,Slight Chance Showers And Thunderstorms,False,6.0,0.0,KILM,0.1847,18.47,waxing_crescent,0.0,0.1181102362204724,1.6299212598425195
2026-08-09 00:35:10+00:00,2.01,1.462,82.0,S,Slight Chance Showers And Thunderstorms,False,6.0,0.0,KILM,0.1847,18.47,waxing_crescent,0.0,0.1181102362204724,1.6299212598425195
2026-08-09 00:40:10+00:00,1.94,1.462,82.0,S,Slight Chance Showers And Thunderstorms,False,6.0,0.0,KILM,0.1847,18.47,waxing_crescent,0.0,0.1181102362204724,1.6299212598425195
2026-08-09 00:45:10+00:00,1.87,1.462,82.0,S,Slight Chance Showers And Thunderstorms,False,6.0,0.0,KILM,0.1847,18.47,waxing_crescent,0.0,0.1181102362204724,1.6299212598425195
2026-08-09 00:50:10+00:00,1.78,1.462,82.0,S,Slight Chance Showers And Thunderstorms,False,6.0,0.0,KILM,0.1847,18.47,waxing_crescent,0.0,0.1181102362204724,1.6299212598425195
2026-08-09 00:55:10+00:00,1.72,1.462,82.0,S,Slight Chance Showers And Thunderstorms,False,6.0,0.0,KFBG,0.1847,18.47,waxing_crescent,0.0,0.1181102362204724,1.6299212598425195
2026-08-09 01:00:10+00:00,1.65,1.462,82.0,S,Slight Chance Showers And Thunderstorms,False,6.0,0.0,KILM,0.1847,18.47,waxing_crescent,0.0,0.1181102362204724,1.6299212598425195
2026-08-09 01:05:10+00:00,1.58,1.462,82.0,S,Slight Chance Showers And Thunderstorms,False,6.0,0.0,KILM,0.1847,18.47,waxing_crescent,0.0,0.1181102362204724,1.6299212598425195
2026-08-09 01:10:10+00:00,1.51,1.462,82.0,S,Slight Chance Showers And Thunderstorms,False,6.0,0.0,KILM,0.1847,18.47,waxing_crescent,0.0,0.1181102362204724,1.6299212598425195
2026-08-09 01:15:10+00:00,1.4300000000000002,1.462,82.0,S,Slight Chance Showers And Thunderstorms,False,6.0,0.0,KILM,0.1847,18.47,waxing_crescent,0.0,0.1181102362204724,1.6299212598425195
2026-08-09 01:20:10+00:00,1.37,1.462,82.0,S,Slight Chance Showers And Thunderstorms,False,6.0,0.0,KILM,0.1847,18.47,waxing_crescent,0.0,0.1181102362204724,1.6299212598425195
2026-08-09 01:25:10+00:00,1.31,1.462,82.0,S,Slight Chance Showers And Thunderstorms,False,6.0,0.0,KILM,0.1847,18.47,waxing_crescent,0.0,0.1181102362204724,1.6299212598425195
2026-08-09 01:30:10+00:00,1.24,0.808,81.0,S,Slight Chance Showers And Thunderstorms,False,6.0,0.0,KILM,0.1808,18.08,waxing_crescent,0.0,0.1181102362204724,1.6299212598425195
2026-08-09 01:35:10+00:00,1.17,0.808,81.0,S,Slight Chance Showers And Thunderstorms,False,6.0,0.0,KILM,0.1808,18.08,waxing_crescent,0.0,0.1181102362204724,1.6299212598425195
2026-08-09 01:40:10+00:00,1.11,0.808,81.0,S,Slight Chance Showers And Thunderstorms,False,6.0,0.0,KILM,0.1808,18.08,waxing_crescent,0.0,0.1181102362204724,1.6299212598425195
2026-08-09 01:45:10+00:00,1.04,0.808,81.0,S,Slight Chance Showers And Thunderstorms,False,6.0,0.0,KILM,0.1808,18.08,waxing_crescent,0.0,0.1181102362204724,1.6299212598425195
2026-08-09 01:50:10+00:00,0.97,0.808,81.0,S,Slight Chance Showers And Thunderstorms,False,6.0,0.0,KILM,0.1808,18.08,waxing_crescent,0.0,0.1181102362204724,1.6299212598425195
2026-08-09 01:55:10+00:00,0.92,0.808,81.0,S,Slight Chance Showers And Thunderstorms,False,6.0,0.0,KFBG,0.1808,18.08,waxing_crescent,0.0,0.1181102362204724,1.6299212598425195
2026-08-09 02:00:10+00:00,0.8400000000000001,0.808,81.0,S,Slight Chance Showers And Thunderstorms,False,6.0,0.0,KILM,0.1808,18.08,waxing_crescent,0.0,0.1181102362204724,1.6299212598425195
2026-08-09 02:05:10+00:00,0.77,0.808,81.0,S,Slight Chance Showers And Thunderstorms,False,6.0,0.0,KILM,0.1808,18.08,waxing_crescent,0.0,0.1181102362204724,1.6299212598425195
2026-08-09 02:10:10+00:00,0.7,0.808,81.0,S,Slight Chance Showers And Thunderstorms,False,6.0,0.0,KILM,0.1808,18.08,waxing_crescent,0.0,0.1181102362204724,1.6299212598425195
2026-08-09 02:15:10+00:00,0.6299999999999999,0.808,81.0,S,Slight Chance Showers And Thunderstorms,False,6.0,0.0,KILM,0.1808,18.08,waxing_crescent,0.0,0.1181102362204724,1.6299212598425195
2026-08-09 02:20:10+00:00,0.56,0.808,81.0,S,Slight Chance Showers And Thunderstorms,False,6.0,0.0,KILM,0.1808,18.08,waxing_crescent,0.0,0.1181102362204724,1.6299212598425195
2026-08-09 02:25:10+00:00,0.49,0.808,81.0,S,Slight Chance Showers And Thunderstorms,False,6.0,0.0,KILM,0.1808,18.08,waxing_crescent,0.0,0.1181102362204724,1.6299212598425195
2026-08-09 02:30:10+00:00,0.4199999999999999,0.58,80.0,S,Slight Chance Showers And Thunderstorms,False,6.0,0.0,KILM,0.177,17.7,waxing_crescent,0.0,0.1181102362204724,1.6299212598425195
2026-08-09 02:35:10+00:00,0.3400000000000001,0.58,80.0,S,Slight Chance Showers And Thunderstorms,False,6.0,0.0,KILM,0.177,17.7,waxing_crescent,0.0,0.1181102362204724,1.6299212598425195
2026-08-09 02:40:10+00:00,0.27,0.58,80.0,S,Slight Chance Showers And Thunderstorms,False,6.0,0.0,KILM,0.177,17.7,waxing_crescent,0.0,0.1181102362204724,1.6299212598425195
2026-08-09 02:45:10+00:00,0.1999999999999999,0.58,80.0,S,Slight Chance Showers And Thunderstorms,False,6.0,0.0,KILM,0.177,17.7,waxing_crescent,0.0,0.1181102362204724,1.6299212598425195
2026-08-09 02:50:10+00:00,0.1399999999999999,0.58,80.0,S,Slight Chance Showers And Thunderstorms,False,6.0,0.0,KILM,0.177,17.7,waxing_crescent,0.0,0.1181102362204724,1.6299212598425195
2026-08-09 02:55:10+00:00,0.07,0.58,80.0,S,Slight Chance Showers And Thunderstorms,False,6.0,0.0,KFBG,0.177,17.7,waxing_crescent,0.0,0.1181102362204724,1.6299212598425195
2026-08-09 03:00:10+00:00,0.03,0.58,80.0,S,Slight Chance Showers And Thunderstorms,False,6.0,0.0,KILM,0.177,17.7,waxing_crescent,0.0,0.1181102362204724,1.6299212598425195
2026-08-09 03:05:10+00:00,0.0,0.58,80.0,S,Slight Chance Showers And Thunderstorms,False,6.0,0.0,KILM,0.177,17.7,waxing_crescent,0.0,0.1181102362204724,1.6299212598425195
2026-08-09 03:35:10+00:00,0.0,0.888,80.0,S,Slight Chance Showers And Thunderstorms,False,5.0,0.0,KILM,0.1732,17.32,waxing_crescent,0.0,0.1181102362204724,1.6299212598425195
2026-08-09 03:40:10+00:00,0.05,0.888,80.0,S,Slight Chance Showers And Thunderstorms,False,5.0,0.0,KILM,0.1732,17.32,waxing_crescent,0.0,0.1181102362204724,1.6299212598425195
2026-08-09 03:45:10+00:00,0.05,0.888,80.0,S,Slight Chance Showers And Thunderstorms,False,5.0,0.0,KILM,0.1732,17.32,waxing_crescent,0.0,0.1181102362204724,1.6299212598425195
2026-08-09 03:50:10+00:00,0.02,0.888,80.0,S,Slight Chance Showers And Thunderstorms,False,5.0,0.0,KILM,0.1732,17.32,waxing_crescent,0.0,0.1181102362204724,1.6299212598425195
2026-08-09 03:55:10+00:00,0.1,0.888,80.0,S,Slight Chance Showers And Thunderstorms,False,5.0,0.0,KFBG,0.1732,17.32,waxing_crescent,0.0,0.1181102362204724,1.6299212598425195
2026-08-09 04:00:10+00:00,0.1200000000000001,0.888,80.0,S,Slight Chance Showers And Thunderstorms,False,5.0,0.0,KILM,0.1732,17.32,waxing_crescent,0.0,0.1181102362204724,1.6299212598425195
2026-08-09 04:05:10+00:00,0.1499999999999999,0.888,80.0,S,Slight Chance Showers And Thunderstorms,False,5.0,0.0,KILM,0.1732,17.32,waxing_crescent,0.0,0.1181102362204724,1.6299212598425195
2026-08-09 04:10:10+00:00,0.1499999999999999,0.888,80.0,S,Slight Chance Showers And Thunderstorms,False,5.0,0.0,KILM,0.1732,17.32,waxing_crescent,0.0,0.1181102362204724,1.6299212598425195
2026-08-09 04:15:10+00:00,0.1799999999999999,0.888,80.0,S,Slight Chance Showers And Thunderstorms,False,5.0,0.0,KILM,0.1732,17.32,waxing_crescent,0.0,0.1181102362204724,1.6299212598425195
2026-08-09 04:20:10+00:00,0.25,0.888,80.0,S,Slight Chance Showers And Thunderstorms,False,5.0,0.0,KILM,0.1732,17.32,waxing_crescent,0.0,0.1181102362204724,1.6299212598425195
2026-08-09 04:25:10+00:00,0.28,0.888,80.0,S,Slight Chance Showers And Thunderstorms,False,5.0,0.0,KILM,0.1732,17.32,waxing_crescent,0.0,0.1181102362204724,1.6299212598425195
2026-08-09 04:30:10+00:00,0.33,1.608,80.0,S,Slight Chance Showers And Thunderstorms,False,5.0,0.0,KILM,0.1695,16.95,waxing_crescent,0.0,0.1181102362204724,1.6299212598425195
2026-08-09 04:35:10+00:00,0.3999999999999999,1.608,80.0,S,Slight Chance Showers And Thunderstorms,False,5.0,0.0,KILM,0.1695,16.95,waxing_crescent,0.0,0.1181102362204724,1.6299212598425195
2026-08-09 04:40:10+00:00,0.47,1.608,80.0,S,Slight Chance Showers And Thunderstorms,False,5.0,0.0,KILM,0.1695,16.95,waxing_crescent,0.0,0.1181102362204724,1.6299212598425195
2026-08-09 04:45:10+00:00,0.53,1.608,80.0,S,Slight Chance Showers And Thunderstorms,False,5.0,0.0,KILM,0.1695,16.95,waxing_crescent,0.0,0.1181102362204724,1.6299212598425195
2026-08-09 04:50:10+00:00,0.6299999999999999,1.608,80.0,S,Slight Chance Showers And Thunderstorms,False,5.0,0.0,KILM,0.1695,16.95,waxing_crescent,0.0,0.1181102362204724,1.6299212598425195
2026-08-09 04:55:10+00:00,0.6799999999999999,1.608,80.0,S,Slight Chance Showers And Thunderstorms,False,5.0,0.0,KFBG,0.1695,16.95,waxing_crescent,0.0,0.1181102362204724,1.6299212598425195
2026-08-09 05:00:10+00:00,0.75,1.608,80.0,S,Slight Chance Showers And Thunderstorms,False,5.0,0.0,KILM,0.1695,16.95,waxing_crescent,0.0,0.1181102362204724,1.6299212598425195
2026-08-09 05:05:10+00:00,0.81,1.608,80.0,S,Slight Chance Showers And Thunderstorms,False,5.0,0.0,KILM,0.1695,16.95,waxing_crescent,0.0,0.1181102362204724,1.6299212598425195
2026-08-09 05:10:10+00:00,0.8400000000000001,1.608,80.0,S,Slight Chance Showers And Thunderstorms,False,5.0,0.0,KILM,0.1695,16.95,waxing_crescent,0.0,0.1181102362204724,1.6299212598425195
2026-08-09 05:15:10+00:00,0.8999999999999999,1.608,80.0,S,Slight Chance Showers And Thunderstorms,False,5.0,0.0,KILM,0.1695,16.95,waxing_crescent,0.0,0.1181102362204724,1.6299212598425195
2026-08-09 05:20:10+00:00,0.96,1.608,80.0,S,Slight Chance Showers And Thunderstorms,False,5.0,0.0,KILM,0.1695,16.95,waxing_crescent,0.0,0.1181102362204724,1.6299212598425195
2026-08-09 05:25:10+00:00,1.02,1.608,80.0,S,Slight Chance Showers And Thunderstorms,False,5.0,0.0,KILM,0.1695,16.95,waxing_crescent,0.0,0.1181102362204724,1.6299212598425195
2026-08-09 05:30:10+00:00,1.06,2.461,78.0,S,Chance Showers And Thunderstorms,False,5.0,0.0,KILM,0.1657,16.57,waxing_crescent,0.0,0.1181102362204724,1.6299212598425195
2026-08-09 05:35:10+00:00,1.12,2.461,78.0,S,Chance Showers And Thunderstorms,False,5.0,0.0,KILM,0.1657,16.57,waxing_crescent,0.0,0.1181102362204724,1.6299212598425195
2026-08-09 05:40:10+00:00,1.1800000000000002,2.461,78.0,S,Chance Showers And Thunderstorms,False,5.0,0.0,KILM,0.1657,16.57,waxing_crescent,0.0,0.1181102362204724,1.6299212598425195
2026-08-09 05:45:10+00:00,1.24,2.461,78.0,S,Chance Showers And Thunderstorms,False,5.0,0.0,KILM,0.1657,16.57,waxing_crescent,0.0,0.1181102362204724,1.6299212598425195
2026-08-09 05:50:10+00:00,1.3,2.461,78.0,S,Chance Showers And Thunderstorms,False,5.0,0.0,KILM,0.1657,16.57,waxing_crescent,0.0,0.1181102362204724,1.6299212598425195
2026-08-09 05:55:10+00:00,1.37,2.461,78.0,S,Chance Showers And Thunderstorms,False,5.0,0.0,KFBG,0.1657,16.57,waxing_crescent,0.0,0.1181102362204724,1.6299212598425195
2026-08-09 06:00:10+00:00,1.44,2.461,78.0,S,Chance Showers And Thunderstorms,False,5.0,0.0,KILM,0.1657,16.57,waxing_crescent,0.0,0.1181102362204724,1.6299212598425195
2026-08-09 06:05:10+00:00,1.51,2.461,78.0,S,Chance Showers And Thunderstorms,False,5.0,0.0,KILM,0.1657,16.57,waxing_crescent,0.0,0.1181102362204724,1.6299212598425195
2026-08-09 06:10:10+00:00,1.58,2.461,78.0,S,Chance Showers And Thunderstorms,False,5.0,0.0,KILM,0.1657,16.57,waxing_crescent,0.0,0.1181102362204724,1.6299212598425195
2026-08-09 06:15:10+00:00,1.65,2.461,78.0,S,Chance Showers And Thunderstorms,False,5.0,0.0,KILM,0.1657,16.57,waxing_crescent,0.0,0.1181102362204724,1.6299212598425195
2026-08-09 06:20:10+00:00,1.73,2.461,78.0,S,Chance Showers And Thunderstorms,False,5.0,0.0,KILM,0.1657,16.57,waxing_crescent,0.0,0.1181102362204724,1.6299212598425195
2026-08-09 06:25:10+00:00,1.8,2.461,78.0,S,Chance Showers And Thunderstorms,False,5.0,0.0,KILM,0.1657,16.57,waxing_crescent,0.0,0.1181102362204724,1.6299212598425195
2026-08-09 06:30:10+00:00,1.87,3.182,78.0,S,Chance Showers And Thunderstorms,False,5.0,0.0,KILM,0.162,16.2,waxing_crescent,0.0,0.1181102362204724,1.6299212598425195
2026-08-09 06:35:10+00:00,1.95,3.182,78.0,S,Chance Showers And Thunderstorms,False,5.0,0.0,KILM,0.162,16.2,waxing_crescent,0.0,0.1181102362204724,1.6299212598425195
2026-08-09 06:40:10+00:00,2.01,3.182,78.0,S,Chance Showers And Thunderstorms,False,5.0,0.0,KILM,0.162,16.2,waxing_crescent,0.0,0.1181102362204724,1.6299212598425195
2026-08-09 06:45:10+00:00,2.09,3.182,78.0,S,Chance Showers And Thunderstorms,False,5.0,0.0,KILM,0.162,16.2,waxing_crescent,0.0,0.1181102362204724,1.6299212598425195
2026-08-09 06:50:10+00:00,2.15,3.182,78.0,S,Chance Showers And Thunderstorms,False,5.0,0.0,KILM,0.162,16.2,waxing_crescent,0.0,0.1181102362204724,1.6299212598425195
2026-08-09 06:55:10+00:00,2.22,3.182,78.0,S,Chance Showers And Thunderstorms,False,5.0,0.0,KFBG,0.162,16.2,waxing_crescent,0.0,0.1181102362204724,1.6299212598425195
2026-08-09 07:00:10+00:00,2.29,3.182,78.0,S,Chance Showers And Thunderstorms,False,5.0,0.0,KILM,0.162,16.2,waxing_crescent,0.0,0.1181102362204724,1.6299212598425195
2026-08-09 07:05:10+00:00,2.36,3.182,78.0,S,Chance Showers And Thunderstorms,False,5.0,0.0,KILM,0.162,16.2,waxing_crescent,0.0,0.1181102362204724,1.6299212598425195
2026-08-09 07:10:10+00:00,2.43,3.182,78.0,S,Chance Showers And Thunderstorms,False,5.0,0.0,KILM,0.162,16.2,waxing_crescent,0.0,0.1181102362204724,1.6299212598425195
2026-08-09 07:15:10+00:00,2.46,3.182,78.0,S,Chance Showers And Thunderstorms,False,5.0,0.0,KILM,0.162,16.2,waxing_crescent,0.0,0.1181102362204724,1.6299212598425195
2026-08-09 07:20:10+00:00,2.51,3.182,78.0,S,Chance Showers And Thunderstorms,False,5.0,0.0,KILM,0.162,16.2,waxing_crescent,0.0,0.1181102362204724,1.6299212598425195
2026-08-09 07:25:10+00:00,2.57,3.182,78.0,S,Chance Showers And Thunderstorms,False,5.0,0.0,KILM,0.162,16.2,waxing_crescent,0.0,0.1181102362204724,1.6299212598425195
2026-08-09 07:30:10+00:00,2.61,3.588,77.0,S,Chance Showers And Thunderstorms,False,5.0,0.0,KILM,0.1584,15.84,waxing_crescent,0.0,0.1181102362204724,1.6299212598425195
2026-08-09 07:35:10+00:00,2.66,3.588,77.0,S,Chance Showers And Thunderstorms,False,5.0,0.0,KILM,0.1584,15.84,waxing_crescent,0.0,0.1181102362204724,1.6299212598425195
2026-08-09 07:40:10+00:00,2.7,3.588,77.0,S,Chance Showers And Thunderstorms,False,5.0,0.0,KILM,0.1584,15.84,waxing_crescent,0.0,0.1181102362204724,1.6299212598425195
2026-08-09 07:45:10+00:00,2.76,3.588,77.0,S,Chance Showers And Thunderstorms,False,5.0,0.0,KILM,0.1584,15.84,waxing_crescent,0.0,0.1181102362204724,1.6299212598425195
2026-08-09 07:50:10+00:00,2.79,3.588,77.0,S,Chance Showers And Thunderstorms,False,5.0,0.0,KMEB,0.1584,15.84,waxing_crescent,0.0,0.1181102362204724,1.6299212598425195
2026-08-09 07:55:10+00:00,2.85,3.588,77.0,S,Chance Showers And Thunderstorms,False,5.0,0.0,KFBG,0.1584,15.84,waxing_crescent,0.0,0.1181102362204724,1.6299212598425195
2026-08-09 08:00:10+00:00,2.89,3.588,77.0,S,Chance Showers And Thunderstorms,False,5.0,0.0,KILM,0.1584,15.84,waxing_crescent,0.0,0.1181102362204724,1.6299212598425195
2026-08-09 08:05:10+00:00,2.94,3.588,77.0,S,Chance Showers And Thunderstorms,False,5.0,0.0,KILM,0.1584,15.84,waxing_crescent,0.0,0.1181102362204724,1.6299212598425195
2026-08-09 08:10:10+00:00,2.98,3.588,77.0,S,Chance Showers And Thunderstorms,False,5.0,0.0,KMEB,0.1584,15.84,waxing_crescent,0.0,0.1181102362204724,1.6299212598425195
2026-08-09 08:15:10+00:00,3.0,3.588,77.0,S,Chance Showers And Thunderstorms,False,5.0,0.0,KILM,0.1584,15.84,waxing_crescent,0.0,0.1181102362204724,1.6299212598425195
2026-08-09 08:20:10+00:00,3.04,3.588,77.0,S,Chance Showers And Thunderstorms,False,5.0,0.0,KILM,0.1584,15.84,waxing_crescent,0.0,0.1181102362204724,1.6299212598425195
2026-08-09 08:25:10+00:00,3.0700000000000003,3.588,77.0,S,Chance Showers And Thunderstorms,False,5.0,0.0,KILM,0.1584,15.84,waxing_crescent,0.0,0.1181102362204724,1.6299212598425195
2026-08-09 08:30:10+00:00,3.1100000000000003,3.567,76.0,S,Chance Showers And Thunderstorms,False,3.0,0.0,KILM,0.1548,15.48,waxing_crescent,0.0,0.1181102362204724,1.6299212598425195
2026-08-09 08:35:10+00:00,3.14,3.567,76.0,S,Chance Showers And Thunderstorms,False,3.0,0.0,KILM,0.1548,15.48,waxing_crescent,0.0,0.1181102362204724,1.6299212598425195
2026-08-09 08:40:10+00:00,3.18,3.567,76.0,S,Chance Showers And Thunderstorms,False,3.0,0.0,KILM,0.1548,15.48,waxing_crescent,0.0,0.1181102362204724,1.6299212598425195
2026-08-09 08:45:10+00:00,3.2,3.567,76.0,S,Chance Showers And Thunderstorms,False,3.0,0.0,KILM,0.1548,15.48,waxing_crescent,0.0,0.1181102362204724,1.6299212598425195
2026-08-09 08:50:10+00:00,3.21,3.567,76.0,S,Chance Showers And Thunderstorms,False,3.0,0.0,KILM,0.1548,15.48,waxing_crescent,0.0,0.1181102362204724,1.6299212598425195
2026-08-09 08:55:10+00:00,3.22,3.567,76.0,S,Chance Showers And Thunderstorms,False,3.0,0.0,KFBG,0.1548,15.48,waxing_crescent,0.0,0.1181102362204724,1.6299212598425195
2026-08-09 09:00:10+00:00,3.23,3.567,76.0,S,Chance Showers And Thunderstorms,False,3.0,0.0,KILM,0.1548,15.48,waxing_crescent,0.0,0.1181102362204724,1.6299212598425195
2026-08-09 09:05:10+00:00,3.24,3.567,76.0,S,Chance Showers And Thunderstorms,False,3.0,0.0,KILM,0.1548,15.48,waxing_crescent,0.0,0.1181102362204724,1.6299212598425195
2026-08-09 09:10:10+00:00,3.23,3.567,76.0,S,Chance Showers And Thunderstorms,False,3.0,0.0,KILM,0.1548,15.48,waxing_crescent,0.0,0.1181102362204724,1.6299212598425195
2026-08-09 09:15:10+00:00,3.22,3.567,76.0,S,Chance Showers And Thunderstorms,False,3.0,0.0,KILM,0.1548,15.48,waxing_crescent,0.0,0.1181102362204724,1.6299212598425195
2026-08-09 09:20:10+00:00,3.2,3.567,76.0,S,Chance Showers And Thunderstorms,False,3.0,0.0,KILM,0.1548,15.48,waxing_crescent,0.0,0.1181102362204724,1.6299212598425195
2026-08-09 09:25:10+00:00,3.18,3.567,76.0,S,Chance Showers And Thunderstorms,False,3.0,0.0,KILM,0.1548,15.48,waxing_crescent,0.0,0.1181102362204724,1.6299212598425195
2026-08-09 09:30:10+00:00,3.16,3.118,77.0,S,Chance Showers And Thunderstorms,True,3.0,0.0,KILM,0.1512,15.12,waxing_crescent,0.0,0.1181102362204724,1.6299212598425195
2026-08-09 09:35:10+00:00,3.12,3.118,77.0,S,Chance Showers And Thunderstorms,True,3.0,0.0,KILM,0.1512,15.12,waxing_crescent,0.0,0.1181102362204724,1.6299212598425195
2026-08-09 09:40:10+00:00,3.06,3.118,77.0,S,Chance Showers And Thunderstorms,True,3.0,0.0,KILM,0.1512,15.12,waxing_crescent,0.0,0.1181102362204724,1.6299212598425195
2026-08-09 09:45:10+00:00,3.01,3.118,77.0,S,Chance Showers And Thunderstorms,True,3.0,0.0,KILM,0.1512,15.12,waxing_crescent,0.0,0.1181102362204724,1.6299212598425195
2026-08-09 09:50:10+00:00,2.97,3.118,77.0,S,Chance Showers And Thunderstorms,True,3.0,0.0,KILM,0.1512,15.12,waxing_crescent,0.0,0.1181102362204724,1.6299212598425195
2026-08-09 09:55:10+00:00,2.91,3.118,77.0,S,Chance Showers And Thunderstorms,True,3.0,0.0,KFBG,0.1512,15.12,waxing_crescent,0.0,0.1181102362204724,1.6299212598425195
2026-08-09 10:00:10+00:00,2.85,3.118,77.0,S,Chance Showers And Thunderstorms,True,3.0,0.0,KILM,0.1512,15.12,waxing_crescent,0.0,0.1181102362204724,1.6299212598425195
2026-08-09 10:05:10+00:00,2.8,3.118,77.0,S,Chance Showers And Thunderstorms,True,3.0,0.0,KILM,0.1512,15.12,waxing_crescent,0.0,0.1181102362204724,1.6299212598425195
2026-08-09 10:10:10+00:00,2.76,3.118,77.0,S,Chance Showers And Thunderstorms,True,3.0,0.0,KILM,0.1512,15.12,waxing_crescent,0.0,0.1181102362204724,1.6299212598425195
2026-08-09 10:15:10+00:00,2.7,3.118,77.0,S,Chance Showers And Thunderstorms,True,3.0,0.0,KILM,0.1512,15.12,waxing_crescent,0.0,0.1181102362204724,1.6299212598425195
2026-08-09 10:20:10+00:00,2.66,3.118,77.0,S,Chance Showers And Thunderstorms,True,3.0,0.0,KILM,0.1512,15.12,waxing_crescent,0.0,0.1181102362204724,1.6299212598425195
2026-08-09 10:25:10+00:00,2.59,3.118,77.0,S,Chance Showers And Thunderstorms,True,3.0,0.0,KILM,0.1512,15.12,waxing_crescent,0.0,0.1181102362204724,1.6299212598425195
2026-08-09 10:30:10+00:00,2.54,2.375,77.0,S,Chance Showers And Thunderstorms,True,3.0,0.0,KILM,0.1476,14.76,waxing_crescent,0.0,0.1181102362204724,1.6299212598425195
2026-08-09 10:35:10+00:00,2.48,2.375,77.0,S,Chance Showers And Thunderstorms,True,3.0,0.0,KFBG,0.1476,14.76,waxing_crescent,0.0,0.1181102362204724,1.6299212598425195
2026-08-09 10:40:10+00:00,2.43,2.375,77.0,S,Chance Showers And Thunderstorms,True,3.0,0.0,KILM,0.1476,14.76,waxing_crescent,0.0,0.1181102362204724,1.6299212598425195
2026-08-09 10:45:10+00:00,2.38,2.375,77.0,S,Chance Showers And Thunderstorms,True,3.0,0.0,KILM,0.1476,14.76,waxing_crescent,0.0,0.1181102362204724,1.6299212598425195
2026-08-09 10:50:10+00:00,2.33,2.375,77.0,S,Chance Showers And Thunderstorms,True,3.0,0.0,KILM,0.1476,14.76,waxing_crescent,0.0,0.1181102362204724,1.6299212598425195
2026-08-09 10:55:10+00:00,2.27,2.375,77.0,S,Chance Showers And Thunderstorms,True,3.0,0.0,KFBG,0.1476,14.76,waxing_crescent,0.0,0.1181102362204724,1.6299212598425195
2026-08-09 11:00:10+00:00,2.22,2.375,77.0,S,Chance Showers And Thunderstorms,True,3.0,0.0,KILM,0.1476,14.76,waxing_crescent,0.0,0.1181102362204724,1.6299212598425195
2026-08-09 11:05:10+00:00,2.16,2.375,77.0,S,Chance Showers And Thunderstorms,True,3.0,0.0,KILM,0.1476,14.76,waxing_crescent,0.0,0.1181102362204724,1.6299212598425195
2026-08-09 11:10:10+00:00,2.11,2.375,77.0,S,Chance Showers And Thunderstorms,True,3.0,0.0,KILM,0.1476,14.76,waxing_crescent,0.0,0.1181102362204724,1.6299212598425195
2026-08-09 11:15:10+00:00,2.05,2.375,77.0,S,Chance Showers And Thunderstorms,True,3.0,0.0,KILM,0.1476,14.76,waxing_crescent,0.0,0.1181102362204724,1.6299212598425195
2026-08-09 11:20:10+00:00,1.99,2.375,77.0,S,Chance Showers And Thunderstorms,True,3.0,0.0,KILM,0.1476,14.76,waxing_crescent,0.0,0.1181102362204724,1.6299212598425195
2026-08-09 11:25:10+00:00,1.92,2.375,77.0,S,Chance Showers And Thunderstorms,True,3.0,0.0,KILM,0.1476,14.76,waxing_crescent,0.0,0.1181102362204724,1.6299212598425195
2026-08-09 11:30:10+00:00,1.87,1.529,78.0,S,Chance Showers And Thunderstorms,True,3.0,0.0,KILM,0.1441,14.41,waxing_crescent,0.0,0.1181102362204724,1.6299212598425195
2026-08-09 11:35:10+00:00,1.81,1.529,78.0,S,Chance Showers And Thunderstorms,True,3.0,0.0,KILM,0.1441,14.41,waxing_crescent,0.0,0.1181102362204724,1.6299212598425195
2026-08-09 11:40:10+00:00,1.75,1.529,78.0,S,Chance Showers And Thunderstorms,True,3.0,0.0,KILM,0.1441,14.41,waxing_crescent,0.0,0.1181102362204724,1.6299212598425195
2026-08-09 11:45:10+00:00,1.69,1.529,78.0,S,Chance Showers And Thunderstorms,True,3.0,0.0,KILM,0.1441,14.41,waxing_crescent,0.0,0.1181102362204724,1.6299212598425195
2026-08-09 11:50:10+00:00,1.62,1.529,78.0,S,Chance Showers And Thunderstorms,True,3.0,0.0,KILM,0.1441,14.41,waxing_crescent,0.0,0.1181102362204724,1.6299212598425195
2026-08-09 11:55:10+00:00,1.56,1.529,78.0,S,Chance Showers And Thunderstorms,True,3.0,0.0,KFBG,0.1441,14.41,waxing_crescent,0.0,0.1181102362204724,1.6299212598425195
2026-08-09 12:00:10+00:00,1.48,1.529,78.0,S,Chance Showers And Thunderstorms,True,3.0,0.0,KILM,0.1441,14.41,waxing_crescent,0.0,0.1181102362204724,1.6299212598425195
2026-08-09 12:05:10+00:00,1.41,1.529,78.0,S,Chance Showers And Thunderstorms,True,3.0,0.0,KILM,0.1441,14.41,waxing_crescent,0.0,0.1181102362204724,1.6299212598425195
2026-08-09 12:10:10+00:00,1.33,1.529,78.0,S,Chance Showers And Thunderstorms,True,3.0,0.0,KILM,0.1441,14.41,waxing_crescent,0.0,0.1181102362204724,1.6299212598425195
2026-08-09 12:15:10+00:00,1.3,1.529,78.0,S,Chance Showers And Thunderstorms,True,3.0,0.0,KILM,0.1441,14.41,waxing_crescent,0.0,0.1181102362204724,1.6299212598425195
2026-08-09 12:20:10+00:00,1.24,1.529,78.0,S,Chance Showers And Thunderstorms,True,3.0,0.0,KILM,0.1441,14.41,waxing_crescent,0.0,0.1181102362204724,1.6299212598425195
2026-08-09 12:25:10+00:00,1.16,1.529,78.0,S,Chance Showers And Thunderstorms,True,3.0,0.0,KILM,0.1441,14.41,waxing_crescent,0.0,0.1181102362204724,1.6299212598425195
2026-08-09 12:30:10+00:00,1.11,0.745,80.0,S,Chance Showers And Thunderstorms,True,5.0,0.0,KILM,0.1406,14.06,waxing_crescent,0.0,0.1181102362204724,1.6299212598425195
2026-08-09 12:35:10+00:00,1.04,0.745,80.0,S,Chance Showers And Thunderstorms,True,5.0,0.0,KILM,0.1406,14.06,waxing_crescent,0.0,0.1181102362204724,1.6299212598425195
2026-08-09 12:40:10+00:00,0.95,0.745,80.0,S,Chance Showers And Thunderstorms,True,5.0,0.0,KILM,0.1406,14.06,waxing_crescent,0.0,0.1181102362204724,1.6299212598425195
2026-08-09 12:45:10+00:00,0.8999999999999999,0.745,80.0,S,Chance Showers And Thunderstorms,True,5.0,0.0,KILM,0.1406,14.06,waxing_crescent,0.0,0.1181102362204724,1.6299212598425195
2026-08-09 12:50:10+00:00,0.8400000000000001,0.745,80.0,S,Chance Showers And Thunderstorms,True,5.0,0.0,KILM,0.1406,14.06,waxing_crescent,0.0,0.1181102362204724,1.6299212598425195
2026-08-09 12:55:10+00:00,0.77,0.745,80.0,S,Chance Showers And Thunderstorms,True,5.0,0.0,KFBG,0.1406,14.06,waxing_crescent,0.0,0.1181102362204724,1.6299212598425195
2026-08-09 13:00:10+00:00,0.72,0.745,80.0,S,Chance Showers And Thunderstorms,True,5.0,0.0,KILM,0.1406,14.06,waxing_crescent,0.0,0.1181102362204724,1.6299212598425195
2026-08-09 13:05:10+00:00,0.6399999999999999,0.745,80.0,S,Chance Showers And Thunderstorms,True,5.0,0.0,KILM,0.1406,14.06,waxing_crescent,0.0,0.1181102362204724,1.6299212598425195
2026-08-09 13:10:10+00:00,0.5700000000000001,0.745,80.0,S,Chance Showers And Thunderstorms,True,5.0,0.0,KILM,0.1406,14.06,waxing_crescent,0.0,0.1181102362204724,1.6299212598425195
2026-08-09 13:15:10+00:00,0.5,0.745,80.0,S,Chance Showers And Thunderstorms,True,5.0,0.0,KILM,0.1406,14.06,waxing_crescent,0.0,0.1181102362204724,1.6299212598425195
2026-08-09 13:20:10+00:00,0.4199999999999999,0.745,80.0,S,Chance Showers And Thunderstorms,True,5.0,0.0,KILM,0.1406,14.06,waxing_crescent,0.0,0.1181102362204724,1.6299212598425195
2026-08-09 13:25:10+00:00,0.3500000000000001,0.745,80.0,S,Chance Showers And Thunderstorms,True,5.0,0.0,KILM,0.1406,14.06,waxing_crescent,0.0,0.1181102362204724,1.6299212598425195
2026-08-09 13:30:10+00:00,0.28,0.189,83.0,S,Chance Showers And Thunderstorms,True,5.0,0.0,KILM,0.1371,13.71,waxing_crescent,0.0,0.1181102362204724,1.6299212598425195
2026-08-09 13:35:10+00:00,0.1999999999999999,0.189,83.0,S,Chance Showers And Thunderstorms,True,5.0,0.0,KILM,0.1371,13.71,waxing_crescent,0.0,0.1181102362204724,1.6299212598425195
2026-08-09 13:40:10+00:00,0.1100000000000001,0.189,83.0,S,Chance Showers And Thunderstorms,True,5.0,0.0,KILM,0.1371,13.71,waxing_crescent,0.0,0.1181102362204724,1.6299212598425195
2026-08-09 13:45:10+00:00,0.07,0.189,83.0,S,Chance Showers And Thunderstorms,True,5.0,0.0,KILM,0.1371,13.71,waxing_crescent,0.0,0.1181102362204724,1.6299212598425195
2026-08-09 16:35:10+00:00,0.07,1.491,86.0,SE,Chance Showers And Thunderstorms,True,8.0,0.0,KILM,0.127,12.7,waxing_crescent,0.0,0.1181102362204724,1.2795275590551178
2026-08-09 16:40:10+00:00,0.1299999999999999,1.491,86.0,SE,Chance Showers And Thunderstorms,True,8.0,0.0,KILM,0.127,12.7,waxing_crescent,0.0,0.1181102362204724,1.2795275590551178
2026-08-09 16:45:10+00:00,0.1699999999999999,1.491,86.0,SE,Chance Showers And Thunderstorms,True,8.0,0.0,KILM,0.127,12.7,waxing_crescent,0.0,0.1181102362204724,1.2795275590551178
2026-08-09 16:50:10+00:00,0.25,1.491,86.0,SE,Chance Showers And Thunderstorms,True,8.0,0.0,KILM,0.127,12.7,waxing_crescent,0.0,0.1181102362204724,1.2795275590551178
2026-08-09 17:00:10+00:00,0.3799999999999999,1.491,86.0,SE,Chance Showers And Thunderstorms,True,8.0,0.0,KILM,0.127,12.7,waxing_crescent,0.0,0.1181102362204724,1.2795275590551178
2026-08-09 17:05:10+00:00,0.4399999999999999,1.491,86.0,SE,Chance Showers And Thunderstorms,True,8.0,0.0,KILM,0.127,12.7,waxing_crescent,0.0,0.1181102362204724,1.2795275590551178
2026-08-09 17:10:10+00:00,0.49,1.491,86.0,SE,Chance Showers And Thunderstorms,True,8.0,0.0,KILM,0.127,12.7,waxing_crescent,0.0,0.1181102362204724,1.2795275590551178
2026-08-09 17:15:10+00:00,0.5900000000000001,1.491,86.0,SE,Chance Showers And Thunderstorms,True,8.0,0.0,KILM,0.127,12.7,waxing_crescent,0.0,0.1181102362204724,1.2795275590551178
2026-08-09 17:20:10+00:00,0.6599999999999999,1.491,86.0,SE,Chance Showers And Thunderstorms,True,8.0,0.0,KILM,0.127,12.7,waxing_crescent,0.0,0.1181102362204724,1.2795275590551178
2026-08-09 17:25:10+00:00,0.74,1.491,86.0,SE,Chance Showers And Thunderstorms,True,8.0,0.0,KILM,0.127,12.7,waxing_crescent,0.0,0.1181102362204724,1.2795275590551178
2026-08-09 17:30:10+00:00,0.8,2.69,86.0,S,Chance Showers And Thunderstorms,True,9.0,0.0,KILM,0.1236,12.36,waxing_crescent,0.0,0.1181102362204724,1.2795275590551178
2026-08-09 17:35:10+00:00,0.8400000000000001,2.69,86.0,S,Chance Showers And Thunderstorms,True,9.0,0.0,KILM,0.1236,12.36,waxing_crescent,0.0,0.1181102362204724,1.2795275590551178
2026-08-09 17:40:10+00:00,0.91,2.69,86.0,S,Chance Showers And Thunderstorms,True,9.0,0.0,KILM,0.1236,12.36,waxing_crescent,0.0,0.1181102362204724,1.2795275590551178
2026-08-09 17:45:10+00:00,0.95,2.69,86.0,S,Chance Showers And Thunderstorms,True,9.0,0.0,KILM,0.1236,12.36,waxing_crescent,0.0,0.1181102362204724,1.2795275590551178
2026-08-09 17:50:10+00:00,1.05,2.69,86.0,S,Chance Showers And Thunderstorms,True,9.0,0.0,KILM,0.1236,12.36,waxing_crescent,0.0,0.1181102362204724,1.2795275590551178
2026-08-09 17:55:10+00:00,1.17,2.69,86.0,S,Chance Showers And Thunderstorms,True,9.0,0.0,KFBG,0.1236,12.36,waxing_crescent,0.0,0.1181102362204724,1.2795275590551178
2026-08-09 18:05:10+00:00,1.33,2.69,86.0,S,Chance Showers And Thunderstorms,True,9.0,0.0,KILM,0.1236,12.36,waxing_crescent,0.0,0.1181102362204724,1.2795275590551178
2026-08-09 18:10:10+00:00,1.39,2.69,86.0,S,Chance Showers And Thunderstorms,True,9.0,0.0,KILM,0.1236,12.36,waxing_crescent,0.0,0.1181102362204724,1.2795275590551178
2026-08-09 18:15:10+00:00,1.47,2.69,86.0,S,Chance Showers And Thunderstorms,True,9.0,0.0,KILM,0.1236,12.36,waxing_crescent,0.0,0.1181102362204724,1.2795275590551178
2026-08-09 18:20:10+00:00,1.6,2.69,86.0,S,Chance Showers And Thunderstorms,True,9.0,0.0,KILM,0.1236,12.36,waxing_crescent,0.0,0.1181102362204724,1.2795275590551178
2026-08-09 18:25:10+00:00,1.73,2.69,86.0,S,Chance Showers And Thunderstorms,True,9.0,0.0,KILM,0.1236,12.36,waxing_crescent,0.0,0.1181102362204724,1.2795275590551178
2026-08-09 18:30:10+00:00,1.8,3.816,86.0,S,Chance Showers And Thunderstorms,True,9.0,0.0,KILM,0.1204,12.04,waxing_crescent,0.0,0.1181102362204724,1.2795275590551178
2026-08-09 18:35:10+00:00,1.87,3.816,86.0,S,Chance Showers And Thunderstorms,True,9.0,0.0,KILM,0.1204,12.04,waxing_crescent,0.0,0.1181102362204724,1.2795275590551178
2026-08-09 18:40:10+00:00,1.98,3.816,86.0,S,Chance Showers And Thunderstorms,True,9.0,0.0,KILM,0.1204,12.04,waxing_crescent,0.0,0.1181102362204724,1.2795275590551178
2026-08-09 18:45:10+00:00,2.07,3.816,86.0,S,Chance Showers And Thunderstorms,True,9.0,0.0,KILM,0.1204,12.04,waxing_crescent,0.0,0.1181102362204724,1.2795275590551178
2026-08-09 18:50:10+00:00,2.17,3.816,86.0,S,Chance Showers And Thunderstorms,True,9.0,0.0,KILM,0.1204,12.04,waxing_crescent,0.0,0.1181102362204724,1.2795275590551178
2026-08-09 18:55:10+00:00,2.25,3.816,86.0,S,Chance Showers And Thunderstorms,True,9.0,0.0,KFBG,0.1204,12.04,waxing_crescent,0.0,0.1181102362204724,1.2795275590551178
2026-08-09 19:00:10+00:00,2.35,3.816,86.0,S,Chance Showers And Thunderstorms,True,9.0,0.0,KILM,0.1204,12.04,waxing_crescent,0.0,0.1181102362204724,1.2795275590551178
2026-08-09 19:05:10+00:00,2.43,3.816,86.0,S,Chance Showers And Thunderstorms,True,9.0,0.0,KILM,0.1204,12.04,waxing_crescent,0.0,0.1181102362204724,1.2795275590551178
2026-08-09 19:10:10+00:00,2.5,3.816,86.0,S,Chance Showers And Thunderstorms,True,9.0,0.0,KILM,0.1204,12.04,waxing_crescent,0.0,0.1181102362204724,1.2795275590551178
2026-08-09 19:15:10+00:00,2.59,3.816,86.0,S,Chance Showers And Thunderstorms,True,9.0,0.0,KILM,0.1204,12.04,waxing_crescent,0.0,0.1181102362204724,1.2795275590551178
2026-08-09 19:20:10+00:00,2.69,3.816,86.0,S,Chance Showers And Thunderstorms,True,9.0,0.0,KILM,0.1204,12.04,waxing_crescent,0.0,0.1181102362204724,1.2795275590551178
2026-08-09 19:25:10+00:00,2.76,3.816,86.0,S,Chance Showers And Thunderstorms,True,9.0,0.0,KILM,0.1204,12.04,waxing_crescent,0.0,0.1181102362204724,1.2795275590551178
2026-08-09 19:30:10+00:00,2.83,4.638,87.0,S,Chance Showers And Thunderstorms,True,10.0,0.0,KILM,0.1171,11.71,waxing_crescent,0.0,0.1181102362204724,1.2795275590551178
2026-08-09 19:35:10+00:00,2.92,4.638,87.0,S,Chance Showers And Thunderstorms,True,10.0,0.0,KILM,0.1171,11.71,waxing_crescent,0.0,0.1181102362204724,1.2795275590551178
2026-08-09 19:40:10+00:00,3.01,4.638,87.0,S,Chance Showers And Thunderstorms,True,10.0,0.0,KILM,0.1171,11.71,waxing_crescent,0.0,0.1181102362204724,1.2795275590551178
2026-08-09 19:45:10+00:00,3.1,4.638,87.0,S,Chance Showers And Thunderstorms,True,10.0,0.0,KILM,0.1171,11.71,waxing_crescent,0.0,0.1181102362204724,1.2795275590551178
2026-08-09 19:50:10+00:00,3.19,4.638,87.0,S,Chance Showers And Thunderstorms,True,10.0,0.0,KILM,0.1171,11.71,waxing_crescent,0.0,0.1181102362204724,1.2795275590551178
2026-08-09 19:55:10+00:00,3.29,4.638,87.0,S,Chance Showers And Thunderstorms,True,10.0,0.0,KILM,0.1171,11.71,waxing_crescent,0.0,0.1181102362204724,1.2795275590551178
2026-08-09 20:00:10+00:00,3.38,4.638,87.0,S,Chance Showers And Thunderstorms,True,10.0,0.0,KILM,0.1171,11.71,waxing_crescent,0.0,0.1181102362204724,1.2795275590551178
2026-08-09 20:05:10+00:00,3.43,4.638,87.0,S,Chance Showers And Thunderstorms,True,10.0,0.0,KILM,0.1171,11.71,waxing_crescent,0.0,0.1181102362204724,1.2795275590551178
2026-08-09 20:10:10+00:00,3.51,4.638,87.0,S,Chance Showers And Thunderstorms,True,10.0,0.0,KILM,0.1171,11.71,waxing_crescent,0.0,0.1181102362204724,1.2795275590551178
2026-08-09 20:15:10+00:00,3.58,4.638,87.0,S,Chance Showers And Thunderstorms,True,10.0,0.0,KILM,0.1171,11.71,waxing_crescent,0.0,0.1181102362204724,1.2795275590551178
2026-08-09 20:20:10+00:00,3.65,4.638,87.0,S,Chance Showers And Thunderstorms,True,10.0,0.0,KILM,0.1171,11.71,waxing_crescent,0.0,0.1181102362204724,1.2795275590551178
2026-08-09 20:25:10+00:00,3.75,4.638,87.0,S,Chance Showers And Thunderstorms,True,10.0,0.0,KILM,0.1171,11.71,waxing_crescent,0.0,0.1181102362204724,1.2795275590551178
2026-08-09 20:30:10+00:00,3.8,5.002,86.0,S,Chance Showers And Thunderstorms,True,9.0,0.0,KILM,0.1139,11.39,waxing_crescent,0.0,0.1181102362204724,1.2795275590551178
2026-08-09 20:35:10+00:00,3.87,5.002,86.0,S,Chance Showers And Thunderstorms,True,9.0,0.0,KILM,0.1139,11.39,waxing_crescent,0.0,0.1181102362204724,1.2795275590551178
2026-08-09 20:40:10+00:00,3.92,5.002,86.0,S,Chance Showers And Thunderstorms,True,9.0,0.0,KILM,0.1139,11.39,waxing_crescent,0.0,0.0,1.2795275590551178
2026-08-09 20:45:10+00:00,3.99,5.002,86.0,S,Chance Showers And Thunderstorms,True,9.0,0.0,KILM,0.1139,11.39,waxing_crescent,0.0,0.0,1.2795275590551178
2026-08-09 20:50:10+00:00,4.05,5.002,86.0,S,Chance Showers And Thunderstorms,True,9.0,0.0,KILM,0.1139,11.39,waxing_crescent,0.0,0.0,1.2795275590551178
2026-08-09 20:55:10+00:00,4.1,5.002,86.0,S,Chance Showers And Thunderstorms,True,9.0,0.0,KILM,0.1139,11.39,waxing_crescent,0.0,0.0,1.2795275590551178
2026-08-09 21:00:10+00:00,4.17,5.002,86.0,S,Chance Showers And Thunderstorms,True,9.0,0.0,KILM,0.1139,11.39,waxing_crescent,0.0,0.0,1.2795275590551178
2026-08-09 21:05:10+00:00,4.2,5.002,86.0,S,Chance Showers And Thunderstorms,True,9.0,0.0,KILM,0.1139,11.39,waxing_crescent,0.0,0.0,1.2795275590551178
2026-08-09 21:10:10+00:00,4.23,5.002,86.0,S,Chance Showers And Thunderstorms,True,9.0,0.0,KILM,0.1139,11.39,waxing_crescent,0.0,0.0,1.2795275590551178
2026-08-09 21:15:10+00:00,4.3,5.002,86.0,S,Chance Showers And Thunderstorms,True,9.0,0.0,KMYR,0.1139,11.39,waxing_crescent,0.0,0.0,1.2795275590551178
2026-08-09 21:20:10+00:00,4.33,5.002,86.0,S,Chance Showers And Thunderstorms,True,9.0,0.0,KMYR,0.1139,11.39,waxing_crescent,0.0,0.0,1.2795275590551178
2026-08-09 21:25:10+00:00,4.35,5.002,86.0,S,Chance Showers And Thunderstorms,True,9.0,0.0,KILM,0.1139,11.39,waxing_crescent,0.0,0.0,1.2795275590551178
2026-08-09 21:30:10+00:00,4.38,4.836,85.0,S,Chance Showers And Thunderstorms,False,9.0,0.0,KILM,0.1107,11.07,waxing_crescent,0.0,0.0,1.2795275590551178
2026-08-09 21:35:10+00:00,4.43,4.836,85.0,S,Chance Showers And Thunderstorms,False,9.0,0.0,KILM,0.1107,11.07,waxing_crescent,0.0,0.0,1.2795275590551178
2026-08-09 21:40:10+00:00,4.43,4.836,85.0,S,Chance Showers And Thunderstorms,False,9.0,0.0,KILM,0.1107,11.07,waxing_crescent,0.0,0.0,1.2795275590551178
2026-08-09 21:45:10+00:00,4.45,4.836,85.0,S,Chance Showers And Thunderstorms,False,9.0,0.0,KILM,0.1107,11.07,waxing_crescent,0.0,0.0,1.2795275590551178
2026-08-09 21:50:10+00:00,4.470000000000001,4.836,85.0,S,Chance Showers And Thunderstorms,False,9.0,0.0,KILM,0.1107,11.07,waxing_crescent,0.0,0.0,1.2795275590551178
2026-08-09 21:55:10+00:00,4.46,4.836,85.0,S,Chance Showers And Thunderstorms,False,9.0,0.0,KILM,0.1107,11.07,waxing_crescent,0.0,0.0,1.2795275590551178
2026-08-09 22:00:10+00:00,4.48,4.836,85.0,S,Chance Showers And Thunderstorms,False,9.0,0.0,KILM,0.1107,11.07,waxing_crescent,0.0,0.0,1.2795275590551178
2026-08-09 22:05:10+00:00,4.46,4.836,85.0,S,Chance Showers And Thunderstorms,False,9.0,0.0,KILM,0.1107,11.07,waxing_crescent,0.0,0.0,1.2795275590551178
2026-08-09 22:10:10+00:00,4.470000000000001,4.836,85.0,S,Chance Showers And Thunderstorms,False,9.0,0.0,KILM,0.1107,11.07,waxing_crescent,0.0,0.0,1.2795275590551178
2026-08-09 22:15:10+00:00,4.44,4.836,85.0,S,Chance Showers And Thunderstorms,False,9.0,0.0,KILM,0.1107,11.07,waxing_crescent,0.0,0.0,1.2795275590551178
2026-08-09 22:20:10+00:00,4.41,4.836,85.0,S,Chance Showers And Thunderstorms,False,9.0,0.0,KILM,0.1107,11.07,waxing_crescent,0.0,0.0,1.2795275590551178
2026-08-09 22:25:10+00:00,4.37,4.836,85.0,S,Chance Showers And Thunderstorms,False,9.0,0.0,KILM,0.1107,11.07,waxing_crescent,0.0,0.0,1.2795275590551178
2026-08-09 22:30:10+00:00,4.33,4.205,84.0,S,Chance Showers And Thunderstorms,False,8.0,0.0,KILM,0.1076,10.76,waxing_crescent,0.0,0.0,1.2795275590551178
2026-08-09 22:35:10+00:00,4.3,4.205,84.0,S,Chance Showers And Thunderstorms,False,8.0,0.0,KILM,0.1076,10.76,waxing_crescent,0.0,0.0,1.2795275590551178
2026-08-09 22:40:10+00:00,4.26,4.205,84.0,S,Chance Showers And Thunderstorms,False,8.0,0.0,KILM,0.1076,10.76,waxing_crescent,0.0,0.0,1.2795275590551178
2026-08-09 22:45:10+00:00,4.23,4.205,84.0,S,Chance Showers And Thunderstorms,False,8.0,0.0,KILM,0.1076,10.76,waxing_crescent,0.0,0.0,1.2795275590551178
2026-08-09 22:50:10+00:00,4.17,4.205,84.0,S,Chance Showers And Thunderstorms,False,8.0,0.0,KILM,0.1076,10.76,waxing_crescent,0.0,0.0,1.2795275590551178
2026-08-09 22:55:10+00:00,4.109999999999999,4.205,84.0,S,Chance Showers And Thunderstorms,False,8.0,0.0,KILM,0.1076,10.76,waxing_crescent,0.0,0.0,1.2795275590551178
2026-08-09 23:00:10+00:00,4.04,4.205,84.0,S,Chance Showers And Thunderstorms,False,8.0,0.0,KILM,0.1076,10.76,waxing_crescent,0.0,0.0,1.2795275590551178
2026-08-09 23:05:10+00:00,4.0,4.205,84.0,S,Chance Showers And Thunderstorms,False,8.0,0.0,KILM,0.1076,10.76,waxing_crescent,0.0,0.0,1.2795275590551178
2026-08-09 23:10:10+00:00,3.95,4.205,84.0,S,Chance Showers And Thunderstorms,False,8.0,0.0,KILM,0.1076,10.76,waxing_crescent,0.0,0.0,1.2795275590551178
2026-08-09 23:15:10+00:00,3.9,4.205,84.0,S,Chance Showers And Thunderstorms,False,8.0,0.0,KILM,0.1076,10.76,waxing_crescent,0.0,0.0,1.2795275590551178
2026-08-09 23:20:10+00:00,3.84,4.205,84.0,S,Chance Showers And Thunderstorms,False,8.0,0.0,KILM,0.1076,10.76,waxing_crescent,0.0,0.0,1.2795275590551178
2026-08-09 23:25:10+00:00,3.79,4.205,84.0,S,Chance Showers And Thunderstorms,False,8.0,0.0,KILM,0.1076,10.76,waxing_crescent,0.0,0.0,1.2795275590551178
2026-08-09 23:30:10+00:00,3.72,3.285,82.0,S,Partly Cloudy,False,7.0,0.0,KILM,0.1045,10.45,waxing_crescent,0.0,0.0,1.2795275590551178
2026-08-09 23:35:10+00:00,3.67,3.285,82.0,S,Partly Cloudy,False,7.0,0.0,KILM,0.1045,10.45,waxing_crescent,0.0,0.0,1.2795275590551178
2026-08-09 23:40:10+00:00,3.61,3.285,82.0,S,Partly Cloudy,False,7.0,0.0,KILM,0.1045,10.45,waxing_crescent,0.0,0.0,1.2795275590551178
2026-08-09 23:45:10+00:00,3.55,3.285,82.0,S,Partly Cloudy,False,7.0,0.0,KILM,0.1045,10.45,waxing_crescent,0.0,0.0,1.2795275590551178
2026-08-09 23:50:10+00:00,3.51,3.285,82.0,S,Partly Cloudy,False,7.0,0.0,KILM,0.1045,10.45,waxing_crescent,0.0,0.0,1.2795275590551178
2026-08-09 23:55:10+00:00,3.45,3.285,82.0,S,Partly Cloudy,False,7.0,0.0,KILM,0.1045,10.45,waxing_crescent,0.0,0.0,1.2795275590551178
2026-08-10 00:00:10+00:00,3.37,3.285,82.0,S,Partly Cloudy,False,7.0,0.0,KILM,0.1045,10.45,waxing_crescent,0.0,0.0,1.2795275590551178
2026-08-10 00:05:10+00:00,3.3,3.285,82.0,S,Partly Cloudy,False,7.0,0.0,KILM,0.1045,10.45,waxing_crescent,0.0,0.0,1.2795275590551178
2026-08-10 00:10:10+00:00,3.25,3.285,82.0,S,Partly Cloudy,False,7.0,0.0,KILM,0.1045,10.45,waxing_crescent,0.0,0.0,1.2795275590551178
2026-08-10 00:15:10+00:00,3.19,3.285,82.0,S,Partly Cloudy,False,7.0,0.0,KILM,0.1045,10.45,waxing_crescent,0.0,0.0,1.2795275590551178
2026-08-10 00:20:10+00:00,3.1100000000000003,3.285,82.0,S,Partly Cloudy,False,7.0,0.0,KILM,0.1045,10.45,waxing_crescent,0.0,0.0,1.2795275590551178
2026-08-10 00:25:10+00:00,3.06,3.285,82.0,S,Partly Cloudy,False,7.0,0.0,KILM,0.1045,10.45,waxing_crescent,0.0,0.0,1.2795275590551178
2026-08-10 00:30:10+00:00,2.99,2.257,81.0,S,Partly Cloudy,False,7.0,0.0,KILM,0.1015,10.15,waxing_crescent,0.0,0.0,1.2795275590551178
2026-08-10 00:35:10+00:00,2.93,2.257,81.0,S,Partly Cloudy,False,7.0,0.0,KILM,0.1015,10.15,waxing_crescent,0.0,0.0,1.2795275590551178
2026-08-10 00:40:10+00:00,2.86,2.257,81.0,S,Partly Cloudy,False,7.0,0.0,KILM,0.1015,10.15,waxing_crescent,0.0,0.0,1.2795275590551178
2026-08-10 00:45:10+00:00,2.78,2.257,81.0,S,Partly Cloudy,False,7.0,0.0,KILM,0.1015,10.15,waxing_crescent,0.0,0.0,1.2795275590551178
2026-08-10 00:50:10+00:00,2.7,2.257,81.0,S,Partly Cloudy,False,7.0,0.0,KILM,0.1015,10.15,waxing_crescent,0.0,0.0,1.2795275590551178
2026-08-10 00:55:10+00:00,2.64,2.257,81.0,S,Partly Cloudy,False,7.0,0.0,KILM,0.1015,10.15,waxing_crescent,0.0,0.0,1.2795275590551178
2026-08-10 01:00:10+00:00,2.57,2.257,81.0,S,Partly Cloudy,False,7.0,0.0,KILM,0.1015,10.15,waxing_crescent,0.0,0.0,1.2795275590551178
2026-08-10 01:05:10+00:00,2.5,2.257,81.0,S,Partly Cloudy,False,7.0,0.0,KILM,0.1015,10.15,waxing_crescent,0.0,0.0,1.2795275590551178
2026-08-10 01:10:10+00:00,2.41,2.257,81.0,S,Partly Cloudy,False,7.0,0.0,KILM,0.1015,10.15,waxing_crescent,0.0,0.0,1.2795275590551178
2026-08-10 01:15:10+00:00,2.35,2.257,81.0,S,Partly Cloudy,False,7.0,0.0,KILM,0.1015,10.15,waxing_crescent,0.0,0.0,1.2795275590551178
2026-08-10 01:20:10+00:00,2.28,2.257,81.0,S,Partly Cloudy,False,7.0,0.0,KILM,0.1015,10.15,waxing_crescent,0.0,0.0,1.2795275590551178
2026-08-10 01:25:10+00:00,2.21,2.257,81.0,S,Partly Cloudy,False,7.0,0.0,KILM,0.1015,10.15,waxing_crescent,0.0,0.0,1.2795275590551178
2026-08-10 01:30:10+00:00,2.14,1.287,80.0,SW,Partly Cloudy,False,6.0,0.0,KILM,0.0985,9.85,waxing_crescent,0.0,0.0,1.2795275590551178
2026-08-10 01:35:10+00:00,2.07,1.287,80.0,SW,Partly Cloudy,False,6.0,0.0,KILM,0.0985,9.85,waxing_crescent,0.0,0.0,1.2795275590551178
2026-08-10 01:40:10+00:00,1.99,1.287,80.0,SW,Partly Cloudy,False,6.0,0.0,KILM,0.0985,9.85,waxing_crescent,0.0,0.0,1.2795275590551178
2026-08-10 01:45:10+00:00,1.92,1.287,80.0,SW,Partly Cloudy,False,6.0,0.0,KILM,0.0985,9.85,waxing_crescent,0.0,0.0,1.2795275590551178
2026-08-10 01:50:10+00:00,1.85,1.287,80.0,SW,Partly Cloudy,False,6.0,0.0,KILM,0.0985,9.85,waxing_crescent,0.0,0.0,1.2795275590551178
2026-08-10 01:55:10+00:00,1.77,1.287,80.0,SW,Partly Cloudy,False,6.0,0.0,KFBG,0.0985,9.85,waxing_crescent,0.0,0.0,1.2795275590551178
2026-08-10 02:00:10+00:00,1.7,1.287,80.0,SW,Partly Cloudy,False,6.0,0.0,KMYR,0.0985,9.85,waxing_crescent,0.0,0.0,1.2795275590551178
2026-08-10 02:05:10+00:00,1.61,1.287,80.0,SW,Partly Cloudy,False,6.0,0.0,KMYR,0.0985,9.85,waxing_crescent,0.0,0.0,1.2795275590551178
2026-08-10 02:10:10+00:00,1.54,1.287,80.0,SW,Partly Cloudy,False,6.0,0.0,KMYR,0.0985,9.85,waxing_crescent,0.0,0.0,1.2795275590551178
2026-08-10 02:15:10+00:00,1.46,1.287,80.0,SW,Partly Cloudy,False,6.0,0.0,KMYR,0.0985,9.85,waxing_crescent,0.0,0.0,1.2795275590551178
2026-08-10 02:20:10+00:00,1.38,1.287,80.0,SW,Partly Cloudy,False,6.0,0.0,KMYR,0.0985,9.85,waxing_crescent,0.0,0.0,1.2795275590551178
2026-08-10 02:25:10+00:00,1.3,1.287,80.0,SW,Partly Cloudy,False,6.0,0.0,KMYR,0.0985,9.85,waxing_crescent,0.0,0.0,1.2795275590551178
2026-08-10 02:30:10+00:00,1.22,0.584,80.0,SW,Partly Cloudy,False,6.0,0.0,KMYR,0.0955,9.55,waxing_crescent,0.0,0.0,1.2795275590551178
2026-08-10 02:35:10+00:00,1.15,0.584,80.0,SW,Partly Cloudy,False,6.0,0.0,KMYR,0.0955,9.55,waxing_crescent,0.0,0.0,1.2795275590551178
2026-08-10 02:40:10+00:00,1.0699999999999998,0.584,80.0,SW,Partly Cloudy,False,6.0,0.0,KMYR,0.0955,9.55,waxing_crescent,0.0,0.0,1.2795275590551178
2026-08-10 02:45:10+00:00,1.0,0.584,80.0,SW,Partly Cloudy,False,6.0,0.0,KMYR,0.0955,9.55,waxing_crescent,0.0,0.0,1.2795275590551178
2026-08-10 02:50:10+00:00,0.92,0.584,80.0,SW,Partly Cloudy,False,6.0,0.0,KMYR,0.0955,9.55,waxing_crescent,0.0,0.0,1.2795275590551178
2026-08-10 02:55:10+00:00,0.8500000000000001,0.584,80.0,SW,Partly Cloudy,False,6.0,0.0,KFBG,0.0955,9.55,waxing_crescent,0.0,0.0,1.2795275590551178
2026-08-10 03:00:10+00:00,0.78,0.584,80.0,SW,Partly Cloudy,False,6.0,0.0,KMYR,0.0955,9.55,waxing_crescent,0.0,0.0,1.2795275590551178
2026-08-10 03:05:10+00:00,0.7,0.584,80.0,SW,Partly Cloudy,False,6.0,0.0,KMYR,0.0955,9.55,waxing_crescent,0.0,0.0,1.2795275590551178
2026-08-10 03:10:10+00:00,0.6299999999999999,0.584,80.0,SW,Partly Cloudy,False,6.0,0.0,KMYR,0.0955,9.55,waxing_crescent,0.0,0.0,1.2795275590551178
2026-08-10 03:15:10+00:00,0.54,0.584,80.0,SW,Partly Cloudy,False,6.0,0.0,KMYR,0.0955,9.55,waxing_crescent,0.0,0.0,1.2795275590551178
2026-08-10 03:20:10+00:00,0.47,0.584,80.0,SW,Partly Cloudy,False,6.0,0.0,KMYR,0.0955,9.55,waxing_crescent,0.0,0.0,1.2795275590551178
2026-08-10 03:25:10+00:00,0.3999999999999999,0.584,80.0,SW,Partly Cloudy,False,6.0,0.0,KMYR,0.0955,9.55,waxing_crescent,0.0,0.0,1.2795275590551178
2026-08-10 03:30:10+00:00,0.32,0.371,79.0,SW,Partly Cloudy,False,6.0,0.0,KMYR,0.0926,9.26,waxing_crescent,0.0,0.0,1.2795275590551178
2026-08-10 03:35:10+00:00,0.25,0.371,79.0,SW,Partly Cloudy,False,6.0,0.0,KMYR,0.0926,9.26,waxing_crescent,0.0,0.0,1.2795275590551178
2026-08-10 03:40:10+00:00,0.1699999999999999,0.371,79.0,SW,Partly Cloudy,False,6.0,0.0,KMYR,0.0926,9.26,waxing_crescent,0.0,0.0,1.2795275590551178
2026-08-10 03:45:10+00:00,0.1100000000000001,0.371,79.0,SW,Partly Cloudy,False,6.0,0.0,KMYR,0.0926,9.26,waxing_crescent,0.0,0.0,1.2795275590551178
2026-08-10 03:50:10+00:00,0.06,0.371,79.0,SW,Partly Cloudy,False,6.0,0.0,KMYR,0.0926,9.26,waxing_crescent,0.0,0.0,1.2795275590551178
2026-08-10 03:55:10+00:00,0.02,0.371,79.0,SW,Partly Cloudy,False,6.0,0.0,KFBG,0.0926,9.26,waxing_crescent,0.0,0.0,1.2795275590551178
2026-08-10 05:10:10+00:00,0.04,0.728,79.0,SW,Partly Cloudy,False,6.0,0.0,KMYR,0.0897,8.97,waxing_crescent,0.0,0.0,1.2795275590551178
2026-08-10 05:15:10+00:00,0.09,0.728,79.0,SW,Partly Cloudy,False,6.0,0.0,KMYR,0.0897,8.97,waxing_crescent,0.0,0.0,1.2677165354330706
2026-08-10 05:20:10+00:00,0.1599999999999999,0.728,79.0,SW,Partly Cloudy,False,6.0,0.0,KMYR,0.0897,8.97,waxing_crescent,0.0,0.0,1.2677165354330706
2026-08-10 05:25:10+00:00,0.1999999999999999,0.728,79.0,SW,Partly Cloudy,False,6.0,0.0,KMYR,0.0897,8.97,waxing_crescent,0.0,0.0,1.2677165354330706
2026-08-10 05:30:10+00:00,0.27,1.51,78.0,SW,Slight Chance Showers And Thunderstorms,False,6.0,0.0,KMYR,0.0868,8.68,waxing_crescent,0.0,0.0,1.2677165354330706
2026-08-10 05:35:10+00:00,0.32,1.51,78.0,SW,Slight Chance Showers And Thunderstorms,False,6.0,0.0,KMYR,0.0868,8.68,waxing_crescent,0.0,0.0,1.2677165354330706
2026-08-10 05:40:10+00:00,0.3400000000000001,1.51,78.0,SW,Slight Chance Showers And Thunderstorms,False,6.0,0.0,KMYR,0.0868,8.68,waxing_crescent,0.0,0.0,1.2677165354330706
2026-08-10 05:45:10+00:00,0.3799999999999999,1.51,78.0,SW,Slight Chance Showers And Thunderstorms,False,6.0,0.0,KMYR,0.0868,8.68,waxing_crescent,0.0,0.0,1.2677165354330706
2026-08-10 05:50:10+00:00,0.4399999999999999,1.51,78.0,SW,Slight Chance Showers And Thunderstorms,False,6.0,0.0,KMYR,0.0868,8.68,waxing_crescent,0.0,0.0,1.2559055118110234
2026-08-10 05:55:10+00:00,0.51,1.51,78.0,SW,Slight Chance Showers And Thunderstorms,False,6.0,0.0,KFBG,0.0868,8.68,waxing_crescent,0.0,0.0,1.2559055118110234
2026-08-10 06:00:10+00:00,0.5800000000000001,1.51,78.0,SW,Slight Chance Showers And Thunderstorms,False,6.0,0.0,KMYR,0.0868,8.68,waxing_crescent,0.0,0.0,1.2559055118110234
2026-08-10 06:05:10+00:00,0.6299999999999999,1.51,78.0,SW,Slight Chance Showers And Thunderstorms,False,6.0,0.0,KMYR,0.0868,8.68,waxing_crescent,0.0,0.0,1.2559055118110234
2026-08-10 06:10:10+00:00,0.6699999999999999,1.51,78.0,SW,Slight Chance Showers And Thunderstorms,False,6.0,0.0,KMYR,0.0868,8.68,waxing_crescent,0.0,0.0,1.2559055118110234
2026-08-10 06:15:10+00:00,0.75,1.51,78.0,SW,Slight Chance Showers And Thunderstorms,False,6.0,0.0,KMYR,0.0868,8.68,waxing_crescent,0.0,0.0,1.2559055118110234
2026-08-10 06:20:10+00:00,0.8200000000000001,1.51,78.0,SW,Slight Chance Showers And Thunderstorms,False,6.0,0.0,KMYR,0.0868,8.68,waxing_crescent,0.0,0.0,1.2559055118110234
2026-08-10 06:25:10+00:00,0.8999999999999999,1.51,78.0,SW,Slight Chance Showers And Thunderstorms,False,6.0,0.0,KMYR,0.0868,8.68,waxing_crescent,0.0,0.0,1.2559055118110234
2026-08-10 06:30:10+00:00,0.95,2.445,78.0,SW,Slight Chance Showers And Thunderstorms,False,5.0,0.0,KMYR,0.084,8.4,waxing_crescent,0.0,0.0,1.2559055118110234
2026-08-10 06:35:10+00:00,1.03,2.445,78.0,SW,Slight Chance Showers And Thunderstorms,False,5.0,0.0,KMYR,0.084,8.4,waxing_crescent,0.0,0.0,1.2559055118110234
2026-08-10 06:40:10+00:00,1.09,2.445,78.0,SW,Slight Chance Showers And Thunderstorms,False,5.0,0.0,KMYR,0.084,8.4,waxing_crescent,0.0,0.0,1.2559055118110234
2026-08-10 06:45:10+00:00,1.13,2.445,78.0,SW,Slight Chance Showers And Thunderstorms,False,5.0,0.0,KMYR,0.084,8.4,waxing_crescent,0.0,0.0,1.2559055118110234
2026-08-10 06:50:10+00:00,1.19,2.445,78.0,SW,Slight Chance Showers And Thunderstorms,False,5.0,0.0,KMYR,0.084,8.4,waxing_crescent,0.0,0.0,1.2559055118110234
2026-08-10 06:55:10+00:00,1.26,2.445,78.0,SW,Slight Chance Showers And Thunderstorms,False,5.0,0.0,KFBG,0.084,8.4,waxing_crescent,0.0,0.0,1.2559055118110234
2026-08-10 07:00:10+00:00,1.3199999999999998,2.445,78.0,SW,Slight Chance Showers And Thunderstorms,False,5.0,0.0,KMYR,0.084,8.4,waxing_crescent,0.0,0.0,1.2559055118110234
2026-08-10 07:05:10+00:00,1.38,2.445,78.0,SW,Slight Chance Showers And Thunderstorms,False,5.0,0.0,KMYR,0.084,8.4,waxing_crescent,0.0,0.0,1.2559055118110234
2026-08-10 07:10:10+00:00,1.4300000000000002,2.445,78.0,SW,Slight Chance Showers And Thunderstorms,False,5.0,0.0,KMYR,0.084,8.4,waxing_crescent,0.0,0.0,1.2559055118110234
2026-08-10 07:15:10+00:00,1.48,2.445,78.0,SW,Slight Chance Showers And Thunderstorms,False,5.0,0.0,KMYR,0.084,8.4,waxing_crescent,0.0,0.0,1.2559055118110234
2026-08-10 07:20:10+00:00,1.55,2.445,78.0,SW,Slight Chance Showers And Thunderstorms,False,5.0,0.0,KMYR,0.084,8.4,waxing_crescent,0.0,0.0,1.2559055118110234
2026-08-10 07:25:10+00:00,1.61,2.445,78.0,SW,Slight Chance Showers And Thunderstorms,False,5.0,0.0,KMYR,0.084,8.4,waxing_crescent,0.0,0.0,1.2559055118110234
2026-08-10 07:30:10+00:00,1.64,3.277,77.0,SW,Slight Chance Showers And Thunderstorms,False,5.0,0.0,KMYR,0.0812,8.12,waxing_crescent,0.0,0.0,1.2559055118110234
2026-08-10 07:35:10+00:00,1.69,3.277,77.0,SW,Slight Chance Showers And Thunderstorms,False,5.0,0.0,KMYR,0.0812,8.12,waxing_crescent,0.0,0.0,1.2559055118110234
2026-08-10 07:40:10+00:00,1.77,3.277,77.0,SW,Slight Chance Showers And Thunderstorms,False,5.0,0.0,KMYR,0.0812,8.12,waxing_crescent,0.0,0.0,1.2559055118110234
2026-08-10 07:45:10+00:00,1.83,3.277,77.0,SW,Slight Chance Showers And Thunderstorms,False,5.0,0.0,KMYR,0.0812,8.12,waxing_crescent,0.0,0.0,1.2559055118110234
2026-08-10 07:50:10+00:00,1.89,3.277,77.0,SW,Slight Chance Showers And Thunderstorms,False,5.0,0.0,KMYR,0.0812,8.12,waxing_crescent,0.0,0.0,1.2559055118110234
2026-08-10 07:55:10+00:00,1.96,3.277,77.0,SW,Slight Chance Showers And Thunderstorms,False,5.0,0.0,KFBG,0.0812,8.12,waxing_crescent,0.0,0.0,1.2559055118110234
2026-08-10 08:00:10+00:00,2.03,3.277,77.0,SW,Slight Chance Showers And Thunderstorms,False,5.0,0.0,KMYR,0.0812,8.12,waxing_crescent,0.0,0.0,1.2559055118110234
2026-08-10 08:05:10+00:00,2.1,3.277,77.0,SW,Slight Chance Showers And Thunderstorms,False,5.0,0.0,KMYR,0.0812,8.12,waxing_crescent,0.0,0.0,1.2559055118110234
2026-08-10 08:10:10+00:00,2.17,3.277,77.0,SW,Slight Chance Showers And Thunderstorms,False,5.0,0.0,KMYR,0.0812,8.12,waxing_crescent,0.0,0.0,1.2559055118110234
2026-08-10 08:15:10+00:00,2.23,3.277,77.0,SW,Slight Chance Showers And Thunderstorms,False,5.0,0.0,KMYR,0.0812,8.12,waxing_crescent,0.0,0.0,1.2559055118110234
2026-08-10 08:20:10+00:00,2.3,3.277,77.0,SW,Slight Chance Showers And Thunderstorms,False,5.0,0.0,KMYR,0.0812,8.12,waxing_crescent,0.0,0.0,1.2559055118110234
2026-08-10 08:25:10+00:00,2.36,3.277,77.0,SW,Slight Chance Showers And Thunderstorms,False,5.0,0.0,KMYR,0.0812,8.12,waxing_crescent,0.0,0.0,1.2559055118110234
2026-08-10 08:30:10+00:00,2.42,3.788,76.0,SW,Slight Chance Showers And Thunderstorms,False,5.0,0.0,KMYR,0.0785,7.85,waxing_crescent,0.0,0.0,1.2559055118110234
2026-08-10 08:35:10+00:00,2.48,3.788,76.0,SW,Slight Chance Showers And Thunderstorms,False,5.0,0.0,KMYR,0.0785,7.85,waxing_crescent,0.0,0.0,1.2559055118110234
2026-08-10 08:40:10+00:00,2.54,3.788,76.0,SW,Slight Chance Showers And Thunderstorms,False,5.0,0.0,KMYR,0.0785,7.85,waxing_crescent,0.0,0.0,1.2559055118110234
2026-08-10 08:45:10+00:00,2.59,3.788,76.0,SW,Slight Chance Showers And Thunderstorms,False,5.0,0.0,KMYR,0.0785,7.85,waxing_crescent,0.0,0.0,1.2559055118110234
2026-08-10 08:50:10+00:00,2.67,3.788,76.0,SW,Slight Chance Showers And Thunderstorms,False,5.0,0.0,KMYR,0.0785,7.85,waxing_crescent,0.0,0.0,1.2559055118110234
2026-08-10 08:55:10+00:00,2.73,3.788,76.0,SW,Slight Chance Showers And Thunderstorms,False,5.0,0.0,KFBG,0.0785,7.85,waxing_crescent,0.0,0.0,1.2559055118110234
2026-08-10 09:00:10+00:00,2.78,3.788,76.0,SW,Slight Chance Showers And Thunderstorms,False,5.0,0.0,KMYR,0.0785,7.85,waxing_crescent,0.0,0.0,1.2559055118110234
2026-08-10 09:05:10+00:00,2.83,3.788,76.0,SW,Slight Chance Showers And Thunderstorms,False,5.0,0.0,KMYR,0.0785,7.85,waxing_crescent,0.0,0.0,1.2559055118110234
2026-08-10 09:10:10+00:00,2.89,3.788,76.0,SW,Slight Chance Showers And Thunderstorms,False,5.0,0.0,KMYR,0.0785,7.85,waxing_crescent,0.0,0.0,1.2559055118110234
2026-08-10 09:15:10+00:00,2.94,3.788,76.0,SW,Slight Chance Showers And Thunderstorms,False,5.0,0.0,KMYR,0.0785,7.85,waxing_crescent,0.0,0.0,1.2559055118110234
2026-08-10 09:20:10+00:00,2.98,3.788,76.0,SW,Slight Chance Showers And Thunderstorms,False,5.0,0.0,KMYR,0.0785,7.85,waxing_crescent,0.0,0.0,1.2559055118110234
2026-08-10 09:25:10+00:00,3.03,3.788,76.0,SW,Slight Chance Showers And Thunderstorms,False,5.0,0.0,KMYR,0.0785,7.85,waxing_crescent,0.0,0.0,1.2559055118110234
2026-08-10 09:30:10+00:00,3.08,3.819,77.0,SW,Slight Chance Showers And Thunderstorms,True,5.0,0.0,KMYR,0.0758,7.58,waxing_crescent,0.0,0.0,1.2559055118110234
2026-08-10 09:35:10+00:00,3.12,3.819,77.0,SW,Slight Chance Showers And Thunderstorms,True,5.0,0.0,KMYR,0.0758,7.58,waxing_crescent,0.0,0.0,1.2559055118110234
2026-08-10 09:40:10+00:00,3.17,3.819,77.0,SW,Slight Chance Showers And Thunderstorms,True,5.0,0.0,KMYR,0.0758,7.58,waxing_crescent,0.0,0.0,1.2559055118110234
2026-08-10 09:45:10+00:00,3.2,3.819,77.0,SW,Slight Chance Showers And Thunderstorms,True,5.0,0.0,KMYR,0.0758,7.58,waxing_crescent,0.0,0.0,1.2559055118110234
2026-08-10 09:50:10+00:00,3.23,3.819,77.0,SW,Slight Chance Showers And Thunderstorms,True,5.0,0.0,KMYR,0.0758,7.58,waxing_crescent,0.0,0.0,1.2559055118110234
2026-08-10 09:55:10+00:00,3.25,3.819,77.0,SW,Slight Chance Showers And Thunderstorms,True,5.0,0.0,KFBG,0.0758,7.58,waxing_crescent,0.0,0.0,1.2559055118110234
2026-08-10 10:00:10+00:00,3.29,3.819,77.0,SW,Slight Chance Showers And Thunderstorms,True,5.0,0.0,KMYR,0.0758,7.58,waxing_crescent,0.0,0.0,1.2559055118110234
2026-08-10 10:05:10+00:00,3.29,3.819,77.0,SW,Slight Chance Showers And Thunderstorms,True,5.0,0.0,KMYR,0.0758,7.58,waxing_crescent,0.0,0.0,1.2559055118110234
2026-08-10 10:10:10+00:00,3.31,3.819,77.0,SW,Slight Chance Showers And Thunderstorms,True,5.0,0.0,KMYR,0.0758,7.58,waxing_crescent,0.0,0.0,1.2559055118110234
2026-08-10 10:15:10+00:00,3.3200000000000003,3.819,77.0,SW,Slight Chance Showers And Thunderstorms,True,5.0,0.0,KMYR,0.0758,7.58,waxing_crescent,0.0,0.0,1.2559055118110234
2026-08-10 10:20:10+00:00,3.33,3.819,77.0,SW,Slight Chance Showers And Thunderstorms,True,5.0,0.0,KMYR,0.0758,7.58,waxing_crescent,0.0,0.0,1.2559055118110234
2026-08-10 10:25:10+00:00,3.35,3.819,77.0,SW,Slight Chance Showers And Thunderstorms,True,5.0,0.0,KMYR,0.0758,7.58,waxing_crescent,0.0,0.0,1.2559055118110234
2026-08-10 10:30:10+00:00,3.3600000000000003,3.344,78.0,SW,Slight Chance Showers And Thunderstorms,True,5.0,0.0,KMYR,0.0732,7.32,waxing_crescent,0.0,0.0,1.2559055118110234
2026-08-10 10:35:10+00:00,3.38,3.344,78.0,SW,Slight Chance Showers And Thunderstorms,True,5.0,0.0,KMYR,0.0732,7.32,waxing_crescent,0.0,0.0,1.2559055118110234
2026-08-10 10:40:10+00:00,3.3600000000000003,3.344,78.0,SW,Slight Chance Showers And Thunderstorms,True,5.0,0.0,KMYR,0.0732,7.32,waxing_crescent,0.0,0.0,1.2559055118110234
2026-08-10 10:45:10+00:00,3.35,3.344,78.0,SW,Slight Chance Showers And Thunderstorms,True,5.0,0.0,KMYR,0.0732,7.32,waxing_crescent,0.0,0.0,1.2559055118110234
2026-08-10 10:50:10+00:00,3.34,3.344,78.0,SW,Slight Chance Showers And Thunderstorms,True,5.0,0.0,KMYR,0.0732,7.32,waxing_crescent,0.0,0.0,1.2559055118110234
2026-08-10 10:55:10+00:00,3.31,3.344,78.0,SW,Slight Chance Showers And Thunderstorms,True,5.0,0.0,KFBG,0.0732,7.32,waxing_crescent,0.0,0.0,1.2559055118110234
2026-08-10 11:00:10+00:00,3.26,3.344,78.0,SW,Slight Chance Showers And Thunderstorms,True,5.0,0.0,KMYR,0.0732,7.32,waxing_crescent,0.0,0.0,1.2559055118110234
2026-08-10 11:05:10+00:00,3.21,3.344,78.0,SW,Slight Chance Showers And Thunderstorms,True,5.0,0.0,KMYR,0.0732,7.32,waxing_crescent,0.0,0.0,1.2559055118110234
2026-08-10 11:10:10+00:00,3.19,3.344,78.0,SW,Slight Chance Showers And Thunderstorms,True,5.0,0.0,KMYR,0.0732,7.32,waxing_crescent,0.0,0.0,1.2559055118110234
2026-08-10 11:15:10+00:00,3.16,3.344,78.0,SW,Slight Chance Showers And Thunderstorms,True,5.0,0.0,KMYR,0.0732,7.32,waxing_crescent,0.0,0.0,1.2559055118110234
2026-08-10 11:20:10+00:00,3.1100000000000003,3.344,78.0,SW,Slight Chance Showers And Thunderstorms,True,5.0,0.0,KMYR,0.0732,7.32,waxing_crescent,0.0,0.0,1.2559055118110234
2026-08-10 11:25:10+00:00,3.06,3.344,78.0,SW,Slight Chance Showers And Thunderstorms,True,5.0,0.0,KMYR,0.0732,7.32,waxing_crescent,0.0,0.0,1.2559055118110234
2026-08-10 11:30:10+00:00,2.98,2.513,79.0,SW,Chance Showers And Thunderstorms,True,5.0,0.0,KFBG,0.0706,7.06,waxing_crescent,0.0,0.0,1.2559055118110234
2026-08-10 11:35:10+00:00,2.92,2.513,79.0,SW,Chance Showers And Thunderstorms,True,5.0,0.0,KMYR,0.0706,7.06,waxing_crescent,0.0,0.0,1.2559055118110234
2026-08-10 11:40:10+00:00,2.86,2.513,79.0,SW,Chance Showers And Thunderstorms,True,5.0,0.0,KMYR,0.0706,7.06,waxing_crescent,0.0,0.0,1.2559055118110234
2026-08-10 11:45:10+00:00,2.81,2.513,79.0,SW,Chance Showers And Thunderstorms,True,5.0,0.0,KMYR,0.0706,7.06,waxing_crescent,0.0,0.0,1.2559055118110234
2026-08-10 11:50:10+00:00,2.75,2.513,79.0,SW,Chance Showers And Thunderstorms,True,5.0,0.0,KMYR,0.0706,7.06,waxing_crescent,0.0,0.0,1.2559055118110234
2026-08-10 11:55:10+00:00,2.68,2.513,79.0,SW,Chance Showers And Thunderstorms,True,5.0,0.0,KFBG,0.0706,7.06,waxing_crescent,0.0,0.0,1.2559055118110234
2026-08-10 12:00:10+00:00,2.59,2.513,79.0,SW,Chance Showers And Thunderstorms,True,5.0,0.0,KMYR,0.0706,7.06,waxing_crescent,0.0,0.0,1.2559055118110234
2026-08-10 12:05:10+00:00,2.54,2.513,79.0,SW,Chance Showers And Thunderstorms,True,5.0,0.0,KMYR,0.0706,7.06,waxing_crescent,0.0,0.0,1.2559055118110234
2026-08-10 12:10:10+00:00,2.46,2.513,79.0,SW,Chance Showers And Thunderstorms,True,5.0,0.0,KMYR,0.0706,7.06,waxing_crescent,0.0,0.0,1.2559055118110234
2026-08-10 12:15:10+00:00,2.41,2.513,79.0,SW,Chance Showers And Thunderstorms,True,5.0,0.0,KMYR,0.0706,7.06,waxing_crescent,0.0,0.0,1.2559055118110234
2026-08-10 12:20:10+00:00,2.34,2.513,79.0,SW,Chance Showers And Thunderstorms,True,5.0,0.0,KMYR,0.0706,7.06,waxing_crescent,0.0,0.0,1.2559055118110234
2026-08-10 12:25:10+00:00,2.29,2.513,79.0,SW,Chance Showers And Thunderstorms,True,5.0,0.0,KMYR,0.0706,7.06,waxing_crescent,0.0,0.0,1.2559055118110234
2026-08-10 12:30:10+00:00,2.22,1.552,81.0,SW,Chance Showers And Thunderstorms,True,5.0,0.0,KMYR,0.0681,6.81,waxing_crescent,0.0,0.0,1.2559055118110234
2026-08-10 12:35:10+00:00,2.16,1.552,81.0,SW,Chance Showers And Thunderstorms,True,5.0,0.0,KMYR,0.0681,6.81,waxing_crescent,0.0,0.0,1.2559055118110234
2026-08-10 12:40:10+00:00,2.1,1.552,81.0,SW,Chance Showers And Thunderstorms,True,5.0,0.0,KMYR,0.0681,6.81,waxing_crescent,0.0,0.0,1.2559055118110234
2026-08-10 12:45:10+00:00,2.02,1.552,81.0,SW,Chance Showers And Thunderstorms,True,5.0,0.0,KMYR,0.0681,6.81,waxing_crescent,0.0,0.0,1.2559055118110234
2026-08-10 12:50:10+00:00,1.94,1.552,81.0,SW,Chance Showers And Thunderstorms,True,5.0,0.0,KMYR,0.0681,6.81,waxing_crescent,0.0,0.0,1.2559055118110234
2026-08-10 12:55:10+00:00,1.87,1.552,81.0,SW,Chance Showers And Thunderstorms,True,5.0,0.0,KFBG,0.0681,6.81,waxing_crescent,0.0,0.0,1.2559055118110234
2026-08-10 13:00:10+00:00,1.82,1.552,81.0,SW,Chance Showers And Thunderstorms,True,5.0,0.0,KMYR,0.0681,6.81,waxing_crescent,0.0,0.0,1.2559055118110234
2026-08-10 13:05:10+00:00,1.75,1.552,81.0,SW,Chance Showers And Thunderstorms,True,5.0,0.0,KMYR,0.0681,6.81,waxing_crescent,0.0,0.0,1.2559055118110234
2026-08-10 13:10:10+00:00,1.67,1.552,81.0,SW,Chance Showers And Thunderstorms,True,5.0,0.0,KMYR,0.0681,6.81,waxing_crescent,0.0,0.0,1.2559055118110234
2026-08-10 13:15:10+00:00,1.6,1.552,81.0,SW,Chance Showers And Thunderstorms,True,5.0,0.0,KFBG,0.0681,6.81,waxing_crescent,0.0,0.0,1.2559055118110234
2026-08-10 13:20:10+00:00,1.53,1.552,81.0,SW,Chance Showers And Thunderstorms,True,5.0,0.0,KMYR,0.0681,6.81,waxing_crescent,0.0,0.0,1.2559055118110234
2026-08-10 13:25:10+00:00,1.45,1.552,81.0,SW,Chance Showers And Thunderstorms,True,5.0,0.0,KMYR,0.0681,6.81,waxing_crescent,0.0,0.0,1.2559055118110234
2026-08-10 13:30:10+00:00,1.36,0.666,84.0,SW,Chance Showers And Thunderstorms,True,6.0,0.0,KMYR,0.0655,6.55,waxing_crescent,0.0,0.0,1.2559055118110234
2026-08-10 13:35:10+00:00,1.3199999999999998,0.666,84.0,SW,Chance Showers And Thunderstorms,True,6.0,0.0,KMYR,0.0655,6.55,waxing_crescent,0.0,0.0,1.2559055118110234
2026-08-10 13:40:10+00:00,1.25,0.666,84.0,SW,Chance Showers And Thunderstorms,True,6.0,0.0,KMYR,0.0655,6.55,waxing_crescent,0.0,0.0,1.2559055118110234
2026-08-10 13:45:10+00:00,1.1800000000000002,0.666,84.0,SW,Chance Showers And Thunderstorms,True,6.0,0.0,KMYR,0.0655,6.55,waxing_crescent,0.0,0.0,1.2559055118110234
2026-08-10 13:50:10+00:00,1.09,0.666,84.0,SW,Chance Showers And Thunderstorms,True,6.0,0.0,KMYR,0.0655,6.55,waxing_crescent,0.0,0.0,1.2559055118110234
2026-08-10 13:55:10+00:00,1.02,0.666,84.0,SW,Chance Showers And Thunderstorms,True,6.0,0.0,KFBG,0.0655,6.55,waxing_crescent,0.0,0.0,1.2559055118110234
2026-08-10 14:00:10+00:00,0.95,0.666,84.0,SW,Chance Showers And Thunderstorms,True,6.0,0.0,KMYR,0.0655,6.55,waxing_crescent,0.0,0.0,1.2559055118110234
2026-08-10 14:05:10+00:00,0.8700000000000001,0.666,84.0,SW,Chance Showers And Thunderstorms,True,6.0,0.0,KMYR,0.0655,6.55,waxing_crescent,0.0,0.0,1.2559055118110234
2026-08-10 14:10:10+00:00,0.8,0.666,84.0,SW,Chance Showers And Thunderstorms,True,6.0,0.0,KMYR,0.0655,6.55,waxing_crescent,0.0,0.0,1.2559055118110234
2026-08-10 14:15:10+00:00,0.71,0.666,84.0,SW,Chance Showers And Thunderstorms,True,6.0,0.0,KMYR,0.0655,6.55,waxing_crescent,0.0,0.0,1.2559055118110234
2026-08-10 14:20:10+00:00,0.6499999999999999,0.666,84.0,SW,Chance Showers And Thunderstorms,True,6.0,0.0,KMYR,0.0655,6.55,waxing_crescent,0.0,0.0,1.2559055118110234
2026-08-10 14:25:10+00:00,0.5800000000000001,0.666,84.0,SW,Chance Showers And Thunderstorms,True,6.0,0.0,KMYR,0.0655,6.55,waxing_crescent,0.0,0.0,1.2559055118110234
2026-08-10 14:30:10+00:00,0.47,0.056,86.0,SW,Chance Showers And Thunderstorms,True,7.0,0.0,KMYR,0.0631,6.31,waxing_crescent,0.0,0.0,1.2559055118110234
2026-08-10 14:35:10+00:00,0.4099999999999999,0.056,86.0,SW,Chance Showers And Thunderstorms,True,7.0,0.0,KMYR,0.0631,6.31,waxing_crescent,0.0,0.0,1.2559055118110234
2026-08-10 14:40:10+00:00,0.31,0.056,86.0,SW,Chance Showers And Thunderstorms,True,7.0,0.0,KMYR,0.0631,6.31,waxing_crescent,0.0,0.0,1.2559055118110234
2026-08-10 14:45:10+00:00,0.2199999999999999,0.056,86.0,SW,Chance Showers And Thunderstorms,True,7.0,0.0,KMYR,0.0631,6.31,waxing_crescent,0.0,0.0,1.2559055118110234
2026-08-10 14:50:10+00:00,0.1499999999999999,0.056,86.0,SW,Chance Showers And Thunderstorms,True,7.0,0.0,KMYR,0.0631,6.31,waxing_crescent,0.0,0.0,1.2559055118110234
2026-08-10 14:55:10+00:00,0.07,0.056,86.0,SW,Chance Showers And Thunderstorms,True,7.0,0.0,KFBG,0.0631,6.31,waxing_crescent,0.0,0.0,1.2559055118110234
2026-08-10 15:00:10+00:00,0.0,0.056,86.0,SW,Chance Showers And Thunderstorms,True,7.0,0.0,KMYR,0.0631,6.31,waxing_crescent,0.0,0.0,1.2559055118110234
2026-08-10 17:30:10+00:00,0.01,1.433,88.0,SW,Chance Showers And Thunderstorms,True,10.0,0.0,KMYR,0.0559,5.59,waxing_crescent,0.0,0.0,1.2559055118110234
2026-08-10 17:35:10+00:00,0.1200000000000001,1.433,88.0,SW,Chance Showers And Thunderstorms,True,10.0,0.0,KMYR,0.0559,5.59,waxing_crescent,0.0,0.0,1.2559055118110234
2026-08-10 17:40:10+00:00,0.2199999999999999,1.433,88.0,SW,Chance Showers And Thunderstorms,True,10.0,0.0,KILM,0.0559,5.59,waxing_crescent,0.0,0.0,1.2559055118110234
2026-08-10 17:45:10+00:00,0.31,1.433,88.0,SW,Chance Showers And Thunderstorms,True,10.0,0.0,KILM,0.0559,5.59,waxing_crescent,0.0,0.0,1.2559055118110234
2026-08-10 17:50:10+00:00,0.3899999999999999,1.433,88.0,SW,Chance Showers And Thunderstorms,True,10.0,0.0,KILM,0.0559,5.59,waxing_crescent,0.0,0.0,1.2559055118110234
2026-08-10 17:55:10+00:00,0.47,1.433,88.0,SW,Chance Showers And Thunderstorms,True,10.0,0.0,KILM,0.0559,5.59,waxing_crescent,0.0,0.0,1.2559055118110234
2026-08-10 18:00:10+00:00,0.53,1.433,88.0,SW,Chance Showers And Thunderstorms,True,10.0,0.0,KILM,0.0559,5.59,waxing_crescent,0.0,0.0,1.2559055118110234
2026-08-10 18:05:10+00:00,0.6100000000000001,1.433,88.0,SW,Chance Showers And Thunderstorms,True,10.0,0.0,KILM,0.0559,5.59,waxing_crescent,0.0,0.0,1.2559055118110234
2026-08-10 18:10:10+00:00,0.6799999999999999,1.433,88.0,SW,Chance Showers And Thunderstorms,True,10.0,0.0,KILM,0.0559,5.59,waxing_crescent,0.0,0.0,1.2559055118110234
2026-08-10 18:15:10+00:00,0.74,1.433,88.0,SW,Chance Showers And Thunderstorms,True,10.0,0.0,KILM,0.0559,5.59,waxing_crescent,0.0,0.0,1.2559055118110234
2026-08-10 18:20:10+00:00,0.8200000000000001,1.433,88.0,SW,Chance Showers And Thunderstorms,True,10.0,0.0,KILM,0.0559,5.59,waxing_crescent,0.0,0.0,1.2559055118110234
2026-08-10 18:25:10+00:00,0.8700000000000001,1.433,88.0,SW,Chance Showers And Thunderstorms,True,10.0,0.0,KILM,0.0559,5.59,waxing_crescent,0.0,0.0,1.2559055118110234
2026-08-10 18:30:10+00:00,0.8999999999999999,2.69,89.0,SW,Chance Showers And Thunderstorms,True,10.0,0.0,KILM,0.0537,5.37,waxing_crescent,0.0,0.0,1.2559055118110234
2026-08-10 18:35:10+00:00,0.94,2.69,89.0,SW,Chance Showers And Thunderstorms,True,10.0,0.0,KILM,0.0537,5.37,waxing_crescent,0.0,0.0,1.2559055118110234
2026-08-10 18:40:10+00:00,1.01,2.69,89.0,SW,Chance Showers And Thunderstorms,True,10.0,0.0,KILM,0.0537,5.37,waxing_crescent,0.0,0.0,1.2559055118110234
2026-08-10 18:45:10+00:00,1.08,2.69,89.0,SW,Chance Showers And Thunderstorms,True,10.0,0.0,KILM,0.0537,5.37,waxing_crescent,0.0,0.0,1.2559055118110234
2026-08-10 18:50:10+00:00,1.13,2.69,89.0,SW,Chance Showers And Thunderstorms,True,10.0,0.0,KILM,0.0537,5.37,waxing_crescent,0.0,0.0,1.2559055118110234
