timestamp,value,parameter,code
2026-07-23 13:25:10,1.84,gauge_height_ft,00065
2026-07-23 13:30:10,1.92,gauge_height_ft,00065
2026-07-23 13:35:10,1.99,gauge_height_ft,00065
2026-07-23 13:40:10,2.07,gauge_height_ft,00065
2026-07-23 13:45:10,2.15,gauge_height_ft,00065
2026-07-23 13:50:10,2.21,gauge_height_ft,00065
2026-07-23 13:55:10,2.2800000000000002,gauge_height_ft,00065
2026-07-23 14:00:10,2.35,gauge_height_ft,00065
2026-07-23 14:05:10,2.4,gauge_height_ft,00065
2026-07-23 14:10:10,2.48,gauge_height_ft,00065
2026-07-23 14:15:10,2.54,gauge_height_ft,00065
2026-07-23 14:20:10,2.6,gauge_height_ft,00065
2026-07-23 14:25:10,2.65,gauge_height_ft,00065
2026-07-23 14:30:10,2.7199999999999998,gauge_height_ft,00065
2026-07-23 14:35:10,2.7800000000000002,gauge_height_ft,00065
2026-07-23 14:40:10,2.83,gauge_height_ft,00065
2026-07-23 14:45:10,2.89,gauge_height_ft,00065
2026-07-23 14:50:10,2.94,gauge_height_ft,00065
2026-07-23 14:55:10,3.0,gauge_height_ft,00065
2026-07-23 15:00:10,3.01,gauge_height_ft,00065
2026-07-23 15:05:10,3.1100000000000003,gauge_height_ft,00065
2026-07-23 15:10:10,3.1799999999999997,gauge_height_ft,00065
2026-07-23 15:15:10,3.2199999999999998,gauge_height_ft,00065
2026-07-23 15:20:10,3.3,gauge_height_ft,00065
2026-07-23 15:25:10,3.34,gauge_height_ft,00065
2026-07-23 15:30:10,3.3899999999999997,gauge_height_ft,00065
2026-07-23 15:35:10,3.4299999999999997,gauge_height_ft,00065
2026-07-23 15:40:10,3.49,gauge_height_ft,00065
2026-07-23 15:45:10,3.51,gauge_height_ft,00065
2026-07-23 15:50:10,3.54,gauge_height_ft,00065
2026-07-23 15:55:10,3.55,gauge_height_ft,00065
2026-07-23 16:00:10,3.58,gauge_height_ft,00065
2026-07-23 16:05:10,3.62,gauge_height_ft,00065
2026-07-23 16:10:10,3.63,gauge_height_ft,00065
2026-07-23 16:15:10,3.6399999999999997,gauge_height_ft,00065
2026-07-23 16:20:10,3.62,gauge_height_ft,00065
2026-07-23 16:25:10,3.6399999999999997,gauge_height_ft,00065
2026-07-23 16:30:10,3.67,gauge_height_ft,00065
2026-07-23 16:35:10,3.69,gauge_height_ft,00065
2026-07-23 16:40:10,3.69,gauge_height_ft,00065
2026-07-23 16:45:10,3.7,gauge_height_ft,00065
2026-07-23 16:50:10,3.69,gauge_height_ft,00065
2026-07-23 16:55:10,3.7,gauge_height_ft,00065
2026-07-23 17:00:10,3.67,gauge_height_ft,00065
2026-07-23 17:05:10,3.65,gauge_height_ft,00065
2026-07-23 17:10:10,3.63,gauge_height_ft,00065
2026-07-23 17:15:10,3.58,gauge_height_ft,00065
2026-07-23 17:20:10,3.55,gauge_height_ft,00065
2026-07-23 17:25:10,3.52,gauge_height_ft,00065
2026-07-23 17:30:10,3.4699999999999998,gauge_height_ft,00065
2026-07-23 17:35:10,3.44,gauge_height_ft,00065
2026-07-23 17:40:10,3.3899999999999997,gauge_height_ft,00065
2026-07-23 17:45:10,3.3600000000000003,gauge_height_ft,00065
2026-07-23 17:50:10,3.27,gauge_height_ft,00065
2026-07-23 17:55:10,3.2199999999999998,gauge_height_ft,00065
2026-07-23 18:00:10,3.1799999999999997,gauge_height_ft,00065
2026-07-23 18:05:10,3.12,gauge_height_ft,00065
2026-07-23 18:10:10,3.08,gauge_height_ft,00065
2026-07-23 18:15:10,3.0300000000000002,gauge_height_ft,00065
2026-07-23 18:20:10,2.96,gauge_height_ft,00065
2026-07-23 18:25:10,2.93,gauge_height_ft,00065
2026-07-23 18:30:10,2.87,gauge_height_ft,00065
2026-07-23 18:35:10,2.82,gauge_height_ft,00065
2026-07-23 18:40:10,2.79,gauge_height_ft,00065
2026-07-23 18:45:10,2.73,gauge_height_ft,00065
2026-07-23 18:50:10,2.68,gauge_height_ft,00065
2026-07-23 18:55:10,2.62,gauge_height_ft,00065
2026-07-23 19:00:10,2.59,gauge_height_ft,00065
2026-07-23 19:05:10,2.5300000000000002,gauge_height_ft,00065
2026-07-23 19:10:10,2.49,gauge_height_ft,00065
2026-07-23 19:15:10,2.43,gauge_height_ft,00065
2026-07-23 19:20:10,2.37,gauge_height_ft,00065
2026-07-23 19:25:10,2.32,gauge_height_ft,00065
2026-07-23 19:30:10,2.27,gauge_height_ft,00065
2026-07-23 19:35:10,2.22,gauge_height_ft,00065
2026-07-23 19:40:10,2.18,gauge_height_ft,00065
2026-07-23 19:45:10,2.14,gauge_height_ft,00065
2026-07-23 19:50:10,2.08,gauge_height_ft,00065
2026-07-23 19:55:10,2.03,gauge_height_ft,00065
2026-07-23 20:00:10,1.96,gauge_height_ft,00065
2026-07-23 20:05:10,1.9,gauge_height_ft,00065
2026-07-23 20:10:10,1.85,gauge_height_ft,00065
2026-07-23 20:15:10,1.79,gauge_height_ft,00065
2026-07-23 20:20:10,1.74,gauge_height_ft,00065
2026-07-23 20:25:10,1.7,gauge_height_ft,00065
2026-07-23 20:30:10,1.6400000000000001,gauge_height_ft,00065
2026-07-23 20:35:10,1.58,gauge_height_ft,00065
2026-07-23 20:40:10,1.54,gauge_height_ft,00065
2026-07-23 20:45:10,1.48,gauge_height_ft,00065
2026-07-23 20:50:10,1.4300000000000002,gauge_height_ft,00065
2026-07-23 20:55:10,1.4,gauge_height_ft,00065
2026-07-23 21:00:10,1.3599999999999999,gauge_height_ft,00065
2026-07-23 21:05:10,1.3,gauge_height_ft,00065
2026-07-23 21:10:10,1.25,gauge_height_ft,00065
2026-07-23 21:15:10,1.21,gauge_height_ft,00065
2026-07-23 21:20:10,1.17,gauge_height_ft,00065
2026-07-23 21:25:10,1.13,gauge_height_ft,00065
2026-07-23 21:30:10,1.0899999999999999,gauge_height_ft,00065
2026-07-23 21:35:10,1.05,gauge_height_ft,00065
2026-07-23 21:40:10,1.0,gauge_height_ft,00065
2026-07-23 21:45:10,0.98,gauge_height_ft,00065
2026-07-23 21:50:10,0.94,gauge_height_ft,00065
2026-07-23 21:55:10,0.9099999999999999,gauge_height_ft,00065
2026-07-23 22:00:10,0.8899999999999999,gauge_height_ft,00065
2026-07-23 22:05:10,0.8400000000000001,gauge_height_ft,00065
2026-07-23 22:10:10,0.8300000000000001,gauge_height_ft,00065
2026-07-23 22:15:10,0.81,gauge_height_ft,00065
2026-07-23 22:20:10,0.81,gauge_height_ft,00065
2026-07-23 22:25:10,0.78,gauge_height_ft,00065
2026-07-23 22:30:10,0.76,gauge_height_ft,00065
2026-07-23 22:35:10,0.72,gauge_height_ft,00065
2026-07-23 22:40:10,0.69,gauge_height_ft,00065
2026-07-23 22:45:10,0.69,gauge_height_ft,00065
2026-07-23 22:50:10,0.6799999999999999,gauge_height_ft,00065
2026-07-23 22:55:10,0.6699999999999999,gauge_height_ft,00065
2026-07-23 23:00:10,0.69,gauge_height_ft,00065
2026-07-23 23:05:10,0.69,gauge_height_ft,00065
2026-07-23 23:10:10,0.73,gauge_height_ft,00065
2026-07-23 23:15:10,0.77,gauge_height_ft,00065
2026-07-23 23:20:10,0.79,gauge_height_ft,00065
2026-07-23 23:25:10,0.8,gauge_height_ft,00065
2026-07-23 23:30:10,0.8,gauge_height_ft,00065
2026-07-23 23:35:10,0.8200000000000001,gauge_height_ft,00065
2026-07-23 23:40:10,0.8799999999999999,gauge_height_ft,00065
2026-07-23 23:45:10,0.9299999999999999,gauge_height_ft,00065
2026-07-23 23:50:10,0.99,gauge_height_ft,00065
2026-07-23 23:55:10,1.01,gauge_height_ft,00065
2026-07-24 00:00:10,1.04,gauge_height_ft,00065
2026-07-24 00:05:10,1.05,gauge_height_ft,00065
2026-07-24 00:10:10,1.0899999999999999,gauge_height_ft,00065
2026-07-24 00:15:10,1.1099999999999999,gauge_height_ft,00065
2026-07-24 00:20:10,1.1600000000000001,gauge_height_ft,00065
2026-07-24 00:25:10,1.23,gauge_height_ft,00065
2026-07-24 00:30:10,1.27,gauge_height_ft,00065
2026-07-24 00:35:10,1.29,gauge_height_ft,00065
2026-07-24 00:40:10,1.3199999999999998,gauge_height_ft,00065
2026-07-24 00:45:10,1.3399999999999999,gauge_height_ft,00065
2026-07-24 00:50:10,1.37,gauge_height_ft,00065
2026-07-24 00:55:10,1.42,gauge_height_ft,00065
2026-07-24 01:00:10,1.45,gauge_height_ft,00065
2026-07-24 01:05:10,1.5,gauge_height_ft,00065
2026-07-24 01:10:10,1.53,gauge_height_ft,00065
2026-07-24 01:15:10,1.57,gauge_height_ft,00065
2026-07-24 01:20:10,1.6,gauge_height_ft,00065
2026-07-24 01:25:10,1.6400000000000001,gauge_height_ft,00065
2026-07-24 01:30:10,1.7,gauge_height_ft,00065
2026-07-24 01:35:10,1.75,gauge_height_ft,00065
2026-07-24 01:40:10,1.8,gauge_height_ft,00065
2026-07-24 01:45:10,1.8599999999999999,gauge_height_ft,00065
2026-07-24 01:50:10,1.9,gauge_height_ft,00065
2026-07-24 01:55:10,1.96,gauge_height_ft,00065
2026-07-24 02:00:10,2.02,gauge_height_ft,00065
2026-07-24 02:05:10,2.06,gauge_height_ft,00065
2026-07-24 02:10:10,2.12,gauge_height_ft,00065
2026-07-24 02:15:10,2.19,gauge_height_ft,00065
2026-07-24 02:20:10,2.26,gauge_height_ft,00065
2026-07-24 02:25:10,2.32,gauge_height_ft,00065
2026-07-24 02:30:10,2.37,gauge_height_ft,00065
2026-07-24 02:35:10,2.42,gauge_height_ft,00065
2026-07-24 02:40:10,2.4699999999999998,gauge_height_ft,00065
2026-07-24 02:45:10,2.51,gauge_height_ft,00065
2026-07-24 02:50:10,2.57,gauge_height_ft,00065
2026-07-24 02:55:10,2.62,gauge_height_ft,00065
2026-07-24 03:00:10,2.67,gauge_height_ft,00065
2026-07-24 03:05:10,2.71,gauge_height_ft,00065
2026-07-24 03:10:10,2.74,gauge_height_ft,00065
2026-07-24 03:15:10,2.79,gauge_height_ft,00065
2026-07-24 03:20:10,2.84,gauge_height_ft,00065
2026-07-24 03:25:10,2.87,gauge_height_ft,00065
2026-07-24 03:30:10,2.92,gauge_height_ft,00065
2026-07-24 03:35:10,2.95,gauge_height_ft,00065
2026-07-24 03:40:10,2.98,gauge_height_ft,00065
2026-07-24 03:45:10,3.02,gauge_height_ft,00065
2026-07-24 03:50:10,3.05,gauge_height_ft,00065
2026-07-24 03:55:10,3.08,gauge_height_ft,00065
2026-07-24 04:00:10,3.1,gauge_height_ft,00065
2026-07-24 04:05:10,3.12,gauge_height_ft,00065
2026-07-24 04:10:10,3.13,gauge_height_ft,00065
2026-07-24 04:15:10,3.16,gauge_height_ft,00065
2026-07-24 04:20:10,3.17,gauge_height_ft,00065
2026-07-24 04:25:10,3.17,gauge_height_ft,00065
2026-07-24 04:30:10,3.17,gauge_height_ft,00065
2026-07-24 04:35:10,3.1799999999999997,gauge_height_ft,00065
2026-07-24 04:40:10,3.19,gauge_height_ft,00065
2026-07-24 04:45:10,3.19,gauge_height_ft,00065
2026-07-24 04:50:10,3.17,gauge_height_ft,00065
2026-07-24 04:55:10,3.17,gauge_height_ft,00065
2026-07-24 05:00:10,3.16,gauge_height_ft,00065
2026-07-24 05:05:10,3.1399999999999997,gauge_height_ft,00065
2026-07-24 05:10:10,3.1,gauge_height_ft,00065
2026-07-24 05:15:10,3.06,gauge_height_ft,00065
2026-07-24 05:20:10,3.04,gauge_height_ft,00065
2026-07-24 05:25:10,3.01,gauge_height_ft,00065
2026-07-24 05:30:10,2.98,gauge_height_ft,00065
2026-07-24 05:35:10,2.92,gauge_height_ft,00065
2026-07-24 05:40:10,2.85,gauge_height_ft,00065
2026-07-24 05:45:10,2.8,gauge_height_ft,00065
2026-07-24 05:50:10,2.74,gauge_height_ft,00065
2026-07-24 05:55:10,2.69,gauge_height_ft,00065
2026-07-24 06:00:10,2.65,gauge_height_ft,00065
2026-07-24 06:05:10,2.59,gauge_height_ft,00065
2026-07-24 06:10:10,2.56,gauge_height_ft,00065
2026-07-24 06:15:10,2.52,gauge_height_ft,00065
2026-07-24 06:20:10,2.48,gauge_height_ft,00065
2026-07-24 06:25:10,2.43,gauge_height_ft,00065
2026-07-24 06:30:10,2.37,gauge_height_ft,00065
2026-07-24 06:35:10,2.35,gauge_height_ft,00065
2026-07-24 06:40:10,2.3,gauge_height_ft,00065
2026-07-24 06:45:10,2.27,gauge_height_ft,00065
2026-07-24 06:50:10,2.23,gauge_height_ft,00065
2026-07-24 06:55:10,2.2,gauge_height_ft,00065
2026-07-24 07:00:10,2.15,gauge_height_ft,00065
2026-07-24 07:05:10,2.11,gauge_height_ft,00065
2026-07-24 07:10:10,2.07,gauge_height_ft,00065
2026-07-24 07:15:10,2.01,gauge_height_ft,00065
2026-07-24 07:20:10,1.97,gauge_height_ft,00065
2026-07-24 07:25:10,1.93,gauge_height_ft,00065
2026-07-24 07:30:10,1.87,gauge_height_ft,00065
2026-07-24 07:35:10,1.81,gauge_height_ft,00065
2026-07-24 07:40:10,1.78,gauge_height_ft,00065
2026-07-24 07:45:10,1.73,gauge_height_ft,00065
2026-07-24 07:50:10,1.69,gauge_height_ft,00065
2026-07-24 07:55:10,1.62,gauge_height_ft,00065
2026-07-24 08:00:10,1.56,gauge_height_ft,00065
2026-07-24 08:05:10,1.5,gauge_height_ft,00065
2026-07-24 08:10:10,1.45,gauge_height_ft,00065
2026-07-24 08:15:10,1.3900000000000001,gauge_height_ft,00065
2026-07-24 08:20:10,1.3399999999999999,gauge_height_ft,00065
2026-07-24 08:25:10,1.29,gauge_height_ft,00065
2026-07-24 08:30:10,1.23,gauge_height_ft,00065
2026-07-24 08:35:10,1.1800000000000002,gauge_height_ft,00065
2026-07-24 08:40:10,1.12,gauge_height_ft,00065
2026-07-24 08:45:10,1.08,gauge_height_ft,00065
2026-07-24 08:50:10,1.03,gauge_height_ft,00065
2026-07-24 08:55:10,1.0,gauge_height_ft,00065
2026-07-24 09:00:10,0.95,gauge_height_ft,00065
2026-07-24 09:05:10,0.8999999999999999,gauge_height_ft,00065
2026-07-24 09:10:10,0.8700000000000001,gauge_height_ft,00065
2026-07-24 09:15:10,0.8200000000000001,gauge_height_ft,00065
2026-07-24 09:20:10,0.78,gauge_height_ft,00065
2026-07-24 09:25:10,0.76,gauge_height_ft,00065
2026-07-24 09:30:10,0.74,gauge_height_ft,00065
2026-07-24 09:35:10,0.71,gauge_height_ft,00065
2026-07-24 09:40:10,0.6699999999999999,gauge_height_ft,00065
2026-07-24 09:45:10,0.6399999999999999,gauge_height_ft,00065
2026-07-24 09:50:10,0.6299999999999999,gauge_height_ft,00065
2026-07-24 09:55:10,0.6200000000000001,gauge_height_ft,00065
2026-07-24 10:00:10,0.6000000000000001,gauge_height_ft,00065
2026-07-24 10:05:10,0.5900000000000001,gauge_height_ft,00065
2026-07-24 10:10:10,0.5700000000000001,gauge_height_ft,00065
2026-07-24 10:15:10,0.54,gauge_height_ft,00065
2026-07-24 10:20:10,0.54,gauge_height_ft,00065
2026-07-24 10:25:10,0.49,gauge_height_ft,00065
2026-07-24 10:30:10,0.42999999999999994,gauge_height_ft,00065
2026-07-24 10:35:10,0.41999999999999993,gauge_height_ft,00065
2026-07-24 10:40:10,0.43999999999999995,gauge_height_ft,00065
2026-07-24 10:45:10,0.45999999999999996,gauge_height_ft,00065
2026-07-24 10:50:10,0.42999999999999994,gauge_height_ft,00065
2026-07-24 10:55:10,0.3799999999999999,gauge_height_ft,00065
2026-07-24 11:00:10,0.3899999999999999,gauge_height_ft,00065
2026-07-24 11:05:10,0.45999999999999996,gauge_height_ft,00065
2026-07-24 11:10:10,0.47,gauge_height_ft,00065
2026-07-24 11:15:10,0.45999999999999996,gauge_height_ft,00065
2026-07-24 11:20:10,0.44999999999999996,gauge_height_ft,00065
2026-07-24 11:25:10,0.42999999999999994,gauge_height_ft,00065
2026-07-24 11:30:10,0.43999999999999995,gauge_height_ft,00065
2026-07-24 11:35:10,0.45999999999999996,gauge_height_ft,00065
2026-07-24 11:40:10,0.54,gauge_height_ft,00065
2026-07-24 11:45:10,0.5700000000000001,gauge_height_ft,00065
2026-07-24 11:50:10,0.5800000000000001,gauge_height_ft,00065
2026-07-24 11:55:10,0.6200000000000001,gauge_height_ft,00065
2026-07-24 12:00:10,0.6599999999999999,gauge_height_ft,00065
2026-07-24 12:05:10,0.73,gauge_height_ft,00065
2026-07-24 12:10:10,0.75,gauge_height_ft,00065
2026-07-24 12:15:10,0.78,gauge_height_ft,00065
2026-07-24 12:20:10,0.8600000000000001,gauge_height_ft,00065
2026-07-24 12:25:10,0.9099999999999999,gauge_height_ft,00065
2026-07-24 12:30:10,0.9199999999999999,gauge_height_ft,00065
2026-07-24 12:35:10,0.95,gauge_height_ft,00065
2026-07-24 12:40:10,1.02,gauge_height_ft,00065
2026-07-24 12:45:10,1.05,gauge_height_ft,00065
2026-07-24 12:50:10,1.15,gauge_height_ft,00065
2026-07-24 12:55:10,1.22,gauge_height_ft,00065
2026-07-24 13:00:10,1.27,gauge_height_ft,00065
2026-07-24 13:05:10,1.33,gauge_height_ft,00065
2026-07-24 13:10:10,1.37,gauge_height_ft,00065
2026-07-24 13:15:10,1.4300000000000002,gauge_height_ft,00065
2026-07-24 13:20:10,1.51,gauge_height_ft,00065
2026-07-24 13:25:10,1.56,gauge_height_ft,00065
2026-07-24 13:35:10,1.75,gauge_height_ft,00065
2026-07-24 13:45:10,1.95,gauge_height_ft,00065
2026-07-24 13:50:10,2.01,gauge_height_ft,00065
2026-07-24 13:55:10,2.11,gauge_height_ft,00065
2026-07-24 14:00:10,2.17,gauge_height_ft,00065
2026-07-24 14:05:10,2.23,gauge_height_ft,00065
2026-07-24 14:10:10,2.27,gauge_height_ft,00065
2026-07-24 14:15:10,2.36,gauge_height_ft,00065
2026-07-24 14:20:10,2.42,gauge_height_ft,00065
2026-07-24 14:25:10,2.45,gauge_height_ft,00065
2026-07-24 14:30:10,2.52,gauge_height_ft,00065
2026-07-24 14:35:10,2.56,gauge_height_ft,00065
2026-07-24 14:40:10,2.68,gauge_height_ft,00065
2026-07-24 14:45:10,2.8,gauge_height_ft,00065
2026-07-24 14:50:10,2.89,gauge_height_ft,00065
2026-07-24 14:55:10,2.9699999999999998,gauge_height_ft,00065
2026-07-24 15:00:10,3.02,gauge_height_ft,00065
2026-07-24 15:05:10,3.1,gauge_height_ft,00065
2026-07-24 15:10:10,3.16,gauge_height_ft,00065
2026-07-24 15:15:10,3.2,gauge_height_ft,00065
2026-07-24 15:20:10,3.24,gauge_height_ft,00065
2026-07-24 15:25:10,3.31,gauge_height_ft,00065
2026-07-24 15:30:10,3.35,gauge_height_ft,00065
2026-07-24 15:35:10,3.41,gauge_height_ft,00065
2026-07-24 15:40:10,3.45,gauge_height_ft,00065
2026-07-24 15:45:10,3.5,gauge_height_ft,00065
2026-07-24 15:50:10,3.5300000000000002,gauge_height_ft,00065
2026-07-24 15:55:10,3.55,gauge_height_ft,00065
2026-07-24 16:00:10,3.58,gauge_height_ft,00065
2026-07-24 16:05:10,3.65,gauge_height_ft,00065
2026-07-24 16:10:10,3.67,gauge_height_ft,00065
2026-07-24 16:15:10,3.71,gauge_height_ft,00065
2026-07-24 16:20:10,3.76,gauge_height_ft,00065
2026-07-24 16:25:10,3.7800000000000002,gauge_height_ft,00065
2026-07-24 16:30:10,3.81,gauge_height_ft,00065
2026-07-24 16:35:10,3.84,gauge_height_ft,00065
2026-07-24 16:40:10,3.88,gauge_height_ft,00065
2026-07-24 16:45:10,3.92,gauge_height_ft,00065
2026-07-24 16:50:10,3.96,gauge_height_ft,00065
2026-07-24 16:55:10,3.98,gauge_height_ft,00065
2026-07-24 17:00:10,4.0,gauge_height_ft,00065
2026-07-24 17:05:10,4.029999999999999,gauge_height_ft,00065
2026-07-24 17:10:10,4.0600000000000005,gauge_height_ft,00065
2026-07-24 17:15:10,4.09,gauge_height_ft,00065
2026-07-24 17:20:10,4.1,gauge_height_ft,00065
2026-07-24 17:25:10,4.12,gauge_height_ft,00065
2026-07-24 17:30:10,4.13,gauge_height_ft,00065
2026-07-24 17:35:10,4.12,gauge_height_ft,00065
2026-07-24 17:40:10,4.08,gauge_height_ft,00065
2026-07-24 17:45:10,4.04,gauge_height_ft,00065
2026-07-24 17:50:10,4.0,gauge_height_ft,00065
2026-07-24 17:55:10,3.9699999999999998,gauge_height_ft,00065
2026-07-24 18:00:10,3.9299999999999997,gauge_height_ft,00065
2026-07-24 18:05:10,3.87,gauge_height_ft,00065
2026-07-24 18:10:10,3.8200000000000003,gauge_height_ft,00065
2026-07-24 18:15:10,3.7800000000000002,gauge_height_ft,00065
2026-07-24 18:20:10,3.76,gauge_height_ft,00065
2026-07-24 18:25:10,3.73,gauge_height_ft,00065
2026-07-24 18:30:10,3.6799999999999997,gauge_height_ft,00065
2026-07-24 18:35:10,3.6399999999999997,gauge_height_ft,00065
2026-07-24 18:40:10,3.59,gauge_height_ft,00065
2026-07-24 18:45:10,3.59,gauge_height_ft,00065
2026-07-24 18:50:10,3.54,gauge_height_ft,00065
2026-07-24 18:55:10,3.49,gauge_height_ft,00065
2026-07-24 19:00:10,3.4299999999999997,gauge_height_ft,00065
2026-07-24 19:05:10,3.3899999999999997,gauge_height_ft,00065
2026-07-24 19:10:10,3.34,gauge_height_ft,00065
2026-07-24 19:15:10,3.31,gauge_height_ft,00065
2026-07-24 19:20:10,3.25,gauge_height_ft,00065
2026-07-24 19:25:10,3.21,gauge_height_ft,00065
2026-07-24 19:30:10,3.17,gauge_height_ft,00065
2026-07-24 19:35:10,3.1100000000000003,gauge_height_ft,00065
2026-07-24 19:40:10,3.06,gauge_height_ft,00065
2026-07-24 19:45:10,3.0,gauge_height_ft,00065
2026-07-24 19:50:10,2.95,gauge_height_ft,00065
2026-07-24 19:55:10,2.9,gauge_height_ft,00065
2026-07-24 20:00:10,2.86,gauge_height_ft,00065
2026-07-24 20:05:10,2.83,gauge_height_ft,00065
2026-07-24 20:10:10,2.79,gauge_height_ft,00065
2026-07-24 20:15:10,2.73,gauge_height_ft,00065
2026-07-24 20:20:10,2.65,gauge_height_ft,00065
2026-07-24 20:25:10,2.58,gauge_height_ft,00065
2026-07-24 20:30:10,2.5300000000000002,gauge_height_ft,00065
2026-07-24 20:35:10,2.46,gauge_height_ft,00065
2026-07-24 20:40:10,2.41,gauge_height_ft,00065
2026-07-24 20:45:10,2.37,gauge_height_ft,00065
2026-07-24 20:50:10,2.32,gauge_height_ft,00065
2026-07-24 20:55:10,2.27,gauge_height_ft,00065
2026-07-24 21:00:10,2.21,gauge_height_ft,00065
2026-07-24 21:05:10,2.14,gauge_height_ft,00065
2026-07-24 21:10:10,2.08,gauge_height_ft,00065
2026-07-24 21:15:10,2.02,gauge_height_ft,00065
2026-07-24 21:20:10,1.98,gauge_height_ft,00065
2026-07-24 21:25:10,1.94,gauge_height_ft,00065
2026-07-24 21:30:10,1.9,gauge_height_ft,00065
2026-07-24 21:35:10,1.85,gauge_height_ft,00065
2026-07-24 21:40:10,1.8,gauge_height_ft,00065
2026-07-24 21:45:10,1.75,gauge_height_ft,00065
2026-07-24 21:50:10,1.71,gauge_height_ft,00065
2026-07-24 21:55:10,1.66,gauge_height_ft,00065
2026-07-24 22:00:10,1.6,gauge_height_ft,00065
2026-07-24 22:05:10,1.57,gauge_height_ft,00065
2026-07-24 22:10:10,1.52,gauge_height_ft,00065
2026-07-24 22:15:10,1.49,gauge_height_ft,00065
2026-07-24 22:20:10,1.46,gauge_height_ft,00065
2026-07-24 22:25:10,1.4100000000000001,gauge_height_ft,00065
2026-07-24 22:30:10,1.37,gauge_height_ft,00065
2026-07-24 22:35:10,1.3199999999999998,gauge_height_ft,00065
2026-07-24 22:40:10,1.27,gauge_height_ft,00065
2026-07-24 22:45:10,1.22,gauge_height_ft,00065
2026-07-24 22:50:10,1.19,gauge_height_ft,00065
2026-07-24 22:55:10,1.15,gauge_height_ft,00065
2026-07-24 23:00:10,1.1099999999999999,gauge_height_ft,00065
2026-07-24 23:05:10,1.06,gauge_height_ft,00065
2026-07-24 23:10:10,1.03,gauge_height_ft,00065
2026-07-24 23:15:10,1.01,gauge_height_ft,00065
2026-07-24 23:20:10,0.99,gauge_height_ft,00065
2026-07-24 23:25:10,0.95,gauge_height_ft,00065
2026-07-24 23:30:10,0.8999999999999999,gauge_height_ft,00065
2026-07-24 23:35:10,0.8799999999999999,gauge_height_ft,00065
2026-07-24 23:40:10,0.8600000000000001,gauge_height_ft,00065
2026-07-24 23:45:10,0.8700000000000001,gauge_height_ft,00065
2026-07-24 23:50:10,0.8899999999999999,gauge_height_ft,00065
2026-07-24 23:55:10,0.8999999999999999,gauge_height_ft,00065
2026-07-25 00:00:10,0.9199999999999999,gauge_height_ft,00065
2026-07-25 00:05:10,0.9299999999999999,gauge_height_ft,00065
2026-07-25 00:10:10,0.94,gauge_height_ft,00065
2026-07-25 00:15:10,0.97,gauge_height_ft,00065
2026-07-25 00:20:10,1.02,gauge_height_ft,00065
2026-07-25 00:25:10,1.0699999999999998,gauge_height_ft,00065
2026-07-25 00:30:10,1.1099999999999999,gauge_height_ft,00065
2026-07-25 00:35:10,1.1800000000000002,gauge_height_ft,00065
2026-07-25 00:40:10,1.23,gauge_height_ft,00065
2026-07-25 00:45:10,1.28,gauge_height_ft,00065
2026-07-25 00:50:10,1.3199999999999998,gauge_height_ft,00065
2026-07-25 00:55:10,1.37,gauge_height_ft,00065
2026-07-25 01:00:10,1.4100000000000001,gauge_height_ft,00065
2026-07-25 01:05:10,1.46,gauge_height_ft,00065
2026-07-25 01:10:10,1.49,gauge_height_ft,00065
2026-07-25 01:15:10,1.52,gauge_height_ft,00065
2026-07-25 01:20:10,1.57,gauge_height_ft,00065
2026-07-25 01:25:10,1.59,gauge_height_ft,00065
2026-07-25 01:30:10,1.6099999999999999,gauge_height_ft,00065
2026-07-25 01:35:10,1.62,gauge_height_ft,00065
2026-07-25 01:40:10,1.63,gauge_height_ft,00065
2026-07-25 01:45:10,1.6400000000000001,gauge_height_ft,00065
2026-07-25 01:50:10,1.67,gauge_height_ft,00065
2026-07-25 01:55:10,1.72,gauge_height_ft,00065
2026-07-25 02:00:10,1.75,gauge_height_ft,00065
2026-07-25 02:05:10,1.78,gauge_height_ft,00065
2026-07-25 02:10:10,1.83,gauge_height_ft,00065
2026-07-25 02:15:10,1.88,gauge_height_ft,00065
2026-07-25 02:20:10,1.93,gauge_height_ft,00065
2026-07-25 02:25:10,1.97,gauge_height_ft,00065
2026-07-25 02:30:10,2.02,gauge_height_ft,00065
2026-07-25 02:35:10,2.09,gauge_height_ft,00065
2026-07-25 02:40:10,2.15,gauge_height_ft,00065
2026-07-25 02:45:10,2.18,gauge_height_ft,00065
2026-07-25 02:50:10,2.23,gauge_height_ft,00065
2026-07-25 02:55:10,2.27,gauge_height_ft,00065
2026-07-25 03:00:10,2.32,gauge_height_ft,00065
2026-07-25 03:05:10,2.35,gauge_height_ft,00065
2026-07-25 03:10:10,2.39,gauge_height_ft,00065
2026-07-25 03:15:10,2.44,gauge_height_ft,00065
2026-07-25 03:20:10,2.49,gauge_height_ft,00065
2026-07-25 03:25:10,2.5300000000000002,gauge_height_ft,00065
2026-07-25 03:30:10,2.57,gauge_height_ft,00065
2026-07-25 03:35:10,2.61,gauge_height_ft,00065
2026-07-25 03:40:10,2.65,gauge_height_ft,00065
2026-07-25 03:45:10,2.7,gauge_height_ft,00065
2026-07-25 03:50:10,2.76,gauge_height_ft,00065
2026-07-25 03:55:10,2.8,gauge_height_ft,00065
2026-07-25 04:00:10,2.84,gauge_height_ft,00065
2026-07-25 04:05:10,2.89,gauge_height_ft,00065
2026-07-25 04:10:10,2.95,gauge_height_ft,00065
2026-07-25 04:15:10,3.01,gauge_height_ft,00065
2026-07-25 04:20:10,3.06,gauge_height_ft,00065
2026-07-25 04:25:10,3.1,gauge_height_ft,00065
2026-07-25 04:30:10,3.15,gauge_height_ft,00065
2026-07-25 04:35:10,3.19,gauge_height_ft,00065
2026-07-25 04:40:10,3.23,gauge_height_ft,00065
2026-07-25 04:45:10,3.27,gauge_height_ft,00065
2026-07-25 04:50:10,3.31,gauge_height_ft,00065
2026-07-25 04:55:10,3.34,gauge_height_ft,00065
2026-07-25 05:00:10,3.3600000000000003,gauge_height_ft,00065
2026-07-25 05:05:10,3.38,gauge_height_ft,00065
2026-07-25 05:10:10,3.4,gauge_height_ft,00065
2026-07-25 05:15:10,3.42,gauge_height_ft,00065
2026-07-25 05:20:10,3.4299999999999997,gauge_height_ft,00065
2026-07-25 05:25:10,3.4299999999999997,gauge_height_ft,00065
2026-07-25 05:30:10,3.42,gauge_height_ft,00065
2026-07-25 05:35:10,3.42,gauge_height_ft,00065
2026-07-25 05:40:10,3.4,gauge_height_ft,00065
2026-07-25 05:45:10,3.38,gauge_height_ft,00065
2026-07-25 05:50:10,3.3600000000000003,gauge_height_ft,00065
2026-07-25 05:55:10,3.34,gauge_height_ft,00065
2026-07-25 06:00:10,3.29,gauge_height_ft,00065
2026-07-25 06:05:10,3.27,gauge_height_ft,00065
2026-07-25 06:10:10,3.24,gauge_height_ft,00065
2026-07-25 06:15:10,3.2199999999999998,gauge_height_ft,00065
2026-07-25 06:20:10,3.19,gauge_height_ft,00065
2026-07-25 06:25:10,3.15,gauge_height_ft,00065
2026-07-25 06:30:10,3.1100000000000003,gauge_height_ft,00065
2026-07-25 06:35:10,3.08,gauge_height_ft,00065
2026-07-25 06:40:10,3.04,gauge_height_ft,00065
2026-07-25 06:45:10,3.01,gauge_height_ft,00065
2026-07-25 06:50:10,2.98,gauge_height_ft,00065
2026-07-25 06:55:10,2.94,gauge_height_ft,00065
2026-07-25 07:00:10,2.9,gauge_height_ft,00065
2026-07-25 07:05:10,2.87,gauge_height_ft,00065
2026-07-25 07:10:10,2.84,gauge_height_ft,00065
2026-07-25 07:15:10,2.81,gauge_height_ft,00065
2026-07-25 07:20:10,2.77,gauge_height_ft,00065
2026-07-25 07:25:10,2.73,gauge_height_ft,00065
2026-07-25 07:30:10,2.68,gauge_height_ft,00065
2026-07-25 07:35:10,2.63,gauge_height_ft,00065
2026-07-25 07:40:10,2.57,gauge_height_ft,00065
2026-07-25 07:45:10,2.5300000000000002,gauge_height_ft,00065
2026-07-25 07:50:10,2.4699999999999998,gauge_height_ft,00065
2026-07-25 07:55:10,2.43,gauge_height_ft,00065
2026-07-25 08:00:10,2.38,gauge_height_ft,00065
2026-07-25 08:05:10,2.32,gauge_height_ft,00065
2026-07-25 08:10:10,2.27,gauge_height_ft,00065
2026-07-25 08:15:10,2.21,gauge_height_ft,00065
2026-07-25 08:20:10,2.16,gauge_height_ft,00065
2026-07-25 08:25:10,2.12,gauge_height_ft,00065
2026-07-25 08:30:10,2.07,gauge_height_ft,00065
2026-07-25 08:35:10,2.01,gauge_height_ft,00065
2026-07-25 08:40:10,1.97,gauge_height_ft,00065
2026-07-25 08:45:10,1.92,gauge_height_ft,00065
2026-07-25 08:50:10,1.87,gauge_height_ft,00065
2026-07-25 08:55:10,1.82,gauge_height_ft,00065
2026-07-25 09:00:10,1.75,gauge_height_ft,00065
2026-07-25 09:05:10,1.71,gauge_height_ft,00065
2026-07-25 09:10:10,1.67,gauge_height_ft,00065
2026-07-25 09:15:10,1.62,gauge_height_ft,00065
2026-07-25 09:20:10,1.56,gauge_height_ft,00065
2026-07-25 09:25:10,1.5,gauge_height_ft,00065
2026-07-25 09:30:10,1.47,gauge_height_ft,00065
2026-07-25 09:35:10,1.4300000000000002,gauge_height_ft,00065
2026-07-25 09:40:10,1.4,gauge_height_ft,00065
2026-07-25 09:45:10,1.33,gauge_height_ft,00065
2026-07-25 09:50:10,1.25,gauge_height_ft,00065
2026-07-25 09:55:10,1.27,gauge_height_ft,00065
2026-07-25 10:00:10,1.23,gauge_height_ft,00065
2026-07-25 10:05:10,1.1800000000000002,gauge_height_ft,00065
2026-07-25 10:10:10,1.15,gauge_height_ft,00065
2026-07-25 10:15:10,1.17,gauge_height_ft,00065
2026-07-25 10:20:10,1.12,gauge_height_ft,00065
2026-07-25 10:25:10,1.05,gauge_height_ft,00065
2026-07-25 10:30:10,0.97,gauge_height_ft,00065
2026-07-25 10:35:10,0.9099999999999999,gauge_height_ft,00065
2026-07-25 10:40:10,0.8600000000000001,gauge_height_ft,00065
2026-07-25 10:45:10,0.8200000000000001,gauge_height_ft,00065
2026-07-25 10:50:10,0.79,gauge_height_ft,00065
2026-07-25 10:55:10,0.74,gauge_height_ft,00065
2026-07-25 11:00:10,0.7,gauge_height_ft,00065
2026-07-25 11:05:10,0.69,gauge_height_ft,00065
2026-07-25 11:10:10,0.6499999999999999,gauge_height_ft,00065
2026-07-25 11:15:10,0.6499999999999999,gauge_height_ft,00065
2026-07-25 11:20:10,0.6299999999999999,gauge_height_ft,00065
2026-07-25 11:25:10,0.6100000000000001,gauge_height_ft,00065
2026-07-25 11:30:10,0.6200000000000001,gauge_height_ft,00065
2026-07-25 11:35:10,0.6100000000000001,gauge_height_ft,00065
2026-07-25 11:40:10,0.6100000000000001,gauge_height_ft,00065
2026-07-25 11:45:10,0.55,gauge_height_ft,00065
2026-07-25 11:50:10,0.51,gauge_height_ft,00065
2026-07-25 11:55:10,0.6100000000000001,gauge_height_ft,00065
2026-07-25 12:00:10,0.6399999999999999,gauge_height_ft,00065
2026-07-25 12:05:10,0.6599999999999999,gauge_height_ft,00065
2026-07-25 12:10:10,0.69,gauge_height_ft,00065
2026-07-25 12:15:10,0.69,gauge_height_ft,00065
2026-07-25 12:20:10,0.6599999999999999,gauge_height_ft,00065
2026-07-25 12:25:10,0.6699999999999999,gauge_height_ft,00065
2026-07-25 12:30:10,0.75,gauge_height_ft,00065
2026-07-25 12:35:10,0.79,gauge_height_ft,00065
2026-07-25 12:40:10,0.8300000000000001,gauge_height_ft,00065
2026-07-25 12:45:10,0.75,gauge_height_ft,00065
2026-07-25 12:50:10,0.71,gauge_height_ft,00065
2026-07-25 12:55:10,0.78,gauge_height_ft,00065
2026-07-25 13:00:10,0.8500000000000001,gauge_height_ft,00065
2026-07-25 13:05:10,0.94,gauge_height_ft,00065
2026-07-25 13:10:10,0.97,gauge_height_ft,00065
2026-07-25 13:15:10,1.01,gauge_height_ft,00065
2026-07-25 13:20:10,1.1,gauge_height_ft,00065
2026-07-25 13:25:10,1.1800000000000002,gauge_height_ft,00065
2026-07-25 13:30:10,1.26,gauge_height_ft,00065
2026-07-25 13:35:10,1.3399999999999999,gauge_height_ft,00065
2026-07-25 13:40:10,1.4,gauge_height_ft,00065
2026-07-25 13:45:10,1.49,gauge_height_ft,00065
2026-07-25 13:50:10,1.58,gauge_height_ft,00065
2026-07-25 13:55:10,1.65,gauge_height_ft,00065
2026-07-25 14:00:10,1.71,gauge_height_ft,00065
2026-07-25 14:05:10,1.73,gauge_height_ft,00065
2026-07-25 14:10:10,1.77,gauge_height_ft,00065
2026-07-25 14:15:10,1.82,gauge_height_ft,00065
2026-07-25 14:20:10,1.9,gauge_height_ft,00065
2026-07-25 14:25:10,1.96,gauge_height_ft,00065
2026-07-25 14:30:10,1.98,gauge_height_ft,00065
2026-07-25 14:35:10,2.03,gauge_height_ft,00065
2026-07-25 14:40:10,2.11,gauge_height_ft,00065
2026-07-25 14:45:10,2.23,gauge_height_ft,00065
2026-07-25 14:50:10,2.31,gauge_height_ft,00065
2026-07-25 14:55:10,2.3,gauge_height_ft,00065
2026-07-25 15:00:10,2.2800000000000002,gauge_height_ft,00065
2026-07-25 15:05:10,2.3,gauge_height_ft,00065
2026-07-25 15:10:10,2.42,gauge_height_ft,00065
2026-07-25 15:15:10,2.5300000000000002,gauge_height_ft,00065
2026-07-25 15:20:10,2.58,gauge_height_ft,00065
2026-07-25 15:25:10,2.6,gauge_height_ft,00065
2026-07-25 15:30:10,2.68,gauge_height_ft,00065
2026-07-25 15:35:10,2.77,gauge_height_ft,00065
2026-07-25 15:40:10,2.86,gauge_height_ft,00065
2026-07-25 15:45:10,2.93,gauge_height_ft,00065
2026-07-25 15:50:10,2.99,gauge_height_ft,00065
2026-07-25 15:55:10,3.0700000000000003,gauge_height_ft,00065
2026-07-25 16:00:10,3.1399999999999997,gauge_height_ft,00065
2026-07-25 16:05:10,3.2199999999999998,gauge_height_ft,00065
2026-07-25 16:10:10,3.29,gauge_height_ft,00065
2026-07-25 16:15:10,3.37,gauge_height_ft,00065
2026-07-25 16:20:10,3.44,gauge_height_ft,00065
2026-07-25 16:25:10,3.49,gauge_height_ft,00065
2026-07-25 16:30:10,3.56,gauge_height_ft,00065
2026-07-25 16:35:10,3.62,gauge_height_ft,00065
2026-07-25 16:40:10,3.69,gauge_height_ft,00065
2026-07-25 16:45:10,3.76,gauge_height_ft,00065
2026-07-25 16:50:10,3.81,gauge_height_ft,00065
2026-07-25 16:55:10,3.87,gauge_height_ft,00065
2026-07-25 17:00:10,3.9299999999999997,gauge_height_ft,00065
2026-07-25 17:05:10,3.98,gauge_height_ft,00065
2026-07-25 17:10:10,4.029999999999999,gauge_height_ft,00065
2026-07-25 17:15:10,4.08,gauge_height_ft,00065
2026-07-25 17:20:10,4.140000000000001,gauge_height_ft,00065
2026-07-25 17:25:10,4.18,gauge_height_ft,00065
2026-07-25 17:30:10,4.220000000000001,gauge_height_ft,00065
2026-07-25 17:35:10,4.24,gauge_height_ft,00065
2026-07-25 17:40:10,4.279999999999999,gauge_height_ft,00065
2026-07-25 17:45:10,4.3100000000000005,gauge_height_ft,00065
2026-07-25 17:50:10,4.3,gauge_height_ft,00065
2026-07-25 17:55:10,4.34,gauge_height_ft,00065
2026-07-25 18:00:10,4.38,gauge_height_ft,00065
2026-07-25 18:05:10,4.4,gauge_height_ft,00065
2026-07-25 18:10:10,4.390000000000001,gauge_height_ft,00065
2026-07-25 18:15:10,4.38,gauge_height_ft,00065
2026-07-25 18:20:10,4.359999999999999,gauge_height_ft,00065
2026-07-25 18:25:10,4.33,gauge_height_ft,00065
2026-07-25 18:30:10,4.32,gauge_height_ft,00065
2026-07-25 18:35:10,4.3,gauge_height_ft,00065
2026-07-25 18:40:10,4.27,gauge_height_ft,00065
2026-07-25 18:45:10,4.26,gauge_height_ft,00065
2026-07-25 18:50:10,4.24,gauge_height_ft,00065
2026-07-25 18:55:10,4.2,gauge_height_ft,00065
2026-07-25 19:00:10,4.16,gauge_height_ft,00065
2026-07-25 19:05:10,4.13,gauge_height_ft,00065
2026-07-25 19:10:10,4.109999999999999,gauge_height_ft,00065
2026-07-25 19:15:10,4.1,gauge_height_ft,00065
2026-07-25 19:20:10,4.07,gauge_height_ft,00065
2026-07-25 19:25:10,4.02,gauge_height_ft,00065
2026-07-25 19:30:10,3.98,gauge_height_ft,00065
2026-07-25 19:35:10,3.94,gauge_height_ft,00065
2026-07-25 19:40:10,3.88,gauge_height_ft,00065
2026-07-25 19:45:10,3.8200000000000003,gauge_height_ft,00065
2026-07-25 19:50:10,3.77,gauge_height_ft,00065
2026-07-25 19:55:10,3.74,gauge_height_ft,00065
2026-07-25 20:00:10,3.7,gauge_height_ft,00065
2026-07-25 20:05:10,3.65,gauge_height_ft,00065
2026-07-25 20:10:10,3.6100000000000003,gauge_height_ft,00065
2026-07-25 20:15:10,3.5700000000000003,gauge_height_ft,00065
2026-07-25 20:20:10,3.54,gauge_height_ft,00065
2026-07-25 20:25:10,3.5,gauge_height_ft,00065
2026-07-25 20:30:10,3.46,gauge_height_ft,00065
2026-07-25 20:35:10,3.3899999999999997,gauge_height_ft,00065
2026-07-25 20:40:10,3.33,gauge_height_ft,00065
2026-07-25 20:45:10,3.27,gauge_height_ft,00065
2026-07-25 20:50:10,3.21,gauge_height_ft,00065
2026-07-25 20:55:10,3.16,gauge_height_ft,00065
2026-07-25 21:00:10,3.09,gauge_height_ft,00065
2026-07-25 21:05:10,3.0300000000000002,gauge_height_ft,00065
2026-07-25 21:10:10,2.98,gauge_height_ft,00065
2026-07-25 21:15:10,2.91,gauge_height_ft,00065
2026-07-25 21:20:10,2.83,gauge_height_ft,00065
2026-07-25 21:25:10,2.74,gauge_height_ft,00065
2026-07-25 21:30:10,2.67,gauge_height_ft,00065
2026-07-25 21:35:10,2.62,gauge_height_ft,00065
2026-07-25 21:40:10,2.57,gauge_height_ft,00065
2026-07-25 21:45:10,2.51,gauge_height_ft,00065
2026-07-25 21:50:10,2.44,gauge_height_ft,00065
2026-07-25 21:55:10,2.38,gauge_height_ft,00065
2026-07-25 22:00:10,2.31,gauge_height_ft,00065
2026-07-25 22:05:10,2.23,gauge_height_ft,00065
2026-07-25 22:10:10,2.17,gauge_height_ft,00065
2026-07-25 22:15:10,2.11,gauge_height_ft,00065
2026-07-25 22:20:10,2.05,gauge_height_ft,00065
2026-07-25 22:25:10,2.0,gauge_height_ft,00065
2026-07-25 22:30:10,1.94,gauge_height_ft,00065
2026-07-25 22:35:10,1.89,gauge_height_ft,00065
2026-07-25 22:40:10,1.81,gauge_height_ft,00065
2026-07-25 22:45:10,1.76,gauge_height_ft,00065
2026-07-25 22:50:10,1.71,gauge_height_ft,00065
2026-07-25 22:55:10,1.65,gauge_height_ft,00065
2026-07-25 23:00:10,1.59,gauge_height_ft,00065
2026-07-25 23:05:10,1.53,gauge_height_ft,00065
2026-07-25 23:10:10,1.48,gauge_height_ft,00065
2026-07-25 23:15:10,1.44,gauge_height_ft,00065
2026-07-25 23:20:10,1.4300000000000002,gauge_height_ft,00065
2026-07-25 23:25:10,1.4,gauge_height_ft,00065
2026-07-25 23:30:10,1.35,gauge_height_ft,00065
2026-07-25 23:35:10,1.3199999999999998,gauge_height_ft,00065
2026-07-25 23:40:10,1.3,gauge_height_ft,00065
2026-07-25 23:45:10,1.26,gauge_height_ft,00065
2026-07-25 23:50:10,1.24,gauge_height_ft,00065
2026-07-25 23:55:10,1.23,gauge_height_ft,00065
2026-07-26 00:00:10,1.21,gauge_height_ft,00065
2026-07-26 00:05:10,1.2,gauge_height_ft,00065
2026-07-26 00:10:10,1.19,gauge_height_ft,00065
2026-07-26 00:15:10,1.21,gauge_height_ft,00065
2026-07-26 00:20:10,1.23,gauge_height_ft,00065
2026-07-26 00:25:10,1.26,gauge_height_ft,00065
2026-07-26 00:30:10,1.26,gauge_height_ft,00065
2026-07-26 00:35:10,1.26,gauge_height_ft,00065
2026-07-26 00:40:10,1.24,gauge_height_ft,00065
2026-07-26 00:45:10,1.26,gauge_height_ft,00065
2026-07-26 00:50:10,1.27,gauge_height_ft,00065
2026-07-26 00:55:10,1.28,gauge_height_ft,00065
2026-07-26 01:00:10,1.27,gauge_height_ft,00065
2026-07-26 01:05:10,1.28,gauge_height_ft,00065
2026-07-26 01:10:10,1.28,gauge_height_ft,00065
2026-07-26 01:15:10,1.3,gauge_height_ft,00065
2026-07-26 01:20:10,1.3199999999999998,gauge_height_ft,00065
2026-07-26 01:25:10,1.3399999999999999,gauge_height_ft,00065
2026-07-26 01:30:10,1.3399999999999999,gauge_height_ft,00065
2026-07-26 01:35:10,1.3599999999999999,gauge_height_ft,00065
2026-07-26 01:40:10,1.35,gauge_height_ft,00065
2026-07-26 01:45:10,1.38,gauge_height_ft,00065
2026-07-26 01:50:10,1.4100000000000001,gauge_height_ft,00065
2026-07-26 01:55:10,1.45,gauge_height_ft,00065
2026-07-26 02:00:10,1.49,gauge_height_ft,00065
2026-07-26 02:05:10,1.55,gauge_height_ft,00065
2026-07-26 02:10:10,1.6,gauge_height_ft,00065
2026-07-26 02:15:10,1.63,gauge_height_ft,00065
2026-07-26 02:20:10,1.68,gauge_height_ft,00065
2026-07-26 02:25:10,1.74,gauge_height_ft,00065
2026-07-26 02:30:10,1.79,gauge_height_ft,00065
2026-07-26 02:35:10,1.84,gauge_height_ft,00065
2026-07-26 02:40:10,1.89,gauge_height_ft,00065
2026-07-26 02:45:10,1.94,gauge_height_ft,00065
2026-07-26 02:50:10,1.98,gauge_height_ft,00065
2026-07-26 02:55:10,2.02,gauge_height_ft,00065
2026-07-26 03:00:10,2.07,gauge_height_ft,00065
2026-07-26 03:05:10,2.11,gauge_height_ft,00065
2026-07-26 03:10:10,2.15,gauge_height_ft,00065
2026-07-26 03:15:10,2.19,gauge_height_ft,00065
2026-07-26 03:20:10,2.22,gauge_height_ft,00065
2026-07-26 03:25:10,2.25,gauge_height_ft,00065
2026-07-26 03:30:10,2.3,gauge_height_ft,00065
2026-07-26 03:35:10,2.35,gauge_height_ft,00065
2026-07-26 03:40:10,2.4,gauge_height_ft,00065
2026-07-26 03:45:10,2.45,gauge_height_ft,00065
2026-07-26 03:50:10,2.51,gauge_height_ft,00065
2026-07-26 03:55:10,2.57,gauge_height_ft,00065
2026-07-26 04:00:10,2.63,gauge_height_ft,00065
2026-07-26 04:05:10,2.69,gauge_height_ft,00065
2026-07-26 04:10:10,2.75,gauge_height_ft,00065
2026-07-26 04:15:10,2.8,gauge_height_ft,00065
2026-07-26 04:20:10,2.87,gauge_height_ft,00065
2026-07-26 04:25:10,2.93,gauge_height_ft,00065
2026-07-26 04:30:10,2.95,gauge_height_ft,00065
2026-07-26 04:35:10,3.01,gauge_height_ft,00065
2026-07-26 04:40:10,3.08,gauge_height_ft,00065
2026-07-26 04:45:10,3.1100000000000003,gauge_height_ft,00065
2026-07-26 04:50:10,3.15,gauge_height_ft,00065
2026-07-26 04:55:10,3.19,gauge_height_ft,00065
2026-07-26 05:00:10,3.24,gauge_height_ft,00065
2026-07-26 05:05:10,3.27,gauge_height_ft,00065
2026-07-26 05:10:10,3.29,gauge_height_ft,00065
2026-07-26 05:15:10,3.34,gauge_height_ft,00065
2026-07-26 05:20:10,3.3600000000000003,gauge_height_ft,00065
2026-07-26 05:25:10,3.4,gauge_height_ft,00065
2026-07-26 05:30:10,3.42,gauge_height_ft,00065
2026-07-26 05:35:10,3.44,gauge_height_ft,00065
2026-07-26 05:40:10,3.4699999999999998,gauge_height_ft,00065
2026-07-26 05:45:10,3.5,gauge_height_ft,00065
2026-07-26 05:50:10,3.52,gauge_height_ft,00065
2026-07-26 05:55:10,3.55,gauge_height_ft,00065
2026-07-26 06:00:10,3.5700000000000003,gauge_height_ft,00065
2026-07-26 06:05:10,3.6,gauge_height_ft,00065
2026-07-26 06:10:10,3.6100000000000003,gauge_height_ft,00065
2026-07-26 06:15:10,3.6100000000000003,gauge_height_ft,00065
2026-07-26 06:20:10,3.6100000000000003,gauge_height_ft,00065
2026-07-26 06:25:10,3.62,gauge_height_ft,00065
2026-07-26 06:30:10,3.6399999999999997,gauge_height_ft,00065
2026-07-26 06:35:10,3.6399999999999997,gauge_height_ft,00065
2026-07-26 06:40:10,3.6399999999999997,gauge_height_ft,00065
2026-07-26 06:45:10,3.65,gauge_height_ft,00065
2026-07-26 06:50:10,3.67,gauge_height_ft,00065
2026-07-26 06:55:10,3.6799999999999997,gauge_height_ft,00065
2026-07-26 07:00:10,3.67,gauge_height_ft,00065
2026-07-26 07:05:10,3.65,gauge_height_ft,00065
2026-07-26 07:10:10,3.6100000000000003,gauge_height_ft,00065
2026-07-26 07:15:10,3.62,gauge_height_ft,00065
2026-07-26 07:20:10,3.58,gauge_height_ft,00065
2026-07-26 07:25:10,3.56,gauge_height_ft,00065
2026-07-26 07:30:10,3.5,gauge_height_ft,00065
2026-07-26 07:35:10,3.44,gauge_height_ft,00065
2026-07-26 07:40:10,3.3899999999999997,gauge_height_ft,00065
2026-07-26 07:45:10,3.37,gauge_height_ft,00065
2026-07-26 07:50:10,3.3200000000000003,gauge_height_ft,00065
2026-07-26 07:55:10,3.25,gauge_height_ft,00065
2026-07-26 08:00:10,3.1799999999999997,gauge_height_ft,00065
2026-07-26 08:05:10,3.12,gauge_height_ft,00065
2026-07-26 08:10:10,3.06,gauge_height_ft,00065
2026-07-26 08:15:10,3.02,gauge_height_ft,00065
2026-07-26 08:20:10,2.9699999999999998,gauge_height_ft,00065
2026-07-26 08:25:10,2.92,gauge_height_ft,00065
2026-07-26 08:30:10,2.86,gauge_height_ft,00065
2026-07-26 08:35:10,2.8,gauge_height_ft,00065
2026-07-26 08:40:10,2.76,gauge_height_ft,00065
2026-07-26 08:45:10,2.75,gauge_height_ft,00065
2026-07-26 08:50:10,2.7,gauge_height_ft,00065
2026-07-26 08:55:10,2.65,gauge_height_ft,00065
2026-07-26 09:00:10,2.57,gauge_height_ft,00065
2026-07-26 09:05:10,2.52,gauge_height_ft,00065
2026-07-26 09:10:10,2.5,gauge_height_ft,00065
2026-07-26 09:15:10,2.4699999999999998,gauge_height_ft,00065
2026-07-26 09:20:10,2.44,gauge_height_ft,00065
2026-07-26 09:25:10,2.37,gauge_height_ft,00065
2026-07-26 09:30:10,2.33,gauge_height_ft,00065
2026-07-26 09:35:10,2.27,gauge_height_ft,00065
2026-07-26 09:40:10,2.24,gauge_height_ft,00065
2026-07-26 09:45:10,2.17,gauge_height_ft,00065
2026-07-26 09:50:10,2.13,gauge_height_ft,00065
2026-07-26 09:55:10,2.07,gauge_height_ft,00065
2026-07-26 10:00:10,2.02,gauge_height_ft,00065
2026-07-26 10:05:10,1.96,gauge_height_ft,00065
2026-07-26 10:10:10,1.9,gauge_height_ft,00065
2026-07-26 10:15:10,1.85,gauge_height_ft,00065
2026-07-26 10:20:10,1.8,gauge_height_ft,00065
2026-07-26 10:25:10,1.73,gauge_height_ft,00065
2026-07-26 10:30:10,1.67,gauge_height_ft,00065
2026-07-26 10:35:10,1.63,gauge_height_ft,00065
2026-07-26 10:40:10,1.6099999999999999,gauge_height_ft,00065
2026-07-26 10:45:10,1.56,gauge_height_ft,00065
2026-07-26 10:50:10,1.52,gauge_height_ft,00065
2026-07-26 10:55:10,1.48,gauge_height_ft,00065
2026-07-26 11:00:10,1.45,gauge_height_ft,00065
2026-07-26 11:05:10,1.4100000000000001,gauge_height_ft,00065
2026-07-26 11:10:10,1.3900000000000001,gauge_height_ft,00065
2026-07-26 11:15:10,1.3199999999999998,gauge_height_ft,00065
2026-07-26 11:20:10,1.27,gauge_height_ft,00065
2026-07-26 11:25:10,1.21,gauge_height_ft,00065
2026-07-26 11:30:10,1.17,gauge_height_ft,00065
2026-07-26 11:35:10,1.13,gauge_height_ft,00065
2026-07-26 11:40:10,1.0699999999999998,gauge_height_ft,00065
2026-07-26 11:45:10,1.05,gauge_height_ft,00065
2026-07-26 11:50:10,1.01,gauge_height_ft,00065
2026-07-26 11:55:10,0.97,gauge_height_ft,00065
2026-07-26 12:00:10,0.98,gauge_height_ft,00065
2026-07-26 12:05:10,0.97,gauge_height_ft,00065
2026-07-26 12:10:10,0.95,gauge_height_ft,00065
2026-07-26 12:15:10,0.9199999999999999,gauge_height_ft,00065
2026-07-26 12:20:10,0.8700000000000001,gauge_height_ft,00065
2026-07-26 12:25:10,0.8500000000000001,gauge_height_ft,00065
2026-07-26 12:30:10,0.8500000000000001,gauge_height_ft,00065
2026-07-26 12:35:10,0.8500000000000001,gauge_height_ft,00065
2026-07-26 12:40:10,0.8700000000000001,gauge_height_ft,00065
2026-07-26 12:45:10,0.9099999999999999,gauge_height_ft,00065
2026-07-26 12:50:10,0.9099999999999999,gauge_height_ft,00065
2026-07-26 12:55:10,0.9099999999999999,gauge_height_ft,00065
2026-07-26 13:05:10,3.4299999999999997,gauge_height_ft,00065
2026-07-26 13:15:10,1.05,gauge_height_ft,00065
2026-07-26 13:20:10,1.1,gauge_height_ft,00065
2026-07-26 13:25:10,1.1600000000000001,gauge_height_ft,00065
2026-07-26 13:30:10,1.21,gauge_height_ft,00065
2026-07-26 13:35:10,1.25,gauge_height_ft,00065
2026-07-26 13:40:10,1.27,gauge_height_ft,00065
2026-07-26 13:45:10,1.29,gauge_height_ft,00065
2026-07-26 13:50:10,1.37,gauge_height_ft,00065
2026-07-26 13:55:10,1.4300000000000002,gauge_height_ft,00065
2026-07-26 14:00:10,1.5,gauge_height_ft,00065
2026-07-26 14:05:10,1.55,gauge_height_ft,00065
2026-07-26 14:10:10,1.59,gauge_height_ft,00065
2026-07-26 14:15:10,1.63,gauge_height_ft,00065
2026-07-26 14:20:10,1.65,gauge_height_ft,00065
2026-07-26 14:25:10,1.72,gauge_height_ft,00065
2026-07-26 14:30:10,1.79,gauge_height_ft,00065
2026-07-26 14:35:10,1.83,gauge_height_ft,00065
2026-07-26 14:40:10,1.89,gauge_height_ft,00065
2026-07-26 14:45:10,1.93,gauge_height_ft,00065
2026-07-26 14:50:10,1.99,gauge_height_ft,00065
2026-07-26 14:55:10,2.1,gauge_height_ft,00065
2026-07-26 15:00:10,2.16,gauge_height_ft,00065
2026-07-26 15:05:10,2.24,gauge_height_ft,00065
2026-07-26 15:10:10,2.2800000000000002,gauge_height_ft,00065
2026-07-26 15:15:10,2.35,gauge_height_ft,00065
2026-07-26 15:20:10,2.42,gauge_height_ft,00065
2026-07-26 15:25:10,2.4699999999999998,gauge_height_ft,00065
2026-07-26 15:30:10,2.56,gauge_height_ft,00065
2026-07-26 15:35:10,2.65,gauge_height_ft,00065
2026-07-26 15:40:10,2.74,gauge_height_ft,00065
2026-07-26 15:45:10,2.79,gauge_height_ft,00065
2026-07-26 15:50:10,2.86,gauge_height_ft,00065
2026-07-26 15:55:10,2.93,gauge_height_ft,00065
2026-07-26 16:00:10,2.99,gauge_height_ft,00065
2026-07-26 16:05:10,3.0700000000000003,gauge_height_ft,00065
2026-07-26 16:10:10,3.1,gauge_height_ft,00065
2026-07-26 16:15:10,3.19,gauge_height_ft,00065
2026-07-26 16:20:10,3.27,gauge_height_ft,00065
2026-07-26 16:25:10,3.35,gauge_height_ft,00065
2026-07-26 16:30:10,3.41,gauge_height_ft,00065
2026-07-26 16:35:10,3.49,gauge_height_ft,00065
2026-07-26 16:40:10,3.55,gauge_height_ft,00065
2026-07-26 16:45:10,3.6100000000000003,gauge_height_ft,00065
2026-07-26 16:50:10,3.71,gauge_height_ft,00065
2026-07-26 16:55:10,3.77,gauge_height_ft,00065
2026-07-26 17:00:10,3.84,gauge_height_ft,00065
2026-07-26 17:05:10,3.9,gauge_height_ft,00065
2026-07-26 17:10:10,3.95,gauge_height_ft,00065
2026-07-26 17:15:10,4.02,gauge_height_ft,00065
2026-07-26 17:20:10,4.08,gauge_height_ft,00065
2026-07-26 17:25:10,4.13,gauge_height_ft,00065
2026-07-26 17:30:10,4.2,gauge_height_ft,00065
2026-07-26 17:35:10,4.27,gauge_height_ft,00065
2026-07-26 17:40:10,4.32,gauge_height_ft,00065
2026-07-26 17:45:10,4.38,gauge_height_ft,00065
2026-07-26 17:50:10,4.43,gauge_height_ft,00065
2026-07-26 17:55:10,4.49,gauge_height_ft,00065
2026-07-26 18:00:10,4.55,gauge_height_ft,00065
2026-07-26 18:05:10,4.62,gauge_height_ft,00065
2026-07-26 18:10:10,4.66,gauge_height_ft,00065
2026-07-26 18:15:10,4.6899999999999995,gauge_height_ft,00065
2026-07-26 18:20:10,4.71,gauge_height_ft,00065
2026-07-26 18:25:10,4.76,gauge_height_ft,00065
2026-07-26 18:30:10,4.8100000000000005,gauge_height_ft,00065
2026-07-26 18:35:10,4.82,gauge_height_ft,00065
2026-07-26 18:40:10,4.84,gauge_height_ft,00065
2026-07-26 18:45:10,4.85,gauge_height_ft,00065
2026-07-26 18:50:10,4.85,gauge_height_ft,00065
2026-07-26 18:55:10,4.890000000000001,gauge_height_ft,00065
2026-07-26 19:00:10,4.88,gauge_height_ft,00065
2026-07-26 19:05:10,4.88,gauge_height_ft,00065
2026-07-26 19:10:10,4.87,gauge_height_ft,00065
2026-07-26 19:15:10,4.859999999999999,gauge_height_ft,00065
2026-07-26 19:20:10,4.85,gauge_height_ft,00065
2026-07-26 19:25:10,4.82,gauge_height_ft,00065
2026-07-26 19:30:10,4.8,gauge_height_ft,00065
2026-07-26 19:35:10,4.75,gauge_height_ft,00065
2026-07-26 19:40:10,4.720000000000001,gauge_height_ft,00065
2026-07-26 19:45:10,4.6899999999999995,gauge_height_ft,00065
2026-07-26 19:50:10,4.67,gauge_height_ft,00065
2026-07-26 19:55:10,4.63,gauge_height_ft,00065
2026-07-26 20:00:10,4.58,gauge_height_ft,00065
2026-07-26 20:05:10,4.52,gauge_height_ft,00065
2026-07-26 20:10:10,4.49,gauge_height_ft,00065
2026-07-26 20:15:10,4.45,gauge_height_ft,00065
2026-07-26 20:20:10,4.41,gauge_height_ft,00065
2026-07-26 20:25:10,4.35,gauge_height_ft,00065
2026-07-26 20:30:10,4.3,gauge_height_ft,00065
2026-07-26 20:35:10,4.279999999999999,gauge_height_ft,00065
2026-07-26 20:40:10,4.220000000000001,gauge_height_ft,00065
2026-07-26 20:45:10,4.16,gauge_height_ft,00065
2026-07-26 20:50:10,4.109999999999999,gauge_height_ft,00065
2026-07-26 20:55:10,4.0600000000000005,gauge_height_ft,00065
2026-07-26 21:00:10,4.029999999999999,gauge_height_ft,00065
2026-07-26 21:05:10,3.9699999999999998,gauge_height_ft,00065
2026-07-26 21:10:10,3.91,gauge_height_ft,00065
2026-07-26 21:15:10,3.8600000000000003,gauge_height_ft,00065
2026-07-26 21:20:10,3.81,gauge_height_ft,00065
2026-07-26 21:25:10,3.74,gauge_height_ft,00065
2026-07-26 21:30:10,3.67,gauge_height_ft,00065
2026-07-26 21:35:10,3.62,gauge_height_ft,00065
2026-07-26 21:40:10,3.56,gauge_height_ft,00065
2026-07-26 21:45:10,3.49,gauge_height_ft,00065
2026-07-26 21:50:10,3.45,gauge_height_ft,00065
2026-07-26 21:55:10,3.4,gauge_height_ft,00065
2026-07-26 22:00:10,3.35,gauge_height_ft,00065
2026-07-26 22:05:10,3.29,gauge_height_ft,00065
2026-07-26 22:10:10,3.21,gauge_height_ft,00065
2026-07-26 22:15:10,3.1799999999999997,gauge_height_ft,00065
2026-07-26 22:20:10,3.12,gauge_height_ft,00065
2026-07-26 22:25:10,3.06,gauge_height_ft,00065
2026-07-26 22:30:10,2.99,gauge_height_ft,00065
2026-07-26 22:35:10,2.92,gauge_height_ft,00065
2026-07-26 22:40:10,2.87,gauge_height_ft,00065
2026-07-26 22:45:10,2.82,gauge_height_ft,00065
2026-07-26 22:50:10,2.74,gauge_height_ft,00065
2026-07-26 22:55:10,2.71,gauge_height_ft,00065
2026-07-26 23:00:10,2.64,gauge_height_ft,00065
2026-07-26 23:05:10,2.57,gauge_height_ft,00065
2026-07-26 23:10:10,2.49,gauge_height_ft,00065
2026-07-26 23:15:10,2.43,gauge_height_ft,00065
2026-07-26 23:20:10,2.38,gauge_height_ft,00065
2026-07-26 23:25:10,2.32,gauge_height_ft,00065
2026-07-26 23:30:10,2.27,gauge_height_ft,00065
2026-07-26 23:35:10,2.2,gauge_height_ft,00065
2026-07-26 23:40:10,2.16,gauge_height_ft,00065
2026-07-26 23:45:10,2.1,gauge_height_ft,00065
2026-07-26 23:50:10,2.05,gauge_height_ft,00065
2026-07-26 23:55:10,1.97,gauge_height_ft,00065
2026-07-27 00:00:10,1.93,gauge_height_ft,00065
2026-07-27 00:05:10,1.8599999999999999,gauge_height_ft,00065
2026-07-27 00:10:10,1.81,gauge_height_ft,00065
2026-07-27 00:15:10,1.76,gauge_height_ft,00065
2026-07-27 00:20:10,1.71,gauge_height_ft,00065
2026-07-27 00:25:10,1.65,gauge_height_ft,00065
2026-07-27 00:30:10,1.6,gauge_height_ft,00065
2026-07-27 00:35:10,1.55,gauge_height_ft,00065
2026-07-27 00:40:10,1.51,gauge_height_ft,00065
2026-07-27 00:45:10,1.47,gauge_height_ft,00065
2026-07-27 00:50:10,1.42,gauge_height_ft,00065
2026-07-27 00:55:10,1.37,gauge_height_ft,00065
2026-07-27 01:00:10,1.3399999999999999,gauge_height_ft,00065
2026-07-27 01:05:10,1.3399999999999999,gauge_height_ft,00065
2026-07-27 01:10:10,1.31,gauge_height_ft,00065
2026-07-27 01:15:10,1.28,gauge_height_ft,00065
2026-07-27 01:20:10,1.25,gauge_height_ft,00065
2026-07-27 01:25:10,1.21,gauge_height_ft,00065
2026-07-27 01:30:10,1.1800000000000002,gauge_height_ft,00065
2026-07-27 01:35:10,1.1600000000000001,gauge_height_ft,00065
2026-07-27 01:40:10,1.1400000000000001,gauge_height_ft,00065
2026-07-27 01:45:10,1.15,gauge_height_ft,00065
2026-07-27 01:50:10,1.17,gauge_height_ft,00065
2026-07-27 01:55:10,1.21,gauge_height_ft,00065
2026-07-27 02:00:10,1.24,gauge_height_ft,00065
2026-07-27 02:05:10,1.28,gauge_height_ft,00065
2026-07-27 02:10:10,1.3199999999999998,gauge_height_ft,00065
2026-07-27 02:15:10,1.35,gauge_height_ft,00065
2026-07-27 02:20:10,1.4100000000000001,gauge_height_ft,00065
2026-07-27 02:25:10,1.47,gauge_height_ft,00065
2026-07-27 02:30:10,1.52,gauge_height_ft,00065
2026-07-27 02:35:10,1.59,gauge_height_ft,00065
2026-07-27 02:40:10,1.66,gauge_height_ft,00065
2026-07-27 02:45:10,1.72,gauge_height_ft,00065
2026-07-27 02:50:10,1.74,gauge_height_ft,00065
2026-07-27 02:55:10,1.78,gauge_height_ft,00065
2026-07-27 03:00:10,1.83,gauge_height_ft,00065
2026-07-27 03:05:10,1.88,gauge_height_ft,00065
2026-07-27 03:10:10,1.92,gauge_height_ft,00065
2026-07-27 03:15:10,1.97,gauge_height_ft,00065
2026-07-27 03:20:10,2.01,gauge_height_ft,00065
2026-07-27 03:25:10,2.07,gauge_height_ft,00065
2026-07-27 03:30:10,2.12,gauge_height_ft,00065
2026-07-27 03:35:10,2.17,gauge_height_ft,00065
2026-07-27 03:40:10,2.23,gauge_height_ft,00065
2026-07-27 03:45:10,2.2800000000000002,gauge_height_ft,00065
2026-07-27 03:50:10,2.35,gauge_height_ft,00065
2026-07-27 03:55:10,2.39,gauge_height_ft,00065
2026-07-27 04:00:10,2.43,gauge_height_ft,00065
2026-07-27 04:05:10,2.4699999999999998,gauge_height_ft,00065
2026-07-27 04:10:10,2.52,gauge_height_ft,00065
2026-07-27 04:15:10,2.56,gauge_height_ft,00065
2026-07-27 04:20:10,2.63,gauge_height_ft,00065
2026-07-27 04:25:10,2.71,gauge_height_ft,00065
2026-07-27 04:30:10,2.77,gauge_height_ft,00065
2026-07-27 04:35:10,2.81,gauge_height_ft,00065
2026-07-27 04:40:10,2.86,gauge_height_ft,00065
2026-07-27 04:45:10,2.91,gauge_height_ft,00065
2026-07-27 04:50:10,2.98,gauge_height_ft,00065
2026-07-27 04:55:10,3.0300000000000002,gauge_height_ft,00065
2026-07-27 05:00:10,3.09,gauge_height_ft,00065
2026-07-27 05:05:10,3.16,gauge_height_ft,00065
2026-07-27 05:10:10,3.21,gauge_height_ft,00065
2026-07-27 05:15:10,3.26,gauge_height_ft,00065
2026-07-27 05:20:10,3.3,gauge_height_ft,00065
2026-07-27 05:25:10,3.3600000000000003,gauge_height_ft,00065
2026-07-27 05:30:10,3.41,gauge_height_ft,00065
2026-07-27 05:35:10,3.46,gauge_height_ft,00065
2026-07-27 05:40:10,3.48,gauge_height_ft,00065
2026-07-27 05:45:10,3.52,gauge_height_ft,00065
2026-07-27 05:50:10,3.54,gauge_height_ft,00065
2026-07-27 05:55:10,3.5700000000000003,gauge_height_ft,00065
2026-07-27 06:00:10,3.6,gauge_height_ft,00065
2026-07-27 06:05:10,3.63,gauge_height_ft,00065
2026-07-27 06:10:10,3.69,gauge_height_ft,00065
2026-07-27 06:15:10,3.73,gauge_height_ft,00065
2026-07-27 06:20:10,3.76,gauge_height_ft,00065
2026-07-27 06:25:10,3.8200000000000003,gauge_height_ft,00065
2026-07-27 06:30:10,3.8600000000000003,gauge_height_ft,00065
2026-07-27 06:35:10,3.8899999999999997,gauge_height_ft,00065
2026-07-27 06:40:10,3.8899999999999997,gauge_height_ft,00065
2026-07-27 06:45:10,3.92,gauge_height_ft,00065
2026-07-27 06:50:10,3.96,gauge_height_ft,00065
2026-07-27 06:55:10,3.98,gauge_height_ft,00065
2026-07-27 07:00:10,3.98,gauge_height_ft,00065
2026-07-27 07:05:10,3.99,gauge_height_ft,00065
2026-07-27 07:10:10,3.99,gauge_height_ft,00065
2026-07-27 07:15:10,3.98,gauge_height_ft,00065
2026-07-27 07:20:10,3.9699999999999998,gauge_height_ft,00065
2026-07-27 07:25:10,3.94,gauge_height_ft,00065
2026-07-27 07:30:10,3.91,gauge_height_ft,00065
2026-07-27 07:35:10,3.8899999999999997,gauge_height_ft,00065
2026-07-27 07:40:10,3.84,gauge_height_ft,00065
2026-07-27 07:45:10,3.79,gauge_height_ft,00065
2026-07-27 07:50:10,3.74,gauge_height_ft,00065
2026-07-27 07:55:10,3.7,gauge_height_ft,00065
2026-07-27 08:00:10,3.66,gauge_height_ft,00065
2026-07-27 08:05:10,3.63,gauge_height_ft,00065
2026-07-27 08:10:10,3.58,gauge_height_ft,00065
2026-07-27 08:15:10,3.5300000000000002,gauge_height_ft,00065
2026-07-27 08:20:10,3.5,gauge_height_ft,00065
2026-07-27 08:25:10,3.46,gauge_height_ft,00065
2026-07-27 08:30:10,3.42,gauge_height_ft,00065
2026-07-27 08:35:10,3.35,gauge_height_ft,00065
2026-07-27 08:40:10,3.31,gauge_height_ft,00065
2026-07-27 08:45:10,3.27,gauge_height_ft,00065
2026-07-27 08:50:10,3.21,gauge_height_ft,00065
2026-07-27 08:55:10,3.1799999999999997,gauge_height_ft,00065
2026-07-27 09:00:10,3.1399999999999997,gauge_height_ft,00065
2026-07-27 09:05:10,3.09,gauge_height_ft,00065
2026-07-27 09:10:10,3.04,gauge_height_ft,00065
2026-07-27 09:15:10,3.0,gauge_height_ft,00065
2026-07-27 09:20:10,2.96,gauge_height_ft,00065
2026-07-27 09:25:10,2.91,gauge_height_ft,00065
2026-07-27 09:30:10,2.84,gauge_height_ft,00065
2026-07-27 09:35:10,2.79,gauge_height_ft,00065
2026-07-27 09:40:10,2.75,gauge_height_ft,00065
2026-07-27 09:45:10,2.71,gauge_height_ft,00065
2026-07-27 09:50:10,2.66,gauge_height_ft,00065
2026-07-27 09:55:10,2.62,gauge_height_ft,00065
2026-07-27 10:00:10,2.58,gauge_height_ft,00065
2026-07-27 10:05:10,2.5300000000000002,gauge_height_ft,00065
2026-07-27 10:10:10,2.5,gauge_height_ft,00065
2026-07-27 10:15:10,2.42,gauge_height_ft,00065
2026-07-27 10:20:10,2.38,gauge_height_ft,00065
2026-07-27 10:25:10,2.34,gauge_height_ft,00065
2026-07-27 10:30:10,2.31,gauge_height_ft,00065
2026-07-27 10:35:10,2.25,gauge_height_ft,00065
2026-07-27 10:40:10,2.22,gauge_height_ft,00065
2026-07-27 10:45:10,2.17,gauge_height_ft,00065
2026-07-27 10:50:10,2.15,gauge_height_ft,00065
2026-07-27 10:55:10,2.09,gauge_height_ft,00065
2026-07-27 11:00:10,2.03,gauge_height_ft,00065
2026-07-27 11:05:10,1.99,gauge_height_ft,00065
2026-07-27 11:10:10,1.93,gauge_height_ft,00065
2026-07-27 11:15:10,1.88,gauge_height_ft,00065
2026-07-27 11:20:10,1.83,gauge_height_ft,00065
2026-07-27 11:25:10,1.78,gauge_height_ft,00065
2026-07-27 11:30:10,1.73,gauge_height_ft,00065
2026-07-27 11:35:10,1.69,gauge_height_ft,00065
2026-07-27 11:40:10,1.6400000000000001,gauge_height_ft,00065
2026-07-27 11:45:10,1.53,gauge_height_ft,00065
2026-07-27 11:50:10,1.5,gauge_height_ft,00065
2026-07-27 11:55:10,1.44,gauge_height_ft,00065
2026-07-27 12:00:10,1.37,gauge_height_ft,00065
2026-07-27 12:05:10,1.3199999999999998,gauge_height_ft,00065
2026-07-27 12:10:10,1.26,gauge_height_ft,00065
2026-07-27 12:15:10,1.21,gauge_height_ft,00065
2026-07-27 12:20:10,1.1600000000000001,gauge_height_ft,00065
2026-07-27 12:25:10,1.1099999999999999,gauge_height_ft,00065
2026-07-27 12:30:10,1.06,gauge_height_ft,00065
2026-07-27 12:35:10,1.03,gauge_height_ft,00065
2026-07-27 12:40:10,0.99,gauge_height_ft,00065
2026-07-27 12:45:10,0.9299999999999999,gauge_height_ft,00065
2026-07-27 12:50:10,0.94,gauge_height_ft,00065
2026-07-27 12:55:10,0.94,gauge_height_ft,00065
2026-07-27 13:00:10,0.9099999999999999,gauge_height_ft,00065
2026-07-27 13:05:10,0.8799999999999999,gauge_height_ft,00065
2026-07-27 13:10:10,0.8999999999999999,gauge_height_ft,00065
2026-07-27 13:15:10,0.8999999999999999,gauge_height_ft,00065
2026-07-27 13:20:10,0.9099999999999999,gauge_height_ft,00065
2026-07-27 13:25:10,0.8999999999999999,gauge_height_ft,00065
2026-07-27 13:30:10,0.95,gauge_height_ft,00065
2026-07-27 13:35:10,0.9299999999999999,gauge_height_ft,00065
2026-07-27 13:40:10,0.95,gauge_height_ft,00065
2026-07-27 13:45:10,0.95,gauge_height_ft,00065
2026-07-27 13:50:10,0.9299999999999999,gauge_height_ft,00065
2026-07-27 13:55:10,0.9299999999999999,gauge_height_ft,00065
2026-07-27 14:00:10,0.9299999999999999,gauge_height_ft,00065
2026-07-27 14:05:10,0.97,gauge_height_ft,00065
2026-07-27 14:10:10,1.0,gauge_height_ft,00065
2026-07-27 14:15:10,1.05,gauge_height_ft,00065
2026-07-27 14:20:10,1.06,gauge_height_ft,00065
2026-07-27 14:25:10,1.1099999999999999,gauge_height_ft,00065
2026-07-27 14:30:10,1.19,gauge_height_ft,00065
2026-07-27 14:35:10,1.23,gauge_height_ft,00065
2026-07-27 14:40:10,1.26,gauge_height_ft,00065
2026-07-27 14:45:10,1.33,gauge_height_ft,00065
2026-07-27 14:50:10,1.3599999999999999,gauge_height_ft,00065
2026-07-27 14:55:10,1.4300000000000002,gauge_height_ft,00065
2026-07-27 15:00:10,1.48,gauge_height_ft,00065
2026-07-27 15:05:10,1.56,gauge_height_ft,00065
2026-07-27 15:10:10,1.6099999999999999,gauge_height_ft,00065
2026-07-27 15:15:10,1.66,gauge_height_ft,00065
2026-07-27 15:20:10,1.73,gauge_height_ft,00065
2026-07-27 15:25:10,1.82,gauge_height_ft,00065
2026-07-27 15:30:10,1.89,gauge_height_ft,00065
2026-07-27 15:35:10,1.93,gauge_height_ft,00065
2026-07-27 15:40:10,1.99,gauge_height_ft,00065
2026-07-27 15:45:10,2.05,gauge_height_ft,00065
2026-07-27 15:50:10,2.14,gauge_height_ft,00065
2026-07-27 15:55:10,2.18,gauge_height_ft,00065
2026-07-27 16:00:10,2.24,gauge_height_ft,00065
2026-07-27 16:05:10,2.32,gauge_height_ft,00065
2026-07-27 16:10:10,2.37,gauge_height_ft,00065
2026-07-27 16:15:10,2.45,gauge_height_ft,00065
2026-07-27 16:20:10,2.5300000000000002,gauge_height_ft,00065
2026-07-27 16:25:10,2.6,gauge_height_ft,00065
2026-07-27 16:30:10,2.71,gauge_height_ft,00065
2026-07-27 16:35:10,2.76,gauge_height_ft,00065
2026-07-27 16:40:10,2.86,gauge_height_ft,00065
2026-07-27 16:45:10,2.93,gauge_height_ft,00065
2026-07-27 16:50:10,2.99,gauge_height_ft,00065
2026-07-27 16:55:10,3.08,gauge_height_ft,00065
2026-07-27 17:00:10,3.1399999999999997,gauge_height_ft,00065
2026-07-27 17:05:10,3.2199999999999998,gauge_height_ft,00065
2026-07-27 17:10:10,3.2800000000000002,gauge_height_ft,00065
2026-07-27 17:15:10,3.38,gauge_height_ft,00065
2026-07-27 17:20:10,3.46,gauge_height_ft,00065
2026-07-27 17:25:10,3.56,gauge_height_ft,00065
2026-07-27 17:30:10,3.63,gauge_height_ft,00065
2026-07-27 17:35:10,3.7,gauge_height_ft,00065
2026-07-27 17:40:10,3.8,gauge_height_ft,00065
2026-07-27 17:45:10,3.8899999999999997,gauge_height_ft,00065
2026-07-27 17:50:10,3.9699999999999998,gauge_height_ft,00065
2026-07-27 17:55:10,4.02,gauge_height_ft,00065
2026-07-27 18:00:10,4.1,gauge_height_ft,00065
2026-07-27 18:05:10,4.2,gauge_height_ft,00065
2026-07-27 18:10:10,4.25,gauge_height_ft,00065
2026-07-27 18:15:10,4.32,gauge_height_ft,00065
2026-07-27 18:20:10,4.37,gauge_height_ft,00065
2026-07-27 18:25:10,4.4399999999999995,gauge_height_ft,00065
2026-07-27 18:30:10,4.49,gauge_height_ft,00065
2026-07-27 18:35:10,4.55,gauge_height_ft,00065
2026-07-27 18:40:10,4.6,gauge_height_ft,00065
2026-07-27 18:45:10,4.66,gauge_height_ft,00065
2026-07-27 18:50:10,4.720000000000001,gauge_height_ft,00065
2026-07-27 18:55:10,4.76,gauge_height_ft,00065
2026-07-27 19:00:10,4.779999999999999,gauge_height_ft,00065
2026-07-27 19:05:10,4.85,gauge_height_ft,00065
2026-07-27 19:10:10,4.9,gauge_height_ft,00065
2026-07-27 19:15:10,4.92,gauge_height_ft,00065
2026-07-27 19:20:10,4.96,gauge_height_ft,00065
2026-07-27 19:25:10,4.98,gauge_height_ft,00065
2026-07-27 19:30:10,5.029999999999999,gauge_height_ft,00065
2026-07-27 19:35:10,5.0600000000000005,gauge_height_ft,00065
2026-07-27 19:40:10,5.08,gauge_height_ft,00065
2026-07-27 19:45:10,5.09,gauge_height_ft,00065
2026-07-27 19:50:10,5.09,gauge_height_ft,00065
2026-07-27 19:55:10,5.08,gauge_height_ft,00065
2026-07-27 20:00:10,5.07,gauge_height_ft,00065
2026-07-27 20:05:10,5.04,gauge_height_ft,00065
2026-07-27 20:10:10,5.0,gauge_height_ft,00065
2026-07-27 20:15:10,4.970000000000001,gauge_height_ft,00065
2026-07-27 20:20:10,4.93,gauge_height_ft,00065
2026-07-27 20:25:10,4.87,gauge_height_ft,00065
2026-07-27 20:30:10,4.8,gauge_height_ft,00065
2026-07-27 20:35:10,4.75,gauge_height_ft,00065
2026-07-27 20:40:10,4.7,gauge_height_ft,00065
2026-07-27 20:45:10,4.640000000000001,gauge_height_ft,00065
2026-07-27 20:50:10,4.58,gauge_height_ft,00065
2026-07-27 20:55:10,4.51,gauge_height_ft,00065
2026-07-27 21:00:10,4.470000000000001,gauge_height_ft,00065
2026-07-27 21:05:10,4.41,gauge_height_ft,00065
2026-07-27 21:10:10,4.33,gauge_height_ft,00065
2026-07-27 21:15:10,4.27,gauge_height_ft,00065
2026-07-27 21:20:10,4.220000000000001,gauge_height_ft,00065
2026-07-27 21:25:10,4.18,gauge_height_ft,00065
2026-07-27 21:30:10,4.12,gauge_height_ft,00065
2026-07-27 21:35:10,4.04,gauge_height_ft,00065
2026-07-27 21:40:10,3.99,gauge_height_ft,00065
2026-07-27 21:45:10,3.92,gauge_height_ft,00065
2026-07-27 21:50:10,3.87,gauge_height_ft,00065
2026-07-27 21:55:10,3.83,gauge_height_ft,00065
2026-07-27 22:00:10,3.77,gauge_height_ft,00065
2026-07-27 22:05:10,3.7199999999999998,gauge_height_ft,00065
2026-07-27 22:10:10,3.66,gauge_height_ft,00065
2026-07-27 22:15:10,3.6100000000000003,gauge_height_ft,00065
2026-07-27 22:20:10,3.51,gauge_height_ft,00065
2026-07-27 22:25:10,3.45,gauge_height_ft,00065
2026-07-27 22:30:10,3.37,gauge_height_ft,00065
2026-07-27 22:35:10,3.3200000000000003,gauge_height_ft,00065
2026-07-27 22:40:10,3.26,gauge_height_ft,00065
2026-07-27 22:45:10,3.19,gauge_height_ft,00065
2026-07-27 22:50:10,3.13,gauge_height_ft,00065
2026-07-27 22:55:10,3.04,gauge_height_ft,00065
2026-07-27 23:00:10,2.98,gauge_height_ft,00065
2026-07-27 23:05:10,2.91,gauge_height_ft,00065
2026-07-27 23:10:10,2.86,gauge_height_ft,00065
2026-07-27 23:15:10,2.7800000000000002,gauge_height_ft,00065
2026-07-27 23:20:10,2.71,gauge_height_ft,00065
2026-07-27 23:25:10,2.64,gauge_height_ft,00065
2026-07-27 23:30:10,2.58,gauge_height_ft,00065
2026-07-27 23:35:10,2.52,gauge_height_ft,00065
2026-07-27 23:40:10,2.46,gauge_height_ft,00065
2026-07-27 23:45:10,2.39,gauge_height_ft,00065
2026-07-27 23:50:10,2.33,gauge_height_ft,00065
2026-07-27 23:55:10,2.26,gauge_height_ft,00065
2026-07-28 00:00:10,2.21,gauge_height_ft,00065
2026-07-28 00:05:10,2.15,gauge_height_ft,00065
2026-07-28 00:10:10,2.1,gauge_height_ft,00065
2026-07-28 00:15:10,2.04,gauge_height_ft,00065
2026-07-28 00:20:10,1.97,gauge_height_ft,00065
2026-07-28 00:25:10,1.94,gauge_height_ft,00065
2026-07-28 00:30:10,1.88,gauge_height_ft,00065
2026-07-28 00:35:10,1.81,gauge_height_ft,00065
2026-07-28 00:40:10,1.75,gauge_height_ft,00065
2026-07-28 00:45:10,1.71,gauge_height_ft,00065
2026-07-28 00:50:10,1.66,gauge_height_ft,00065
2026-07-28 00:55:10,1.6099999999999999,gauge_height_ft,00065
2026-07-28 01:00:10,1.57,gauge_height_ft,00065
2026-07-28 01:05:10,1.52,gauge_height_ft,00065
2026-07-28 01:10:10,1.47,gauge_height_ft,00065
2026-07-28 01:15:10,1.44,gauge_height_ft,00065
2026-07-28 01:20:10,1.3900000000000001,gauge_height_ft,00065
2026-07-28 01:25:10,1.3599999999999999,gauge_height_ft,00065
2026-07-28 01:30:10,1.33,gauge_height_ft,00065
2026-07-28 01:35:10,1.31,gauge_height_ft,00065
2026-07-28 01:40:10,1.25,gauge_height_ft,00065
2026-07-28 01:45:10,1.2,gauge_height_ft,00065
2026-07-28 01:50:10,1.17,gauge_height_ft,00065
2026-07-28 01:55:10,1.13,gauge_height_ft,00065
2026-07-28 02:00:10,1.1,gauge_height_ft,00065
2026-07-28 02:05:10,1.06,gauge_height_ft,00065
2026-07-28 02:10:10,1.05,gauge_height_ft,00065
2026-07-28 02:15:10,1.05,gauge_height_ft,00065
2026-07-28 02:20:10,1.05,gauge_height_ft,00065
2026-07-28 02:25:10,1.02,gauge_height_ft,00065
2026-07-28 02:30:10,1.03,gauge_height_ft,00065
2026-07-28 02:35:10,1.04,gauge_height_ft,00065
2026-07-28 02:40:10,1.06,gauge_height_ft,00065
2026-07-28 02:45:10,1.1,gauge_height_ft,00065
2026-07-28 02:50:10,1.1400000000000001,gauge_height_ft,00065
2026-07-28 02:55:10,1.17,gauge_height_ft,00065
2026-07-28 03:00:10,1.24,gauge_height_ft,00065
2026-07-28 03:05:10,1.29,gauge_height_ft,00065
2026-07-28 03:10:10,1.35,gauge_height_ft,00065
2026-07-28 03:15:10,1.4,gauge_height_ft,00065
2026-07-28 03:20:10,1.4300000000000002,gauge_height_ft,00065
2026-07-28 03:25:10,1.46,gauge_height_ft,00065
2026-07-28 03:30:10,1.47,gauge_height_ft,00065
2026-07-28 03:35:10,1.54,gauge_height_ft,00065
2026-07-28 03:40:10,1.58,gauge_height_ft,00065
2026-07-28 03:45:10,1.6099999999999999,gauge_height_ft,00065
2026-07-28 03:50:10,1.65,gauge_height_ft,00065
2026-07-28 03:55:10,1.68,gauge_height_ft,00065
2026-07-28 04:00:10,1.73,gauge_height_ft,00065
2026-07-28 04:05:10,1.8,gauge_height_ft,00065
2026-07-28 04:10:10,1.85,gauge_height_ft,00065
2026-07-28 04:15:10,1.89,gauge_height_ft,00065
2026-07-28 04:20:10,1.93,gauge_height_ft,00065
2026-07-28 04:25:10,1.99,gauge_height_ft,00065
2026-07-28 04:30:10,2.06,gauge_height_ft,00065
2026-07-28 04:35:10,2.11,gauge_height_ft,00065
2026-07-28 04:40:10,2.16,gauge_height_ft,00065
2026-07-28 04:45:10,2.24,gauge_height_ft,00065
2026-07-28 04:50:10,2.2800000000000002,gauge_height_ft,00065
2026-07-28 04:55:10,2.33,gauge_height_ft,00065
2026-07-28 05:00:10,2.4,gauge_height_ft,00065
2026-07-28 05:05:10,2.4699999999999998,gauge_height_ft,00065
2026-07-28 05:10:10,2.52,gauge_height_ft,00065
2026-07-28 05:15:10,2.58,gauge_height_ft,00065
2026-07-28 05:20:10,2.63,gauge_height_ft,00065
2026-07-28 05:25:10,2.7,gauge_height_ft,00065
2026-07-28 05:30:10,2.75,gauge_height_ft,00065
2026-07-28 05:35:10,2.79,gauge_height_ft,00065
2026-07-28 05:40:10,2.84,gauge_height_ft,00065
2026-07-28 05:45:10,2.9,gauge_height_ft,00065
2026-07-28 05:50:10,2.96,gauge_height_ft,00065
2026-07-28 05:55:10,3.01,gauge_height_ft,00065
2026-07-28 06:00:10,3.06,gauge_height_ft,00065
2026-07-28 06:05:10,3.1100000000000003,gauge_height_ft,00065
2026-07-28 06:10:10,3.1799999999999997,gauge_height_ft,00065
2026-07-28 06:15:10,3.24,gauge_height_ft,00065
2026-07-28 06:20:10,3.29,gauge_height_ft,00065
2026-07-28 06:25:10,3.34,gauge_height_ft,00065
2026-07-28 06:30:10,3.3899999999999997,gauge_height_ft,00065
2026-07-28 06:35:10,3.46,gauge_height_ft,00065
2026-07-28 06:40:10,3.51,gauge_height_ft,00065
2026-07-28 06:45:10,3.55,gauge_height_ft,00065
2026-07-28 06:50:10,3.59,gauge_height_ft,00065
2026-07-28 06:55:10,3.63,gauge_height_ft,00065
2026-07-28 07:00:10,3.6799999999999997,gauge_height_ft,00065
2026-07-28 07:05:10,3.7199999999999998,gauge_height_ft,00065
2026-07-28 07:10:10,3.76,gauge_height_ft,00065
2026-07-28 07:15:10,3.79,gauge_height_ft,00065
2026-07-28 07:20:10,3.8200000000000003,gauge_height_ft,00065
2026-07-28 07:25:10,3.85,gauge_height_ft,00065
2026-07-28 07:30:10,3.8899999999999997,gauge_height_ft,00065
2026-07-28 07:35:10,3.92,gauge_height_ft,00065
2026-07-28 07:40:10,3.94,gauge_height_ft,00065
2026-07-28 07:45:10,3.95,gauge_height_ft,00065
2026-07-28 07:50:10,3.9699999999999998,gauge_height_ft,00065
2026-07-28 07:55:10,3.98,gauge_height_ft,00065
2026-07-28 08:00:10,3.99,gauge_height_ft,00065
2026-07-28 08:05:10,3.98,gauge_height_ft,00065
2026-07-28 08:10:10,3.9699999999999998,gauge_height_ft,00065
2026-07-28 08:15:10,3.95,gauge_height_ft,00065
2026-07-28 08:20:10,3.94,gauge_height_ft,00065
2026-07-28 08:25:10,3.91,gauge_height_ft,00065
2026-07-28 08:30:10,3.87,gauge_height_ft,00065
2026-07-28 08:35:10,3.8200000000000003,gauge_height_ft,00065
2026-07-28 08:40:10,3.77,gauge_height_ft,00065
2026-07-28 08:45:10,3.73,gauge_height_ft,00065
2026-07-28 08:50:10,3.69,gauge_height_ft,00065
2026-07-28 08:55:10,3.65,gauge_height_ft,00065
2026-07-28 09:00:10,3.6100000000000003,gauge_height_ft,00065
2026-07-28 09:05:10,3.5700000000000003,gauge_height_ft,00065
2026-07-28 09:10:10,3.52,gauge_height_ft,00065
2026-07-28 09:15:10,3.44,gauge_height_ft,00065
2026-07-28 09:20:10,3.41,gauge_height_ft,00065
2026-07-28 09:25:10,3.38,gauge_height_ft,00065
2026-07-28 09:30:10,3.35,gauge_height_ft,00065
2026-07-28 09:35:10,3.27,gauge_height_ft,00065
2026-07-28 09:40:10,3.2199999999999998,gauge_height_ft,00065
2026-07-28 09:45:10,3.17,gauge_height_ft,00065
2026-07-28 09:50:10,3.1100000000000003,gauge_height_ft,00065
2026-07-28 09:55:10,3.05,gauge_height_ft,00065
2026-07-28 10:00:10,3.01,gauge_height_ft,00065
2026-07-28 10:05:10,2.9699999999999998,gauge_height_ft,00065
2026-07-28 10:10:10,2.91,gauge_height_ft,00065
2026-07-28 10:15:10,2.83,gauge_height_ft,00065
2026-07-28 10:20:10,2.79,gauge_height_ft,00065
2026-07-28 10:25:10,2.73,gauge_height_ft,00065
2026-07-28 10:30:10,2.68,gauge_height_ft,00065
2026-07-28 10:35:10,2.61,gauge_height_ft,00065
2026-07-28 10:40:10,2.55,gauge_height_ft,00065
2026-07-28 10:45:10,2.49,gauge_height_ft,00065
2026-07-28 10:50:10,2.45,gauge_height_ft,00065
2026-07-28 10:55:10,2.4,gauge_height_ft,00065
2026-07-28 11:00:10,2.35,gauge_height_ft,00065
2026-07-28 11:05:10,2.31,gauge_height_ft,00065
2026-07-28 11:10:10,2.26,gauge_height_ft,00065
2026-07-28 11:15:10,2.17,gauge_height_ft,00065
2026-07-28 11:20:10,2.13,gauge_height_ft,00065
2026-07-28 11:25:10,2.09,gauge_height_ft,00065
2026-07-28 11:30:10,2.02,gauge_height_ft,00065
2026-07-28 11:35:10,1.95,gauge_height_ft,00065
2026-07-28 11:40:10,1.89,gauge_height_ft,00065
2026-07-28 11:45:10,1.83,gauge_height_ft,00065
2026-07-28 11:50:10,1.76,gauge_height_ft,00065
2026-07-28 11:55:10,1.68,gauge_height_ft,00065
2026-07-28 12:00:10,1.62,gauge_height_ft,00065
2026-07-28 12:05:10,1.55,gauge_height_ft,00065
2026-07-28 12:10:10,1.51,gauge_height_ft,00065
2026-07-28 12:15:10,1.46,gauge_height_ft,00065
2026-07-28 12:20:10,1.3599999999999999,gauge_height_ft,00065
2026-07-28 12:25:10,1.31,gauge_height_ft,00065
2026-07-28 12:30:10,1.29,gauge_height_ft,00065
2026-07-28 12:35:10,1.2,gauge_height_ft,00065
2026-07-28 12:40:10,1.1800000000000002,gauge_height_ft,00065
2026-07-28 12:45:10,1.12,gauge_height_ft,00065
2026-07-28 12:50:10,1.08,gauge_height_ft,00065
2026-07-28 12:55:10,1.04,gauge_height_ft,00065
2026-07-28 13:00:10,0.98,gauge_height_ft,00065
2026-07-28 13:05:10,0.96,gauge_height_ft,00065
2026-07-28 13:10:10,0.9199999999999999,gauge_height_ft,00065
2026-07-28 13:15:10,0.8799999999999999,gauge_height_ft,00065
2026-07-28 13:20:10,0.8600000000000001,gauge_height_ft,00065
2026-07-28 13:25:10,0.8200000000000001,gauge_height_ft,00065
2026-07-28 13:30:10,0.74,gauge_height_ft,00065
2026-07-28 13:35:10,0.71,gauge_height_ft,00065
2026-07-28 13:40:10,0.71,gauge_height_ft,00065
2026-07-28 13:45:10,0.6799999999999999,gauge_height_ft,00065
2026-07-28 13:50:10,0.6499999999999999,gauge_height_ft,00065
2026-07-28 13:55:10,0.6100000000000001,gauge_height_ft,00065
2026-07-28 14:00:10,0.6000000000000001,gauge_height_ft,00065
2026-07-28 14:05:10,0.55,gauge_height_ft,00065
2026-07-28 14:10:10,0.53,gauge_height_ft,00065
2026-07-28 14:15:10,0.55,gauge_height_ft,00065
2026-07-28 14:20:10,0.54,gauge_height_ft,00065
2026-07-28 14:25:10,0.55,gauge_height_ft,00065
2026-07-28 14:30:10,0.56,gauge_height_ft,00065
2026-07-28 14:35:10,0.56,gauge_height_ft,00065
2026-07-28 14:40:10,0.6100000000000001,gauge_height_ft,00065
2026-07-28 14:45:10,0.6299999999999999,gauge_height_ft,00065
2026-07-28 14:50:10,0.6799999999999999,gauge_height_ft,00065
2026-07-28 14:55:10,0.71,gauge_height_ft,00065
2026-07-28 15:00:10,0.78,gauge_height_ft,00065
2026-07-28 15:05:10,0.8500000000000001,gauge_height_ft,00065
2026-07-28 15:10:10,0.8700000000000001,gauge_height_ft,00065
2026-07-28 15:15:10,0.95,gauge_height_ft,00065
2026-07-28 15:20:10,1.03,gauge_height_ft,00065
2026-07-28 15:25:10,1.0899999999999999,gauge_height_ft,00065
2026-07-28 15:30:10,1.1600000000000001,gauge_height_ft,00065
2026-07-28 15:35:10,1.22,gauge_height_ft,00065
2026-07-28 15:40:10,1.3,gauge_height_ft,00065
2026-07-28 15:45:10,1.3399999999999999,gauge_height_ft,00065
2026-07-28 15:50:10,1.4300000000000002,gauge_height_ft,00065
2026-07-28 15:55:10,1.49,gauge_height_ft,00065
2026-07-28 16:00:10,1.54,gauge_height_ft,00065
2026-07-28 16:05:10,1.6,gauge_height_ft,00065
2026-07-28 16:10:10,1.7,gauge_height_ft,00065
2026-07-28 16:15:10,1.76,gauge_height_ft,00065
2026-07-28 16:20:10,1.83,gauge_height_ft,00065
2026-07-28 16:25:10,1.9,gauge_height_ft,00065
2026-07-28 16:30:10,1.96,gauge_height_ft,00065
2026-07-28 16:35:10,2.02,gauge_height_ft,00065
2026-07-28 16:40:10,2.1,gauge_height_ft,00065
2026-07-28 16:45:10,2.17,gauge_height_ft,00065
2026-07-28 16:50:10,2.24,gauge_height_ft,00065
2026-07-28 16:55:10,2.32,gauge_height_ft,00065
2026-07-28 17:00:10,2.37,gauge_height_ft,00065
2026-07-28 17:05:10,2.43,gauge_height_ft,00065
2026-07-28 17:10:10,2.51,gauge_height_ft,00065
2026-07-28 17:15:10,2.58,gauge_height_ft,00065
2026-07-28 17:20:10,2.64,gauge_height_ft,00065
2026-07-28 17:25:10,2.73,gauge_height_ft,00065
2026-07-28 17:30:10,2.82,gauge_height_ft,00065
2026-07-28 17:35:10,2.89,gauge_height_ft,00065
2026-07-28 17:40:10,2.9699999999999998,gauge_height_ft,00065
2026-07-28 17:45:10,3.04,gauge_height_ft,00065
2026-07-28 17:50:10,3.13,gauge_height_ft,00065
2026-07-28 17:55:10,3.2,gauge_height_ft,00065
2026-07-28 18:00:10,3.29,gauge_height_ft,00065
2026-07-28 18:05:10,3.35,gauge_height_ft,00065
2026-07-28 18:10:10,3.4299999999999997,gauge_height_ft,00065
2026-07-28 18:15:10,3.52,gauge_height_ft,00065
2026-07-28 18:20:10,3.59,gauge_height_ft,00065
2026-07-28 18:25:10,3.66,gauge_height_ft,00065
2026-07-28 18:30:10,3.75,gauge_height_ft,00065
2026-07-28 18:35:10,3.83,gauge_height_ft,00065
2026-07-28 18:40:10,3.9,gauge_height_ft,00065
2026-07-28 18:45:10,3.98,gauge_height_ft,00065
2026-07-28 18:50:10,4.05,gauge_height_ft,00065
2026-07-28 18:55:10,4.12,gauge_height_ft,00065
2026-07-28 19:00:10,4.2,gauge_height_ft,00065
2026-07-28 19:05:10,4.26,gauge_height_ft,00065
2026-07-28 19:10:10,4.32,gauge_height_ft,00065
2026-07-28 19:15:10,4.4,gauge_height_ft,00065
2026-07-28 19:20:10,4.470000000000001,gauge_height_ft,00065
2026-07-28 19:25:10,4.529999999999999,gauge_height_ft,00065
2026-07-28 19:30:10,4.59,gauge_height_ft,00065
2026-07-28 19:35:10,4.65,gauge_height_ft,00065
2026-07-28 19:40:10,4.720000000000001,gauge_height_ft,00065
2026-07-28 19:45:10,4.779999999999999,gauge_height_ft,00065
2026-07-28 19:50:10,4.83,gauge_height_ft,00065
2026-07-28 19:55:10,4.87,gauge_height_ft,00065
2026-07-28 20:00:10,4.92,gauge_height_ft,00065
2026-07-28 20:05:10,4.96,gauge_height_ft,00065
2026-07-28 20:10:10,4.98,gauge_height_ft,00065
2026-07-28 20:15:10,5.01,gauge_height_ft,00065
2026-07-28 20:20:10,5.01,gauge_height_ft,00065
2026-07-28 20:25:10,5.01,gauge_height_ft,00065
2026-07-28 20:30:10,5.02,gauge_height_ft,00065
2026-07-28 20:35:10,5.01,gauge_height_ft,00065
2026-07-28 20:40:10,4.970000000000001,gauge_height_ft,00065
2026-07-28 20:45:10,4.95,gauge_height_ft,00065
2026-07-28 20:50:10,4.9,gauge_height_ft,00065
2026-07-28 20:55:10,4.859999999999999,gauge_height_ft,00065
2026-07-28 21:00:10,4.83,gauge_height_ft,00065
2026-07-28 21:05:10,4.75,gauge_height_ft,00065
2026-07-28 21:10:10,4.73,gauge_height_ft,00065
2026-07-28 21:15:10,4.68,gauge_height_ft,00065
2026-07-28 21:20:10,4.609999999999999,gauge_height_ft,00065
2026-07-28 21:25:10,4.55,gauge_height_ft,00065
2026-07-28 21:30:10,4.49,gauge_height_ft,00065
2026-07-28 21:35:10,4.41,gauge_height_ft,00065
2026-07-28 21:40:10,4.35,gauge_height_ft,00065
2026-07-28 21:45:10,4.29,gauge_height_ft,00065
2026-07-28 21:50:10,4.23,gauge_height_ft,00065
2026-07-28 21:55:10,4.1899999999999995,gauge_height_ft,00065
2026-07-28 22:00:10,4.1,gauge_height_ft,00065
2026-07-28 22:05:10,4.02,gauge_height_ft,00065
2026-07-28 22:10:10,3.95,gauge_height_ft,00065
2026-07-28 22:15:10,3.88,gauge_height_ft,00065
2026-07-28 22:20:10,3.81,gauge_height_ft,00065
2026-07-28 22:25:10,3.74,gauge_height_ft,00065
2026-07-28 22:30:10,3.6799999999999997,gauge_height_ft,00065
2026-07-28 22:35:10,3.62,gauge_height_ft,00065
2026-07-28 22:40:10,3.55,gauge_height_ft,00065
2026-07-28 22:45:10,3.48,gauge_height_ft,00065
2026-07-28 22:50:10,3.42,gauge_height_ft,00065
2026-07-28 22:55:10,3.37,gauge_height_ft,00065
2026-07-28 23:00:10,3.29,gauge_height_ft,00065
2026-07-28 23:05:10,3.2199999999999998,gauge_height_ft,00065
2026-07-28 23:10:10,3.16,gauge_height_ft,00065
2026-07-28 23:15:10,3.1,gauge_height_ft,00065
2026-07-28 23:20:10,3.04,gauge_height_ft,00065
2026-07-28 23:25:10,2.98,gauge_height_ft,00065
2026-07-28 23:30:10,2.91,gauge_height_ft,00065
2026-07-28 23:35:10,2.84,gauge_height_ft,00065
2026-07-28 23:40:10,2.79,gauge_height_ft,00065
2026-07-28 23:45:10,2.73,gauge_height_ft,00065
2026-07-28 23:50:10,2.68,gauge_height_ft,00065
2026-07-28 23:55:10,2.61,gauge_height_ft,00065
2026-07-29 00:00:10,2.55,gauge_height_ft,00065
2026-07-29 00:05:10,2.48,gauge_height_ft,00065
2026-07-29 00:10:10,2.41,gauge_height_ft,00065
2026-07-29 00:15:10,2.36,gauge_height_ft,00065
2026-07-29 00:20:10,2.29,gauge_height_ft,00065
2026-07-29 00:25:10,2.24,gauge_height_ft,00065
2026-07-29 00:30:10,2.17,gauge_height_ft,00065
2026-07-29 00:35:10,2.11,gauge_height_ft,00065
2026-07-29 00:40:10,2.04,gauge_height_ft,00065
2026-07-29 00:45:10,1.97,gauge_height_ft,00065
2026-07-29 00:50:10,1.91,gauge_height_ft,00065
2026-07-29 00:55:10,1.83,gauge_height_ft,00065
2026-07-29 01:00:10,1.76,gauge_height_ft,00065
2026-07-29 01:05:10,1.68,gauge_height_ft,00065
2026-07-29 01:10:10,1.63,gauge_height_ft,00065
2026-07-29 01:15:10,1.57,gauge_height_ft,00065
2026-07-29 01:20:10,1.51,gauge_height_ft,00065
2026-07-29 01:25:10,1.4300000000000002,gauge_height_ft,00065
2026-07-29 01:30:10,1.37,gauge_height_ft,00065
2026-07-29 01:35:10,1.3,gauge_height_ft,00065
2026-07-29 01:40:10,1.24,gauge_height_ft,00065
2026-07-29 01:45:10,1.1800000000000002,gauge_height_ft,00065
2026-07-29 01:50:10,1.12,gauge_height_ft,00065
2026-07-29 01:55:10,1.08,gauge_height_ft,00065
2026-07-29 02:00:10,1.03,gauge_height_ft,00065
2026-07-29 02:05:10,0.98,gauge_height_ft,00065
2026-07-29 02:10:10,0.9299999999999999,gauge_height_ft,00065
2026-07-29 02:15:10,0.8999999999999999,gauge_height_ft,00065
2026-07-29 02:20:10,0.8500000000000001,gauge_height_ft,00065
2026-07-29 02:25:10,0.81,gauge_height_ft,00065
2026-07-29 02:30:10,0.78,gauge_height_ft,00065
2026-07-29 02:35:10,0.75,gauge_height_ft,00065
2026-07-29 02:40:10,0.71,gauge_height_ft,00065
2026-07-29 02:45:10,0.69,gauge_height_ft,00065
2026-07-29 02:50:10,0.6799999999999999,gauge_height_ft,00065
2026-07-29 02:55:10,0.6599999999999999,gauge_height_ft,00065
2026-07-29 03:00:10,0.6299999999999999,gauge_height_ft,00065
2026-07-29 03:05:10,0.5900000000000001,gauge_height_ft,00065
2026-07-29 03:10:10,0.5700000000000001,gauge_height_ft,00065
2026-07-29 03:15:10,0.5700000000000001,gauge_height_ft,00065
2026-07-29 03:20:10,0.5700000000000001,gauge_height_ft,00065
2026-07-29 03:25:10,0.5900000000000001,gauge_height_ft,00065
2026-07-29 03:30:10,0.6200000000000001,gauge_height_ft,00065
2026-07-29 03:35:10,0.6599999999999999,gauge_height_ft,00065
2026-07-29 03:40:10,0.6799999999999999,gauge_height_ft,00065
2026-07-29 03:45:10,0.6799999999999999,gauge_height_ft,00065
2026-07-29 03:50:10,0.6799999999999999,gauge_height_ft,00065
2026-07-29 03:55:10,0.74,gauge_height_ft,00065
2026-07-29 04:00:10,0.81,gauge_height_ft,00065
2026-07-29 04:05:10,0.8899999999999999,gauge_height_ft,00065
2026-07-29 04:10:10,0.95,gauge_height_ft,00065
2026-07-29 04:15:10,0.99,gauge_height_ft,00065
2026-07-29 04:20:10,1.04,gauge_height_ft,00065
2026-07-29 04:25:10,1.0899999999999999,gauge_height_ft,00065
2026-07-29 04:30:10,1.15,gauge_height_ft,00065
2026-07-29 04:35:10,1.2,gauge_height_ft,00065
2026-07-29 04:40:10,1.22,gauge_height_ft,00065
2026-07-29 04:45:10,1.26,gauge_height_ft,00065
2026-07-29 04:50:10,1.29,gauge_height_ft,00065
2026-07-29 04:55:10,1.35,gauge_height_ft,00065
2026-07-29 05:00:10,1.42,gauge_height_ft,00065
2026-07-29 05:05:10,1.48,gauge_height_ft,00065
2026-07-29 05:10:10,1.53,gauge_height_ft,00065
2026-07-29 05:15:10,1.57,gauge_height_ft,00065
2026-07-29 05:20:10,1.6099999999999999,gauge_height_ft,00065
2026-07-29 05:25:10,1.69,gauge_height_ft,00065
2026-07-29 05:30:10,1.75,gauge_height_ft,00065
2026-07-29 05:35:10,1.76,gauge_height_ft,00065
2026-07-29 05:40:10,1.79,gauge_height_ft,00065
2026-07-29 05:45:10,1.82,gauge_height_ft,00065
2026-07-29 05:50:10,1.9,gauge_height_ft,00065
2026-07-29 05:55:10,1.97,gauge_height_ft,00065
2026-07-29 06:00:10,2.06,gauge_height_ft,00065
2026-07-29 06:05:10,2.15,gauge_height_ft,00065
2026-07-29 06:10:10,2.24,gauge_height_ft,00065
2026-07-29 06:15:10,2.3,gauge_height_ft,00065
2026-07-29 06:20:10,2.34,gauge_height_ft,00065
2026-07-29 06:25:10,2.37,gauge_height_ft,00065
2026-07-29 06:30:10,2.41,gauge_height_ft,00065
2026-07-29 06:35:10,2.49,gauge_height_ft,00065
2026-07-29 06:40:10,2.56,gauge_height_ft,00065
2026-07-29 06:45:10,2.63,gauge_height_ft,00065
2026-07-29 06:50:10,2.71,gauge_height_ft,00065
2026-07-29 06:55:10,2.7800000000000002,gauge_height_ft,00065
2026-07-29 07:00:10,2.84,gauge_height_ft,00065
2026-07-29 07:05:10,2.9,gauge_height_ft,00065
2026-07-29 07:10:10,2.95,gauge_height_ft,00065
2026-07-29 07:15:10,3.0,gauge_height_ft,00065
2026-07-29 07:20:10,3.02,gauge_height_ft,00065
2026-07-29 07:25:10,3.01,gauge_height_ft,00065
2026-07-29 07:30:10,3.0300000000000002,gauge_height_ft,00065
2026-07-29 07:35:10,3.1100000000000003,gauge_height_ft,00065
2026-07-29 07:40:10,3.19,gauge_height_ft,00065
2026-07-29 07:45:10,3.26,gauge_height_ft,00065
2026-07-29 07:50:10,3.3,gauge_height_ft,00065
2026-07-29 07:55:10,3.33,gauge_height_ft,00065
2026-07-29 08:00:10,3.38,gauge_height_ft,00065
2026-07-29 08:05:10,3.42,gauge_height_ft,00065
2026-07-29 08:10:10,3.46,gauge_height_ft,00065
2026-07-29 08:15:10,3.51,gauge_height_ft,00065
2026-07-29 08:20:10,3.54,gauge_height_ft,00065
2026-07-29 08:25:10,3.5700000000000003,gauge_height_ft,00065
2026-07-29 08:30:10,3.5700000000000003,gauge_height_ft,00065
2026-07-29 08:35:10,3.58,gauge_height_ft,00065
2026-07-29 08:40:10,3.55,gauge_height_ft,00065
2026-07-29 08:45:10,3.59,gauge_height_ft,00065
2026-07-29 08:50:10,3.63,gauge_height_ft,00065
2026-07-29 08:55:10,3.6100000000000003,gauge_height_ft,00065
2026-07-29 09:00:10,3.58,gauge_height_ft,00065
2026-07-29 09:05:10,3.55,gauge_height_ft,00065
2026-07-29 09:10:10,3.54,gauge_height_ft,00065
2026-07-29 09:15:10,3.51,gauge_height_ft,00065
2026-07-29 09:20:10,3.48,gauge_height_ft,00065
2026-07-29 09:25:10,3.42,gauge_height_ft,00065
2026-07-29 09:30:10,3.35,gauge_height_ft,00065
2026-07-29 09:35:10,3.33,gauge_height_ft,00065
2026-07-29 09:40:10,3.29,gauge_height_ft,00065
2026-07-29 09:45:10,3.23,gauge_height_ft,00065
2026-07-29 09:50:10,3.17,gauge_height_ft,00065
2026-07-29 09:55:10,3.1399999999999997,gauge_height_ft,00065
2026-07-29 10:00:10,3.13,gauge_height_ft,00065
2026-07-29 10:05:10,3.09,gauge_height_ft,00065
2026-07-29 10:10:10,3.04,gauge_height_ft,00065
2026-07-29 10:15:10,2.9699999999999998,gauge_height_ft,00065
2026-07-29 10:20:10,2.9,gauge_height_ft,00065
2026-07-29 10:25:10,2.87,gauge_height_ft,00065
2026-07-29 10:30:10,2.82,gauge_height_ft,00065
2026-07-29 10:35:10,2.75,gauge_height_ft,00065
2026-07-29 10:40:10,2.7199999999999998,gauge_height_ft,00065
2026-07-29 10:45:10,2.66,gauge_height_ft,00065
2026-07-29 10:50:10,2.62,gauge_height_ft,00065
2026-07-29 10:55:10,2.57,gauge_height_ft,00065
2026-07-29 11:00:10,2.5300000000000002,gauge_height_ft,00065
2026-07-29 11:05:10,2.5,gauge_height_ft,00065
2026-07-29 11:10:10,2.45,gauge_height_ft,00065
2026-07-29 11:15:10,2.39,gauge_height_ft,00065
2026-07-29 11:20:10,2.31,gauge_height_ft,00065
2026-07-29 11:25:10,2.26,gauge_height_ft,00065
2026-07-29 11:30:10,2.23,gauge_height_ft,00065
2026-07-29 11:35:10,2.18,gauge_height_ft,00065
2026-07-29 11:40:10,2.14,gauge_height_ft,00065
2026-07-29 11:50:10,2.0,gauge_height_ft,00065
2026-07-29 11:55:10,1.94,gauge_height_ft,00065
2026-07-29 12:00:10,1.88,gauge_height_ft,00065
2026-07-29 12:05:10,1.83,gauge_height_ft,00065
2026-07-29 12:10:10,1.75,gauge_height_ft,00065
2026-07-29 12:15:10,1.68,gauge_height_ft,00065
2026-07-29 12:20:10,1.63,gauge_height_ft,00065
2026-07-29 12:25:10,1.6,gauge_height_ft,00065
2026-07-29 12:30:10,1.54,gauge_height_ft,00065
2026-07-29 12:35:10,1.48,gauge_height_ft,00065
2026-07-29 12:40:10,1.42,gauge_height_ft,00065
2026-07-29 12:45:10,1.35,gauge_height_ft,00065
2026-07-29 12:50:10,1.29,gauge_height_ft,00065
2026-07-29 12:55:10,1.27,gauge_height_ft,00065
2026-07-29 13:00:10,1.25,gauge_height_ft,00065
2026-07-29 13:05:10,1.21,gauge_height_ft,00065
2026-07-29 13:10:10,1.1800000000000002,gauge_height_ft,00065
2026-07-29 13:15:10,1.13,gauge_height_ft,00065
2026-07-29 13:20:10,1.0699999999999998,gauge_height_ft,00065
2026-07-29 13:25:10,1.01,gauge_height_ft,00065
2026-07-29 13:30:10,0.98,gauge_height_ft,00065
2026-07-29 13:35:10,0.9099999999999999,gauge_height_ft,00065
2026-07-29 13:40:10,0.8600000000000001,gauge_height_ft,00065
2026-07-29 13:50:10,0.77,gauge_height_ft,00065
2026-07-29 13:55:10,0.7,gauge_height_ft,00065
2026-07-29 14:00:10,0.69,gauge_height_ft,00065
2026-07-29 14:05:10,0.6499999999999999,gauge_height_ft,00065
2026-07-29 14:10:10,0.6000000000000001,gauge_height_ft,00065
2026-07-29 14:15:10,0.53,gauge_height_ft,00065
2026-07-29 14:20:10,0.48,gauge_height_ft,00065
2026-07-29 14:25:10,0.45999999999999996,gauge_height_ft,00065
2026-07-29 14:30:10,0.45999999999999996,gauge_height_ft,00065
2026-07-29 14:35:10,0.48,gauge_height_ft,00065
2026-07-29 14:40:10,0.48,gauge_height_ft,00065
2026-07-29 14:45:10,0.44999999999999996,gauge_height_ft,00065
2026-07-29 14:50:10,0.45999999999999996,gauge_height_ft,00065
2026-07-29 14:55:10,0.47,gauge_height_ft,00065
2026-07-29 15:00:10,0.5700000000000001,gauge_height_ft,00065
2026-07-29 15:05:10,0.6299999999999999,gauge_height_ft,00065
2026-07-29 15:10:10,0.69,gauge_height_ft,00065
2026-07-29 15:15:10,0.71,gauge_height_ft,00065
2026-07-29 15:20:10,0.73,gauge_height_ft,00065
2026-07-29 15:25:10,0.76,gauge_height_ft,00065
2026-07-29 15:30:10,0.8200000000000001,gauge_height_ft,00065
2026-07-29 15:35:10,0.8899999999999999,gauge_height_ft,00065
2026-07-29 15:40:10,0.8999999999999999,gauge_height_ft,00065
2026-07-29 15:45:10,0.95,gauge_height_ft,00065
2026-07-29 15:50:10,1.0,gauge_height_ft,00065
2026-07-29 15:55:10,1.02,gauge_height_ft,00065
2026-07-29 16:00:10,1.1,gauge_height_ft,00065
2026-07-29 16:05:10,1.15,gauge_height_ft,00065
2026-07-29 16:10:10,1.19,gauge_height_ft,00065
2026-07-29 16:15:10,1.21,gauge_height_ft,00065
2026-07-29 16:20:10,1.29,gauge_height_ft,00065
2026-07-29 16:25:10,1.3399999999999999,gauge_height_ft,00065
2026-07-29 16:30:10,1.4100000000000001,gauge_height_ft,00065
2026-07-29 16:35:10,1.52,gauge_height_ft,00065
2026-07-29 16:40:10,1.56,gauge_height_ft,00065
2026-07-29 16:45:10,1.6,gauge_height_ft,00065
2026-07-29 16:50:10,1.66,gauge_height_ft,00065
2026-07-29 16:55:10,1.74,gauge_height_ft,00065
2026-07-29 17:00:10,1.78,gauge_height_ft,00065
2026-07-29 17:10:10,1.87,gauge_height_ft,00065
2026-07-29 17:15:10,1.99,gauge_height_ft,00065
2026-07-29 17:20:10,2.08,gauge_height_ft,00065
2026-07-29 17:25:10,2.16,gauge_height_ft,00065
2026-07-29 17:30:10,2.25,gauge_height_ft,00065
2026-07-29 17:35:10,2.32,gauge_height_ft,00065
2026-07-29 17:40:10,2.39,gauge_height_ft,00065
2026-07-29 17:45:10,2.52,gauge_height_ft,00065
2026-07-29 17:50:10,2.58,gauge_height_ft,00065
2026-07-29 17:55:10,2.67,gauge_height_ft,00065
2026-07-29 18:00:10,2.74,gauge_height_ft,00065
2026-07-29 18:05:10,2.82,gauge_height_ft,00065
2026-07-29 18:10:10,2.91,gauge_height_ft,00065
2026-07-29 18:15:10,2.99,gauge_height_ft,00065
2026-07-29 18:20:10,3.06,gauge_height_ft,00065
2026-07-29 18:25:10,3.13,gauge_height_ft,00065
2026-07-29 18:30:10,3.1799999999999997,gauge_height_ft,00065
2026-07-29 18:35:10,3.27,gauge_height_ft,00065
2026-07-29 18:40:10,3.3600000000000003,gauge_height_ft,00065
2026-07-29 18:45:10,3.44,gauge_height_ft,00065
2026-07-29 18:50:10,3.52,gauge_height_ft,00065
2026-07-29 18:55:10,3.6100000000000003,gauge_height_ft,00065
2026-07-29 19:00:10,3.69,gauge_height_ft,00065
2026-07-29 19:05:10,3.77,gauge_height_ft,00065
2026-07-29 19:10:10,3.85,gauge_height_ft,00065
2026-07-29 19:15:10,3.94,gauge_height_ft,00065
2026-07-29 19:20:10,4.02,gauge_height_ft,00065
2026-07-29 19:25:10,4.1,gauge_height_ft,00065
2026-07-29 19:30:10,4.18,gauge_height_ft,00065
2026-07-29 19:35:10,4.26,gauge_height_ft,00065
2026-07-29 19:40:10,4.33,gauge_height_ft,00065
2026-07-29 19:45:10,4.4,gauge_height_ft,00065
2026-07-29 19:50:10,4.470000000000001,gauge_height_ft,00065
2026-07-29 19:55:10,4.54,gauge_height_ft,00065
2026-07-29 20:00:10,4.6,gauge_height_ft,00065
2026-07-29 20:05:10,4.65,gauge_height_ft,00065
2026-07-29 20:10:10,4.71,gauge_height_ft,00065
2026-07-29 20:15:10,4.77,gauge_height_ft,00065
2026-07-29 20:20:10,4.8100000000000005,gauge_height_ft,00065
2026-07-29 20:25:10,4.859999999999999,gauge_height_ft,00065
2026-07-29 20:30:10,4.9,gauge_height_ft,00065
2026-07-29 20:35:10,4.9399999999999995,gauge_height_ft,00065
2026-07-29 20:40:10,4.970000000000001,gauge_height_ft,00065
2026-07-29 20:45:10,5.0,gauge_height_ft,00065
2026-07-29 20:50:10,5.029999999999999,gauge_height_ft,00065
2026-07-29 20:55:10,5.05,gauge_height_ft,00065
2026-07-29 21:00:10,5.07,gauge_height_ft,00065
2026-07-29 21:05:10,5.07,gauge_height_ft,00065
2026-07-29 21:10:10,5.07,gauge_height_ft,00065
2026-07-29 21:15:10,5.029999999999999,gauge_height_ft,00065
2026-07-29 21:20:10,4.99,gauge_height_ft,00065
2026-07-29 21:25:10,4.96,gauge_height_ft,00065
2026-07-29 21:30:10,4.890000000000001,gauge_height_ft,00065
2026-07-29 21:35:10,4.85,gauge_height_ft,00065
2026-07-29 21:40:10,4.82,gauge_height_ft,00065
2026-07-29 21:45:10,4.77,gauge_height_ft,00065
2026-07-29 21:50:10,4.71,gauge_height_ft,00065
2026-07-29 21:55:10,4.65,gauge_height_ft,00065
2026-07-29 22:00:10,4.62,gauge_height_ft,00065
2026-07-29 22:05:10,4.5600000000000005,gauge_height_ft,00065
2026-07-29 22:10:10,4.49,gauge_height_ft,00065
2026-07-29 22:15:10,4.45,gauge_height_ft,00065
2026-07-29 22:20:10,4.390000000000001,gauge_height_ft,00065
2026-07-29 22:25:10,4.33,gauge_height_ft,00065
2026-07-29 22:30:10,4.27,gauge_height_ft,00065
2026-07-29 22:35:10,4.21,gauge_height_ft,00065
2026-07-29 22:40:10,4.15,gauge_height_ft,00065
2026-07-29 22:45:10,4.07,gauge_height_ft,00065
2026-07-29 22:50:10,4.01,gauge_height_ft,00065
2026-07-29 22:55:10,3.94,gauge_height_ft,00065
2026-07-29 23:00:10,3.88,gauge_height_ft,00065
2026-07-29 23:05:10,3.8200000000000003,gauge_height_ft,00065
2026-07-29 23:10:10,3.75,gauge_height_ft,00065
2026-07-29 23:15:10,3.7,gauge_height_ft,00065
2026-07-29 23:20:10,3.63,gauge_height_ft,00065
2026-07-29 23:25:10,3.55,gauge_height_ft,00065
2026-07-29 23:30:10,3.46,gauge_height_ft,00065
2026-07-29 23:35:10,3.4,gauge_height_ft,00065
2026-07-29 23:40:10,3.33,gauge_height_ft,00065
2026-07-29 23:45:10,3.25,gauge_height_ft,00065
2026-07-29 23:50:10,3.19,gauge_height_ft,00065
2026-07-29 23:55:10,3.1399999999999997,gauge_height_ft,00065
2026-07-30 00:00:10,3.0700000000000003,gauge_height_ft,00065
2026-07-30 00:05:10,2.99,gauge_height_ft,00065
2026-07-30 00:10:10,2.93,gauge_height_ft,00065
2026-07-30 00:15:10,2.88,gauge_height_ft,00065
2026-07-30 00:20:10,2.83,gauge_height_ft,00065
2026-07-30 00:25:10,2.76,gauge_height_ft,00065
2026-07-30 00:30:10,2.7,gauge_height_ft,00065
2026-07-30 00:35:10,2.64,gauge_height_ft,00065
2026-07-30 00:40:10,2.54,gauge_height_ft,00065
2026-07-30 00:45:10,2.48,gauge_height_ft,00065
2026-07-30 00:50:10,2.4,gauge_height_ft,00065
2026-07-30 00:55:10,2.33,gauge_height_ft,00065
2026-07-30 01:00:10,2.25,gauge_height_ft,00065
2026-07-30 01:05:10,2.17,gauge_height_ft,00065
2026-07-30 01:10:10,2.12,gauge_height_ft,00065
2026-07-30 01:15:10,2.03,gauge_height_ft,00065
2026-07-30 01:20:10,1.97,gauge_height_ft,00065
2026-07-30 01:25:10,1.88,gauge_height_ft,00065
2026-07-30 01:30:10,1.82,gauge_height_ft,00065
2026-07-30 01:35:10,1.77,gauge_height_ft,00065
2026-07-30 01:40:10,1.69,gauge_height_ft,00065
2026-07-30 01:45:10,1.6099999999999999,gauge_height_ft,00065
2026-07-30 01:50:10,1.53,gauge_height_ft,00065
2026-07-30 01:55:10,1.47,gauge_height_ft,00065
2026-07-30 02:00:10,1.4100000000000001,gauge_height_ft,00065
2026-07-30 02:05:10,1.35,gauge_height_ft,00065
2026-07-30 02:10:10,1.28,gauge_height_ft,00065
2026-07-30 02:15:10,1.22,gauge_height_ft,00065
2026-07-30 02:20:10,1.15,gauge_height_ft,00065
2026-07-30 02:25:10,1.0899999999999999,gauge_height_ft,00065
2026-07-30 02:30:10,1.03,gauge_height_ft,00065
2026-07-30 02:35:10,0.98,gauge_height_ft,00065
2026-07-30 02:40:10,0.9299999999999999,gauge_height_ft,00065
2026-07-30 02:45:10,0.8899999999999999,gauge_height_ft,00065
2026-07-30 02:50:10,0.8300000000000001,gauge_height_ft,00065
2026-07-30 02:55:10,0.76,gauge_height_ft,00065
2026-07-30 03:00:10,0.7,gauge_height_ft,00065
2026-07-30 03:05:10,0.6499999999999999,gauge_height_ft,00065
2026-07-30 03:10:10,0.5900000000000001,gauge_height_ft,00065
2026-07-30 03:15:10,0.54,gauge_height_ft,00065
2026-07-30 03:20:10,0.51,gauge_height_ft,00065
2026-07-30 03:25:10,0.49,gauge_height_ft,00065
2026-07-30 03:30:10,0.49,gauge_height_ft,00065
2026-07-30 03:35:10,0.45999999999999996,gauge_height_ft,00065
2026-07-30 03:40:10,0.48,gauge_height_ft,00065
2026-07-30 03:45:10,0.5,gauge_height_ft,00065
2026-07-30 03:50:10,0.48,gauge_height_ft,00065
2026-07-30 03:55:10,0.51,gauge_height_ft,00065
2026-07-30 04:00:10,0.5700000000000001,gauge_height_ft,00065
2026-07-30 04:05:10,0.6100000000000001,gauge_height_ft,00065
2026-07-30 04:10:10,0.6799999999999999,gauge_height_ft,00065
2026-07-30 04:15:10,0.7,gauge_height_ft,00065
2026-07-30 04:20:10,0.69,gauge_height_ft,00065
2026-07-30 04:25:10,0.74,gauge_height_ft,00065
2026-07-30 04:30:10,0.8300000000000001,gauge_height_ft,00065
2026-07-30 04:35:10,0.8999999999999999,gauge_height_ft,00065
2026-07-30 04:40:10,0.98,gauge_height_ft,00065
2026-07-30 04:45:10,1.06,gauge_height_ft,00065
2026-07-30 04:50:10,1.12,gauge_height_ft,00065
2026-07-30 04:55:10,1.17,gauge_height_ft,00065
2026-07-30 05:00:10,1.22,gauge_height_ft,00065
2026-07-30 05:05:10,1.27,gauge_height_ft,00065
2026-07-30 05:10:10,1.3399999999999999,gauge_height_ft,00065
2026-07-30 05:15:10,1.4,gauge_height_ft,00065
2026-07-30 05:20:10,1.47,gauge_height_ft,00065
2026-07-30 05:25:10,1.52,gauge_height_ft,00065
2026-07-30 05:30:10,1.55,gauge_height_ft,00065
2026-07-30 05:35:10,1.56,gauge_height_ft,00065
2026-07-30 05:40:10,1.6,gauge_height_ft,00065
2026-07-30 05:45:10,1.6400000000000001,gauge_height_ft,00065
2026-07-30 05:50:10,1.68,gauge_height_ft,00065
2026-07-30 05:55:10,1.7,gauge_height_ft,00065
2026-07-30 06:00:10,1.75,gauge_height_ft,00065
2026-07-30 06:05:10,1.82,gauge_height_ft,00065
2026-07-30 06:10:10,1.91,gauge_height_ft,00065
2026-07-30 06:15:10,1.98,gauge_height_ft,00065
2026-07-30 06:20:10,2.04,gauge_height_ft,00065
2026-07-30 06:25:10,2.12,gauge_height_ft,00065
2026-07-30 06:30:10,2.18,gauge_height_ft,00065
2026-07-30 06:35:10,2.26,gauge_height_ft,00065
2026-07-30 06:40:10,2.35,gauge_height_ft,00065
2026-07-30 06:45:10,2.41,gauge_height_ft,00065
2026-07-30 06:50:10,2.4699999999999998,gauge_height_ft,00065
2026-07-30 06:55:10,2.51,gauge_height_ft,00065
2026-07-30 07:00:10,2.57,gauge_height_ft,00065
2026-07-30 07:05:10,2.66,gauge_height_ft,00065
2026-07-30 07:10:10,2.73,gauge_height_ft,00065
2026-07-30 07:15:10,2.79,gauge_height_ft,00065
2026-07-30 07:20:10,2.86,gauge_height_ft,00065
2026-07-30 07:25:10,2.91,gauge_height_ft,00065
2026-07-30 07:30:10,2.9699999999999998,gauge_height_ft,00065
2026-07-30 07:35:10,3.0300000000000002,gauge_height_ft,00065
2026-07-30 07:40:10,3.1,gauge_height_ft,00065
2026-07-30 07:45:10,3.13,gauge_height_ft,00065
2026-07-30 07:50:10,3.19,gauge_height_ft,00065
2026-07-30 07:55:10,3.25,gauge_height_ft,00065
2026-07-30 08:00:10,3.3,gauge_height_ft,00065
2026-07-30 08:05:10,3.35,gauge_height_ft,00065
2026-07-30 08:10:10,3.4,gauge_height_ft,00065
2026-07-30 08:15:10,3.45,gauge_height_ft,00065
2026-07-30 08:20:10,3.4699999999999998,gauge_height_ft,00065
2026-07-30 08:25:10,3.52,gauge_height_ft,00065
2026-07-30 08:30:10,3.58,gauge_height_ft,00065
2026-07-30 08:35:10,3.62,gauge_height_ft,00065
2026-07-30 08:40:10,3.6799999999999997,gauge_height_ft,00065
2026-07-30 08:45:10,3.73,gauge_height_ft,00065
2026-07-30 08:50:10,3.7800000000000002,gauge_height_ft,00065
2026-07-30 08:55:10,3.8200000000000003,gauge_height_ft,00065
2026-07-30 09:00:10,3.85,gauge_height_ft,00065
2026-07-30 09:05:10,3.88,gauge_height_ft,00065
2026-07-30 09:10:10,3.9,gauge_height_ft,00065
2026-07-30 09:15:10,3.9299999999999997,gauge_height_ft,00065
2026-07-30 09:20:10,3.94,gauge_height_ft,00065
2026-07-30 09:25:10,3.94,gauge_height_ft,00065
2026-07-30 09:30:10,3.92,gauge_height_ft,00065
2026-07-30 09:35:10,3.9299999999999997,gauge_height_ft,00065
2026-07-30 09:40:10,3.9,gauge_height_ft,00065
2026-07-30 09:45:10,3.92,gauge_height_ft,00065
2026-07-30 09:50:10,3.8899999999999997,gauge_height_ft,00065
2026-07-30 09:55:10,3.81,gauge_height_ft,00065
2026-07-30 10:00:10,3.7800000000000002,gauge_height_ft,00065
2026-07-30 10:05:10,3.7199999999999998,gauge_height_ft,00065
2026-07-30 10:10:10,3.6799999999999997,gauge_height_ft,00065
2026-07-30 10:15:10,3.59,gauge_height_ft,00065
2026-07-30 10:20:10,3.58,gauge_height_ft,00065
2026-07-30 10:25:10,3.5300000000000002,gauge_height_ft,00065
2026-07-30 10:30:10,3.5,gauge_height_ft,00065
2026-07-30 10:35:10,3.41,gauge_height_ft,00065
2026-07-30 10:40:10,3.35,gauge_height_ft,00065
2026-07-30 10:45:10,3.27,gauge_height_ft,00065
2026-07-30 10:50:10,3.24,gauge_height_ft,00065
2026-07-30 10:55:10,3.1799999999999997,gauge_height_ft,00065
2026-07-30 11:00:10,3.16,gauge_height_ft,00065
2026-07-30 11:05:10,3.1,gauge_height_ft,00065
2026-07-30 11:10:10,3.05,gauge_height_ft,00065
2026-07-30 11:15:10,3.02,gauge_height_ft,00065
2026-07-30 11:20:10,2.96,gauge_height_ft,00065
2026-07-30 11:25:10,2.92,gauge_height_ft,00065
2026-07-30 11:30:10,2.83,gauge_height_ft,00065
2026-07-30 11:35:10,2.79,gauge_height_ft,00065
2026-07-30 11:40:10,2.76,gauge_height_ft,00065
2026-07-30 11:45:10,2.7,gauge_height_ft,00065
2026-07-30 11:50:10,2.64,gauge_height_ft,00065
2026-07-30 11:55:10,2.56,gauge_height_ft,00065
2026-07-30 12:00:10,2.52,gauge_height_ft,00065
2026-07-30 12:05:10,2.46,gauge_height_ft,00065
2026-07-30 12:10:10,2.4,gauge_height_ft,00065
2026-07-30 12:15:10,2.31,gauge_height_ft,00065
2026-07-30 12:20:10,2.26,gauge_height_ft,00065
2026-07-30 12:25:10,2.18,gauge_height_ft,00065
2026-07-30 12:30:10,2.11,gauge_height_ft,00065
2026-07-30 12:35:10,2.06,gauge_height_ft,00065
2026-07-30 12:40:10,2.0,gauge_height_ft,00065
2026-07-30 12:45:10,1.94,gauge_height_ft,00065
2026-07-30 12:50:10,1.8599999999999999,gauge_height_ft,00065
2026-07-30 12:55:10,1.79,gauge_height_ft,00065
2026-07-30 13:00:10,1.74,gauge_height_ft,00065
2026-07-30 13:05:10,1.68,gauge_height_ft,00065
2026-07-30 13:10:10,1.62,gauge_height_ft,00065
2026-07-30 13:15:10,1.54,gauge_height_ft,00065
2026-07-30 13:20:10,1.48,gauge_height_ft,00065
2026-07-30 13:25:10,1.44,gauge_height_ft,00065
2026-07-30 13:30:10,1.38,gauge_height_ft,00065
2026-07-30 13:35:10,1.29,gauge_height_ft,00065
2026-07-30 13:40:10,1.24,gauge_height_ft,00065
2026-07-30 13:45:10,1.17,gauge_height_ft,00065
2026-07-30 13:50:10,1.1099999999999999,gauge_height_ft,00065
2026-07-30 13:55:10,1.06,gauge_height_ft,00065
2026-07-30 14:00:10,1.0,gauge_height_ft,00065
2026-07-30 14:05:10,0.9299999999999999,gauge_height_ft,00065
2026-07-30 14:10:10,0.8700000000000001,gauge_height_ft,00065
2026-07-30 14:15:10,0.79,gauge_height_ft,00065
2026-07-30 14:20:10,0.75,gauge_height_ft,00065
2026-07-30 14:25:10,0.69,gauge_height_ft,00065
2026-07-30 14:30:10,0.6399999999999999,gauge_height_ft,00065
2026-07-30 14:35:10,0.55,gauge_height_ft,00065
2026-07-30 14:40:10,0.53,gauge_height_ft,00065
2026-07-30 14:45:10,0.49,gauge_height_ft,00065
2026-07-30 14:50:10,0.49,gauge_height_ft,00065
2026-07-30 14:55:10,0.48,gauge_height_ft,00065
2026-07-30 15:00:10,0.44999999999999996,gauge_height_ft,00065
2026-07-30 15:05:10,0.42999999999999994,gauge_height_ft,00065
2026-07-30 15:10:10,0.4099999999999999,gauge_height_ft,00065
2026-07-30 15:15:10,0.3899999999999999,gauge_height_ft,00065
2026-07-30 15:20:10,0.3700000000000001,gauge_height_ft,00065
2026-07-30 15:25:10,0.4099999999999999,gauge_height_ft,00065
2026-07-30 15:30:10,0.47,gauge_height_ft,00065
2026-07-30 15:35:10,0.48,gauge_height_ft,00065
2026-07-30 15:40:10,0.5,gauge_height_ft,00065
2026-07-30 15:45:10,0.56,gauge_height_ft,00065
2026-07-30 15:50:10,0.5900000000000001,gauge_height_ft,00065
2026-07-30 15:55:10,0.6499999999999999,gauge_height_ft,00065
2026-07-30 16:00:10,0.72,gauge_height_ft,00065
2026-07-30 16:05:10,0.76,gauge_height_ft,00065
2026-07-30 16:10:10,0.81,gauge_height_ft,00065
2026-07-30 16:15:10,0.8300000000000001,gauge_height_ft,00065
2026-07-30 16:20:10,0.8799999999999999,gauge_height_ft,00065
2026-07-30 16:25:10,0.9199999999999999,gauge_height_ft,00065
2026-07-30 16:30:10,0.97,gauge_height_ft,00065
2026-07-30 16:35:10,1.01,gauge_height_ft,00065
2026-07-30 16:40:10,1.06,gauge_height_ft,00065
2026-07-30 16:45:10,1.1,gauge_height_ft,00065
2026-07-30 16:50:10,1.1600000000000001,gauge_height_ft,00065
2026-07-30 16:55:10,1.17,gauge_height_ft,00065
2026-07-30 17:00:10,1.23,gauge_height_ft,00065
2026-07-30 17:05:10,1.28,gauge_height_ft,00065
2026-07-30 17:10:10,1.3199999999999998,gauge_height_ft,00065
2026-07-30 17:15:10,1.37,gauge_height_ft,00065
2026-07-30 17:20:10,1.45,gauge_height_ft,00065
2026-07-30 17:25:10,1.5,gauge_height_ft,00065
2026-07-30 17:30:10,1.56,gauge_height_ft,00065
2026-07-30 17:35:10,1.6099999999999999,gauge_height_ft,00065
2026-07-30 17:40:10,1.69,gauge_height_ft,00065
2026-07-30 17:45:10,1.77,gauge_height_ft,00065
2026-07-30 17:50:10,1.85,gauge_height_ft,00065
2026-07-30 17:55:10,1.94,gauge_height_ft,00065
2026-07-30 18:00:10,2.03,gauge_height_ft,00065
2026-07-30 18:05:10,2.09,gauge_height_ft,00065
2026-07-30 18:10:10,2.17,gauge_height_ft,00065
2026-07-30 18:15:10,2.27,gauge_height_ft,00065
2026-07-30 18:20:10,2.36,gauge_height_ft,00065
2026-07-30 18:25:10,2.45,gauge_height_ft,00065
2026-07-30 18:30:10,2.52,gauge_height_ft,00065
2026-07-30 18:35:10,2.61,gauge_height_ft,00065
2026-07-30 18:40:10,2.7,gauge_height_ft,00065
2026-07-30 18:45:10,2.77,gauge_height_ft,00065
2026-07-30 18:50:10,2.84,gauge_height_ft,00065
2026-07-30 18:55:10,2.93,gauge_height_ft,00065
2026-07-30 19:00:10,3.02,gauge_height_ft,00065
2026-07-30 19:05:10,3.08,gauge_height_ft,00065
2026-07-30 19:10:10,3.17,gauge_height_ft,00065
2026-07-30 19:15:10,3.25,gauge_height_ft,00065
2026-07-30 19:20:10,3.3200000000000003,gauge_height_ft,00065
2026-07-30 19:25:10,3.41,gauge_height_ft,00065
2026-07-30 19:30:10,3.5,gauge_height_ft,00065
2026-07-30 19:35:10,3.58,gauge_height_ft,00065
2026-07-30 19:40:10,3.65,gauge_height_ft,00065
2026-07-30 19:45:10,3.74,gauge_height_ft,00065
2026-07-30 19:50:10,3.81,gauge_height_ft,00065
2026-07-30 19:55:10,3.88,gauge_height_ft,00065
2026-07-30 20:00:10,3.95,gauge_height_ft,00065
2026-07-30 20:05:10,4.01,gauge_height_ft,00065
2026-07-30 20:10:10,4.0600000000000005,gauge_height_ft,00065
2026-07-30 20:15:10,4.12,gauge_height_ft,00065
2026-07-30 20:20:10,4.17,gauge_height_ft,00065
2026-07-30 20:25:10,4.23,gauge_height_ft,00065
2026-07-30 20:30:10,4.279999999999999,gauge_height_ft,00065
2026-07-30 20:35:10,4.34,gauge_height_ft,00065
2026-07-30 20:40:10,4.4,gauge_height_ft,00065
2026-07-30 20:45:10,4.48,gauge_height_ft,00065
2026-07-30 20:50:10,4.52,gauge_height_ft,00065
2026-07-30 20:55:10,4.5600000000000005,gauge_height_ft,00065
2026-07-30 21:00:10,4.609999999999999,gauge_height_ft,00065
2026-07-30 21:05:10,4.67,gauge_height_ft,00065
2026-07-30 21:10:10,4.71,gauge_height_ft,00065
2026-07-30 21:15:10,4.720000000000001,gauge_height_ft,00065
2026-07-30 21:20:10,4.75,gauge_height_ft,00065
2026-07-30 21:25:10,4.779999999999999,gauge_height_ft,00065
2026-07-30 21:30:10,4.79,gauge_height_ft,00065
2026-07-30 21:35:10,4.77,gauge_height_ft,00065
2026-07-30 21:40:10,4.75,gauge_height_ft,00065
2026-07-30 21:45:10,4.74,gauge_height_ft,00065
2026-07-30 21:50:10,4.71,gauge_height_ft,00065
2026-07-30 21:55:10,4.66,gauge_height_ft,00065
2026-07-30 22:00:10,4.609999999999999,gauge_height_ft,00065
2026-07-30 22:05:10,4.58,gauge_height_ft,00065
2026-07-30 22:10:10,4.54,gauge_height_ft,00065
2026-07-30 22:15:10,4.470000000000001,gauge_height_ft,00065
2026-07-30 22:20:10,4.4399999999999995,gauge_height_ft,00065
2026-07-30 22:25:10,4.390000000000001,gauge_height_ft,00065
2026-07-30 22:30:10,4.37,gauge_height_ft,00065
2026-07-30 22:35:10,4.32,gauge_height_ft,00065
2026-07-30 22:40:10,4.25,gauge_height_ft,00065
2026-07-30 22:45:10,4.2,gauge_height_ft,00065
2026-07-30 22:50:10,4.1899999999999995,gauge_height_ft,00065
2026-07-30 22:55:10,4.13,gauge_height_ft,00065
2026-07-30 23:00:10,4.07,gauge_height_ft,00065
2026-07-30 23:05:10,4.01,gauge_height_ft,00065
2026-07-30 23:10:10,3.95,gauge_height_ft,00065
2026-07-30 23:15:10,3.91,gauge_height_ft,00065
2026-07-30 23:20:10,3.8600000000000003,gauge_height_ft,00065
2026-07-30 23:25:10,3.8,gauge_height_ft,00065
2026-07-30 23:30:10,3.7199999999999998,gauge_height_ft,00065
2026-07-30 23:35:10,3.67,gauge_height_ft,00065
2026-07-30 23:40:10,3.6100000000000003,gauge_height_ft,00065
2026-07-30 23:45:10,3.56,gauge_height_ft,00065
2026-07-30 23:50:10,3.5,gauge_height_ft,00065
2026-07-30 23:55:10,3.4299999999999997,gauge_height_ft,00065
2026-07-31 00:00:10,3.35,gauge_height_ft,00065
2026-07-31 00:05:10,3.31,gauge_height_ft,00065
2026-07-31 00:10:10,3.23,gauge_height_ft,00065
2026-07-31 00:15:10,3.16,gauge_height_ft,00065
2026-07-31 00:20:10,3.1,gauge_height_ft,00065
2026-07-31 00:25:10,3.0300000000000002,gauge_height_ft,00065
2026-07-31 00:30:10,2.95,gauge_height_ft,00065
2026-07-31 00:35:10,2.87,gauge_height_ft,00065
2026-07-31 00:40:10,2.8,gauge_height_ft,00065
2026-07-31 00:45:10,2.75,gauge_height_ft,00065
2026-07-31 00:50:10,2.69,gauge_height_ft,00065
2026-07-31 00:55:10,2.63,gauge_height_ft,00065
2026-07-31 01:00:10,2.54,gauge_height_ft,00065
2026-07-31 01:05:10,2.46,gauge_height_ft,00065
2026-07-31 01:10:10,2.4,gauge_height_ft,00065
2026-07-31 01:15:10,2.33,gauge_height_ft,00065
2026-07-31 01:20:10,2.27,gauge_height_ft,00065
2026-07-31 01:25:10,2.19,gauge_height_ft,00065
2026-07-31 01:30:10,2.11,gauge_height_ft,00065
2026-07-31 01:35:10,2.05,gauge_height_ft,00065
2026-07-31 01:40:10,1.96,gauge_height_ft,00065
2026-07-31 01:45:10,1.9,gauge_height_ft,00065
2026-07-31 01:50:10,1.84,gauge_height_ft,00065
2026-07-31 01:55:10,1.75,gauge_height_ft,00065
2026-07-31 02:00:10,1.69,gauge_height_ft,00065
2026-07-31 02:05:10,1.63,gauge_height_ft,00065
2026-07-31 02:10:10,1.55,gauge_height_ft,00065
2026-07-31 02:15:10,1.47,gauge_height_ft,00065
2026-07-31 02:20:10,1.4,gauge_height_ft,00065
2026-07-31 02:25:10,1.33,gauge_height_ft,00065
2026-07-31 02:30:10,1.26,gauge_height_ft,00065
2026-07-31 02:35:10,1.19,gauge_height_ft,00065
2026-07-31 02:40:10,1.1099999999999999,gauge_height_ft,00065
2026-07-31 02:45:10,1.05,gauge_height_ft,00065
2026-07-31 02:50:10,0.99,gauge_height_ft,00065
2026-07-31 02:55:10,0.9099999999999999,gauge_height_ft,00065
2026-07-31 03:00:10,0.8600000000000001,gauge_height_ft,00065
2026-07-31 03:05:10,0.79,gauge_height_ft,00065
2026-07-31 03:10:10,0.74,gauge_height_ft,00065
2026-07-31 03:15:10,0.6699999999999999,gauge_height_ft,00065
2026-07-31 03:20:10,0.6000000000000001,gauge_height_ft,00065
2026-07-31 03:25:10,0.54,gauge_height_ft,00065
2026-07-31 03:30:09,0.49,gauge_height_ft,00065
2026-07-31 03:35:10,0.42999999999999994,gauge_height_ft,00065
2026-07-31 03:40:10,0.42999999999999994,gauge_height_ft,00065
2026-07-31 03:45:10,0.3700000000000001,gauge_height_ft,00065
2026-07-31 03:50:10,0.33000000000000007,gauge_height_ft,00065
2026-07-31 03:55:10,0.29000000000000004,gauge_height_ft,00065
2026-07-31 04:00:10,0.26,gauge_height_ft,00065
2026-07-31 04:05:10,0.22999999999999998,gauge_height_ft,00065
2026-07-31 04:10:10,0.16999999999999993,gauge_height_ft,00065
2026-07-31 04:15:10,0.15999999999999992,gauge_height_ft,00065
2026-07-31 04:20:10,0.17999999999999994,gauge_height_ft,00065
2026-07-31 04:25:10,0.20999999999999996,gauge_height_ft,00065
2026-07-31 04:30:10,0.18999999999999995,gauge_height_ft,00065
2026-07-31 04:35:10,0.19999999999999996,gauge_height_ft,00065
2026-07-31 04:40:10,0.25,gauge_height_ft,00065
2026-07-31 04:45:10,0.31000000000000005,gauge_height_ft,00065
2026-07-31 04:50:10,0.3700000000000001,gauge_height_ft,00065
2026-07-31 04:55:10,0.42999999999999994,gauge_height_ft,00065
2026-07-31 05:00:10,0.5,gauge_height_ft,00065
2026-07-31 05:05:10,0.5700000000000001,gauge_height_ft,00065
2026-07-31 05:10:10,0.6299999999999999,gauge_height_ft,00065
2026-07-31 05:15:10,0.71,gauge_height_ft,00065
2026-07-31 05:20:10,0.76,gauge_height_ft,00065
2026-07-31 05:25:10,0.8300000000000001,gauge_height_ft,00065
2026-07-31 05:30:10,0.8899999999999999,gauge_height_ft,00065
2026-07-31 05:35:10,0.9299999999999999,gauge_height_ft,00065
2026-07-31 05:40:10,0.98,gauge_height_ft,00065
2026-07-31 05:45:10,1.05,gauge_height_ft,00065
2026-07-31 05:50:10,1.1099999999999999,gauge_height_ft,00065
2026-07-31 05:55:10,1.17,gauge_height_ft,00065
2026-07-31 06:00:10,1.2,gauge_height_ft,00065
2026-07-31 06:05:10,1.28,gauge_height_ft,00065
2026-07-31 06:10:10,1.35,gauge_height_ft,00065
2026-07-31 06:15:10,1.42,gauge_height_ft,00065
2026-07-31 06:20:10,1.48,gauge_height_ft,00065
2026-07-31 06:25:10,1.55,gauge_height_ft,00065
2026-07-31 06:30:10,1.62,gauge_height_ft,00065
2026-07-31 06:35:10,1.7,gauge_height_ft,00065
2026-07-31 06:40:10,1.76,gauge_height_ft,00065
2026-07-31 06:45:10,1.85,gauge_height_ft,00065
2026-07-31 06:50:10,1.94,gauge_height_ft,00065
2026-07-31 06:55:10,2.01,gauge_height_ft,00065
2026-07-31 07:00:10,2.08,gauge_height_ft,00065
2026-07-31 07:05:10,2.14,gauge_height_ft,00065
2026-07-31 07:10:10,2.19,gauge_height_ft,00065
2026-07-31 07:15:10,2.26,gauge_height_ft,00065
2026-07-31 07:20:10,2.33,gauge_height_ft,00065
2026-07-31 07:25:10,2.38,gauge_height_ft,00065
2026-07-31 07:30:10,2.45,gauge_height_ft,00065
2026-07-31 07:35:10,2.51,gauge_height_ft,00065
2026-07-31 07:40:10,2.57,gauge_height_ft,00065
2026-07-31 07:45:10,2.63,gauge_height_ft,00065
2026-07-31 07:50:10,2.69,gauge_height_ft,00065
2026-07-31 07:55:10,2.75,gauge_height_ft,00065
2026-07-31 08:00:10,2.81,gauge_height_ft,00065
2026-07-31 08:05:10,2.85,gauge_height_ft,00065
2026-07-31 08:10:10,2.91,gauge_height_ft,00065
2026-07-31 08:15:10,2.99,gauge_height_ft,00065
2026-07-31 08:20:10,3.04,gauge_height_ft,00065
2026-07-31 08:25:10,3.1,gauge_height_ft,00065
2026-07-31 08:30:10,3.16,gauge_height_ft,00065
2026-07-31 08:35:10,3.21,gauge_height_ft,00065
2026-07-31 08:40:10,3.27,gauge_height_ft,00065
2026-07-31 08:45:10,3.33,gauge_height_ft,00065
2026-07-31 08:50:10,3.38,gauge_height_ft,00065
2026-07-31 08:55:10,3.41,gauge_height_ft,00065
2026-07-31 09:00:10,3.45,gauge_height_ft,00065
2026-07-31 09:05:10,3.5,gauge_height_ft,00065
2026-07-31 09:10:10,3.5300000000000002,gauge_height_ft,00065
2026-07-31 09:15:10,3.5700000000000003,gauge_height_ft,00065
2026-07-31 09:20:10,3.6100000000000003,gauge_height_ft,00065
2026-07-31 09:25:10,3.63,gauge_height_ft,00065
2026-07-31 09:30:10,3.66,gauge_height_ft,00065
2026-07-31 09:35:10,3.69,gauge_height_ft,00065
2026-07-31 09:40:10,3.71,gauge_height_ft,00065
2026-07-31 09:45:10,3.74,gauge_height_ft,00065
2026-07-31 09:50:10,3.75,gauge_height_ft,00065
2026-07-31 09:55:10,3.77,gauge_height_ft,00065
2026-07-31 10:00:10,3.79,gauge_height_ft,00065
2026-07-31 10:05:10,3.81,gauge_height_ft,00065
2026-07-31 10:10:10,3.8,gauge_height_ft,00065
2026-07-31 10:15:10,3.79,gauge_height_ft,00065
2026-07-31 10:20:10,3.76,gauge_height_ft,00065
2026-07-31 10:25:10,3.7199999999999998,gauge_height_ft,00065
2026-07-31 10:30:10,3.6399999999999997,gauge_height_ft,00065
2026-07-31 10:35:10,3.6100000000000003,gauge_height_ft,00065
2026-07-31 10:40:10,3.5700000000000003,gauge_height_ft,00065
2026-07-31 10:45:10,3.51,gauge_height_ft,00065
2026-07-31 10:50:10,3.48,gauge_height_ft,00065
2026-07-31 10:55:10,3.4299999999999997,gauge_height_ft,00065
2026-07-31 11:00:10,3.4,gauge_height_ft,00065
2026-07-31 11:05:10,3.34,gauge_height_ft,00065
2026-07-31 11:10:10,3.27,gauge_height_ft,00065
2026-07-31 11:15:10,3.24,gauge_height_ft,00065
2026-07-31 11:20:10,3.1799999999999997,gauge_height_ft,00065
2026-07-31 11:25:10,3.1399999999999997,gauge_height_ft,00065
2026-07-31 11:30:10,3.1,gauge_height_ft,00065
2026-07-31 11:35:10,2.99,gauge_height_ft,00065
2026-07-31 11:40:10,2.9699999999999998,gauge_height_ft,00065
2026-07-31 11:45:10,2.92,gauge_height_ft,00065
2026-07-31 11:50:10,2.87,gauge_height_ft,00065
2026-07-31 11:55:10,2.77,gauge_height_ft,00065
2026-07-31 12:00:10,2.7199999999999998,gauge_height_ft,00065
2026-07-31 12:05:10,2.71,gauge_height_ft,00065
2026-07-31 12:10:10,2.63,gauge_height_ft,00065
2026-07-31 12:15:10,2.57,gauge_height_ft,00065
2026-07-31 12:20:10,2.51,gauge_height_ft,00065
2026-07-31 12:25:10,2.45,gauge_height_ft,00065
2026-07-31 12:30:10,2.38,gauge_height_ft,00065
2026-07-31 12:35:10,2.3,gauge_height_ft,00065
2026-07-31 12:40:10,2.25,gauge_height_ft,00065
2026-07-31 12:45:10,2.2,gauge_height_ft,00065
2026-07-31 12:50:10,2.13,gauge_height_ft,00065
2026-07-31 12:55:10,2.08,gauge_height_ft,00065
2026-07-31 13:00:10,2.04,gauge_height_ft,00065
2026-07-31 13:05:10,1.96,gauge_height_ft,00065
2026-07-31 13:10:10,1.91,gauge_height_ft,00065
2026-07-31 13:15:10,1.84,gauge_height_ft,00065
2026-07-31 13:20:10,1.75,gauge_height_ft,00065
2026-07-31 13:25:10,1.7,gauge_height_ft,00065
2026-07-31 13:30:10,1.68,gauge_height_ft,00065
2026-07-31 13:35:10,1.59,gauge_height_ft,00065
2026-07-31 13:45:10,1.45,gauge_height_ft,00065
2026-07-31 13:50:10,1.3599999999999999,gauge_height_ft,00065
2026-07-31 13:55:10,1.3,gauge_height_ft,00065
2026-07-31 14:00:10,1.24,gauge_height_ft,00065
2026-07-31 14:05:10,1.1600000000000001,gauge_height_ft,00065
2026-07-31 14:10:10,1.1099999999999999,gauge_height_ft,00065
2026-07-31 14:15:10,1.06,gauge_height_ft,00065
2026-07-31 14:20:10,0.94,gauge_height_ft,00065
2026-07-31 14:25:10,0.9099999999999999,gauge_height_ft,00065
2026-07-31 14:30:10,0.8600000000000001,gauge_height_ft,00065
2026-07-31 14:35:10,0.8,gauge_height_ft,00065
2026-07-31 14:40:10,0.71,gauge_height_ft,00065
2026-07-31 14:45:10,0.6499999999999999,gauge_height_ft,00065
2026-07-31 14:50:10,0.6100000000000001,gauge_height_ft,00065
2026-07-31 14:55:10,0.56,gauge_height_ft,00065
2026-07-31 15:00:10,0.48,gauge_height_ft,00065
2026-07-31 15:05:10,0.41999999999999993,gauge_height_ft,00065
2026-07-31 15:10:10,0.3899999999999999,gauge_height_ft,00065
2026-07-31 15:15:10,0.33000000000000007,gauge_height_ft,00065
2026-07-31 15:20:10,0.28,gauge_height_ft,00065
2026-07-31 15:25:10,0.24,gauge_height_ft,00065
2026-07-31 15:30:10,0.21999999999999997,gauge_height_ft,00065
2026-07-31 15:35:10,0.17999999999999994,gauge_height_ft,00065
2026-07-31 15:40:10,0.1399999999999999,gauge_height_ft,00065
2026-07-31 15:45:10,0.09000000000000008,gauge_height_ft,00065
2026-07-31 15:50:10,0.07000000000000006,gauge_height_ft,00065
2026-07-31 15:55:10,0.10000000000000009,gauge_height_ft,00065
2026-07-31 16:00:10,0.08000000000000007,gauge_height_ft,00065
2026-07-31 16:05:10,0.09000000000000008,gauge_height_ft,00065
2026-07-31 16:10:10,0.040000000000000036,gauge_height_ft,00065
2026-07-31 16:15:10,0.06000000000000005,gauge_height_ft,00065
2026-07-31 16:20:10,0.09000000000000008,gauge_height_ft,00065
2026-07-31 16:25:10,0.1200000000000001,gauge_height_ft,00065
2026-07-31 16:30:10,0.1499999999999999,gauge_height_ft,00065
2026-07-31 16:35:10,0.21999999999999997,gauge_height_ft,00065
2026-07-31 16:40:10,0.22999999999999998,gauge_height_ft,00065
2026-07-31 16:45:10,0.22999999999999998,gauge_height_ft,00065
2026-07-31 16:50:10,0.27,gauge_height_ft,00065
2026-07-31 16:55:10,0.32000000000000006,gauge_height_ft,00065
2026-07-31 17:00:10,0.3700000000000001,gauge_height_ft,00065
2026-07-31 17:05:10,0.42999999999999994,gauge_height_ft,00065
2026-07-31 17:10:10,0.47,gauge_height_ft,00065
2026-07-31 17:15:10,0.51,gauge_height_ft,00065
2026-07-31 17:20:10,0.6200000000000001,gauge_height_ft,00065
2026-07-31 17:25:10,0.6599999999999999,gauge_height_ft,00065
2026-07-31 17:30:10,0.71,gauge_height_ft,00065
2026-07-31 17:35:10,0.81,gauge_height_ft,00065
2026-07-31 17:40:10,0.8700000000000001,gauge_height_ft,00065
2026-07-31 17:45:10,0.9199999999999999,gauge_height_ft,00065
2026-07-31 17:50:10,0.99,gauge_height_ft,00065
2026-07-31 17:55:10,1.05,gauge_height_ft,00065
2026-07-31 18:00:10,1.1099999999999999,gauge_height_ft,00065
2026-07-31 18:05:10,1.19,gauge_height_ft,00065
2026-07-31 18:10:10,1.26,gauge_height_ft,00065
2026-07-31 18:15:10,1.3399999999999999,gauge_height_ft,00065
2026-07-31 18:20:10,1.4100000000000001,gauge_height_ft,00065
2026-07-31 18:25:10,1.5,gauge_height_ft,00065
2026-07-31 18:30:10,1.57,gauge_height_ft,00065
2026-07-31 18:35:10,1.65,gauge_height_ft,00065
2026-07-31 18:40:10,1.73,gauge_height_ft,00065
2026-07-31 18:45:10,1.82,gauge_height_ft,00065
2026-07-31 18:50:10,1.89,gauge_height_ft,00065
2026-07-31 18:55:10,2.0,gauge_height_ft,00065
2026-07-31 19:00:10,2.07,gauge_height_ft,00065
2026-07-31 19:05:10,2.15,gauge_height_ft,00065
2026-07-31 19:10:10,2.21,gauge_height_ft,00065
2026-07-31 19:15:10,2.3,gauge_height_ft,00065
2026-07-31 19:20:10,2.39,gauge_height_ft,00065
2026-07-31 19:25:10,2.42,gauge_height_ft,00065
2026-07-31 19:30:10,2.5300000000000002,gauge_height_ft,00065
2026-07-31 19:35:10,2.61,gauge_height_ft,00065
2026-07-31 19:40:10,2.69,gauge_height_ft,00065
2026-07-31 19:45:10,2.7800000000000002,gauge_height_ft,00065
2026-07-31 19:50:10,2.86,gauge_height_ft,00065
2026-07-31 19:55:10,2.92,gauge_height_ft,00065
2026-07-31 20:00:10,3.01,gauge_height_ft,00065
2026-07-31 20:05:10,3.1100000000000003,gauge_height_ft,00065
2026-07-31 20:10:10,3.17,gauge_height_ft,00065
2026-07-31 20:15:10,3.25,gauge_height_ft,00065
2026-07-31 20:20:10,3.3200000000000003,gauge_height_ft,00065
2026-07-31 20:25:10,3.4,gauge_height_ft,00065
2026-07-31 20:30:10,3.49,gauge_height_ft,00065
2026-07-31 20:35:10,3.54,gauge_height_ft,00065
2026-07-31 20:40:10,3.6100000000000003,gauge_height_ft,00065
2026-07-31 20:45:10,3.6799999999999997,gauge_height_ft,00065
2026-07-31 20:50:10,3.71,gauge_height_ft,00065
2026-07-31 20:55:10,3.79,gauge_height_ft,00065
2026-07-31 21:00:10,3.85,gauge_height_ft,00065
2026-07-31 21:05:10,3.92,gauge_height_ft,00065
2026-07-31 21:10:10,3.96,gauge_height_ft,00065
2026-07-31 21:15:10,4.01,gauge_height_ft,00065
2026-07-31 21:20:10,4.07,gauge_height_ft,00065
2026-07-31 21:25:10,4.109999999999999,gauge_height_ft,00065
2026-07-31 21:30:10,4.17,gauge_height_ft,00065
2026-07-31 21:35:10,4.220000000000001,gauge_height_ft,00065
2026-07-31 21:40:10,4.27,gauge_height_ft,00065
2026-07-31 21:45:10,4.3,gauge_height_ft,00065
2026-07-31 21:50:10,4.35,gauge_height_ft,00065
2026-07-31 21:55:10,4.4,gauge_height_ft,00065
2026-07-31 22:00:10,4.43,gauge_height_ft,00065
2026-07-31 22:05:10,4.4399999999999995,gauge_height_ft,00065
2026-07-31 22:10:10,4.46,gauge_height_ft,00065
2026-07-31 22:15:10,4.45,gauge_height_ft,00065
2026-07-31 22:20:10,4.48,gauge_height_ft,00065
2026-07-31 22:25:10,4.48,gauge_height_ft,00065
2026-07-31 22:30:10,4.470000000000001,gauge_height_ft,00065
2026-07-31 22:35:10,4.43,gauge_height_ft,00065
2026-07-31 22:40:10,4.390000000000001,gauge_height_ft,00065
2026-07-31 22:45:10,4.34,gauge_height_ft,00065
2026-07-31 22:50:10,4.32,gauge_height_ft,00065
2026-07-31 22:55:10,4.27,gauge_height_ft,00065
2026-07-31 23:00:10,4.23,gauge_height_ft,00065
2026-07-31 23:05:10,4.16,gauge_height_ft,00065
2026-07-31 23:10:10,4.109999999999999,gauge_height_ft,00065
2026-07-31 23:15:10,4.07,gauge_height_ft,00065
2026-07-31 23:20:10,4.02,gauge_height_ft,00065
2026-07-31 23:25:10,3.95,gauge_height_ft,00065
2026-07-31 23:30:10,3.91,gauge_height_ft,00065
2026-07-31 23:35:10,3.85,gauge_height_ft,00065
2026-07-31 23:40:10,3.8,gauge_height_ft,00065
2026-07-31 23:45:10,3.75,gauge_height_ft,00065
2026-07-31 23:50:10,3.7,gauge_height_ft,00065
2026-07-31 23:55:10,3.65,gauge_height_ft,00065
2026-08-01 00:00:10,3.6,gauge_height_ft,00065
2026-08-01 00:05:10,3.52,gauge_height_ft,00065
2026-08-01 00:10:10,3.4699999999999998,gauge_height_ft,00065
2026-08-01 00:15:10,3.42,gauge_height_ft,00065
2026-08-01 00:20:10,3.3600000000000003,gauge_height_ft,00065
2026-08-01 00:25:10,3.3,gauge_height_ft,00065
2026-08-01 00:30:10,3.25,gauge_height_ft,00065
2026-08-01 00:35:10,3.19,gauge_height_ft,00065
2026-08-01 00:40:10,3.1399999999999997,gauge_height_ft,00065
2026-08-01 00:45:10,3.08,gauge_height_ft,00065
2026-08-01 00:50:10,3.02,gauge_height_ft,00065
2026-08-01 00:55:10,2.95,gauge_height_ft,00065
2026-08-01 01:00:10,2.87,gauge_height_ft,00065
2026-08-01 01:05:10,2.7800000000000002,gauge_height_ft,00065
2026-08-01 01:10:10,2.71,gauge_height_ft,00065
2026-08-01 01:15:10,2.64,gauge_height_ft,00065
2026-08-01 01:20:10,2.58,gauge_height_ft,00065
2026-08-01 01:25:10,2.5,gauge_height_ft,00065
2026-08-01 01:30:10,2.43,gauge_height_ft,00065
2026-08-01 01:35:10,2.35,gauge_height_ft,00065
2026-08-01 01:40:10,2.2800000000000002,gauge_height_ft,00065
2026-08-01 01:45:10,2.21,gauge_height_ft,00065
2026-08-01 01:50:10,2.16,gauge_height_ft,00065
2026-08-01 01:55:10,2.07,gauge_height_ft,00065
2026-08-01 02:00:10,2.01,gauge_height_ft,00065
2026-08-01 02:05:10,1.92,gauge_height_ft,00065
2026-08-01 02:10:10,1.85,gauge_height_ft,00065
2026-08-01 02:15:10,1.77,gauge_height_ft,00065
2026-08-01 02:20:10,1.68,gauge_height_ft,00065
2026-08-01 02:25:10,1.62,gauge_height_ft,00065
2026-08-01 02:30:10,1.55,gauge_height_ft,00065
2026-08-01 02:35:10,1.48,gauge_height_ft,00065
2026-08-01 02:40:10,1.4,gauge_height_ft,00065
2026-08-01 02:45:10,1.3399999999999999,gauge_height_ft,00065
2026-08-01 02:50:10,1.25,gauge_height_ft,00065
2026-08-01 02:55:10,1.19,gauge_height_ft,00065
2026-08-01 03:00:10,1.1099999999999999,gauge_height_ft,00065
2026-08-01 03:05:10,1.05,gauge_height_ft,00065
2026-08-01 03:10:10,0.98,gauge_height_ft,00065
2026-08-01 03:15:10,0.9199999999999999,gauge_height_ft,00065
2026-08-01 03:20:10,0.8500000000000001,gauge_height_ft,00065
2026-08-01 03:25:10,0.79,gauge_height_ft,00065
2026-08-01 03:30:10,0.73,gauge_height_ft,00065
2026-08-01 03:35:10,0.6399999999999999,gauge_height_ft,00065
2026-08-01 03:40:10,0.56,gauge_height_ft,00065
2026-08-01 03:45:10,0.49,gauge_height_ft,00065
2026-08-01 03:50:10,0.41999999999999993,gauge_height_ft,00065
2026-08-01 03:55:10,0.3500000000000001,gauge_height_ft,00065
2026-08-01 04:00:10,0.29000000000000004,gauge_height_ft,00065
2026-08-01 04:05:10,0.22999999999999998,gauge_height_ft,00065
2026-08-01 04:10:10,0.17999999999999994,gauge_height_ft,00065
2026-08-01 04:15:10,0.1299999999999999,gauge_height_ft,00065
2026-08-01 04:20:10,0.10000000000000009,gauge_height_ft,00065
2026-08-01 04:25:10,0.09000000000000008,gauge_height_ft,00065
2026-08-01 04:30:10,0.10000000000000009,gauge_height_ft,00065
2026-08-01 04:35:10,0.10000000000000009,gauge_height_ft,00065
2026-08-01 04:40:10,0.09000000000000008,gauge_height_ft,00065
2026-08-01 04:45:10,0.050000000000000044,gauge_height_ft,00065
2026-08-01 04:50:10,0.030000000000000027,gauge_height_ft,00065
2026-08-01 04:55:10,0.09000000000000008,gauge_height_ft,00065
2026-08-01 05:00:10,0.10000000000000009,gauge_height_ft,00065
2026-08-01 05:05:10,0.1499999999999999,gauge_height_ft,00065
2026-08-01 05:10:10,0.17999999999999994,gauge_height_ft,00065
2026-08-01 05:15:10,0.26,gauge_height_ft,00065
2026-08-01 05:20:10,0.3600000000000001,gauge_height_ft,00065
2026-08-01 05:25:10,0.43999999999999995,gauge_height_ft,00065
2026-08-01 05:30:10,0.5,gauge_height_ft,00065
2026-08-01 05:35:10,0.52,gauge_height_ft,00065
2026-08-01 05:40:10,0.5800000000000001,gauge_height_ft,00065
2026-08-01 05:45:10,0.6299999999999999,gauge_height_ft,00065
2026-08-01 05:50:10,0.69,gauge_height_ft,00065
2026-08-01 05:55:10,0.73,gauge_height_ft,00065
2026-08-01 06:00:10,0.78,gauge_height_ft,00065
2026-08-01 06:05:10,0.8400000000000001,gauge_height_ft,00065
2026-08-01 06:10:10,0.8999999999999999,gauge_height_ft,00065
2026-08-01 06:15:10,0.96,gauge_height_ft,00065
2026-08-01 06:20:10,1.01,gauge_height_ft,00065
2026-08-01 06:25:10,1.08,gauge_height_ft,00065
2026-08-01 06:30:10,1.1400000000000001,gauge_height_ft,00065
2026-08-01 06:35:10,1.19,gauge_height_ft,00065
2026-08-01 06:40:10,1.26,gauge_height_ft,00065
2026-08-01 06:45:10,1.3199999999999998,gauge_height_ft,00065
2026-08-01 06:50:10,1.3900000000000001,gauge_height_ft,00065
2026-08-01 06:55:10,1.48,gauge_height_ft,00065
2026-08-01 07:00:10,1.53,gauge_height_ft,00065
2026-08-01 07:05:10,1.62,gauge_height_ft,00065
2026-08-01 07:10:10,1.71,gauge_height_ft,00065
2026-08-01 07:15:10,1.78,gauge_height_ft,00065
2026-08-01 07:20:10,1.85,gauge_height_ft,00065
2026-08-01 07:25:10,1.92,gauge_height_ft,00065
2026-08-01 07:30:10,2.0,gauge_height_ft,00065
2026-08-01 07:35:10,2.07,gauge_height_ft,00065
2026-08-01 07:40:10,2.14,gauge_height_ft,00065
2026-08-01 07:45:10,2.2,gauge_height_ft,00065
2026-08-01 07:50:10,2.27,gauge_height_ft,00065
2026-08-01 07:55:10,2.33,gauge_height_ft,00065
2026-08-01 08:00:10,2.4,gauge_height_ft,00065
2026-08-01 08:05:10,2.45,gauge_height_ft,00065
2026-08-01 08:10:10,2.51,gauge_height_ft,00065
2026-08-01 08:15:10,2.59,gauge_height_ft,00065
2026-08-01 08:20:10,2.65,gauge_height_ft,00065
2026-08-01 08:25:10,2.71,gauge_height_ft,00065
2026-08-01 08:30:10,2.75,gauge_height_ft,00065
2026-08-01 08:35:10,2.82,gauge_height_ft,00065
2026-08-01 08:40:10,2.88,gauge_height_ft,00065
2026-08-01 08:45:10,2.95,gauge_height_ft,00065
2026-08-01 08:50:10,3.01,gauge_height_ft,00065
2026-08-01 08:55:10,3.0700000000000003,gauge_height_ft,00065
2026-08-01 09:00:10,3.12,gauge_height_ft,00065
2026-08-01 09:05:10,3.1799999999999997,gauge_height_ft,00065
2026-08-01 09:10:10,3.24,gauge_height_ft,00065
2026-08-01 09:15:10,3.2800000000000002,gauge_height_ft,00065
2026-08-01 09:20:10,3.33,gauge_height_ft,00065
2026-08-01 09:25:10,3.38,gauge_height_ft,00065
2026-08-01 09:30:10,3.4,gauge_height_ft,00065
2026-08-01 09:35:10,3.44,gauge_height_ft,00065
2026-08-01 09:40:10,3.48,gauge_height_ft,00065
2026-08-01 09:45:10,3.52,gauge_height_ft,00065
2026-08-01 09:50:10,3.55,gauge_height_ft,00065
2026-08-01 09:55:10,3.5700000000000003,gauge_height_ft,00065
2026-08-01 10:00:10,3.6100000000000003,gauge_height_ft,00065
2026-08-01 10:05:10,3.65,gauge_height_ft,00065
2026-08-01 10:10:10,3.66,gauge_height_ft,00065
2026-08-01 10:15:10,3.6799999999999997,gauge_height_ft,00065
2026-08-01 10:20:10,3.6799999999999997,gauge_height_ft,00065
2026-08-01 10:25:10,3.69,gauge_height_ft,00065
2026-08-01 10:30:10,3.71,gauge_height_ft,00065
2026-08-01 10:35:10,3.71,gauge_height_ft,00065
2026-08-01 10:40:10,3.7,gauge_height_ft,00065
2026-08-01 10:45:10,3.7,gauge_height_ft,00065
2026-08-01 10:50:10,3.67,gauge_height_ft,00065
2026-08-01 10:55:10,3.65,gauge_height_ft,00065
2026-08-01 11:00:10,3.6399999999999997,gauge_height_ft,00065
2026-08-01 11:05:10,3.6,gauge_height_ft,00065
2026-08-01 11:10:10,3.58,gauge_height_ft,00065
2026-08-01 11:15:10,3.5700000000000003,gauge_height_ft,00065
2026-08-01 11:20:10,3.56,gauge_height_ft,00065
2026-08-01 11:25:10,3.49,gauge_height_ft,00065
2026-08-01 11:30:10,3.44,gauge_height_ft,00065
2026-08-01 11:35:10,3.4299999999999997,gauge_height_ft,00065
2026-08-01 11:40:10,3.4,gauge_height_ft,00065
2026-08-01 11:45:10,3.35,gauge_height_ft,00065
2026-08-01 11:50:10,3.29,gauge_height_ft,00065
2026-08-01 11:55:10,3.26,gauge_height_ft,00065
2026-08-01 12:00:10,3.21,gauge_height_ft,00065
2026-08-01 12:05:10,3.17,gauge_height_ft,00065
2026-08-01 12:10:10,3.13,gauge_height_ft,00065
2026-08-01 12:15:10,3.05,gauge_height_ft,00065
2026-08-01 12:20:10,3.0,gauge_height_ft,00065
2026-08-01 12:25:10,2.94,gauge_height_ft,00065
2026-08-01 12:30:10,2.91,gauge_height_ft,00065
2026-08-01 12:35:10,2.86,gauge_height_ft,00065
2026-08-01 12:40:10,2.81,gauge_height_ft,00065
2026-08-01 12:45:10,2.73,gauge_height_ft,00065
2026-08-01 12:50:10,2.66,gauge_height_ft,00065
2026-08-01 12:55:10,2.64,gauge_height_ft,00065
2026-08-01 13:00:10,2.59,gauge_height_ft,00065
2026-08-01 13:05:10,2.54,gauge_height_ft,00065
2026-08-01 13:10:10,2.44,gauge_height_ft,00065
2026-08-01 13:15:10,2.41,gauge_height_ft,00065
2026-08-01 13:20:10,2.35,gauge_height_ft,00065
2026-08-01 13:25:10,2.3,gauge_height_ft,00065
2026-08-01 13:30:10,2.23,gauge_height_ft,00065
2026-08-01 13:35:10,2.22,gauge_height_ft,00065
2026-08-01 13:40:10,2.14,gauge_height_ft,00065
2026-08-01 13:45:10,2.05,gauge_height_ft,00065
2026-08-01 13:50:10,1.99,gauge_height_ft,00065
2026-08-01 13:55:10,1.94,gauge_height_ft,00065
2026-08-01 14:00:10,1.88,gauge_height_ft,00065
2026-08-01 14:05:10,1.78,gauge_height_ft,00065
2026-08-01 14:10:10,1.76,gauge_height_ft,00065
2026-08-01 14:15:10,1.68,gauge_height_ft,00065
2026-08-01 14:20:10,1.63,gauge_height_ft,00065
2026-08-01 14:25:10,1.56,gauge_height_ft,00065
2026-08-01 14:30:10,1.51,gauge_height_ft,00065
2026-08-01 14:35:10,1.46,gauge_height_ft,00065
2026-08-01 14:40:10,1.4,gauge_height_ft,00065
2026-08-01 14:45:10,1.33,gauge_height_ft,00065
2026-08-01 14:50:10,1.26,gauge_height_ft,00065
2026-08-01 14:55:10,1.21,gauge_height_ft,00065
2026-08-01 15:00:10,1.15,gauge_height_ft,00065
2026-08-01 15:05:10,1.1,gauge_height_ft,00065
2026-08-01 15:10:10,1.02,gauge_height_ft,00065
2026-08-01 15:15:10,0.96,gauge_height_ft,00065
2026-08-01 15:20:10,0.8899999999999999,gauge_height_ft,00065
2026-08-01 15:25:10,0.8400000000000001,gauge_height_ft,00065
2026-08-01 15:30:10,0.79,gauge_height_ft,00065
2026-08-01 15:35:10,0.73,gauge_height_ft,00065
2026-08-01 15:40:10,0.6799999999999999,gauge_height_ft,00065
2026-08-01 15:45:10,0.5900000000000001,gauge_height_ft,00065
2026-08-01 15:50:10,0.55,gauge_height_ft,00065
2026-08-01 16:00:10,0.45999999999999996,gauge_height_ft,00065
2026-08-01 16:05:10,0.42999999999999994,gauge_height_ft,00065
2026-08-01 16:10:10,0.3999999999999999,gauge_height_ft,00065
2026-08-01 16:15:10,0.3700000000000001,gauge_height_ft,00065
2026-08-01 16:20:10,0.3500000000000001,gauge_height_ft,00065
2026-08-01 16:25:10,0.3400000000000001,gauge_height_ft,00065
2026-08-01 16:30:10,0.30000000000000004,gauge_height_ft,00065
2026-08-01 16:35:10,0.31000000000000005,gauge_height_ft,00065
2026-08-01 16:40:10,0.33000000000000007,gauge_height_ft,00065
2026-08-01 16:45:10,0.32000000000000006,gauge_height_ft,00065
2026-08-01 16:50:10,0.33000000000000007,gauge_height_ft,00065
2026-08-01 16:55:10,0.3400000000000001,gauge_height_ft,00065
2026-08-01 17:00:10,0.3600000000000001,gauge_height_ft,00065
2026-08-01 17:05:10,0.3799999999999999,gauge_height_ft,00065
2026-08-01 17:10:10,0.3999999999999999,gauge_height_ft,00065
2026-08-01 17:15:10,0.3899999999999999,gauge_height_ft,00065
2026-08-01 17:20:10,0.44999999999999996,gauge_height_ft,00065
2026-08-01 17:25:10,0.48,gauge_height_ft,00065
2026-08-01 17:30:10,0.48,gauge_height_ft,00065
2026-08-01 17:35:10,0.52,gauge_height_ft,00065
2026-08-01 17:40:10,0.5900000000000001,gauge_height_ft,00065
2026-08-01 17:45:10,0.6399999999999999,gauge_height_ft,00065
2026-08-01 17:50:10,0.69,gauge_height_ft,00065
2026-08-01 17:55:10,0.76,gauge_height_ft,00065
2026-08-01 18:00:10,0.8300000000000001,gauge_height_ft,00065
2026-08-01 18:05:10,0.8700000000000001,gauge_height_ft,00065
2026-08-01 18:10:10,0.95,gauge_height_ft,00065
2026-08-01 18:15:10,1.02,gauge_height_ft,00065
2026-08-01 18:20:10,1.0899999999999999,gauge_height_ft,00065
2026-08-01 18:25:10,1.17,gauge_height_ft,00065
2026-08-01 18:30:10,1.23,gauge_height_ft,00065
2026-08-01 18:35:10,1.31,gauge_height_ft,00065
2026-08-01 18:40:10,1.37,gauge_height_ft,00065
2026-08-01 18:45:10,1.45,gauge_height_ft,00065
2026-08-01 18:50:10,1.52,gauge_height_ft,00065
2026-08-01 18:55:10,1.57,gauge_height_ft,00065
2026-08-01 19:00:10,1.6400000000000001,gauge_height_ft,00065
2026-08-01 19:05:10,1.69,gauge_height_ft,00065
2026-08-01 19:10:10,1.78,gauge_height_ft,00065
2026-08-01 19:15:10,1.8599999999999999,gauge_height_ft,00065
2026-08-01 19:20:10,1.95,gauge_height_ft,00065
2026-08-01 19:25:10,2.02,gauge_height_ft,00065
2026-08-01 19:30:10,2.14,gauge_height_ft,00065
2026-08-01 19:35:10,2.24,gauge_height_ft,00065
2026-08-01 19:40:10,2.3,gauge_height_ft,00065
2026-08-01 19:45:10,2.37,gauge_height_ft,00065
2026-08-01 19:50:10,2.44,gauge_height_ft,00065
2026-08-01 19:55:10,2.51,gauge_height_ft,00065
2026-08-01 20:00:10,2.58,gauge_height_ft,00065
2026-08-01 20:05:10,2.66,gauge_height_ft,00065
2026-08-01 20:10:10,2.74,gauge_height_ft,00065
2026-08-01 20:15:10,2.81,gauge_height_ft,00065
2026-08-01 20:20:10,2.87,gauge_height_ft,00065
2026-08-01 20:25:10,2.95,gauge_height_ft,00065
2026-08-01 20:30:10,3.02,gauge_height_ft,00065
2026-08-01 20:35:10,3.04,gauge_height_ft,00065
2026-08-01 20:40:10,3.1399999999999997,gauge_height_ft,00065
2026-08-01 20:45:10,3.23,gauge_height_ft,00065
2026-08-01 20:50:10,3.29,gauge_height_ft,00065
2026-08-01 20:55:10,3.38,gauge_height_ft,00065
2026-08-01 21:00:10,3.4299999999999997,gauge_height_ft,00065
2026-08-01 21:05:10,3.46,gauge_height_ft,00065
2026-08-01 21:10:10,3.49,gauge_height_ft,00065
2026-08-01 21:15:10,3.5300000000000002,gauge_height_ft,00065
2026-08-01 21:20:10,3.6,gauge_height_ft,00065
2026-08-01 21:25:10,3.65,gauge_height_ft,00065
2026-08-01 21:30:10,3.69,gauge_height_ft,00065
2026-08-01 21:35:10,3.75,gauge_height_ft,00065
2026-08-01 21:40:10,3.8,gauge_height_ft,00065
2026-08-01 21:45:10,3.8600000000000003,gauge_height_ft,00065
2026-08-01 21:50:10,3.9,gauge_height_ft,00065
2026-08-01 21:55:10,3.94,gauge_height_ft,00065
2026-08-01 22:00:10,3.99,gauge_height_ft,00065
2026-08-01 22:05:10,4.05,gauge_height_ft,00065
2026-08-01 22:10:10,4.08,gauge_height_ft,00065
2026-08-01 22:15:10,4.12,gauge_height_ft,00065
2026-08-01 22:20:10,4.16,gauge_height_ft,00065
2026-08-01 22:25:10,4.1899999999999995,gauge_height_ft,00065
2026-08-01 22:30:10,4.21,gauge_height_ft,00065
2026-08-01 22:35:10,4.24,gauge_height_ft,00065
2026-08-01 22:40:10,4.26,gauge_height_ft,00065
2026-08-01 22:45:10,4.27,gauge_height_ft,00065
2026-08-01 22:50:10,4.3,gauge_height_ft,00065
2026-08-01 22:55:10,4.33,gauge_height_ft,00065
2026-08-01 23:00:10,4.34,gauge_height_ft,00065
2026-08-01 23:05:10,4.3,gauge_height_ft,00065
2026-08-01 23:10:10,4.27,gauge_height_ft,00065
2026-08-01 23:15:10,4.25,gauge_height_ft,00065
2026-08-01 23:20:10,4.23,gauge_height_ft,00065
2026-08-01 23:25:10,4.1899999999999995,gauge_height_ft,00065
2026-08-01 23:30:10,4.15,gauge_height_ft,00065
2026-08-01 23:35:10,4.08,gauge_height_ft,00065
2026-08-01 23:40:10,4.04,gauge_height_ft,00065
2026-08-01 23:45:10,4.0,gauge_height_ft,00065
2026-08-01 23:50:10,3.95,gauge_height_ft,00065
2026-08-01 23:55:10,3.81,gauge_height_ft,00065
2026-08-02 00:00:10,3.83,gauge_height_ft,00065
2026-08-02 00:05:10,3.77,gauge_height_ft,00065
2026-08-02 00:10:10,3.74,gauge_height_ft,00065
2026-08-02 00:15:10,3.71,gauge_height_ft,00065
2026-08-02 00:20:10,3.66,gauge_height_ft,00065
2026-08-02 00:25:10,3.62,gauge_height_ft,00065
2026-08-02 00:30:10,3.5700000000000003,gauge_height_ft,00065
2026-08-02 00:35:10,3.52,gauge_height_ft,00065
2026-08-02 00:40:10,3.4699999999999998,gauge_height_ft,00065
2026-08-02 00:45:10,3.4,gauge_height_ft,00065
2026-08-02 00:50:10,3.35,gauge_height_ft,00065
2026-08-02 00:55:10,3.2800000000000002,gauge_height_ft,00065
2026-08-02 01:00:10,3.25,gauge_height_ft,00065
2026-08-02 01:05:10,3.19,gauge_height_ft,00065
2026-08-02 01:10:10,3.12,gauge_height_ft,00065
2026-08-02 01:15:10,3.0700000000000003,gauge_height_ft,00065
2026-08-02 01:20:10,3.01,gauge_height_ft,00065
2026-08-02 01:25:10,2.95,gauge_height_ft,00065
2026-08-02 01:30:10,2.87,gauge_height_ft,00065
2026-08-02 01:35:10,2.79,gauge_height_ft,00065
2026-08-02 01:40:10,2.7199999999999998,gauge_height_ft,00065
2026-08-02 01:45:10,2.66,gauge_height_ft,00065
2026-08-02 01:50:10,2.59,gauge_height_ft,00065
2026-08-02 01:55:10,2.54,gauge_height_ft,00065
2026-08-02 02:00:10,2.46,gauge_height_ft,00065
2026-08-02 02:05:10,2.39,gauge_height_ft,00065
2026-08-02 02:10:10,2.33,gauge_height_ft,00065
2026-08-02 02:15:10,2.26,gauge_height_ft,00065
2026-08-02 02:20:10,2.2,gauge_height_ft,00065
2026-08-02 02:25:10,2.14,gauge_height_ft,00065
2026-08-02 02:30:10,2.08,gauge_height_ft,00065
2026-08-02 02:35:10,2.01,gauge_height_ft,00065
2026-08-02 02:40:10,1.95,gauge_height_ft,00065
2026-08-02 02:45:10,1.88,gauge_height_ft,00065
2026-08-02 02:50:10,1.81,gauge_height_ft,00065
2026-08-02 02:55:10,1.73,gauge_height_ft,00065
2026-08-02 03:00:10,1.66,gauge_height_ft,00065
2026-08-02 03:05:10,1.59,gauge_height_ft,00065
2026-08-02 03:10:10,1.52,gauge_height_ft,00065
2026-08-02 03:15:10,1.46,gauge_height_ft,00065
2026-08-02 03:20:10,1.38,gauge_height_ft,00065
2026-08-02 03:25:10,1.3199999999999998,gauge_height_ft,00065
2026-08-02 03:30:10,1.24,gauge_height_ft,00065
2026-08-02 03:35:10,1.17,gauge_height_ft,00065
2026-08-02 03:40:10,1.1,gauge_height_ft,00065
2026-08-02 03:45:10,1.04,gauge_height_ft,00065
2026-08-02 03:50:10,0.96,gauge_height_ft,00065
2026-08-02 03:55:10,0.8899999999999999,gauge_height_ft,00065
2026-08-02 04:00:10,0.8200000000000001,gauge_height_ft,00065
2026-08-02 04:05:10,0.75,gauge_height_ft,00065
2026-08-02 04:10:10,0.6799999999999999,gauge_height_ft,00065
2026-08-02 04:15:10,0.6200000000000001,gauge_height_ft,00065
2026-08-02 04:20:10,0.54,gauge_height_ft,00065
2026-08-02 04:25:10,0.48,gauge_height_ft,00065
2026-08-02 04:30:10,0.41999999999999993,gauge_height_ft,00065
2026-08-02 04:35:10,0.3400000000000001,gauge_height_ft,00065
2026-08-02 04:40:10,0.27,gauge_height_ft,00065
2026-08-02 04:45:10,0.20999999999999996,gauge_height_ft,00065
2026-08-02 04:50:10,0.1499999999999999,gauge_height_ft,00065
2026-08-02 04:55:10,0.07000000000000006,gauge_height_ft,00065
2026-08-02 05:00:10,0.06000000000000005,gauge_height_ft,00065
2026-08-02 05:05:10,0.020000000000000018,gauge_height_ft,00065
2026-08-02 05:10:10,0.010000000000000009,gauge_height_ft,00065
2026-08-02 05:15:10,0.010000000000000009,gauge_height_ft,00065
2026-08-02 05:40:10,0.020000000000000018,gauge_height_ft,00065
2026-08-02 05:45:10,0.030000000000000027,gauge_height_ft,00065
2026-08-02 05:50:10,0.08000000000000007,gauge_height_ft,00065
2026-08-02 05:55:10,0.1100000000000001,gauge_height_ft,00065
2026-08-02 06:00:10,0.08000000000000007,gauge_height_ft,00065
2026-08-02 06:05:10,0.1299999999999999,gauge_height_ft,00065
2026-08-02 06:10:10,0.18999999999999995,gauge_height_ft,00065
2026-08-02 06:15:10,0.29000000000000004,gauge_height_ft,00065
2026-08-02 06:20:10,0.3700000000000001,gauge_height_ft,00065
2026-08-02 06:25:10,0.43999999999999995,gauge_height_ft,00065
2026-08-02 06:30:10,0.5,gauge_height_ft,00065
2026-08-02 06:35:10,0.5800000000000001,gauge_height_ft,00065
2026-08-02 06:40:10,0.6699999999999999,gauge_height_ft,00065
2026-08-02 06:45:10,0.73,gauge_height_ft,00065
2026-08-02 06:50:10,0.8,gauge_height_ft,00065
2026-08-02 06:55:10,0.8799999999999999,gauge_height_ft,00065
2026-08-02 07:00:10,0.95,gauge_height_ft,00065
2026-08-02 07:05:10,1.04,gauge_height_ft,00065
2026-08-02 07:10:10,1.1099999999999999,gauge_height_ft,00065
2026-08-02 07:15:10,1.1600000000000001,gauge_height_ft,00065
2026-08-02 07:20:10,1.25,gauge_height_ft,00065
2026-08-02 07:25:10,1.3,gauge_height_ft,00065
2026-08-02 07:30:10,1.37,gauge_height_ft,00065
2026-08-02 07:35:10,1.44,gauge_height_ft,00065
2026-08-02 07:40:10,1.51,gauge_height_ft,00065
2026-08-02 07:45:10,1.58,gauge_height_ft,00065
2026-08-02 07:50:10,1.6400000000000001,gauge_height_ft,00065
2026-08-02 07:55:10,1.72,gauge_height_ft,00065
2026-08-02 08:00:10,1.79,gauge_height_ft,00065
2026-08-02 08:05:10,1.89,gauge_height_ft,00065
2026-08-02 08:10:10,1.95,gauge_height_ft,00065
2026-08-02 08:15:10,2.03,gauge_height_ft,00065
2026-08-02 08:20:10,2.08,gauge_height_ft,00065
2026-08-02 08:25:10,2.12,gauge_height_ft,00065
2026-08-02 08:30:10,2.18,gauge_height_ft,00065
2026-08-02 08:35:10,2.26,gauge_height_ft,00065
2026-08-02 08:40:10,2.31,gauge_height_ft,00065
2026-08-02 08:45:10,2.38,gauge_height_ft,00065
2026-08-02 08:50:10,2.44,gauge_height_ft,00065
2026-08-02 08:55:10,2.5,gauge_height_ft,00065
2026-08-02 09:00:10,2.56,gauge_height_ft,00065
2026-08-02 09:05:10,2.63,gauge_height_ft,00065
2026-08-02 09:10:10,2.69,gauge_height_ft,00065
2026-08-02 09:15:10,2.77,gauge_height_ft,00065
2026-08-02 09:20:10,2.84,gauge_height_ft,00065
2026-08-02 09:25:10,2.92,gauge_height_ft,00065
2026-08-02 09:30:10,2.98,gauge_height_ft,00065
2026-08-02 09:35:10,3.05,gauge_height_ft,00065
2026-08-02 09:40:10,3.12,gauge_height_ft,00065
2026-08-02 09:45:10,3.1799999999999997,gauge_height_ft,00065
2026-08-02 09:50:10,3.23,gauge_height_ft,00065
2026-08-02 09:55:10,3.2800000000000002,gauge_height_ft,00065
2026-08-02 10:00:10,3.34,gauge_height_ft,00065
2026-08-02 10:05:10,3.3899999999999997,gauge_height_ft,00065
2026-08-02 10:10:10,3.46,gauge_height_ft,00065
2026-08-02 10:15:10,3.52,gauge_height_ft,00065
2026-08-02 10:20:10,3.6,gauge_height_ft,00065
2026-08-02 10:25:10,3.65,gauge_height_ft,00065
2026-08-02 10:30:10,3.7,gauge_height_ft,00065
2026-08-02 10:35:10,3.74,gauge_height_ft,00065
2026-08-02 10:40:10,3.81,gauge_height_ft,00065
2026-08-02 10:45:10,3.84,gauge_height_ft,00065
2026-08-02 10:50:10,3.84,gauge_height_ft,00065
2026-08-02 10:55:10,3.94,gauge_height_ft,00065
2026-08-02 11:00:10,3.96,gauge_height_ft,00065
2026-08-02 11:05:10,3.9699999999999998,gauge_height_ft,00065
2026-08-02 11:10:10,4.01,gauge_height_ft,00065
2026-08-02 11:15:10,4.0,gauge_height_ft,00065
2026-08-02 11:20:10,4.01,gauge_height_ft,00065
2026-08-02 11:25:10,4.01,gauge_height_ft,00065
2026-08-02 11:30:10,3.96,gauge_height_ft,00065
2026-08-02 11:35:10,3.94,gauge_height_ft,00065
2026-08-02 11:40:10,3.8899999999999997,gauge_height_ft,00065
2026-08-02 11:45:10,3.87,gauge_height_ft,00065
2026-08-02 11:50:10,3.84,gauge_height_ft,00065
2026-08-02 11:55:10,3.8,gauge_height_ft,00065
2026-08-02 12:00:10,3.75,gauge_height_ft,00065
2026-08-02 12:05:10,3.71,gauge_height_ft,00065
2026-08-02 12:10:10,3.66,gauge_height_ft,00065
2026-08-02 12:15:10,3.65,gauge_height_ft,00065
2026-08-02 12:20:10,3.58,gauge_height_ft,00065
2026-08-02 12:25:10,3.55,gauge_height_ft,00065
2026-08-02 12:30:10,3.52,gauge_height_ft,00065
2026-08-02 12:35:10,3.4699999999999998,gauge_height_ft,00065
2026-08-02 12:40:10,3.41,gauge_height_ft,00065
2026-08-02 12:45:10,3.37,gauge_height_ft,00065
2026-08-02 12:50:10,3.3,gauge_height_ft,00065
2026-08-02 12:55:10,3.26,gauge_height_ft,00065
2026-08-02 13:00:10,3.19,gauge_height_ft,00065
2026-08-02 13:05:10,3.12,gauge_height_ft,00065
2026-08-02 13:10:10,3.05,gauge_height_ft,00065
2026-08-02 13:15:10,3.02,gauge_height_ft,00065
2026-08-02 13:20:10,2.9699999999999998,gauge_height_ft,00065
2026-08-02 13:25:10,2.89,gauge_height_ft,00065
2026-08-02 13:30:10,2.85,gauge_height_ft,00065
2026-08-02 13:35:10,2.79,gauge_height_ft,00065
2026-08-02 13:40:10,2.75,gauge_height_ft,00065
2026-08-02 13:45:10,2.69,gauge_height_ft,00065
2026-08-02 13:50:10,2.67,gauge_height_ft,00065
2026-08-02 13:55:10,2.6,gauge_height_ft,00065
2026-08-02 14:00:10,2.5300000000000002,gauge_height_ft,00065
2026-08-02 14:05:10,2.44,gauge_height_ft,00065
2026-08-02 14:10:10,2.38,gauge_height_ft,00065
2026-08-02 14:15:10,2.32,gauge_height_ft,00065
2026-08-02 14:20:10,2.23,gauge_height_ft,00065
2026-08-02 14:25:10,2.15,gauge_height_ft,00065
2026-08-02 14:30:10,2.07,gauge_height_ft,00065
2026-08-02 14:35:10,1.99,gauge_height_ft,00065
2026-08-02 14:40:10,1.93,gauge_height_ft,00065
2026-08-02 14:45:10,1.8599999999999999,gauge_height_ft,00065
2026-08-02 14:50:10,1.79,gauge_height_ft,00065
2026-08-02 14:55:10,1.73,gauge_height_ft,00065
2026-08-02 15:00:10,1.65,gauge_height_ft,00065
2026-08-02 15:05:10,1.57,gauge_height_ft,00065
2026-08-02 15:10:10,1.5,gauge_height_ft,00065
2026-08-02 15:15:10,1.44,gauge_height_ft,00065
2026-08-02 15:20:11,1.3599999999999999,gauge_height_ft,00065
2026-08-02 15:25:10,1.29,gauge_height_ft,00065
2026-08-02 15:30:10,1.24,gauge_height_ft,00065
2026-08-02 15:35:10,1.15,gauge_height_ft,00065
2026-08-02 15:40:10,1.0699999999999998,gauge_height_ft,00065
2026-08-02 15:45:10,1.0,gauge_height_ft,00065
2026-08-02 15:50:10,0.9299999999999999,gauge_height_ft,00065
2026-08-02 15:55:10,0.8799999999999999,gauge_height_ft,00065
2026-08-02 16:00:10,0.79,gauge_height_ft,00065
2026-08-02 16:05:10,0.74,gauge_height_ft,00065
2026-08-02 16:10:10,0.6399999999999999,gauge_height_ft,00065
2026-08-02 16:15:10,0.5900000000000001,gauge_height_ft,00065
2026-08-02 16:20:10,0.54,gauge_height_ft,00065
2026-08-02 16:25:10,0.5,gauge_height_ft,00065
2026-08-02 16:30:10,0.43999999999999995,gauge_height_ft,00065
2026-08-02 16:35:10,0.3700000000000001,gauge_height_ft,00065
2026-08-02 16:40:10,0.32000000000000006,gauge_height_ft,00065
2026-08-02 16:45:10,0.25,gauge_height_ft,00065
2026-08-02 16:50:10,0.19999999999999996,gauge_height_ft,00065
2026-08-02 16:55:10,0.15999999999999992,gauge_height_ft,00065
2026-08-02 17:00:10,0.1100000000000001,gauge_height_ft,00065
2026-08-02 17:05:10,0.07000000000000006,gauge_height_ft,00065
2026-08-02 17:10:10,0.010000000000000009,gauge_height_ft,00065
2026-08-02 17:25:10,0.020000000000000018,gauge_height_ft,00065
2026-08-02 17:30:10,0.040000000000000036,gauge_height_ft,00065
2026-08-02 17:35:10,0.020000000000000018,gauge_height_ft,00065
2026-08-02 17:40:10,0.050000000000000044,gauge_height_ft,00065
2026-08-02 17:45:10,0.1200000000000001,gauge_height_ft,00065
2026-08-02 17:50:11,0.17999999999999994,gauge_height_ft,00065
2026-08-02 17:55:10,0.26,gauge_height_ft,00065
2026-08-02 18:00:10,0.32000000000000006,gauge_height_ft,00065
2026-08-02 18:05:10,0.3400000000000001,gauge_height_ft,00065
2026-08-02 18:10:10,0.3899999999999999,gauge_height_ft,00065
2026-08-02 18:15:10,0.3999999999999999,gauge_height_ft,00065
2026-08-02 18:20:10,0.3700000000000001,gauge_height_ft,00065
2026-08-02 18:25:10,0.41999999999999993,gauge_height_ft,00065
2026-08-02 18:30:10,0.5,gauge_height_ft,00065
2026-08-02 18:35:10,0.56,gauge_height_ft,00065
2026-08-02 18:40:10,0.6100000000000001,gauge_height_ft,00065
2026-08-02 18:45:10,0.6599999999999999,gauge_height_ft,00065
2026-08-02 18:50:10,0.71,gauge_height_ft,00065
2026-08-02 18:55:10,0.76,gauge_height_ft,00065
2026-08-02 19:00:10,0.78,gauge_height_ft,00065
2026-08-02 19:05:10,0.8200000000000001,gauge_height_ft,00065
2026-08-02 19:10:10,0.8799999999999999,gauge_height_ft,00065
2026-08-02 19:15:11,0.9199999999999999,gauge_height_ft,00065
2026-08-02 19:20:11,0.97,gauge_height_ft,00065
2026-08-02 19:25:10,1.01,gauge_height_ft,00065
2026-08-02 19:30:11,1.0699999999999998,gauge_height_ft,00065
2026-08-02 19:35:10,1.13,gauge_height_ft,00065
2026-08-02 19:40:10,1.22,gauge_height_ft,00065
2026-08-02 19:45:10,1.31,gauge_height_ft,00065
2026-08-02 19:50:10,1.3599999999999999,gauge_height_ft,00065
2026-08-02 19:55:10,1.44,gauge_height_ft,00065
2026-08-02 20:00:10,1.51,gauge_height_ft,00065
2026-08-02 20:05:10,1.58,gauge_height_ft,00065
2026-08-02 20:10:10,1.66,gauge_height_ft,00065
2026-08-02 20:15:10,1.7,gauge_height_ft,00065
2026-08-02 20:20:10,1.75,gauge_height_ft,00065
2026-08-02 20:25:10,1.81,gauge_height_ft,00065
2026-08-02 20:30:10,1.8599999999999999,gauge_height_ft,00065
2026-08-02 20:35:10,1.93,gauge_height_ft,00065
2026-08-02 20:40:10,1.99,gauge_height_ft,00065
2026-08-02 20:45:10,2.06,gauge_height_ft,00065
2026-08-02 20:50:10,2.14,gauge_height_ft,00065
2026-08-02 20:55:10,2.23,gauge_height_ft,00065
2026-08-02 21:00:11,2.29,gauge_height_ft,00065
2026-08-02 21:05:10,2.36,gauge_height_ft,00065
2026-08-02 21:10:10,2.41,gauge_height_ft,00065
2026-08-02 21:15:10,2.48,gauge_height_ft,00065
2026-08-02 21:20:10,2.55,gauge_height_ft,00065
2026-08-02 21:25:10,2.62,gauge_height_ft,00065
2026-08-02 21:30:10,2.69,gauge_height_ft,00065
2026-08-02 21:35:10,2.74,gauge_height_ft,00065
2026-08-02 21:40:10,2.8,gauge_height_ft,00065
2026-08-02 21:45:10,2.87,gauge_height_ft,00065
2026-08-02 21:50:10,2.93,gauge_height_ft,00065
2026-08-02 21:55:10,2.98,gauge_height_ft,00065
2026-08-02 22:00:10,3.02,gauge_height_ft,00065
2026-08-02 22:05:10,3.09,gauge_height_ft,00065
2026-08-02 22:10:10,3.15,gauge_height_ft,00065
2026-08-02 22:15:10,3.2,gauge_height_ft,00065
2026-08-02 22:20:10,3.25,gauge_height_ft,00065
2026-08-02 22:25:10,3.31,gauge_height_ft,00065
2026-08-02 22:30:10,3.3600000000000003,gauge_height_ft,00065
2026-08-02 22:35:10,3.41,gauge_height_ft,00065
2026-08-02 22:40:10,3.45,gauge_height_ft,00065
2026-08-02 22:45:10,3.52,gauge_height_ft,00065
2026-08-02 22:50:10,3.5700000000000003,gauge_height_ft,00065
2026-08-02 22:55:10,3.62,gauge_height_ft,00065
2026-08-02 23:00:10,3.66,gauge_height_ft,00065
2026-08-02 23:05:10,3.7,gauge_height_ft,00065
2026-08-02 23:10:10,3.74,gauge_height_ft,00065
2026-08-02 23:15:10,3.7800000000000002,gauge_height_ft,00065
2026-08-02 23:20:10,3.74,gauge_height_ft,00065
2026-08-02 23:25:10,3.8,gauge_height_ft,00065
2026-08-02 23:30:10,3.81,gauge_height_ft,00065
2026-08-02 23:35:11,3.85,gauge_height_ft,00065
2026-08-02 23:40:10,3.92,gauge_height_ft,00065
2026-08-02 23:45:10,3.98,gauge_height_ft,00065
2026-08-02 23:50:10,3.9699999999999998,gauge_height_ft,00065
2026-08-02 23:55:10,3.96,gauge_height_ft,00065
2026-08-03 00:00:11,3.99,gauge_height_ft,00065
2026-08-03 00:05:10,4.0,gauge_height_ft,00065
2026-08-03 00:10:10,3.98,gauge_height_ft,00065
2026-08-03 00:15:11,3.9299999999999997,gauge_height_ft,00065
2026-08-03 00:20:10,3.91,gauge_height_ft,00065
2026-08-03 00:25:10,3.8600000000000003,gauge_height_ft,00065
2026-08-03 00:30:10,3.8,gauge_height_ft,00065
2026-08-03 00:35:10,3.75,gauge_height_ft,00065
2026-08-03 00:40:10,3.71,gauge_height_ft,00065
2026-08-03 00:45:10,3.65,gauge_height_ft,00065
2026-08-03 00:50:10,3.58,gauge_height_ft,00065
2026-08-03 00:55:10,3.51,gauge_height_ft,00065
2026-08-03 01:00:10,3.45,gauge_height_ft,00065
2026-08-03 01:05:10,3.3899999999999997,gauge_height_ft,00065
2026-08-03 01:10:11,3.35,gauge_height_ft,00065
2026-08-03 01:15:10,3.29,gauge_height_ft,00065
2026-08-03 01:20:10,3.19,gauge_height_ft,00065
2026-08-03 01:25:10,3.1100000000000003,gauge_height_ft,00065
2026-08-03 01:30:10,3.04,gauge_height_ft,00065
2026-08-03 01:35:11,2.98,gauge_height_ft,00065
2026-08-03 01:40:10,2.94,gauge_height_ft,00065
2026-08-03 01:45:10,2.87,gauge_height_ft,00065
2026-08-03 01:50:10,2.7800000000000002,gauge_height_ft,00065
2026-08-03 01:55:10,2.71,gauge_height_ft,00065
2026-08-03 02:00:10,2.61,gauge_height_ft,00065
2026-08-03 02:05:10,2.55,gauge_height_ft,00065
2026-08-03 02:10:10,2.4699999999999998,gauge_height_ft,00065
2026-08-03 02:15:10,2.38,gauge_height_ft,00065
2026-08-03 02:20:10,2.32,gauge_height_ft,00065
2026-08-03 02:25:11,2.22,gauge_height_ft,00065
2026-08-03 02:30:10,2.15,gauge_height_ft,00065
2026-08-03 02:35:10,2.08,gauge_height_ft,00065
2026-08-03 02:40:10,1.99,gauge_height_ft,00065
2026-08-03 02:45:10,1.92,gauge_height_ft,00065
2026-08-03 02:50:10,1.87,gauge_height_ft,00065
2026-08-03 02:55:10,1.79,gauge_height_ft,00065
2026-08-03 03:00:10,1.71,gauge_height_ft,00065
2026-08-03 03:05:10,1.63,gauge_height_ft,00065
2026-08-03 03:10:10,1.56,gauge_height_ft,00065
2026-08-03 03:15:10,1.48,gauge_height_ft,00065
2026-08-03 03:20:10,1.3900000000000001,gauge_height_ft,00065
2026-08-03 03:25:10,1.3199999999999998,gauge_height_ft,00065
2026-08-03 03:30:10,1.25,gauge_height_ft,00065
2026-08-03 03:35:10,1.1600000000000001,gauge_height_ft,00065
2026-08-03 03:40:10,1.1099999999999999,gauge_height_ft,00065
2026-08-03 03:45:10,1.03,gauge_height_ft,00065
2026-08-03 03:50:10,0.94,gauge_height_ft,00065
2026-08-03 03:55:10,0.8700000000000001,gauge_height_ft,00065
2026-08-03 04:00:10,0.81,gauge_height_ft,00065
2026-08-03 04:05:10,0.74,gauge_height_ft,00065
2026-08-03 04:10:10,0.6699999999999999,gauge_height_ft,00065
2026-08-03 04:15:10,0.5900000000000001,gauge_height_ft,00065
2026-08-03 04:20:10,0.51,gauge_height_ft,00065
2026-08-03 04:25:10,0.43999999999999995,gauge_height_ft,00065
2026-08-03 04:30:10,0.3700000000000001,gauge_height_ft,00065
2026-08-03 04:40:10,0.24,gauge_height_ft,00065
2026-08-03 04:45:10,0.17999999999999994,gauge_height_ft,00065
2026-08-03 04:50:10,0.1299999999999999,gauge_height_ft,00065
2026-08-03 04:55:10,0.07000000000000006,gauge_height_ft,00065
2026-08-03 05:00:10,0.050000000000000044,gauge_height_ft,00065
2026-08-03 05:05:10,0.020000000000000018,gauge_height_ft,00065
2026-08-03 06:40:10,0.0,gauge_height_ft,00065
2026-08-03 06:45:10,0.06000000000000005,gauge_height_ft,00065
2026-08-03 06:50:10,0.1399999999999999,gauge_height_ft,00065
2026-08-03 06:55:10,0.25,gauge_height_ft,00065
2026-08-03 07:00:10,0.3700000000000001,gauge_height_ft,00065
2026-08-03 07:05:10,0.47,gauge_height_ft,00065
2026-08-03 07:10:10,0.53,gauge_height_ft,00065
2026-08-03 07:15:10,0.6000000000000001,gauge_height_ft,00065
2026-08-03 07:20:10,0.6699999999999999,gauge_height_ft,00065
2026-08-03 07:25:10,0.74,gauge_height_ft,00065
2026-08-03 07:30:10,0.78,gauge_height_ft,00065
2026-08-03 07:35:10,0.8,gauge_height_ft,00065
2026-08-03 07:40:10,0.8,gauge_height_ft,00065
2026-08-03 07:45:10,0.8600000000000001,gauge_height_ft,00065
2026-08-03 07:50:10,0.9199999999999999,gauge_height_ft,00065
2026-08-03 07:55:10,0.95,gauge_height_ft,00065
2026-08-03 08:00:10,1.0,gauge_height_ft,00065
2026-08-03 08:05:10,1.05,gauge_height_ft,00065
2026-08-03 08:10:10,1.0899999999999999,gauge_height_ft,00065
2026-08-03 08:15:10,1.15,gauge_height_ft,00065
2026-08-03 08:20:10,1.2,gauge_height_ft,00065
2026-08-03 08:25:10,1.21,gauge_height_ft,00065
2026-08-03 08:30:10,1.25,gauge_height_ft,00065
2026-08-03 08:35:10,1.29,gauge_height_ft,00065
2026-08-03 08:40:10,1.3,gauge_height_ft,00065
2026-08-03 08:45:10,1.3199999999999998,gauge_height_ft,00065
2026-08-03 08:50:10,1.3399999999999999,gauge_height_ft,00065
2026-08-03 08:55:10,1.38,gauge_height_ft,00065
2026-08-03 09:00:10,1.44,gauge_height_ft,00065
2026-08-03 09:05:10,1.52,gauge_height_ft,00065
2026-08-03 09:10:10,1.6,gauge_height_ft,00065
2026-08-03 09:15:10,1.67,gauge_height_ft,00065
2026-08-03 09:20:10,1.73,gauge_height_ft,00065
2026-08-03 09:25:10,1.83,gauge_height_ft,00065
2026-08-03 09:30:10,1.91,gauge_height_ft,00065
2026-08-03 09:35:10,1.99,gauge_height_ft,00065
2026-08-03 09:40:10,2.06,gauge_height_ft,00065
2026-08-03 09:45:10,2.15,gauge_height_ft,00065
2026-08-03 09:50:10,2.2,gauge_height_ft,00065
2026-08-03 09:55:10,2.2800000000000002,gauge_height_ft,00065
2026-08-03 10:00:10,2.33,gauge_height_ft,00065
2026-08-03 10:05:10,2.4,gauge_height_ft,00065
2026-08-03 10:10:10,2.45,gauge_height_ft,00065
2026-08-03 10:15:10,2.52,gauge_height_ft,00065
2026-08-03 10:20:10,2.58,gauge_height_ft,00065
2026-08-03 10:25:10,2.64,gauge_height_ft,00065
2026-08-03 10:30:10,2.71,gauge_height_ft,00065
2026-08-03 10:35:10,2.79,gauge_height_ft,00065
2026-08-03 10:40:10,2.87,gauge_height_ft,00065
2026-08-03 10:45:10,2.95,gauge_height_ft,00065
2026-08-03 10:50:10,3.02,gauge_height_ft,00065
2026-08-03 10:55:10,3.09,gauge_height_ft,00065
2026-08-03 11:00:10,3.1399999999999997,gauge_height_ft,00065
2026-08-03 11:05:10,3.19,gauge_height_ft,00065
2026-08-03 11:10:10,3.27,gauge_height_ft,00065
2026-08-03 11:15:10,3.33,gauge_height_ft,00065
2026-08-03 11:20:10,3.4,gauge_height_ft,00065
2026-08-03 11:25:10,3.45,gauge_height_ft,00065
2026-08-03 11:30:10,3.51,gauge_height_ft,00065
2026-08-03 11:35:10,3.5700000000000003,gauge_height_ft,00065
2026-08-03 11:40:10,3.6399999999999997,gauge_height_ft,00065
2026-08-03 11:45:10,3.7199999999999998,gauge_height_ft,00065
2026-08-03 11:50:10,3.77,gauge_height_ft,00065
2026-08-03 11:55:10,3.84,gauge_height_ft,00065
2026-08-03 12:00:10,3.88,gauge_height_ft,00065
2026-08-03 12:05:10,3.91,gauge_height_ft,00065
2026-08-03 12:10:10,3.95,gauge_height_ft,00065
2026-08-03 12:15:10,3.98,gauge_height_ft,00065
2026-08-03 12:20:10,3.96,gauge_height_ft,00065
2026-08-03 12:25:10,3.9299999999999997,gauge_height_ft,00065
2026-08-03 12:30:10,3.8899999999999997,gauge_height_ft,00065
2026-08-03 12:35:10,3.8899999999999997,gauge_height_ft,00065
2026-08-03 12:40:10,3.85,gauge_height_ft,00065
2026-08-03 12:45:10,3.81,gauge_height_ft,00065
2026-08-03 12:50:10,3.75,gauge_height_ft,00065
2026-08-03 12:55:10,3.6799999999999997,gauge_height_ft,00065
2026-08-03 13:00:10,3.62,gauge_height_ft,00065
2026-08-03 13:05:10,3.55,gauge_height_ft,00065
2026-08-03 13:10:10,3.52,gauge_height_ft,00065
2026-08-03 13:15:10,3.4699999999999998,gauge_height_ft,00065
2026-08-03 13:20:10,3.42,gauge_height_ft,00065
2026-08-03 13:25:10,3.3600000000000003,gauge_height_ft,00065
2026-08-03 13:30:10,3.3,gauge_height_ft,00065
2026-08-03 13:35:10,3.25,gauge_height_ft,00065
2026-08-03 13:40:10,3.1799999999999997,gauge_height_ft,00065
2026-08-03 13:45:10,3.1100000000000003,gauge_height_ft,00065
2026-08-03 13:50:10,3.05,gauge_height_ft,00065
2026-08-03 13:55:10,3.0,gauge_height_ft,00065
2026-08-03 14:00:10,2.92,gauge_height_ft,00065
2026-08-03 14:05:10,2.86,gauge_height_ft,00065
2026-08-03 14:10:10,2.8,gauge_height_ft,00065
2026-08-03 14:15:10,2.74,gauge_height_ft,00065
2026-08-03 14:20:10,2.69,gauge_height_ft,00065
2026-08-03 14:25:10,2.64,gauge_height_ft,00065
2026-08-03 14:30:10,2.56,gauge_height_ft,00065
2026-08-03 14:35:10,2.5,gauge_height_ft,00065
2026-08-03 14:40:10,2.43,gauge_height_ft,00065
2026-08-03 14:45:10,2.34,gauge_height_ft,00065
2026-08-03 14:50:10,2.26,gauge_height_ft,00065
2026-08-03 14:55:10,2.24,gauge_height_ft,00065
2026-08-03 15:00:10,2.18,gauge_height_ft,00065
2026-08-03 15:05:10,2.11,gauge_height_ft,00065
2026-08-03 15:10:10,2.03,gauge_height_ft,00065
2026-08-03 15:15:10,1.96,gauge_height_ft,00065
2026-08-03 15:20:10,1.89,gauge_height_ft,00065
2026-08-03 15:25:10,1.83,gauge_height_ft,00065
2026-08-03 15:30:10,1.75,gauge_height_ft,00065
2026-08-03 15:35:10,1.67,gauge_height_ft,00065
2026-08-03 15:40:10,1.6,gauge_height_ft,00065
2026-08-03 15:45:10,1.51,gauge_height_ft,00065
2026-08-03 15:50:10,1.44,gauge_height_ft,00065
2026-08-03 15:55:10,1.3599999999999999,gauge_height_ft,00065
2026-08-03 16:00:10,1.29,gauge_height_ft,00065
2026-08-03 16:05:10,1.2,gauge_height_ft,00065
2026-08-03 16:10:10,1.13,gauge_height_ft,00065
2026-08-03 16:15:10,1.06,gauge_height_ft,00065
2026-08-03 16:20:10,0.97,gauge_height_ft,00065
2026-08-03 16:25:10,0.9199999999999999,gauge_height_ft,00065
2026-08-03 16:30:10,0.8600000000000001,gauge_height_ft,00065
2026-08-03 16:35:10,0.79,gauge_height_ft,00065
2026-08-03 16:40:10,0.72,gauge_height_ft,00065
2026-08-03 16:45:10,0.6599999999999999,gauge_height_ft,00065
2026-08-03 16:55:10,0.53,gauge_height_ft,00065
2026-08-03 17:00:10,0.47,gauge_height_ft,00065
2026-08-03 17:05:10,0.4099999999999999,gauge_height_ft,00065
2026-08-03 17:10:10,0.3600000000000001,gauge_height_ft,00065
2026-08-03 17:15:10,0.28,gauge_height_ft,00065
2026-08-03 17:20:10,0.22999999999999998,gauge_height_ft,00065
2026-08-03 17:25:10,0.17999999999999994,gauge_height_ft,00065
2026-08-03 17:30:10,0.1399999999999999,gauge_height_ft,00065
2026-08-03 17:35:10,0.10000000000000009,gauge_height_ft,00065
2026-08-03 17:40:10,0.06000000000000005,gauge_height_ft,00065
2026-08-03 17:45:10,0.010000000000000009,gauge_height_ft,00065
2026-08-03 17:55:10,0.010000000000000009,gauge_height_ft,00065
2026-08-03 18:00:10,0.020000000000000018,gauge_height_ft,00065
2026-08-03 18:05:10,0.010000000000000009,gauge_height_ft,00065
2026-08-03 18:30:10,0.010000000000000009,gauge_height_ft,00065
2026-08-03 18:35:10,0.0,gauge_height_ft,00065
2026-08-03 18:40:10,0.010000000000000009,gauge_height_ft,00065
2026-08-03 18:45:10,0.020000000000000018,gauge_height_ft,00065
2026-08-03 18:50:10,0.07000000000000006,gauge_height_ft,00065
2026-08-03 18:55:10,0.17999999999999994,gauge_height_ft,00065
2026-08-03 19:00:10,0.26,gauge_height_ft,00065
2026-08-03 19:05:10,0.29000000000000004,gauge_height_ft,00065
2026-08-03 19:10:10,0.33000000000000007,gauge_height_ft,00065
2026-08-03 19:15:10,0.4099999999999999,gauge_height_ft,00065
2026-08-03 19:20:10,0.48,gauge_height_ft,00065
2026-08-03 19:25:10,0.55,gauge_height_ft,00065
2026-08-03 19:35:10,0.6399999999999999,gauge_height_ft,00065
2026-08-03 19:40:10,0.6599999999999999,gauge_height_ft,00065
2026-08-03 19:45:10,0.69,gauge_height_ft,00065
2026-08-03 19:50:10,0.74,gauge_height_ft,00065
2026-08-03 19:55:10,0.79,gauge_height_ft,00065
2026-08-03 20:00:10,0.8600000000000001,gauge_height_ft,00065
2026-08-03 20:05:10,0.8999999999999999,gauge_height_ft,00065
2026-08-03 20:10:10,0.95,gauge_height_ft,00065
2026-08-03 20:15:10,0.99,gauge_height_ft,00065
2026-08-03 20:20:10,1.02,gauge_height_ft,00065
2026-08-03 20:25:10,1.0699999999999998,gauge_height_ft,00065
2026-08-03 20:30:10,1.1099999999999999,gauge_height_ft,00065
2026-08-03 20:35:10,1.17,gauge_height_ft,00065
2026-08-03 20:40:10,1.22,gauge_height_ft,00065
2026-08-03 20:45:10,1.28,gauge_height_ft,00065
2026-08-03 20:50:10,1.31,gauge_height_ft,00065
2026-08-03 20:55:10,1.37,gauge_height_ft,00065
2026-08-03 21:00:10,1.42,gauge_height_ft,00065
2026-08-03 21:05:10,1.53,gauge_height_ft,00065
2026-08-03 21:10:10,1.57,gauge_height_ft,00065
2026-08-03 21:15:10,1.66,gauge_height_ft,00065
2026-08-03 21:20:10,1.72,gauge_height_ft,00065
2026-08-03 21:25:10,1.81,gauge_height_ft,00065
2026-08-03 21:30:10,1.9,gauge_height_ft,00065
2026-08-03 21:35:10,1.95,gauge_height_ft,00065
2026-08-03 21:40:10,2.02,gauge_height_ft,00065
2026-08-03 21:45:10,2.1,gauge_height_ft,00065
2026-08-03 21:50:10,2.16,gauge_height_ft,00065
2026-08-03 21:55:10,2.24,gauge_height_ft,00065
2026-08-03 22:00:10,2.31,gauge_height_ft,00065
2026-08-03 22:05:10,2.38,gauge_height_ft,00065
2026-08-03 22:10:10,2.46,gauge_height_ft,00065
2026-08-03 22:15:10,2.51,gauge_height_ft,00065
2026-08-03 22:20:10,2.57,gauge_height_ft,00065
2026-08-03 22:25:10,2.6,gauge_height_ft,00065
2026-08-03 22:30:10,2.63,gauge_height_ft,00065
2026-08-03 22:35:10,2.67,gauge_height_ft,00065
2026-08-03 22:40:10,2.73,gauge_height_ft,00065
2026-08-03 22:45:10,2.77,gauge_height_ft,00065
2026-08-03 22:50:10,2.81,gauge_height_ft,00065
2026-08-03 22:55:10,2.84,gauge_height_ft,00065
2026-08-03 23:00:10,2.88,gauge_height_ft,00065
2026-08-03 23:05:10,2.92,gauge_height_ft,00065
2026-08-03 23:10:10,2.96,gauge_height_ft,00065
2026-08-03 23:15:10,3.01,gauge_height_ft,00065
2026-08-03 23:20:10,3.05,gauge_height_ft,00065
2026-08-03 23:25:10,3.1,gauge_height_ft,00065
2026-08-03 23:30:10,3.16,gauge_height_ft,00065
2026-08-03 23:35:10,3.23,gauge_height_ft,00065
2026-08-03 23:40:10,3.29,gauge_height_ft,00065
2026-08-03 23:45:10,3.33,gauge_height_ft,00065
2026-08-03 23:50:10,3.3899999999999997,gauge_height_ft,00065
2026-08-03 23:55:10,3.4299999999999997,gauge_height_ft,00065
2026-08-04 00:00:10,3.4699999999999998,gauge_height_ft,00065
2026-08-04 00:05:10,3.5,gauge_height_ft,00065
2026-08-04 00:10:10,3.54,gauge_height_ft,00065
2026-08-04 00:15:10,3.56,gauge_height_ft,00065
2026-08-04 00:20:10,3.56,gauge_height_ft,00065
2026-08-04 00:25:10,3.56,gauge_height_ft,00065
2026-08-04 00:30:10,3.58,gauge_height_ft,00065
2026-08-04 00:35:10,3.58,gauge_height_ft,00065
2026-08-04 00:40:10,3.56,gauge_height_ft,00065
2026-08-04 00:45:10,3.52,gauge_height_ft,00065
2026-08-04 00:50:10,3.5,gauge_height_ft,00065
2026-08-04 00:55:10,3.48,gauge_height_ft,00065
2026-08-04 01:00:10,3.44,gauge_height_ft,00065
2026-08-04 01:05:10,3.4,gauge_height_ft,00065
2026-08-04 01:10:10,3.35,gauge_height_ft,00065
2026-08-04 01:15:10,3.33,gauge_height_ft,00065
2026-08-04 01:20:10,3.31,gauge_height_ft,00065
2026-08-04 01:25:10,3.2800000000000002,gauge_height_ft,00065
2026-08-04 01:30:10,3.23,gauge_height_ft,00065
2026-08-04 01:35:10,3.19,gauge_height_ft,00065
2026-08-04 01:40:10,3.13,gauge_height_ft,00065
2026-08-04 01:45:10,3.0700000000000003,gauge_height_ft,00065
2026-08-04 01:50:10,2.98,gauge_height_ft,00065
2026-08-04 01:55:10,2.93,gauge_height_ft,00065
2026-08-04 02:00:10,2.86,gauge_height_ft,00065
2026-08-04 02:05:10,2.8,gauge_height_ft,00065
2026-08-04 02:10:10,2.76,gauge_height_ft,00065
2026-08-04 02:15:10,2.7,gauge_height_ft,00065
2026-08-04 02:20:10,2.63,gauge_height_ft,00065
2026-08-04 02:25:10,2.54,gauge_height_ft,00065
2026-08-04 02:30:10,2.48,gauge_height_ft,00065
2026-08-04 02:35:10,2.41,gauge_height_ft,00065
2026-08-04 02:40:10,2.36,gauge_height_ft,00065
2026-08-04 02:45:10,2.2800000000000002,gauge_height_ft,00065
2026-08-04 02:50:10,2.21,gauge_height_ft,00065
2026-08-04 02:55:10,2.14,gauge_height_ft,00065
2026-08-04 03:00:10,2.07,gauge_height_ft,00065
2026-08-04 03:05:10,1.99,gauge_height_ft,00065
2026-08-04 03:10:10,1.91,gauge_height_ft,00065
2026-08-04 03:15:10,1.83,gauge_height_ft,00065
2026-08-04 03:20:10,1.76,gauge_height_ft,00065
2026-08-04 03:25:10,1.68,gauge_height_ft,00065
2026-08-04 03:30:10,1.6099999999999999,gauge_height_ft,00065
2026-08-04 03:35:10,1.53,gauge_height_ft,00065
2026-08-04 03:40:10,1.45,gauge_height_ft,00065
2026-08-04 03:45:10,1.37,gauge_height_ft,00065
2026-08-04 03:50:10,1.29,gauge_height_ft,00065
2026-08-04 03:55:10,1.22,gauge_height_ft,00065
2026-08-04 04:00:10,1.15,gauge_height_ft,00065
2026-08-04 04:05:10,1.0699999999999998,gauge_height_ft,00065
2026-08-04 04:10:10,1.0,gauge_height_ft,00065
2026-08-04 04:15:10,0.9199999999999999,gauge_height_ft,00065
2026-08-04 04:20:10,0.8400000000000001,gauge_height_ft,00065
2026-08-04 04:25:10,0.77,gauge_height_ft,00065
2026-08-04 04:30:10,0.7,gauge_height_ft,00065
2026-08-04 04:35:10,0.6200000000000001,gauge_height_ft,00065
2026-08-04 04:40:10,0.53,gauge_height_ft,00065
2026-08-04 04:45:10,0.47,gauge_height_ft,00065
2026-08-04 04:50:10,0.3799999999999999,gauge_height_ft,00065
2026-08-04 04:55:10,0.32000000000000006,gauge_height_ft,00065
2026-08-04 05:00:10,0.27,gauge_height_ft,00065
2026-08-04 05:10:10,0.19999999999999996,gauge_height_ft,00065
2026-08-04 05:15:10,0.18999999999999995,gauge_height_ft,00065
2026-08-04 05:20:10,0.18999999999999995,gauge_height_ft,00065
2026-08-04 05:25:10,0.18999999999999995,gauge_height_ft,00065
2026-08-04 05:30:10,0.19999999999999996,gauge_height_ft,00065
2026-08-04 05:35:10,0.16999999999999993,gauge_height_ft,00065
2026-08-04 05:40:10,0.17999999999999994,gauge_height_ft,00065
2026-08-04 05:45:10,0.19999999999999996,gauge_height_ft,00065
2026-08-04 05:50:10,0.1499999999999999,gauge_height_ft,00065
2026-08-04 05:55:10,0.22999999999999998,gauge_height_ft,00065
2026-08-04 06:00:10,0.25,gauge_height_ft,00065
2026-08-04 06:05:10,0.26,gauge_height_ft,00065
2026-08-04 06:10:10,0.27,gauge_height_ft,00065
2026-08-04 06:15:10,0.28,gauge_height_ft,00065
2026-08-04 06:20:10,0.31000000000000005,gauge_height_ft,00065
2026-08-04 06:25:10,0.31000000000000005,gauge_height_ft,00065
2026-08-04 06:30:10,0.33000000000000007,gauge_height_ft,00065
2026-08-04 06:35:10,0.3400000000000001,gauge_height_ft,00065
2026-08-04 06:40:10,0.3400000000000001,gauge_height_ft,00065
2026-08-04 06:45:10,0.3700000000000001,gauge_height_ft,00065
2026-08-04 06:50:10,0.3600000000000001,gauge_height_ft,00065
2026-08-04 06:55:10,0.3700000000000001,gauge_height_ft,00065
2026-08-04 07:05:10,0.3700000000000001,gauge_height_ft,00065
2026-08-04 07:10:10,0.3899999999999999,gauge_height_ft,00065
2026-08-04 07:15:10,0.3999999999999999,gauge_height_ft,00065
2026-08-04 07:20:10,0.4099999999999999,gauge_height_ft,00065
2026-08-04 07:25:10,0.3999999999999999,gauge_height_ft,00065
2026-08-04 07:30:10,0.4099999999999999,gauge_height_ft,00065
2026-08-04 07:40:10,0.43999999999999995,gauge_height_ft,00065
2026-08-04 07:45:10,0.5,gauge_height_ft,00065
2026-08-04 07:50:10,0.5700000000000001,gauge_height_ft,00065
2026-08-04 07:55:10,0.6000000000000001,gauge_height_ft,00065
2026-08-04 08:00:10,0.6200000000000001,gauge_height_ft,00065
2026-08-04 08:05:10,0.6599999999999999,gauge_height_ft,00065
2026-08-04 08:10:10,0.73,gauge_height_ft,00065
2026-08-04 08:15:10,0.8,gauge_height_ft,00065
2026-08-04 08:20:10,0.81,gauge_height_ft,00065
2026-08-04 08:25:10,0.81,gauge_height_ft,00065
2026-08-04 08:30:10,0.8300000000000001,gauge_height_ft,00065
2026-08-04 08:35:10,0.8500000000000001,gauge_height_ft,00065
2026-08-04 08:40:10,0.9199999999999999,gauge_height_ft,00065
2026-08-04 08:45:10,0.99,gauge_height_ft,00065
2026-08-04 08:50:10,1.04,gauge_height_ft,00065
2026-08-04 08:55:10,1.0699999999999998,gauge_height_ft,00065
2026-08-04 09:00:10,1.17,gauge_height_ft,00065
2026-08-04 09:05:10,1.24,gauge_height_ft,00065
2026-08-04 09:10:10,1.3,gauge_height_ft,00065
2026-08-04 09:15:10,1.35,gauge_height_ft,00065
2026-08-04 09:20:10,1.42,gauge_height_ft,00065
2026-08-04 09:25:10,1.49,gauge_height_ft,00065
2026-08-04 09:30:10,1.58,gauge_height_ft,00065
2026-08-04 09:35:10,1.65,gauge_height_ft,00065
2026-08-04 09:40:10,1.71,gauge_height_ft,00065
2026-08-04 09:45:10,1.79,gauge_height_ft,00065
2026-08-04 09:50:10,1.8599999999999999,gauge_height_ft,00065
2026-08-04 09:55:10,1.94,gauge_height_ft,00065
2026-08-04 10:00:10,2.01,gauge_height_ft,00065
2026-08-04 10:05:10,2.08,gauge_height_ft,00065
2026-08-04 10:10:10,2.16,gauge_height_ft,00065
2026-08-04 10:15:10,2.24,gauge_height_ft,00065
2026-08-04 10:20:10,2.3,gauge_height_ft,00065
2026-08-04 10:25:10,2.35,gauge_height_ft,00065
2026-08-04 10:30:10,2.4,gauge_height_ft,00065
2026-08-04 10:35:10,2.46,gauge_height_ft,00065
2026-08-04 10:40:10,2.52,gauge_height_ft,00065
2026-08-04 10:45:10,2.57,gauge_height_ft,00065
2026-08-04 10:50:10,2.63,gauge_height_ft,00065
2026-08-04 10:55:10,2.7,gauge_height_ft,00065
2026-08-04 11:00:10,2.77,gauge_height_ft,00065
2026-08-04 11:05:10,2.84,gauge_height_ft,00065
2026-08-04 11:10:10,2.9,gauge_height_ft,00065
2026-08-04 11:15:10,2.98,gauge_height_ft,00065
2026-08-04 11:20:10,3.0300000000000002,gauge_height_ft,00065
2026-08-04 11:25:10,3.09,gauge_height_ft,00065
2026-08-04 11:30:10,3.1399999999999997,gauge_height_ft,00065
2026-08-04 11:35:10,3.1799999999999997,gauge_height_ft,00065
2026-08-04 11:40:10,3.24,gauge_height_ft,00065
2026-08-04 11:45:10,3.2800000000000002,gauge_height_ft,00065
2026-08-04 11:50:10,3.3200000000000003,gauge_height_ft,00065
2026-08-04 11:55:10,3.35,gauge_height_ft,00065
2026-08-04 12:00:10,3.4,gauge_height_ft,00065
2026-08-04 12:05:10,3.44,gauge_height_ft,00065
2026-08-04 12:10:10,3.48,gauge_height_ft,00065
2026-08-04 12:15:10,3.5,gauge_height_ft,00065
2026-08-04 12:20:10,3.51,gauge_height_ft,00065
2026-08-04 12:25:10,3.55,gauge_height_ft,00065
2026-08-04 12:30:10,3.5700000000000003,gauge_height_ft,00065
2026-08-04 12:35:10,3.59,gauge_height_ft,00065
2026-08-04 12:40:10,3.6100000000000003,gauge_height_ft,00065
2026-08-04 12:45:10,3.62,gauge_height_ft,00065
2026-08-04 12:50:10,3.6399999999999997,gauge_height_ft,00065
2026-08-04 12:55:10,3.6399999999999997,gauge_height_ft,00065
2026-08-04 13:00:10,3.6399999999999997,gauge_height_ft,00065
2026-08-04 13:05:10,3.66,gauge_height_ft,00065
2026-08-04 13:10:10,3.6399999999999997,gauge_height_ft,00065
2026-08-04 13:15:10,3.6399999999999997,gauge_height_ft,00065
2026-08-04 13:20:10,3.65,gauge_height_ft,00065
2026-08-04 13:25:10,3.65,gauge_height_ft,00065
2026-08-04 13:30:10,3.62,gauge_height_ft,00065
2026-08-04 13:35:10,3.6,gauge_height_ft,00065
2026-08-04 13:40:10,3.56,gauge_height_ft,00065
2026-08-04 13:45:10,3.52,gauge_height_ft,00065
2026-08-04 13:50:10,3.5,gauge_height_ft,00065
2026-08-04 13:55:10,3.44,gauge_height_ft,00065
2026-08-04 14:00:10,3.4,gauge_height_ft,00065
2026-08-04 14:05:10,3.35,gauge_height_ft,00065
2026-08-04 14:10:10,3.3,gauge_height_ft,00065
2026-08-04 14:15:10,3.26,gauge_height_ft,00065
2026-08-04 14:20:10,3.2199999999999998,gauge_height_ft,00065
2026-08-04 14:25:10,3.1799999999999997,gauge_height_ft,00065
2026-08-04 14:30:10,3.1399999999999997,gauge_height_ft,00065
2026-08-04 14:35:10,3.08,gauge_height_ft,00065
2026-08-04 14:40:10,3.04,gauge_height_ft,00065
2026-08-04 14:45:10,2.98,gauge_height_ft,00065
2026-08-04 14:50:10,2.93,gauge_height_ft,00065
2026-08-04 14:55:10,2.85,gauge_height_ft,00065
2026-08-04 15:00:10,2.7800000000000002,gauge_height_ft,00065
2026-08-04 15:05:10,2.73,gauge_height_ft,00065
2026-08-04 15:10:10,2.67,gauge_height_ft,00065
2026-08-04 15:15:10,2.61,gauge_height_ft,00065
2026-08-04 15:20:10,2.56,gauge_height_ft,00065
2026-08-04 15:25:10,2.49,gauge_height_ft,00065
2026-08-04 15:30:10,2.42,gauge_height_ft,00065
2026-08-04 15:35:10,2.35,gauge_height_ft,00065
2026-08-04 15:40:10,2.27,gauge_height_ft,00065
2026-08-04 15:45:10,2.21,gauge_height_ft,00065
2026-08-04 15:50:10,2.14,gauge_height_ft,00065
2026-08-04 15:55:10,2.1,gauge_height_ft,00065
2026-08-04 16:00:10,2.06,gauge_height_ft,00065
2026-08-04 16:05:10,1.98,gauge_height_ft,00065
2026-08-04 16:10:10,1.9,gauge_height_ft,00065
2026-08-04 16:15:10,1.83,gauge_height_ft,00065
2026-08-04 16:20:10,1.76,gauge_height_ft,00065
2026-08-04 16:25:10,1.71,gauge_height_ft,00065
2026-08-04 16:30:10,1.67,gauge_height_ft,00065
2026-08-04 16:35:10,1.6,gauge_height_ft,00065
2026-08-04 16:40:10,1.54,gauge_height_ft,00065
2026-08-04 16:45:10,1.46,gauge_height_ft,00065
2026-08-04 16:50:10,1.3900000000000001,gauge_height_ft,00065
2026-08-04 16:55:10,1.3399999999999999,gauge_height_ft,00065
2026-08-04 17:00:10,1.27,gauge_height_ft,00065
2026-08-04 17:05:10,1.22,gauge_height_ft,00065
2026-08-04 17:10:10,1.1600000000000001,gauge_height_ft,00065
2026-08-04 17:15:10,1.1,gauge_height_ft,00065
2026-08-04 17:20:10,1.04,gauge_height_ft,00065
2026-08-04 17:25:10,0.96,gauge_height_ft,00065
2026-08-04 17:30:10,0.8999999999999999,gauge_height_ft,00065
2026-08-04 17:35:10,0.8500000000000001,gauge_height_ft,00065
2026-08-04 17:40:10,0.79,gauge_height_ft,00065
2026-08-04 17:45:10,0.74,gauge_height_ft,00065
2026-08-04 17:50:10,0.6799999999999999,gauge_height_ft,00065
2026-08-04 17:55:10,0.6299999999999999,gauge_height_ft,00065
2026-08-04 18:00:10,0.5800000000000001,gauge_height_ft,00065
2026-08-04 18:05:10,0.54,gauge_height_ft,00065
2026-08-04 18:10:10,0.49,gauge_height_ft,00065
2026-08-04 18:15:10,0.43999999999999995,gauge_height_ft,00065
2026-08-04 18:20:10,0.3999999999999999,gauge_height_ft,00065
2026-08-04 18:25:10,0.3600000000000001,gauge_height_ft,00065
2026-08-04 18:30:10,0.33000000000000007,gauge_height_ft,00065
2026-08-04 18:35:10,0.30000000000000004,gauge_height_ft,00065
2026-08-04 18:40:10,0.27,gauge_height_ft,00065
2026-08-04 18:45:10,0.25,gauge_height_ft,00065
2026-08-04 18:50:10,0.22999999999999998,gauge_height_ft,00065
2026-08-04 18:55:10,0.21999999999999997,gauge_height_ft,00065
2026-08-04 19:00:10,0.19999999999999996,gauge_height_ft,00065
2026-08-04 19:05:10,0.17999999999999994,gauge_height_ft,00065
2026-08-04 19:10:10,0.1299999999999999,gauge_height_ft,00065
2026-08-04 19:15:10,0.1499999999999999,gauge_height_ft,00065
2026-08-04 19:20:10,0.16999999999999993,gauge_height_ft,00065
2026-08-04 19:25:10,0.20999999999999996,gauge_height_ft,00065
2026-08-04 19:30:10,0.26,gauge_height_ft,00065
2026-08-04 19:35:10,0.29000000000000004,gauge_height_ft,00065
2026-08-04 19:40:10,0.3400000000000001,gauge_height_ft,00065
2026-08-04 19:45:10,0.3400000000000001,gauge_height_ft,00065
2026-08-04 19:50:10,0.3600000000000001,gauge_height_ft,00065
2026-08-04 19:55:10,0.3999999999999999,gauge_height_ft,00065
2026-08-04 20:00:10,0.3899999999999999,gauge_height_ft,00065
2026-08-04 20:05:10,0.44999999999999996,gauge_height_ft,00065
2026-08-04 20:10:10,0.53,gauge_height_ft,00065
2026-08-04 20:15:10,0.6000000000000001,gauge_height_ft,00065
2026-08-04 20:20:10,0.6299999999999999,gauge_height_ft,00065
2026-08-04 20:25:10,0.6799999999999999,gauge_height_ft,00065
2026-08-04 20:30:10,0.7,gauge_height_ft,00065
2026-08-04 20:35:10,0.75,gauge_height_ft,00065
2026-08-04 20:40:10,0.8200000000000001,gauge_height_ft,00065
2026-08-04 20:45:10,0.8600000000000001,gauge_height_ft,00065
2026-08-04 20:50:10,0.9299999999999999,gauge_height_ft,00065
2026-08-04 20:55:10,0.99,gauge_height_ft,00065
2026-08-04 21:00:10,1.04,gauge_height_ft,00065
2026-08-04 21:05:10,1.1,gauge_height_ft,00065
2026-08-04 21:10:10,1.1600000000000001,gauge_height_ft,00065
2026-08-04 21:15:10,1.21,gauge_height_ft,00065
2026-08-04 21:20:10,1.26,gauge_height_ft,00065
2026-08-04 21:25:10,1.3,gauge_height_ft,00065
2026-08-04 21:30:10,1.35,gauge_height_ft,00065
2026-08-04 21:35:10,1.4,gauge_height_ft,00065
2026-08-04 21:40:10,1.45,gauge_height_ft,00065
2026-08-04 21:45:10,1.51,gauge_height_ft,00065
2026-08-04 21:50:10,1.57,gauge_height_ft,00065
2026-08-04 21:55:10,1.63,gauge_height_ft,00065
2026-08-04 22:00:10,1.69,gauge_height_ft,00065
2026-08-04 22:05:10,1.75,gauge_height_ft,00065
2026-08-04 22:10:10,1.82,gauge_height_ft,00065
2026-08-04 22:15:10,1.88,gauge_height_ft,00065
2026-08-04 22:20:10,1.94,gauge_height_ft,00065
2026-08-04 22:25:10,2.01,gauge_height_ft,00065
2026-08-04 22:30:10,2.08,gauge_height_ft,00065
2026-08-04 22:35:10,2.14,gauge_height_ft,00065
2026-08-04 22:40:10,2.19,gauge_height_ft,00065
2026-08-04 22:45:10,2.26,gauge_height_ft,00065
2026-08-04 22:50:10,2.33,gauge_height_ft,00065
2026-08-04 22:55:10,2.39,gauge_height_ft,00065
2026-08-04 23:00:10,2.44,gauge_height_ft,00065
2026-08-04 23:05:10,2.49,gauge_height_ft,00065
2026-08-04 23:10:10,2.54,gauge_height_ft,00065
2026-08-04 23:15:10,2.6,gauge_height_ft,00065
2026-08-04 23:20:10,2.67,gauge_height_ft,00065
2026-08-04 23:25:10,2.73,gauge_height_ft,00065
2026-08-04 23:30:10,2.76,gauge_height_ft,00065
2026-08-04 23:35:10,2.8,gauge_height_ft,00065
2026-08-04 23:40:10,2.85,gauge_height_ft,00065
2026-08-04 23:45:10,2.91,gauge_height_ft,00065
2026-08-04 23:50:10,2.96,gauge_height_ft,00065
2026-08-04 23:55:10,3.0,gauge_height_ft,00065
2026-08-05 00:00:10,3.05,gauge_height_ft,00065
2026-08-05 00:05:10,3.09,gauge_height_ft,00065
2026-08-05 00:10:10,3.13,gauge_height_ft,00065
2026-08-05 00:15:10,3.16,gauge_height_ft,00065
2026-08-05 00:20:10,3.19,gauge_height_ft,00065
2026-08-05 00:25:10,3.23,gauge_height_ft,00065
2026-08-05 00:30:10,3.27,gauge_height_ft,00065
2026-08-05 00:35:10,3.3,gauge_height_ft,00065
2026-08-05 00:40:10,3.34,gauge_height_ft,00065
2026-08-05 00:45:10,3.3600000000000003,gauge_height_ft,00065
2026-08-05 00:50:10,3.37,gauge_height_ft,00065
2026-08-05 00:55:10,3.37,gauge_height_ft,00065
2026-08-05 01:00:10,3.3899999999999997,gauge_height_ft,00065
2026-08-05 01:05:10,3.3899999999999997,gauge_height_ft,00065
2026-08-05 01:10:10,3.41,gauge_height_ft,00065
2026-08-05 01:15:10,3.3899999999999997,gauge_height_ft,00065
2026-08-05 01:20:10,3.37,gauge_height_ft,00065
2026-08-05 01:25:10,3.35,gauge_height_ft,00065
2026-08-05 01:30:10,3.35,gauge_height_ft,00065
2026-08-05 01:35:10,3.33,gauge_height_ft,00065
2026-08-05 01:40:10,3.29,gauge_height_ft,00065
2026-08-05 01:45:10,3.25,gauge_height_ft,00065
2026-08-05 01:50:10,3.2,gauge_height_ft,00065
2026-08-05 01:55:10,3.15,gauge_height_ft,00065
2026-08-05 02:00:10,3.1,gauge_height_ft,00065
2026-08-05 02:05:10,3.05,gauge_height_ft,00065
2026-08-05 02:10:10,2.96,gauge_height_ft,00065
2026-08-05 02:15:10,2.92,gauge_height_ft,00065
2026-08-05 02:20:10,2.87,gauge_height_ft,00065
2026-08-05 02:25:10,2.81,gauge_height_ft,00065
2026-08-05 02:30:10,2.75,gauge_height_ft,00065
2026-08-05 02:35:10,2.69,gauge_height_ft,00065
2026-08-05 02:40:10,2.62,gauge_height_ft,00065
2026-08-05 02:45:10,2.57,gauge_height_ft,00065
2026-08-05 02:50:10,2.51,gauge_height_ft,00065
2026-08-05 02:55:10,2.45,gauge_height_ft,00065
2026-08-05 03:00:10,2.39,gauge_height_ft,00065
2026-08-05 03:05:10,2.34,gauge_height_ft,00065
2026-08-05 03:10:10,2.27,gauge_height_ft,00065
2026-08-05 03:15:10,2.2,gauge_height_ft,00065
2026-08-05 03:20:10,2.13,gauge_height_ft,00065
2026-08-05 03:25:10,2.07,gauge_height_ft,00065
2026-08-05 03:30:10,1.99,gauge_height_ft,00065
2026-08-05 03:35:10,1.94,gauge_height_ft,00065
2026-08-05 03:40:10,1.87,gauge_height_ft,00065
2026-08-05 03:45:10,1.81,gauge_height_ft,00065
2026-08-05 03:50:10,1.76,gauge_height_ft,00065
2026-08-05 03:55:10,1.69,gauge_height_ft,00065
2026-08-05 04:00:10,1.6099999999999999,gauge_height_ft,00065
2026-08-05 04:05:10,1.53,gauge_height_ft,00065
2026-08-05 04:10:10,1.46,gauge_height_ft,00065
2026-08-05 04:15:10,1.3900000000000001,gauge_height_ft,00065
2026-08-05 04:20:10,1.3199999999999998,gauge_height_ft,00065
2026-08-05 04:25:10,1.25,gauge_height_ft,00065
2026-08-05 04:30:10,1.1800000000000002,gauge_height_ft,00065
2026-08-05 04:35:10,1.12,gauge_height_ft,00065
2026-08-05 04:40:10,1.06,gauge_height_ft,00065
2026-08-05 04:45:10,0.99,gauge_height_ft,00065
2026-08-05 04:50:10,0.9199999999999999,gauge_height_ft,00065
2026-08-05 04:55:10,0.8500000000000001,gauge_height_ft,00065
2026-08-05 05:00:10,0.78,gauge_height_ft,00065
2026-08-05 05:05:10,0.72,gauge_height_ft,00065
2026-08-05 05:10:10,0.6599999999999999,gauge_height_ft,00065
2026-08-05 05:15:10,0.6000000000000001,gauge_height_ft,00065
2026-08-05 05:20:10,0.52,gauge_height_ft,00065
2026-08-05 05:25:10,0.43999999999999995,gauge_height_ft,00065
2026-08-05 05:35:10,0.3400000000000001,gauge_height_ft,00065
2026-08-05 05:45:10,0.20999999999999996,gauge_height_ft,00065
2026-08-05 05:55:10,0.09000000000000008,gauge_height_ft,00065
2026-08-05 06:00:10,0.050000000000000044,gauge_height_ft,00065
2026-08-05 06:05:10,0.08000000000000007,gauge_height_ft,00065
2026-08-05 06:10:10,0.08000000000000007,gauge_height_ft,00065
2026-08-05 06:15:10,0.07000000000000006,gauge_height_ft,00065
2026-08-05 06:20:10,0.050000000000000044,gauge_height_ft,00065
2026-08-05 06:25:10,0.040000000000000036,gauge_height_ft,00065
2026-08-05 06:30:10,0.030000000000000027,gauge_height_ft,00065
2026-08-05 06:35:10,0.030000000000000027,gauge_height_ft,00065
2026-08-05 06:40:10,0.020000000000000018,gauge_height_ft,00065
2026-08-05 06:45:10,0.0,gauge_height_ft,00065
2026-08-05 06:50:10,0.0,gauge_height_ft,00065
2026-08-05 08:05:10,0.0,gauge_height_ft,00065
2026-08-05 08:10:10,0.030000000000000027,gauge_height_ft,00065
2026-08-05 08:15:10,0.07000000000000006,gauge_height_ft,00065
2026-08-05 08:25:10,0.1299999999999999,gauge_height_ft,00065
2026-08-05 08:30:10,0.1399999999999999,gauge_height_ft,00065
2026-08-05 08:35:10,0.16999999999999993,gauge_height_ft,00065
2026-08-05 08:40:10,0.20999999999999996,gauge_height_ft,00065
2026-08-05 08:45:10,0.30000000000000004,gauge_height_ft,00065
2026-08-05 08:50:10,0.3600000000000001,gauge_height_ft,00065
2026-08-05 08:55:10,0.3600000000000001,gauge_height_ft,00065
2026-08-05 09:00:10,0.3500000000000001,gauge_height_ft,00065
2026-08-05 09:05:10,0.3700000000000001,gauge_height_ft,00065
2026-08-05 09:10:10,0.47,gauge_height_ft,00065
2026-08-05 09:15:10,0.53,gauge_height_ft,00065
2026-08-05 09:20:10,0.6100000000000001,gauge_height_ft,00065
2026-08-05 09:25:10,0.6499999999999999,gauge_height_ft,00065
2026-08-05 09:30:10,0.6699999999999999,gauge_height_ft,00065
2026-08-05 09:35:10,0.71,gauge_height_ft,00065
2026-08-05 09:40:10,0.76,gauge_height_ft,00065
2026-08-05 09:45:10,0.8400000000000001,gauge_height_ft,00065
2026-08-05 09:50:10,0.9199999999999999,gauge_height_ft,00065
2026-08-05 09:55:10,1.01,gauge_height_ft,00065
2026-08-05 10:00:10,1.0899999999999999,gauge_height_ft,00065
2026-08-05 10:05:10,1.1600000000000001,gauge_height_ft,00065
2026-08-05 10:10:10,1.25,gauge_height_ft,00065
2026-08-05 10:15:10,1.3199999999999998,gauge_height_ft,00065
2026-08-05 10:20:10,1.4,gauge_height_ft,00065
2026-08-05 10:25:10,1.49,gauge_height_ft,00065
2026-08-05 10:30:10,1.55,gauge_height_ft,00065
2026-08-05 10:35:10,1.6400000000000001,gauge_height_ft,00065
2026-08-05 10:40:10,1.73,gauge_height_ft,00065
2026-08-05 10:45:10,1.79,gauge_height_ft,00065
2026-08-05 10:50:10,1.87,gauge_height_ft,00065
2026-08-05 10:55:10,1.93,gauge_height_ft,00065
2026-08-05 11:00:10,2.02,gauge_height_ft,00065
2026-08-05 11:05:10,2.09,gauge_height_ft,00065
2026-08-05 11:10:10,2.16,gauge_height_ft,00065
2026-08-05 11:15:10,2.23,gauge_height_ft,00065
2026-08-05 11:20:10,2.31,gauge_height_ft,00065
2026-08-05 11:25:10,2.41,gauge_height_ft,00065
2026-08-05 11:30:10,2.4699999999999998,gauge_height_ft,00065
2026-08-05 11:35:10,2.52,gauge_height_ft,00065
2026-08-05 11:40:10,2.59,gauge_height_ft,00065
2026-08-05 11:45:10,2.66,gauge_height_ft,00065
2026-08-05 11:50:10,2.76,gauge_height_ft,00065
2026-08-05 11:55:10,2.83,gauge_height_ft,00065
2026-08-05 12:00:10,2.88,gauge_height_ft,00065
2026-08-05 12:05:10,2.93,gauge_height_ft,00065
2026-08-05 12:10:10,2.98,gauge_height_ft,00065
2026-08-05 12:15:10,3.0700000000000003,gauge_height_ft,00065
2026-08-05 12:20:10,3.12,gauge_height_ft,00065
2026-08-05 12:25:10,3.19,gauge_height_ft,00065
2026-08-05 12:30:10,3.26,gauge_height_ft,00065
2026-08-05 12:35:10,3.31,gauge_height_ft,00065
2026-08-05 12:40:10,3.3600000000000003,gauge_height_ft,00065
2026-08-05 12:45:10,3.3899999999999997,gauge_height_ft,00065
2026-08-05 12:50:10,3.44,gauge_height_ft,00065
2026-08-05 12:55:10,3.48,gauge_height_ft,00065
2026-08-05 13:00:10,3.55,gauge_height_ft,00065
2026-08-05 13:05:10,3.58,gauge_height_ft,00065
2026-08-05 13:10:10,3.6399999999999997,gauge_height_ft,00065
2026-08-05 13:15:10,3.67,gauge_height_ft,00065
2026-08-05 13:20:10,3.69,gauge_height_ft,00065
2026-08-05 13:25:10,3.7199999999999998,gauge_height_ft,00065
2026-08-05 13:30:10,3.75,gauge_height_ft,00065
2026-08-05 13:35:10,3.77,gauge_height_ft,00065
2026-08-05 13:40:10,3.79,gauge_height_ft,00065
2026-08-05 13:45:10,3.76,gauge_height_ft,00065
2026-08-05 13:50:10,3.75,gauge_height_ft,00065
2026-08-05 13:55:10,3.7800000000000002,gauge_height_ft,00065
2026-08-05 14:00:10,3.7800000000000002,gauge_height_ft,00065
2026-08-05 14:05:10,3.75,gauge_height_ft,00065
2026-08-05 14:10:10,3.73,gauge_height_ft,00065
2026-08-05 14:15:10,3.7,gauge_height_ft,00065
2026-08-05 14:20:10,3.67,gauge_height_ft,00065
2026-08-05 14:25:10,3.65,gauge_height_ft,00065
2026-08-05 14:30:10,3.65,gauge_height_ft,00065
2026-08-05 14:35:10,3.59,gauge_height_ft,00065
2026-08-05 14:40:10,3.6100000000000003,gauge_height_ft,00065
2026-08-05 14:45:10,3.5700000000000003,gauge_height_ft,00065
2026-08-05 14:50:10,3.51,gauge_height_ft,00065
2026-08-05 14:55:10,3.4699999999999998,gauge_height_ft,00065
2026-08-05 15:00:10,3.41,gauge_height_ft,00065
2026-08-05 15:05:10,3.3899999999999997,gauge_height_ft,00065
2026-08-05 15:10:10,3.3,gauge_height_ft,00065
2026-08-05 15:15:10,3.23,gauge_height_ft,00065
2026-08-05 15:20:10,3.1799999999999997,gauge_height_ft,00065
2026-08-05 15:25:10,3.1,gauge_height_ft,00065
2026-08-05 15:30:10,3.04,gauge_height_ft,00065
2026-08-05 15:35:10,2.9699999999999998,gauge_height_ft,00065
2026-08-05 15:40:10,2.94,gauge_height_ft,00065
2026-08-05 15:45:10,2.86,gauge_height_ft,00065
2026-08-05 15:50:10,2.7800000000000002,gauge_height_ft,00065
2026-08-05 15:55:10,2.71,gauge_height_ft,00065
2026-08-05 16:00:10,2.66,gauge_height_ft,00065
2026-08-05 16:05:10,2.59,gauge_height_ft,00065
2026-08-05 16:10:10,2.55,gauge_height_ft,00065
2026-08-05 16:15:10,2.49,gauge_height_ft,00065
2026-08-05 16:20:10,2.43,gauge_height_ft,00065
2026-08-05 16:25:10,2.35,gauge_height_ft,00065
2026-08-05 16:30:10,2.2800000000000002,gauge_height_ft,00065
2026-08-05 16:35:10,2.27,gauge_height_ft,00065
2026-08-05 16:40:10,2.18,gauge_height_ft,00065
2026-08-05 16:45:10,2.12,gauge_height_ft,00065
2026-08-05 16:50:10,2.05,gauge_height_ft,00065
2026-08-05 16:55:10,1.98,gauge_height_ft,00065
2026-08-05 17:00:10,1.95,gauge_height_ft,00065
2026-08-05 17:05:10,1.9,gauge_height_ft,00065
2026-08-05 17:10:10,1.87,gauge_height_ft,00065
2026-08-05 17:15:10,1.8,gauge_height_ft,00065
2026-08-05 17:20:10,1.71,gauge_height_ft,00065
2026-08-05 17:25:10,1.65,gauge_height_ft,00065
2026-08-05 17:30:10,1.6,gauge_height_ft,00065
2026-08-05 17:35:10,1.56,gauge_height_ft,00065
2026-08-05 17:40:10,1.48,gauge_height_ft,00065
2026-08-05 17:45:10,1.44,gauge_height_ft,00065
2026-08-05 17:50:10,1.38,gauge_height_ft,00065
2026-08-05 17:55:10,1.3199999999999998,gauge_height_ft,00065
2026-08-05 18:00:10,1.26,gauge_height_ft,00065
2026-08-05 18:05:10,1.21,gauge_height_ft,00065
2026-08-05 18:10:10,1.1400000000000001,gauge_height_ft,00065
2026-08-05 18:15:10,1.08,gauge_height_ft,00065
2026-08-05 18:20:10,1.03,gauge_height_ft,00065
2026-08-05 18:25:10,0.96,gauge_height_ft,00065
2026-08-05 18:30:10,0.8999999999999999,gauge_height_ft,00065
2026-08-05 18:35:10,0.8600000000000001,gauge_height_ft,00065
2026-08-05 18:40:10,0.8200000000000001,gauge_height_ft,00065
2026-08-05 18:45:10,0.76,gauge_height_ft,00065
2026-08-05 18:50:10,0.72,gauge_height_ft,00065
2026-08-05 18:55:10,0.6799999999999999,gauge_height_ft,00065
2026-08-05 19:00:10,0.6499999999999999,gauge_height_ft,00065
2026-08-05 19:05:10,0.6399999999999999,gauge_height_ft,00065
2026-08-05 19:10:10,0.6100000000000001,gauge_height_ft,00065
2026-08-05 19:15:10,0.5800000000000001,gauge_height_ft,00065
2026-08-05 19:20:10,0.55,gauge_height_ft,00065
2026-08-05 19:25:10,0.52,gauge_height_ft,00065
2026-08-05 19:30:10,0.5,gauge_height_ft,00065
2026-08-05 19:35:10,0.45999999999999996,gauge_height_ft,00065
2026-08-05 19:40:10,0.47,gauge_height_ft,00065
2026-08-05 19:45:10,0.45999999999999996,gauge_height_ft,00065
2026-08-05 19:50:10,0.41999999999999993,gauge_height_ft,00065
2026-08-05 19:55:10,0.3700000000000001,gauge_height_ft,00065
2026-08-05 20:00:10,0.3400000000000001,gauge_height_ft,00065
2026-08-05 20:05:10,0.32000000000000006,gauge_height_ft,00065
2026-08-05 20:10:10,0.28,gauge_height_ft,00065
2026-08-05 20:15:10,0.27,gauge_height_ft,00065
2026-08-05 20:20:10,0.24,gauge_height_ft,00065
2026-08-05 20:25:10,0.21999999999999997,gauge_height_ft,00065
2026-08-05 20:30:10,0.28,gauge_height_ft,00065
2026-08-05 20:35:10,0.27,gauge_height_ft,00065
2026-08-05 20:40:10,0.30000000000000004,gauge_height_ft,00065
2026-08-05 20:45:10,0.3400000000000001,gauge_height_ft,00065
2026-08-05 20:50:10,0.3899999999999999,gauge_height_ft,00065
2026-08-05 20:55:10,0.44999999999999996,gauge_height_ft,00065
2026-08-05 21:00:10,0.52,gauge_height_ft,00065
2026-08-05 21:05:10,0.5700000000000001,gauge_height_ft,00065
2026-08-05 21:10:10,0.6200000000000001,gauge_height_ft,00065
2026-08-05 21:15:10,0.6499999999999999,gauge_height_ft,00065
2026-08-05 21:20:10,0.6799999999999999,gauge_height_ft,00065
2026-08-05 21:25:10,0.71,gauge_height_ft,00065
2026-08-05 21:30:10,0.76,gauge_height_ft,00065
2026-08-05 21:35:10,0.8,gauge_height_ft,00065
2026-08-05 21:40:10,0.8500000000000001,gauge_height_ft,00065
2026-08-05 21:45:10,0.8999999999999999,gauge_height_ft,00065
2026-08-05 21:50:10,0.94,gauge_height_ft,00065
2026-08-05 21:55:10,0.98,gauge_height_ft,00065
2026-08-05 22:00:10,1.03,gauge_height_ft,00065
2026-08-05 22:05:10,1.0899999999999999,gauge_height_ft,00065
2026-08-05 22:10:10,1.15,gauge_height_ft,00065
2026-08-05 22:15:10,1.24,gauge_height_ft,00065
2026-08-05 22:20:10,1.28,gauge_height_ft,00065
2026-08-05 22:25:10,1.31,gauge_height_ft,00065
2026-08-05 22:30:10,1.37,gauge_height_ft,00065
2026-08-05 22:35:10,1.42,gauge_height_ft,00065
2026-08-05 22:40:10,1.48,gauge_height_ft,00065
2026-08-05 22:45:10,1.53,gauge_height_ft,00065
2026-08-05 22:50:10,1.58,gauge_height_ft,00065
2026-08-05 22:55:10,1.62,gauge_height_ft,00065
2026-08-05 23:00:10,1.68,gauge_height_ft,00065
2026-08-05 23:05:10,1.72,gauge_height_ft,00065
2026-08-05 23:10:10,1.77,gauge_height_ft,00065
2026-08-05 23:15:10,1.83,gauge_height_ft,00065
2026-08-05 23:20:10,1.87,gauge_height_ft,00065
2026-08-05 23:25:10,1.93,gauge_height_ft,00065
2026-08-05 23:30:10,1.99,gauge_height_ft,00065
2026-08-05 23:35:10,2.06,gauge_height_ft,00065
2026-08-05 23:40:10,2.13,gauge_height_ft,00065
2026-08-05 23:45:10,2.18,gauge_height_ft,00065
2026-08-05 23:50:10,2.25,gauge_height_ft,00065
2026-08-06 00:00:10,2.38,gauge_height_ft,00065
2026-08-06 00:05:10,2.45,gauge_height_ft,00065
2026-08-06 00:10:10,2.52,gauge_height_ft,00065
2026-08-06 00:15:10,2.59,gauge_height_ft,00065
2026-08-06 00:20:10,2.63,gauge_height_ft,00065
2026-08-06 00:25:10,2.69,gauge_height_ft,00065
2026-08-06 00:30:10,2.75,gauge_height_ft,00065
2026-08-06 00:35:10,2.79,gauge_height_ft,00065
2026-08-06 00:40:10,2.83,gauge_height_ft,00065
2026-08-06 00:45:10,2.88,gauge_height_ft,00065
2026-08-06 00:50:10,2.92,gauge_height_ft,00065
2026-08-06 00:55:10,2.96,gauge_height_ft,00065
2026-08-06 01:00:10,2.98,gauge_height_ft,00065
2026-08-06 01:05:10,3.0,gauge_height_ft,00065
2026-08-06 01:10:10,3.0300000000000002,gauge_height_ft,00065
2026-08-06 01:15:10,3.0700000000000003,gauge_height_ft,00065
2026-08-06 01:20:10,3.1,gauge_height_ft,00065
2026-08-06 01:25:10,3.13,gauge_height_ft,00065
2026-08-06 01:30:10,3.15,gauge_height_ft,00065
2026-08-06 01:35:10,3.1799999999999997,gauge_height_ft,00065
2026-08-06 01:40:10,3.2,gauge_height_ft,00065
2026-08-06 01:45:10,3.2199999999999998,gauge_height_ft,00065
2026-08-06 01:50:10,3.2199999999999998,gauge_height_ft,00065
2026-08-06 01:55:10,3.23,gauge_height_ft,00065
2026-08-06 02:00:10,3.24,gauge_height_ft,00065
2026-08-06 02:05:10,3.26,gauge_height_ft,00065
2026-08-06 02:10:10,3.27,gauge_height_ft,00065
2026-08-06 02:15:10,3.25,gauge_height_ft,00065
2026-08-06 02:20:10,3.24,gauge_height_ft,00065
2026-08-06 02:25:10,3.2,gauge_height_ft,00065
2026-08-06 02:30:10,3.19,gauge_height_ft,00065
2026-08-06 02:35:10,3.16,gauge_height_ft,00065
2026-08-06 02:40:10,3.1399999999999997,gauge_height_ft,00065
2026-08-06 02:45:10,3.09,gauge_height_ft,00065
2026-08-06 02:50:10,3.0300000000000002,gauge_height_ft,00065
2026-08-06 02:55:10,2.98,gauge_height_ft,00065
2026-08-06 03:00:10,2.92,gauge_height_ft,00065
2026-08-06 03:05:10,2.87,gauge_height_ft,00065
2026-08-06 03:10:10,2.8,gauge_height_ft,00065
2026-08-06 03:15:10,2.75,gauge_height_ft,00065
2026-08-06 03:20:10,2.69,gauge_height_ft,00065
2026-08-06 03:25:10,2.64,gauge_height_ft,00065
2026-08-06 03:30:10,2.57,gauge_height_ft,00065
2026-08-06 03:35:10,2.51,gauge_height_ft,00065
2026-08-06 03:40:10,2.45,gauge_height_ft,00065
2026-08-06 03:45:10,2.37,gauge_height_ft,00065
2026-08-06 03:50:10,2.3,gauge_height_ft,00065
2026-08-06 03:55:10,2.23,gauge_height_ft,00065
2026-08-06 04:00:10,2.17,gauge_height_ft,00065
2026-08-06 04:05:10,2.08,gauge_height_ft,00065
2026-08-06 04:10:10,2.05,gauge_height_ft,00065
2026-08-06 04:15:10,1.99,gauge_height_ft,00065
2026-08-06 04:20:10,1.92,gauge_height_ft,00065
2026-08-06 04:25:10,1.85,gauge_height_ft,00065
2026-08-06 04:30:10,1.78,gauge_height_ft,00065
2026-08-06 04:35:10,1.72,gauge_height_ft,00065
2026-08-06 04:40:10,1.67,gauge_height_ft,00065
2026-08-06 04:45:10,1.62,gauge_height_ft,00065
2026-08-06 04:50:10,1.56,gauge_height_ft,00065
2026-08-06 04:55:10,1.52,gauge_height_ft,00065
2026-08-06 05:00:10,1.47,gauge_height_ft,00065
2026-08-06 05:05:10,1.4100000000000001,gauge_height_ft,00065
2026-08-06 05:10:10,1.35,gauge_height_ft,00065
2026-08-06 05:15:10,1.29,gauge_height_ft,00065
2026-08-06 05:20:10,1.22,gauge_height_ft,00065
2026-08-06 05:25:10,1.1600000000000001,gauge_height_ft,00065
2026-08-06 05:30:10,1.1,gauge_height_ft,00065
2026-08-06 05:35:10,1.04,gauge_height_ft,00065
2026-08-06 05:40:10,0.97,gauge_height_ft,00065
2026-08-06 05:45:10,0.8999999999999999,gauge_height_ft,00065
2026-08-06 05:50:10,0.8200000000000001,gauge_height_ft,00065
2026-08-06 05:55:10,0.77,gauge_height_ft,00065
2026-08-06 06:00:10,0.71,gauge_height_ft,00065
2026-08-06 06:05:10,0.6499999999999999,gauge_height_ft,00065
2026-08-06 06:10:10,0.5800000000000001,gauge_height_ft,00065
2026-08-06 06:15:10,0.51,gauge_height_ft,00065
2026-08-06 06:20:10,0.44999999999999996,gauge_height_ft,00065
2026-08-06 06:25:10,0.3799999999999999,gauge_height_ft,00065
2026-08-06 06:30:10,0.32000000000000006,gauge_height_ft,00065
2026-08-06 06:35:10,0.27,gauge_height_ft,00065
2026-08-06 06:40:10,0.18999999999999995,gauge_height_ft,00065
2026-08-06 06:45:10,0.1299999999999999,gauge_height_ft,00065
2026-08-06 06:50:10,0.09000000000000008,gauge_height_ft,00065
2026-08-06 06:55:10,0.07000000000000006,gauge_height_ft,00065
2026-08-06 07:00:10,0.020000000000000018,gauge_height_ft,00065
2026-08-06 09:10:10,0.030000000000000027,gauge_height_ft,00065
2026-08-06 09:15:10,0.1200000000000001,gauge_height_ft,00065
2026-08-06 09:20:10,0.16999999999999993,gauge_height_ft,00065
2026-08-06 09:25:10,0.18999999999999995,gauge_height_ft,00065
2026-08-06 09:30:10,0.27,gauge_height_ft,00065
2026-08-06 09:35:10,0.3500000000000001,gauge_height_ft,00065
2026-08-06 09:40:10,0.41999999999999993,gauge_height_ft,00065
2026-08-06 09:45:10,0.47,gauge_height_ft,00065
2026-08-06 09:50:10,0.52,gauge_height_ft,00065
2026-08-06 09:55:10,0.5700000000000001,gauge_height_ft,00065
2026-08-06 10:00:10,0.6100000000000001,gauge_height_ft,00065
2026-08-06 10:05:10,0.6599999999999999,gauge_height_ft,00065
2026-08-06 10:10:10,0.71,gauge_height_ft,00065
2026-08-06 10:15:10,0.75,gauge_height_ft,00065
2026-08-06 10:20:10,0.8200000000000001,gauge_height_ft,00065
2026-08-06 10:25:10,0.8500000000000001,gauge_height_ft,00065
2026-08-06 10:30:10,0.8999999999999999,gauge_height_ft,00065
2026-08-06 10:35:10,0.95,gauge_height_ft,00065
2026-08-06 10:40:10,1.02,gauge_height_ft,00065
2026-08-06 10:45:10,1.0699999999999998,gauge_height_ft,00065
2026-08-06 10:50:10,1.12,gauge_height_ft,00065
2026-08-06 10:55:10,1.2,gauge_height_ft,00065
2026-08-06 11:00:10,1.28,gauge_height_ft,00065
2026-08-06 11:05:10,1.3599999999999999,gauge_height_ft,00065
2026-08-06 11:10:10,1.45,gauge_height_ft,00065
2026-08-06 11:15:10,1.51,gauge_height_ft,00065
2026-08-06 11:20:10,1.59,gauge_height_ft,00065
2026-08-06 11:25:10,1.66,gauge_height_ft,00065
2026-08-06 11:30:10,1.77,gauge_height_ft,00065
2026-08-06 11:35:10,1.81,gauge_height_ft,00065
2026-08-06 11:40:10,1.96,gauge_height_ft,00065
2026-08-06 11:45:10,2.03,gauge_height_ft,00065
2026-08-06 11:50:10,2.13,gauge_height_ft,00065
2026-08-06 11:55:10,2.2,gauge_height_ft,00065
2026-08-06 12:00:10,2.2800000000000002,gauge_height_ft,00065
2026-08-06 12:05:10,2.34,gauge_height_ft,00065
2026-08-06 12:10:10,2.4,gauge_height_ft,00065
2026-08-06 12:15:10,2.46,gauge_height_ft,00065
2026-08-06 12:20:10,2.5300000000000002,gauge_height_ft,00065
2026-08-06 12:25:10,2.57,gauge_height_ft,00065
2026-08-06 12:30:10,2.67,gauge_height_ft,00065
2026-08-06 12:35:10,2.7199999999999998,gauge_height_ft,00065
2026-08-06 12:40:10,2.79,gauge_height_ft,00065
2026-08-06 12:45:10,2.84,gauge_height_ft,00065
2026-08-06 12:50:10,2.95,gauge_height_ft,00065
2026-08-06 12:55:10,2.98,gauge_height_ft,00065
2026-08-06 13:00:10,3.09,gauge_height_ft,00065
2026-08-06 13:05:10,3.1399999999999997,gauge_height_ft,00065
2026-08-06 13:10:10,3.19,gauge_height_ft,00065
2026-08-06 13:15:10,3.26,gauge_height_ft,00065
2026-08-06 13:20:10,3.33,gauge_height_ft,00065
2026-08-06 13:25:10,3.4,gauge_height_ft,00065
2026-08-06 13:30:10,3.4699999999999998,gauge_height_ft,00065
2026-08-06 13:35:10,3.52,gauge_height_ft,00065
2026-08-06 13:40:10,3.58,gauge_height_ft,00065
2026-08-06 13:45:10,3.62,gauge_height_ft,00065
2026-08-06 13:50:10,3.66,gauge_height_ft,00065
2026-08-06 13:55:10,3.7199999999999998,gauge_height_ft,00065
2026-08-06 14:00:10,3.76,gauge_height_ft,00065
2026-08-06 14:05:10,3.79,gauge_height_ft,00065
2026-08-06 14:10:10,3.83,gauge_height_ft,00065
2026-08-06 14:15:10,3.85,gauge_height_ft,00065
2026-08-06 14:20:10,3.9,gauge_height_ft,00065
2026-08-06 14:25:10,3.94,gauge_height_ft,00065
2026-08-06 14:30:10,3.94,gauge_height_ft,00065
2026-08-06 14:35:10,3.9299999999999997,gauge_height_ft,00065
2026-08-06 14:40:10,3.94,gauge_height_ft,00065
2026-08-06 14:45:10,3.92,gauge_height_ft,00065
2026-08-06 14:50:10,3.8899999999999997,gauge_height_ft,00065
2026-08-06 14:55:10,3.88,gauge_height_ft,00065
2026-08-06 15:00:10,3.85,gauge_height_ft,00065
2026-08-06 15:05:10,3.85,gauge_height_ft,00065
2026-08-06 15:10:10,3.79,gauge_height_ft,00065
2026-08-06 15:15:10,3.75,gauge_height_ft,00065
2026-08-06 15:20:10,3.74,gauge_height_ft,00065
2026-08-06 15:25:10,3.67,gauge_height_ft,00065
2026-08-06 15:30:10,3.63,gauge_height_ft,00065
2026-08-06 15:35:10,3.58,gauge_height_ft,00065
2026-08-06 15:40:10,3.5300000000000002,gauge_height_ft,00065
2026-08-06 15:45:10,3.48,gauge_height_ft,00065
2026-08-06 15:50:10,3.4299999999999997,gauge_height_ft,00065
2026-08-06 15:55:10,3.35,gauge_height_ft,00065
2026-08-06 16:00:10,3.31,gauge_height_ft,00065
2026-08-06 16:05:10,3.25,gauge_height_ft,00065
2026-08-06 16:10:10,3.19,gauge_height_ft,00065
2026-08-06 16:15:10,3.15,gauge_height_ft,00065
2026-08-06 16:20:10,3.12,gauge_height_ft,00065
2026-08-06 16:25:10,3.05,gauge_height_ft,00065
2026-08-06 16:30:10,2.9699999999999998,gauge_height_ft,00065
2026-08-06 16:35:10,2.89,gauge_height_ft,00065
2026-08-06 16:40:10,2.85,gauge_height_ft,00065
2026-08-06 16:45:10,2.8,gauge_height_ft,00065
2026-08-06 16:50:10,2.76,gauge_height_ft,00065
2026-08-06 16:55:10,2.7,gauge_height_ft,00065
2026-08-06 17:00:10,2.64,gauge_height_ft,00065
2026-08-06 17:05:10,2.58,gauge_height_ft,00065
2026-08-06 17:10:10,2.54,gauge_height_ft,00065
2026-08-06 17:15:10,2.4699999999999998,gauge_height_ft,00065
2026-08-06 17:20:10,2.43,gauge_height_ft,00065
2026-08-06 17:25:10,2.38,gauge_height_ft,00065
2026-08-06 17:30:10,2.33,gauge_height_ft,00065
2026-08-06 17:35:10,2.27,gauge_height_ft,00065
2026-08-06 17:40:10,2.22,gauge_height_ft,00065
2026-08-06 17:45:10,2.14,gauge_height_ft,00065
2026-08-06 17:50:10,2.09,gauge_height_ft,00065
2026-08-06 17:55:10,2.04,gauge_height_ft,00065
2026-08-06 18:00:10,1.98,gauge_height_ft,00065
2026-08-06 18:05:10,1.92,gauge_height_ft,00065
2026-08-06 18:10:10,1.8599999999999999,gauge_height_ft,00065
2026-08-06 18:15:10,1.79,gauge_height_ft,00065
2026-08-06 18:20:10,1.72,gauge_height_ft,00065
2026-08-06 18:25:10,1.65,gauge_height_ft,00065
2026-08-06 18:30:10,1.6,gauge_height_ft,00065
2026-08-06 18:35:10,1.56,gauge_height_ft,00065
2026-08-06 18:40:10,1.5,gauge_height_ft,00065
2026-08-06 18:45:10,1.44,gauge_height_ft,00065
2026-08-06 18:50:10,1.3900000000000001,gauge_height_ft,00065
2026-08-06 18:55:10,1.33,gauge_height_ft,00065
2026-08-06 19:00:10,1.28,gauge_height_ft,00065
2026-08-06 19:05:10,1.21,gauge_height_ft,00065
2026-08-06 19:10:10,1.1400000000000001,gauge_height_ft,00065
2026-08-06 19:15:10,1.1099999999999999,gauge_height_ft,00065
2026-08-06 19:20:10,1.05,gauge_height_ft,00065
2026-08-06 19:25:10,1.01,gauge_height_ft,00065
2026-08-06 19:30:10,0.95,gauge_height_ft,00065
2026-08-06 19:35:10,0.8899999999999999,gauge_height_ft,00065
2026-08-06 19:40:10,0.8500000000000001,gauge_height_ft,00065
2026-08-06 19:45:10,0.81,gauge_height_ft,00065
2026-08-06 19:50:10,0.77,gauge_height_ft,00065
2026-08-06 19:55:10,0.73,gauge_height_ft,00065
2026-08-06 20:00:10,0.72,gauge_height_ft,00065
2026-08-06 20:05:10,0.69,gauge_height_ft,00065
2026-08-06 20:10:10,0.6399999999999999,gauge_height_ft,00065
2026-08-06 20:15:10,0.6000000000000001,gauge_height_ft,00065
2026-08-06 20:20:10,0.55,gauge_height_ft,00065
2026-08-06 20:25:10,0.51,gauge_height_ft,00065
2026-08-06 20:30:10,0.48,gauge_height_ft,00065
2026-08-06 20:35:10,0.41999999999999993,gauge_height_ft,00065
2026-08-06 20:40:10,0.3500000000000001,gauge_height_ft,00065
2026-08-06 20:45:10,0.30000000000000004,gauge_height_ft,00065
2026-08-06 20:50:10,0.24,gauge_height_ft,00065
2026-08-06 20:55:10,0.16999999999999993,gauge_height_ft,00065
2026-08-06 21:00:10,0.15999999999999992,gauge_height_ft,00065
2026-08-06 21:05:10,0.10000000000000009,gauge_height_ft,00065
2026-08-06 21:10:10,0.06000000000000005,gauge_height_ft,00065
2026-08-06 21:15:10,0.040000000000000036,gauge_height_ft,00065
2026-08-06 21:20:10,0.040000000000000036,gauge_height_ft,00065
2026-08-06 21:25:10,0.06000000000000005,gauge_height_ft,00065
2026-08-06 21:30:10,0.07000000000000006,gauge_height_ft,00065
2026-08-06 21:35:10,0.09000000000000008,gauge_height_ft,00065
2026-08-06 21:40:10,0.07000000000000006,gauge_height_ft,00065
2026-08-06 21:45:10,0.1299999999999999,gauge_height_ft,00065
2026-08-06 21:55:10,0.21999999999999997,gauge_height_ft,00065
2026-08-06 22:00:10,0.24,gauge_height_ft,00065
2026-08-06 22:05:10,0.22999999999999998,gauge_height_ft,00065
2026-08-06 22:10:10,0.25,gauge_height_ft,00065
2026-08-06 22:15:10,0.33000000000000007,gauge_height_ft,00065
2026-08-06 22:20:10,0.43999999999999995,gauge_height_ft,00065
2026-08-06 22:25:10,0.5,gauge_height_ft,00065
2026-08-06 22:30:10,0.52,gauge_height_ft,00065
2026-08-06 22:35:10,0.53,gauge_height_ft,00065
2026-08-06 22:40:10,0.55,gauge_height_ft,00065
2026-08-06 22:45:10,0.6100000000000001,gauge_height_ft,00065
2026-08-06 22:50:10,0.69,gauge_height_ft,00065
2026-08-06 22:55:10,0.74,gauge_height_ft,00065
2026-08-06 23:00:10,0.8,gauge_height_ft,00065
2026-08-06 23:05:10,0.8500000000000001,gauge_height_ft,00065
2026-08-06 23:10:10,0.8899999999999999,gauge_height_ft,00065
2026-08-06 23:15:10,0.95,gauge_height_ft,00065
2026-08-06 23:20:10,1.03,gauge_height_ft,00065
2026-08-06 23:25:10,1.08,gauge_height_ft,00065
2026-08-06 23:30:10,1.1400000000000001,gauge_height_ft,00065
2026-08-06 23:35:10,1.1800000000000002,gauge_height_ft,00065
2026-08-06 23:40:10,1.22,gauge_height_ft,00065
2026-08-06 23:45:10,1.26,gauge_height_ft,00065
2026-08-06 23:50:10,1.3,gauge_height_ft,00065
2026-08-06 23:55:10,1.3399999999999999,gauge_height_ft,00065
2026-08-07 00:00:10,1.4,gauge_height_ft,00065
2026-08-07 00:05:10,1.45,gauge_height_ft,00065
2026-08-07 00:10:10,1.52,gauge_height_ft,00065
2026-08-07 00:15:10,1.59,gauge_height_ft,00065
2026-08-07 00:20:10,1.67,gauge_height_ft,00065
2026-08-07 00:25:10,1.75,gauge_height_ft,00065
2026-08-07 00:30:10,1.82,gauge_height_ft,00065
2026-08-07 00:35:10,1.9,gauge_height_ft,00065
2026-08-07 00:40:10,1.99,gauge_height_ft,00065
2026-08-07 00:45:10,2.08,gauge_height_ft,00065
2026-08-07 00:50:10,2.13,gauge_height_ft,00065
2026-08-07 00:55:10,2.18,gauge_height_ft,00065
2026-08-07 01:00:10,2.23,gauge_height_ft,00065
2026-08-07 01:05:10,2.29,gauge_height_ft,00065
2026-08-07 01:10:10,2.36,gauge_height_ft,00065
2026-08-07 01:15:10,2.4,gauge_height_ft,00065
2026-08-07 01:20:10,2.4699999999999998,gauge_height_ft,00065
2026-08-07 01:25:10,2.5,gauge_height_ft,00065
2026-08-07 01:30:10,2.55,gauge_height_ft,00065
2026-08-07 01:35:10,2.6,gauge_height_ft,00065
2026-08-07 01:40:10,2.65,gauge_height_ft,00065
2026-08-07 01:45:10,2.7,gauge_height_ft,00065
2026-08-07 01:50:10,2.73,gauge_height_ft,00065
2026-08-07 01:55:10,2.79,gauge_height_ft,00065
2026-08-07 02:00:10,2.85,gauge_height_ft,00065
2026-08-07 02:05:10,2.92,gauge_height_ft,00065
2026-08-07 02:10:10,2.96,gauge_height_ft,00065
2026-08-07 02:15:10,3.0,gauge_height_ft,00065
2026-08-07 02:20:10,3.0300000000000002,gauge_height_ft,00065
2026-08-07 02:25:10,3.08,gauge_height_ft,00065
2026-08-07 02:30:10,3.12,gauge_height_ft,00065
2026-08-07 02:35:10,3.1399999999999997,gauge_height_ft,00065
2026-08-07 02:40:10,3.15,gauge_height_ft,00065
2026-08-07 02:45:10,3.17,gauge_height_ft,00065
2026-08-07 02:50:10,3.1799999999999997,gauge_height_ft,00065
2026-08-07 02:55:10,3.19,gauge_height_ft,00065
2026-08-07 03:00:10,3.19,gauge_height_ft,00065
2026-08-07 03:05:10,3.16,gauge_height_ft,00065
2026-08-07 03:10:10,3.13,gauge_height_ft,00065
2026-08-07 03:15:10,3.09,gauge_height_ft,00065
2026-08-07 03:20:10,3.08,gauge_height_ft,00065
2026-08-07 03:25:10,3.05,gauge_height_ft,00065
2026-08-07 03:30:10,3.0,gauge_height_ft,00065
2026-08-07 03:35:10,2.93,gauge_height_ft,00065
2026-08-07 03:40:10,2.9,gauge_height_ft,00065
2026-08-07 03:45:10,2.85,gauge_height_ft,00065
2026-08-07 03:50:10,2.79,gauge_height_ft,00065
2026-08-07 03:55:10,2.74,gauge_height_ft,00065
2026-08-07 04:00:10,2.68,gauge_height_ft,00065
2026-08-07 04:05:10,2.62,gauge_height_ft,00065
2026-08-07 04:10:10,2.56,gauge_height_ft,00065
2026-08-07 04:15:10,2.51,gauge_height_ft,00065
2026-08-07 04:20:10,2.45,gauge_height_ft,00065
2026-08-07 04:25:10,2.41,gauge_height_ft,00065
2026-08-07 04:30:10,2.35,gauge_height_ft,00065
2026-08-07 04:35:10,2.2800000000000002,gauge_height_ft,00065
2026-08-07 04:40:10,2.23,gauge_height_ft,00065
2026-08-07 04:45:10,2.16,gauge_height_ft,00065
2026-08-07 04:50:10,2.1,gauge_height_ft,00065
2026-08-07 04:55:10,2.04,gauge_height_ft,00065
2026-08-07 05:00:10,2.0,gauge_height_ft,00065
2026-08-07 05:05:10,1.94,gauge_height_ft,00065
2026-08-07 05:10:10,1.8599999999999999,gauge_height_ft,00065
2026-08-07 05:15:10,1.81,gauge_height_ft,00065
2026-08-07 05:20:10,1.74,gauge_height_ft,00065
2026-08-07 05:25:10,1.68,gauge_height_ft,00065
2026-08-07 05:30:10,1.63,gauge_height_ft,00065
2026-08-07 05:35:10,1.56,gauge_height_ft,00065
2026-08-07 05:40:10,1.51,gauge_height_ft,00065
2026-08-07 05:45:10,1.44,gauge_height_ft,00065
2026-08-07 05:50:10,1.3900000000000001,gauge_height_ft,00065
2026-08-07 05:55:10,1.35,gauge_height_ft,00065
2026-08-07 06:00:10,1.3,gauge_height_ft,00065
2026-08-07 06:05:10,1.24,gauge_height_ft,00065
2026-08-07 06:10:10,1.19,gauge_height_ft,00065
2026-08-07 06:15:10,1.13,gauge_height_ft,00065
2026-08-07 06:20:10,1.06,gauge_height_ft,00065
2026-08-07 06:25:10,1.01,gauge_height_ft,00065
2026-08-07 06:30:10,0.94,gauge_height_ft,00065
2026-08-07 06:35:10,0.8899999999999999,gauge_height_ft,00065
2026-08-07 06:40:10,0.8400000000000001,gauge_height_ft,00065
2026-08-07 06:45:10,0.76,gauge_height_ft,00065
2026-08-07 06:50:10,0.71,gauge_height_ft,00065
2026-08-07 06:55:10,0.6499999999999999,gauge_height_ft,00065
2026-08-07 07:00:10,0.6000000000000001,gauge_height_ft,00065
2026-08-07 07:05:10,0.54,gauge_height_ft,00065
2026-08-07 07:10:10,0.48,gauge_height_ft,00065
2026-08-07 07:15:10,0.41999999999999993,gauge_height_ft,00065
2026-08-07 07:20:10,0.3500000000000001,gauge_height_ft,00065
2026-08-07 07:25:10,0.31000000000000005,gauge_height_ft,00065
2026-08-07 07:30:10,0.24,gauge_height_ft,00065
2026-08-07 07:35:10,0.16999999999999993,gauge_height_ft,00065
2026-08-07 07:40:10,0.1100000000000001,gauge_height_ft,00065
2026-08-07 07:45:10,0.050000000000000044,gauge_height_ft,00065
2026-08-07 10:20:10,0.050000000000000044,gauge_height_ft,00065
2026-08-07 10:25:10,0.1100000000000001,gauge_height_ft,00065
2026-08-07 10:30:10,0.21999999999999997,gauge_height_ft,00065
2026-08-07 10:35:10,0.31000000000000005,gauge_height_ft,00065
2026-08-07 10:40:10,0.3700000000000001,gauge_height_ft,00065
2026-08-07 10:45:10,0.3600000000000001,gauge_height_ft,00065
2026-08-07 10:50:10,0.3799999999999999,gauge_height_ft,00065
2026-08-07 10:55:10,0.44999999999999996,gauge_height_ft,00065
2026-08-07 11:00:10,0.5,gauge_height_ft,00065
2026-08-07 11:05:10,0.56,gauge_height_ft,00065
2026-08-07 11:10:10,0.6399999999999999,gauge_height_ft,00065
2026-08-07 11:15:10,0.69,gauge_height_ft,00065
2026-08-07 11:20:10,0.71,gauge_height_ft,00065
2026-08-07 11:25:10,0.78,gauge_height_ft,00065
2026-08-07 11:30:10,0.8600000000000001,gauge_height_ft,00065
2026-08-07 11:35:10,0.9199999999999999,gauge_height_ft,00065
2026-08-07 11:40:10,1.0,gauge_height_ft,00065
2026-08-07 11:45:10,1.06,gauge_height_ft,00065
2026-08-07 11:50:10,1.12,gauge_height_ft,00065
2026-08-07 11:55:10,1.2,gauge_height_ft,00065
2026-08-07 12:00:10,1.26,gauge_height_ft,00065
2026-08-07 12:05:10,1.3599999999999999,gauge_height_ft,00065
2026-08-07 12:10:10,1.47,gauge_height_ft,00065
2026-08-07 12:15:10,1.56,gauge_height_ft,00065
2026-08-07 12:20:10,1.66,gauge_height_ft,00065
2026-08-07 12:25:10,1.73,gauge_height_ft,00065
2026-08-07 12:30:10,1.83,gauge_height_ft,00065
2026-08-07 12:35:10,1.9,gauge_height_ft,00065
2026-08-07 12:40:10,1.97,gauge_height_ft,00065
2026-08-07 12:45:10,2.06,gauge_height_ft,00065
2026-08-07 12:50:10,2.15,gauge_height_ft,00065
2026-08-07 12:55:10,2.22,gauge_height_ft,00065
2026-08-07 13:00:10,2.3,gauge_height_ft,00065
2026-08-07 13:05:10,2.37,gauge_height_ft,00065
2026-08-07 13:10:10,2.44,gauge_height_ft,00065
2026-08-07 13:15:10,2.51,gauge_height_ft,00065
2026-08-07 13:20:10,2.6,gauge_height_ft,00065
2026-08-07 13:25:10,2.67,gauge_height_ft,00065
2026-08-07 13:30:10,2.73,gauge_height_ft,00065
2026-08-07 13:35:10,2.82,gauge_height_ft,00065
2026-08-07 13:40:10,2.89,gauge_height_ft,00065
2026-08-07 13:45:10,2.9699999999999998,gauge_height_ft,00065
2026-08-07 13:50:10,3.05,gauge_height_ft,00065
2026-08-07 13:55:10,3.13,gauge_height_ft,00065
2026-08-07 14:00:10,3.19,gauge_height_ft,00065
2026-08-07 14:05:10,3.26,gauge_height_ft,00065
2026-08-07 14:10:10,3.3200000000000003,gauge_height_ft,00065
2026-08-07 14:15:10,3.41,gauge_height_ft,00065
2026-08-07 14:20:10,3.49,gauge_height_ft,00065
2026-08-07 14:25:10,3.5700000000000003,gauge_height_ft,00065
2026-08-07 14:30:10,3.6399999999999997,gauge_height_ft,00065
2026-08-07 14:35:10,3.6799999999999997,gauge_height_ft,00065
2026-08-07 14:40:10,3.71,gauge_height_ft,00065
2026-08-07 14:45:10,3.76,gauge_height_ft,00065
2026-08-07 14:50:10,3.8200000000000003,gauge_height_ft,00065
2026-08-07 14:55:10,3.85,gauge_height_ft,00065
2026-08-07 15:00:10,3.8899999999999997,gauge_height_ft,00065
2026-08-07 15:05:10,3.92,gauge_height_ft,00065
2026-08-07 15:10:10,3.95,gauge_height_ft,00065
2026-08-07 15:15:10,3.96,gauge_height_ft,00065
2026-08-07 15:20:10,3.99,gauge_height_ft,00065
2026-08-07 15:25:10,4.029999999999999,gauge_height_ft,00065
2026-08-07 15:30:10,4.029999999999999,gauge_height_ft,00065
2026-08-07 15:35:10,4.0600000000000005,gauge_height_ft,00065
2026-08-07 15:40:10,4.07,gauge_height_ft,00065
2026-08-07 15:45:10,4.08,gauge_height_ft,00065
2026-08-07 15:50:10,4.08,gauge_height_ft,00065
2026-08-07 15:55:10,4.0600000000000005,gauge_height_ft,00065
2026-08-07 16:00:10,4.05,gauge_height_ft,00065
2026-08-07 16:05:10,4.01,gauge_height_ft,00065
2026-08-07 16:10:10,3.98,gauge_height_ft,00065
2026-08-07 16:15:10,3.96,gauge_height_ft,00065
2026-08-07 16:20:10,3.8899999999999997,gauge_height_ft,00065
2026-08-07 16:25:10,3.8600000000000003,gauge_height_ft,00065
2026-08-07 16:30:10,3.8,gauge_height_ft,00065
2026-08-07 16:35:10,3.76,gauge_height_ft,00065
2026-08-07 16:40:10,3.69,gauge_height_ft,00065
2026-08-07 16:45:10,3.6399999999999997,gauge_height_ft,00065
2026-08-07 16:50:10,3.6,gauge_height_ft,00065
2026-08-07 16:55:10,3.5300000000000002,gauge_height_ft,00065
2026-08-07 17:00:10,3.48,gauge_height_ft,00065
2026-08-07 17:05:10,3.42,gauge_height_ft,00065
2026-08-07 17:10:10,3.37,gauge_height_ft,00065
2026-08-07 17:15:10,3.3200000000000003,gauge_height_ft,00065
2026-08-07 17:20:10,3.27,gauge_height_ft,00065
2026-08-07 17:25:10,3.2,gauge_height_ft,00065
2026-08-07 17:30:10,3.16,gauge_height_ft,00065
2026-08-07 17:35:10,3.09,gauge_height_ft,00065
2026-08-07 17:40:10,3.01,gauge_height_ft,00065
2026-08-07 17:45:10,2.95,gauge_height_ft,00065
2026-08-07 17:50:10,2.91,gauge_height_ft,00065
2026-08-07 17:55:10,2.86,gauge_height_ft,00065
2026-08-07 18:00:10,2.79,gauge_height_ft,00065
2026-08-07 18:05:10,2.73,gauge_height_ft,00065
2026-08-07 18:10:10,2.68,gauge_height_ft,00065
2026-08-07 18:15:10,2.62,gauge_height_ft,00065
2026-08-07 18:20:10,2.58,gauge_height_ft,00065
2026-08-07 18:25:10,2.5300000000000002,gauge_height_ft,00065
2026-08-07 18:30:10,2.4699999999999998,gauge_height_ft,00065
2026-08-07 18:35:10,2.41,gauge_height_ft,00065
2026-08-07 18:40:10,2.37,gauge_height_ft,00065
2026-08-07 18:45:10,2.31,gauge_height_ft,00065
2026-08-07 18:50:10,2.25,gauge_height_ft,00065
2026-08-07 18:55:10,2.2,gauge_height_ft,00065
2026-08-07 19:00:10,2.15,gauge_height_ft,00065
2026-08-07 19:05:10,2.08,gauge_height_ft,00065
2026-08-07 19:10:10,2.04,gauge_height_ft,00065
2026-08-07 19:15:10,1.96,gauge_height_ft,00065
2026-08-07 19:20:10,1.92,gauge_height_ft,00065
2026-08-07 19:25:10,1.85,gauge_height_ft,00065
2026-08-07 19:30:10,1.78,gauge_height_ft,00065
2026-08-07 19:35:10,1.58,gauge_height_ft,00065
2026-08-07 19:40:10,1.6400000000000001,gauge_height_ft,00065
2026-08-07 19:45:10,1.59,gauge_height_ft,00065
2026-08-07 19:50:10,1.52,gauge_height_ft,00065
2026-08-07 19:55:10,1.46,gauge_height_ft,00065
2026-08-07 20:00:10,1.3900000000000001,gauge_height_ft,00065
2026-08-07 20:05:10,1.33,gauge_height_ft,00065
2026-08-07 20:10:10,1.27,gauge_height_ft,00065
2026-08-07 20:15:10,1.21,gauge_height_ft,00065
2026-08-07 20:20:10,1.1400000000000001,gauge_height_ft,00065
2026-08-07 20:25:10,1.0899999999999999,gauge_height_ft,00065
2026-08-07 20:30:10,1.04,gauge_height_ft,00065
2026-08-07 20:35:10,0.99,gauge_height_ft,00065
2026-08-07 20:40:10,0.9199999999999999,gauge_height_ft,00065
2026-08-07 20:45:10,0.8500000000000001,gauge_height_ft,00065
2026-08-07 20:50:10,0.79,gauge_height_ft,00065
2026-08-07 20:55:10,0.73,gauge_height_ft,00065
2026-08-07 21:00:10,0.6699999999999999,gauge_height_ft,00065
2026-08-07 21:05:10,0.6200000000000001,gauge_height_ft,00065
2026-08-07 21:10:10,0.56,gauge_height_ft,00065
2026-08-07 21:15:10,0.52,gauge_height_ft,00065
2026-08-07 21:20:10,0.44999999999999996,gauge_height_ft,00065
2026-08-07 21:25:10,0.3899999999999999,gauge_height_ft,00065
2026-08-07 21:30:10,0.33000000000000007,gauge_height_ft,00065
2026-08-07 21:35:10,0.27,gauge_height_ft,00065
2026-08-07 21:40:10,0.25,gauge_height_ft,00065
2026-08-07 21:45:10,0.19999999999999996,gauge_height_ft,00065
2026-08-07 21:50:10,0.1499999999999999,gauge_height_ft,00065
2026-08-07 21:55:10,0.1399999999999999,gauge_height_ft,00065
2026-08-07 22:00:10,0.1299999999999999,gauge_height_ft,00065
2026-08-07 22:05:10,0.1200000000000001,gauge_height_ft,00065
2026-08-07 22:10:10,0.15999999999999992,gauge_height_ft,00065
2026-08-07 22:15:10,0.15999999999999992,gauge_height_ft,00065
2026-08-07 22:20:10,0.1499999999999999,gauge_height_ft,00065
2026-08-07 22:25:10,0.16999999999999993,gauge_height_ft,00065
2026-08-07 22:30:10,0.25,gauge_height_ft,00065
2026-08-07 22:35:10,0.27,gauge_height_ft,00065
2026-08-07 22:40:10,0.30000000000000004,gauge_height_ft,00065
2026-08-07 22:45:10,0.29000000000000004,gauge_height_ft,00065
2026-08-07 22:50:10,0.25,gauge_height_ft,00065
2026-08-07 22:55:10,0.28,gauge_height_ft,00065
2026-08-07 23:00:10,0.3400000000000001,gauge_height_ft,00065
2026-08-07 23:05:10,0.3899999999999999,gauge_height_ft,00065
2026-08-07 23:10:10,0.42999999999999994,gauge_height_ft,00065
2026-08-07 23:15:10,0.45999999999999996,gauge_height_ft,00065
2026-08-07 23:20:10,0.5,gauge_height_ft,00065
2026-08-07 23:25:10,0.55,gauge_height_ft,00065
2026-08-07 23:30:10,0.6100000000000001,gauge_height_ft,00065
2026-08-07 23:35:10,0.6399999999999999,gauge_height_ft,00065
2026-08-07 23:40:10,0.69,gauge_height_ft,00065
2026-08-07 23:45:10,0.73,gauge_height_ft,00065
2026-08-07 23:50:10,0.77,gauge_height_ft,00065
2026-08-07 23:55:10,0.8400000000000001,gauge_height_ft,00065
2026-08-08 00:00:10,0.8999999999999999,gauge_height_ft,00065
2026-08-08 00:05:10,0.96,gauge_height_ft,00065
2026-08-08 00:10:10,0.99,gauge_height_ft,00065
2026-08-08 00:15:10,1.0699999999999998,gauge_height_ft,00065
2026-08-08 00:20:10,1.1099999999999999,gauge_height_ft,00065
2026-08-08 00:25:10,1.1800000000000002,gauge_height_ft,00065
2026-08-08 00:30:10,1.23,gauge_height_ft,00065
2026-08-08 00:35:10,1.28,gauge_height_ft,00065
2026-08-08 00:40:10,1.31,gauge_height_ft,00065
2026-08-08 00:45:10,1.3599999999999999,gauge_height_ft,00065
2026-08-08 00:50:10,1.4100000000000001,gauge_height_ft,00065
2026-08-08 00:55:10,1.47,gauge_height_ft,00065
2026-08-08 01:00:10,1.51,gauge_height_ft,00065
2026-08-08 01:05:10,1.55,gauge_height_ft,00065
2026-08-08 01:10:10,1.6,gauge_height_ft,00065
2026-08-08 01:15:10,1.6400000000000001,gauge_height_ft,00065
2026-08-08 01:20:10,1.71,gauge_height_ft,00065
2026-08-08 01:25:10,1.76,gauge_height_ft,00065
2026-08-08 01:30:10,1.81,gauge_height_ft,00065
2026-08-08 01:35:10,1.88,gauge_height_ft,00065
2026-08-08 01:40:10,1.92,gauge_height_ft,00065
2026-08-08 01:45:10,1.97,gauge_height_ft,00065
2026-08-08 01:50:10,2.03,gauge_height_ft,00065
2026-08-08 01:55:10,2.07,gauge_height_ft,00065
2026-08-08 02:00:10,2.13,gauge_height_ft,00065
2026-08-08 02:05:10,2.18,gauge_height_ft,00065
2026-08-08 02:10:10,2.23,gauge_height_ft,00065
2026-08-08 02:15:10,2.27,gauge_height_ft,00065
2026-08-08 02:20:10,2.35,gauge_height_ft,00065
2026-08-08 02:25:10,2.4,gauge_height_ft,00065
2026-08-08 02:30:10,2.44,gauge_height_ft,00065
2026-08-08 02:35:10,2.4699999999999998,gauge_height_ft,00065
2026-08-08 02:40:10,2.5300000000000002,gauge_height_ft,00065
2026-08-08 02:45:10,2.6,gauge_height_ft,00065
2026-08-08 02:50:10,2.65,gauge_height_ft,00065
2026-08-08 02:55:10,2.7,gauge_height_ft,00065
2026-08-08 03:00:10,2.74,gauge_height_ft,00065
2026-08-08 03:05:10,2.7800000000000002,gauge_height_ft,00065
2026-08-08 03:10:10,2.82,gauge_height_ft,00065
2026-08-08 03:15:10,2.84,gauge_height_ft,00065
2026-08-08 03:20:10,2.88,gauge_height_ft,00065
2026-08-08 03:25:10,2.91,gauge_height_ft,00065
2026-08-08 03:30:10,2.94,gauge_height_ft,00065
2026-08-08 03:35:10,2.98,gauge_height_ft,00065
2026-08-08 03:40:10,2.98,gauge_height_ft,00065
2026-08-08 03:45:10,2.99,gauge_height_ft,00065
2026-08-08 03:50:10,2.98,gauge_height_ft,00065
2026-08-08 03:55:10,3.0,gauge_height_ft,00065
2026-08-08 04:00:10,2.99,gauge_height_ft,00065
2026-08-08 04:05:10,2.99,gauge_height_ft,00065
2026-08-08 04:10:10,2.99,gauge_height_ft,00065
2026-08-08 04:15:10,2.98,gauge_height_ft,00065
2026-08-08 04:20:10,2.9699999999999998,gauge_height_ft,00065
2026-08-08 04:25:10,2.95,gauge_height_ft,00065
2026-08-08 04:30:10,2.94,gauge_height_ft,00065
2026-08-08 04:35:10,2.93,gauge_height_ft,00065
2026-08-08 04:40:10,2.91,gauge_height_ft,00065
2026-08-08 04:45:10,2.89,gauge_height_ft,00065
2026-08-08 04:50:10,2.88,gauge_height_ft,00065
2026-08-08 04:55:10,2.84,gauge_height_ft,00065
2026-08-08 05:00:10,2.82,gauge_height_ft,00065
2026-08-08 05:05:10,2.7800000000000002,gauge_height_ft,00065
2026-08-08 05:10:10,2.73,gauge_height_ft,00065
2026-08-08 05:15:10,2.68,gauge_height_ft,00065
2026-08-08 05:20:10,2.63,gauge_height_ft,00065
2026-08-08 05:25:10,2.58,gauge_height_ft,00065
2026-08-08 05:30:10,2.52,gauge_height_ft,00065
2026-08-08 05:35:10,2.48,gauge_height_ft,00065
2026-08-08 05:40:10,2.41,gauge_height_ft,00065
2026-08-08 05:45:10,2.36,gauge_height_ft,00065
2026-08-08 05:50:10,2.2800000000000002,gauge_height_ft,00065
2026-08-08 05:55:10,2.23,gauge_height_ft,00065
2026-08-08 06:00:10,2.19,gauge_height_ft,00065
2026-08-08 06:05:10,2.15,gauge_height_ft,00065
2026-08-08 06:10:10,2.09,gauge_height_ft,00065
2026-08-08 06:15:10,2.04,gauge_height_ft,00065
2026-08-08 06:20:10,1.98,gauge_height_ft,00065
2026-08-08 06:25:10,1.93,gauge_height_ft,00065
2026-08-08 06:30:10,1.87,gauge_height_ft,00065
2026-08-08 06:35:10,1.81,gauge_height_ft,00065
2026-08-08 06:40:10,1.75,gauge_height_ft,00065
2026-08-08 06:45:10,1.69,gauge_height_ft,00065
2026-08-08 06:50:10,1.6400000000000001,gauge_height_ft,00065
2026-08-08 06:55:10,1.58,gauge_height_ft,00065
2026-08-08 07:00:10,1.52,gauge_height_ft,00065
2026-08-08 07:05:10,1.45,gauge_height_ft,00065
2026-08-08 07:10:10,1.3900000000000001,gauge_height_ft,00065
2026-08-08 07:15:10,1.3199999999999998,gauge_height_ft,00065
2026-08-08 07:20:10,1.25,gauge_height_ft,00065
2026-08-08 07:25:10,1.19,gauge_height_ft,00065
2026-08-08 07:30:10,1.12,gauge_height_ft,00065
2026-08-08 07:35:10,1.05,gauge_height_ft,00065
2026-08-08 07:40:10,0.98,gauge_height_ft,00065
2026-08-08 07:45:10,0.9099999999999999,gauge_height_ft,00065
2026-08-08 07:50:10,0.8300000000000001,gauge_height_ft,00065
2026-08-08 07:55:10,0.78,gauge_height_ft,00065
2026-08-08 08:00:10,0.71,gauge_height_ft,00065
2026-08-08 08:05:10,0.6399999999999999,gauge_height_ft,00065
2026-08-08 08:10:10,0.5700000000000001,gauge_height_ft,00065
2026-08-08 08:15:10,0.5,gauge_height_ft,00065
2026-08-08 08:20:10,0.41999999999999993,gauge_height_ft,00065
2026-08-08 08:25:10,0.3500000000000001,gauge_height_ft,00065
2026-08-08 08:30:10,0.27,gauge_height_ft,00065
2026-08-08 08:35:10,0.19999999999999996,gauge_height_ft,00065
2026-08-08 08:40:10,0.1299999999999999,gauge_height_ft,00065
2026-08-08 08:45:10,0.050000000000000044,gauge_height_ft,00065
2026-08-08 11:30:10,0.08000000000000007,gauge_height_ft,00065
2026-08-08 11:35:10,0.1399999999999999,gauge_height_ft,00065
2026-08-08 11:40:10,0.18999999999999995,gauge_height_ft,00065
2026-08-08 11:45:10,0.29000000000000004,gauge_height_ft,00065
2026-08-08 11:50:10,0.3700000000000001,gauge_height_ft,00065
2026-08-08 11:55:10,0.42999999999999994,gauge_height_ft,00065
2026-08-08 12:00:10,0.49,gauge_height_ft,00065
2026-08-08 12:05:10,0.56,gauge_height_ft,00065
2026-08-08 12:10:10,0.6299999999999999,gauge_height_ft,00065
2026-08-08 12:15:10,0.69,gauge_height_ft,00065
2026-08-08 12:20:10,0.74,gauge_height_ft,00065
2026-08-08 12:25:10,0.81,gauge_height_ft,00065
2026-08-08 12:30:10,0.8600000000000001,gauge_height_ft,00065
2026-08-08 12:35:10,0.9299999999999999,gauge_height_ft,00065
2026-08-08 12:40:10,1.01,gauge_height_ft,00065
2026-08-08 12:45:10,1.0899999999999999,gauge_height_ft,00065
2026-08-08 12:50:10,1.17,gauge_height_ft,00065
2026-08-08 12:55:10,1.24,gauge_height_ft,00065
2026-08-08 13:00:10,1.3,gauge_height_ft,00065
2026-08-08 13:05:10,1.38,gauge_height_ft,00065
2026-08-08 13:10:10,1.47,gauge_height_ft,00065
2026-08-08 13:15:10,1.55,gauge_height_ft,00065
2026-08-08 13:20:10,1.62,gauge_height_ft,00065
2026-08-08 13:25:10,1.71,gauge_height_ft,00065
2026-08-08 13:30:10,1.79,gauge_height_ft,00065
2026-08-08 13:35:10,1.9,gauge_height_ft,00065
2026-08-08 13:40:10,1.99,gauge_height_ft,00065
2026-08-08 13:45:10,2.07,gauge_height_ft,00065
2026-08-08 13:50:10,2.19,gauge_height_ft,00065
2026-08-08 13:55:10,2.2800000000000002,gauge_height_ft,00065
2026-08-08 14:00:10,2.35,gauge_height_ft,00065
2026-08-08 14:05:10,2.42,gauge_height_ft,00065
2026-08-08 14:10:10,2.5,gauge_height_ft,00065
2026-08-08 14:15:10,2.58,gauge_height_ft,00065
2026-08-08 14:20:10,2.66,gauge_height_ft,00065
2026-08-08 14:25:10,2.73,gauge_height_ft,00065
2026-08-08 14:30:10,2.82,gauge_height_ft,00065
2026-08-08 14:35:10,2.91,gauge_height_ft,00065
2026-08-08 14:40:10,2.9699999999999998,gauge_height_ft,00065
2026-08-08 14:45:10,3.0300000000000002,gauge_height_ft,00065
2026-08-08 14:50:10,3.13,gauge_height_ft,00065
2026-08-08 14:55:10,3.2199999999999998,gauge_height_ft,00065
2026-08-08 15:00:10,3.2800000000000002,gauge_height_ft,00065
2026-08-08 15:05:10,3.3600000000000003,gauge_height_ft,00065
2026-08-08 15:10:10,3.42,gauge_height_ft,00065
2026-08-08 15:15:10,3.49,gauge_height_ft,00065
2026-08-08 15:20:10,3.55,gauge_height_ft,00065
2026-08-08 15:25:10,3.6,gauge_height_ft,00065
2026-08-08 15:30:10,3.67,gauge_height_ft,00065
2026-08-08 15:35:10,3.77,gauge_height_ft,00065
2026-08-08 15:40:10,3.84,gauge_height_ft,00065
2026-08-08 15:45:10,3.88,gauge_height_ft,00065
2026-08-08 15:50:10,4.04,gauge_height_ft,00065
2026-08-08 15:55:10,4.0,gauge_height_ft,00065
2026-08-08 16:00:10,4.05,gauge_height_ft,00065
2026-08-08 16:05:10,4.09,gauge_height_ft,00065
2026-08-08 16:10:10,4.15,gauge_height_ft,00065
2026-08-08 16:15:10,4.1899999999999995,gauge_height_ft,00065
2026-08-08 16:20:10,4.23,gauge_height_ft,00065
2026-08-08 16:25:10,4.23,gauge_height_ft,00065
2026-08-08 16:30:10,4.25,gauge_height_ft,00065
2026-08-08 16:35:10,4.26,gauge_height_ft,00065
2026-08-08 16:40:10,4.29,gauge_height_ft,00065
2026-08-08 16:45:10,4.3100000000000005,gauge_height_ft,00065
2026-08-08 16:50:10,4.3100000000000005,gauge_height_ft,00065
2026-08-08 16:55:10,4.279999999999999,gauge_height_ft,00065
2026-08-08 17:00:10,4.25,gauge_height_ft,00065
2026-08-08 17:05:10,4.26,gauge_height_ft,00065
2026-08-08 17:10:10,4.220000000000001,gauge_height_ft,00065
2026-08-08 17:15:10,4.1899999999999995,gauge_height_ft,00065
2026-08-08 17:20:10,4.15,gauge_height_ft,00065
2026-08-08 17:25:10,4.07,gauge_height_ft,00065
2026-08-08 17:30:10,4.029999999999999,gauge_height_ft,00065
2026-08-08 17:35:10,3.98,gauge_height_ft,00065
2026-08-08 17:40:10,3.94,gauge_height_ft,00065
2026-08-08 17:45:10,3.87,gauge_height_ft,00065
2026-08-08 17:50:10,3.81,gauge_height_ft,00065
2026-08-08 17:55:10,3.75,gauge_height_ft,00065
2026-08-08 18:00:10,3.7,gauge_height_ft,00065
2026-08-08 18:05:10,3.65,gauge_height_ft,00065
2026-08-08 18:10:10,3.59,gauge_height_ft,00065
2026-08-08 18:15:10,3.54,gauge_height_ft,00065
2026-08-08 18:20:10,3.5,gauge_height_ft,00065
2026-08-08 18:25:10,3.45,gauge_height_ft,00065
2026-08-08 18:30:10,3.3899999999999997,gauge_height_ft,00065
2026-08-08 18:35:10,3.35,gauge_height_ft,00065
2026-08-08 18:40:10,3.33,gauge_height_ft,00065
2026-08-08 18:45:10,3.26,gauge_height_ft,00065
2026-08-08 18:50:10,3.2,gauge_height_ft,00065
2026-08-08 18:55:10,3.16,gauge_height_ft,00065
2026-08-08 19:00:10,3.12,gauge_height_ft,00065
2026-08-08 19:05:10,3.06,gauge_height_ft,00065
2026-08-08 19:10:10,2.99,gauge_height_ft,00065
2026-08-08 19:15:10,2.94,gauge_height_ft,00065
2026-08-08 19:20:10,2.88,gauge_height_ft,00065
2026-08-08 19:25:10,2.83,gauge_height_ft,00065
2026-08-08 19:30:10,2.7800000000000002,gauge_height_ft,00065
2026-08-08 19:35:10,2.71,gauge_height_ft,00065
2026-08-08 19:40:10,2.66,gauge_height_ft,00065
2026-08-08 19:45:10,2.61,gauge_height_ft,00065
2026-08-08 19:50:10,2.51,gauge_height_ft,00065
2026-08-08 19:55:10,2.48,gauge_height_ft,00065
2026-08-08 20:00:10,2.42,gauge_height_ft,00065
2026-08-08 20:05:10,2.37,gauge_height_ft,00065
2026-08-08 20:10:10,2.31,gauge_height_ft,00065
2026-08-08 20:15:10,2.24,gauge_height_ft,00065
2026-08-08 20:20:10,2.19,gauge_height_ft,00065
2026-08-08 20:25:10,2.12,gauge_height_ft,00065
2026-08-08 20:30:10,2.07,gauge_height_ft,00065
2026-08-08 20:35:10,2.01,gauge_height_ft,00065
2026-08-08 20:40:10,1.94,gauge_height_ft,00065
2026-08-08 20:45:10,1.87,gauge_height_ft,00065
2026-08-08 20:50:10,1.78,gauge_height_ft,00065
2026-08-08 20:55:10,1.72,gauge_height_ft,00065
2026-08-08 21:00:10,1.65,gauge_height_ft,00065
2026-08-08 21:05:10,1.58,gauge_height_ft,00065
2026-08-08 21:10:10,1.51,gauge_height_ft,00065
2026-08-08 21:15:10,1.4300000000000002,gauge_height_ft,00065
2026-08-08 21:20:10,1.37,gauge_height_ft,00065
2026-08-08 21:25:10,1.31,gauge_height_ft,00065
2026-08-08 21:30:10,1.24,gauge_height_ft,00065
2026-08-08 21:35:10,1.17,gauge_height_ft,00065
2026-08-08 21:40:10,1.1099999999999999,gauge_height_ft,00065
2026-08-08 21:45:10,1.04,gauge_height_ft,00065
2026-08-08 21:50:10,0.97,gauge_height_ft,00065
2026-08-08 21:55:10,0.9199999999999999,gauge_height_ft,00065
2026-08-08 22:00:10,0.8400000000000001,gauge_height_ft,00065
2026-08-08 22:05:10,0.77,gauge_height_ft,00065
2026-08-08 22:10:10,0.7,gauge_height_ft,00065
2026-08-08 22:15:10,0.6299999999999999,gauge_height_ft,00065
2026-08-08 22:20:10,0.56,gauge_height_ft,00065
2026-08-08 22:25:10,0.49,gauge_height_ft,00065
2026-08-08 22:30:10,0.41999999999999993,gauge_height_ft,00065
2026-08-08 22:35:10,0.3400000000000001,gauge_height_ft,00065
2026-08-08 22:40:10,0.27,gauge_height_ft,00065
2026-08-08 22:45:10,0.19999999999999996,gauge_height_ft,00065
2026-08-08 22:50:10,0.1399999999999999,gauge_height_ft,00065
2026-08-08 22:55:10,0.07000000000000006,gauge_height_ft,00065
2026-08-08 23:00:10,0.030000000000000027,gauge_height_ft,00065
2026-08-08 23:05:10,0.0,gauge_height_ft,00065
2026-08-08 23:35:10,0.0,gauge_height_ft,00065
2026-08-08 23:40:10,0.050000000000000044,gauge_height_ft,00065
2026-08-08 23:45:10,0.050000000000000044,gauge_height_ft,00065
2026-08-08 23:50:10,0.020000000000000018,gauge_height_ft,00065
2026-08-08 23:55:10,0.10000000000000009,gauge_height_ft,00065
2026-08-09 00:00:10,0.1200000000000001,gauge_height_ft,00065
2026-08-09 00:05:10,0.1499999999999999,gauge_height_ft,00065
2026-08-09 00:10:10,0.1499999999999999,gauge_height_ft,00065
2026-08-09 00:15:10,0.17999999999999994,gauge_height_ft,00065
2026-08-09 00:20:10,0.25,gauge_height_ft,00065
2026-08-09 00:25:10,0.28,gauge_height_ft,00065
2026-08-09 00:30:10,0.33000000000000007,gauge_height_ft,00065
2026-08-09 00:35:10,0.3999999999999999,gauge_height_ft,00065
2026-08-09 00:40:10,0.47,gauge_height_ft,00065
2026-08-09 00:45:10,0.53,gauge_height_ft,00065
2026-08-09 00:50:10,0.6299999999999999,gauge_height_ft,00065
2026-08-09 00:55:10,0.6799999999999999,gauge_height_ft,00065
2026-08-09 01:00:10,0.75,gauge_height_ft,00065
2026-08-09 01:05:10,0.81,gauge_height_ft,00065
2026-08-09 01:10:10,0.8400000000000001,gauge_height_ft,00065
2026-08-09 01:15:10,0.8999999999999999,gauge_height_ft,00065
2026-08-09 01:20:10,0.96,gauge_height_ft,00065
2026-08-09 01:25:10,1.02,gauge_height_ft,00065
2026-08-09 01:30:10,1.06,gauge_height_ft,00065
2026-08-09 01:35:10,1.12,gauge_height_ft,00065
2026-08-09 01:40:10,1.1800000000000002,gauge_height_ft,00065
2026-08-09 01:45:10,1.24,gauge_height_ft,00065
2026-08-09 01:50:10,1.3,gauge_height_ft,00065
2026-08-09 01:55:10,1.37,gauge_height_ft,00065
2026-08-09 02:00:10,1.44,gauge_height_ft,00065
2026-08-09 02:05:10,1.51,gauge_height_ft,00065
2026-08-09 02:10:10,1.58,gauge_height_ft,00065
2026-08-09 02:15:10,1.65,gauge_height_ft,00065
2026-08-09 02:20:10,1.73,gauge_height_ft,00065
2026-08-09 02:25:10,1.8,gauge_height_ft,00065
2026-08-09 02:30:10,1.87,gauge_height_ft,00065
2026-08-09 02:35:10,1.95,gauge_height_ft,00065
2026-08-09 02:40:10,2.01,gauge_height_ft,00065
2026-08-09 02:45:10,2.09,gauge_height_ft,00065
2026-08-09 02:50:10,2.15,gauge_height_ft,00065
2026-08-09 02:55:10,2.22,gauge_height_ft,00065
2026-08-09 03:00:10,2.29,gauge_height_ft,00065
2026-08-09 03:05:10,2.36,gauge_height_ft,00065
2026-08-09 03:10:10,2.43,gauge_height_ft,00065
2026-08-09 03:15:10,2.46,gauge_height_ft,00065
2026-08-09 03:20:10,2.51,gauge_height_ft,00065
2026-08-09 03:25:10,2.57,gauge_height_ft,00065
2026-08-09 03:30:10,2.61,gauge_height_ft,00065
2026-08-09 03:35:10,2.66,gauge_height_ft,00065
2026-08-09 03:40:10,2.7,gauge_height_ft,00065
2026-08-09 03:45:10,2.76,gauge_height_ft,00065
2026-08-09 03:50:10,2.79,gauge_height_ft,00065
2026-08-09 03:55:10,2.85,gauge_height_ft,00065
2026-08-09 04:00:10,2.89,gauge_height_ft,00065
2026-08-09 04:05:10,2.94,gauge_height_ft,00065
2026-08-09 04:10:10,2.98,gauge_height_ft,00065
2026-08-09 04:15:10,3.0,gauge_height_ft,00065
2026-08-09 04:20:10,3.04,gauge_height_ft,00065
2026-08-09 04:25:10,3.0700000000000003,gauge_height_ft,00065
2026-08-09 04:30:10,3.1100000000000003,gauge_height_ft,00065
2026-08-09 04:35:10,3.1399999999999997,gauge_height_ft,00065
2026-08-09 04:40:10,3.1799999999999997,gauge_height_ft,00065
2026-08-09 04:45:10,3.2,gauge_height_ft,00065
2026-08-09 04:50:10,3.21,gauge_height_ft,00065
2026-08-09 04:55:10,3.2199999999999998,gauge_height_ft,00065
2026-08-09 05:00:10,3.23,gauge_height_ft,00065
2026-08-09 05:05:10,3.24,gauge_height_ft,00065
2026-08-09 05:10:10,3.23,gauge_height_ft,00065
2026-08-09 05:15:10,3.2199999999999998,gauge_height_ft,00065
2026-08-09 05:20:10,3.2,gauge_height_ft,00065
2026-08-09 05:25:10,3.1799999999999997,gauge_height_ft,00065
2026-08-09 05:30:10,3.16,gauge_height_ft,00065
2026-08-09 05:35:10,3.12,gauge_height_ft,00065
2026-08-09 05:40:10,3.06,gauge_height_ft,00065
2026-08-09 05:45:10,3.01,gauge_height_ft,00065
2026-08-09 05:50:10,2.9699999999999998,gauge_height_ft,00065
2026-08-09 05:55:10,2.91,gauge_height_ft,00065
2026-08-09 06:00:10,2.85,gauge_height_ft,00065
2026-08-09 06:05:10,2.8,gauge_height_ft,00065
2026-08-09 06:10:10,2.76,gauge_height_ft,00065
2026-08-09 06:15:10,2.7,gauge_height_ft,00065
2026-08-09 06:20:10,2.66,gauge_height_ft,00065
2026-08-09 06:25:10,2.59,gauge_height_ft,00065
2026-08-09 06:30:10,2.54,gauge_height_ft,00065
2026-08-09 06:35:10,2.48,gauge_height_ft,00065
2026-08-09 06:40:10,2.43,gauge_height_ft,00065
2026-08-09 06:45:10,2.38,gauge_height_ft,00065
2026-08-09 06:50:10,2.33,gauge_height_ft,00065
2026-08-09 06:55:10,2.27,gauge_height_ft,00065
2026-08-09 07:00:10,2.22,gauge_height_ft,00065
2026-08-09 07:05:10,2.16,gauge_height_ft,00065
2026-08-09 07:10:10,2.11,gauge_height_ft,00065
2026-08-09 07:15:10,2.05,gauge_height_ft,00065
2026-08-09 07:20:10,1.99,gauge_height_ft,00065
2026-08-09 07:25:10,1.92,gauge_height_ft,00065
2026-08-09 07:30:10,1.87,gauge_height_ft,00065
2026-08-09 07:35:10,1.81,gauge_height_ft,00065
2026-08-09 07:40:10,1.75,gauge_height_ft,00065
2026-08-09 07:45:10,1.69,gauge_height_ft,00065
2026-08-09 07:50:10,1.62,gauge_height_ft,00065
2026-08-09 07:55:10,1.56,gauge_height_ft,00065
2026-08-09 08:00:10,1.48,gauge_height_ft,00065
2026-08-09 08:05:10,1.4100000000000001,gauge_height_ft,00065
2026-08-09 08:10:10,1.33,gauge_height_ft,00065
2026-08-09 08:15:10,1.3,gauge_height_ft,00065
2026-08-09 08:20:10,1.24,gauge_height_ft,00065
2026-08-09 08:25:10,1.1600000000000001,gauge_height_ft,00065
2026-08-09 08:30:10,1.1099999999999999,gauge_height_ft,00065
2026-08-09 08:35:10,1.04,gauge_height_ft,00065
2026-08-09 08:40:10,0.95,gauge_height_ft,00065
2026-08-09 08:45:10,0.8999999999999999,gauge_height_ft,00065
2026-08-09 08:50:10,0.8400000000000001,gauge_height_ft,00065
2026-08-09 08:55:10,0.77,gauge_height_ft,00065
2026-08-09 09:00:10,0.72,gauge_height_ft,00065
2026-08-09 09:05:10,0.6399999999999999,gauge_height_ft,00065
2026-08-09 09:10:10,0.5700000000000001,gauge_height_ft,00065
2026-08-09 09:15:10,0.5,gauge_height_ft,00065
2026-08-09 09:20:10,0.41999999999999993,gauge_height_ft,00065
2026-08-09 09:25:10,0.3500000000000001,gauge_height_ft,00065
2026-08-09 09:30:10,0.28,gauge_height_ft,00065
2026-08-09 09:35:10,0.19999999999999996,gauge_height_ft,00065
2026-08-09 09:40:10,0.1100000000000001,gauge_height_ft,00065
2026-08-09 09:45:10,0.07000000000000006,gauge_height_ft,00065
2026-08-09 12:35:10,0.07000000000000006,gauge_height_ft,00065
2026-08-09 12:40:10,0.1299999999999999,gauge_height_ft,00065
2026-08-09 12:45:10,0.16999999999999993,gauge_height_ft,00065
2026-08-09 12:50:10,0.25,gauge_height_ft,00065
2026-08-09 13:00:10,0.3799999999999999,gauge_height_ft,00065
2026-08-09 13:05:10,0.43999999999999995,gauge_height_ft,00065
2026-08-09 13:10:10,0.49,gauge_height_ft,00065
2026-08-09 13:15:10,0.5900000000000001,gauge_height_ft,00065
2026-08-09 13:20:10,0.6599999999999999,gauge_height_ft,00065
2026-08-09 13:25:10,0.74,gauge_height_ft,00065
2026-08-09 13:30:10,0.8,gauge_height_ft,00065
2026-08-09 13:35:10,0.8400000000000001,gauge_height_ft,00065
2026-08-09 13:40:10,0.9099999999999999,gauge_height_ft,00065
2026-08-09 13:45:10,0.95,gauge_height_ft,00065
2026-08-09 13:50:10,1.05,gauge_height_ft,00065
2026-08-09 13:55:10,1.17,gauge_height_ft,00065
2026-08-09 14:05:10,1.33,gauge_height_ft,00065
2026-08-09 14:10:10,1.3900000000000001,gauge_height_ft,00065
2026-08-09 14:15:10,1.47,gauge_height_ft,00065
2026-08-09 14:20:10,1.6,gauge_height_ft,00065
2026-08-09 14:25:10,1.73,gauge_height_ft,00065
2026-08-09 14:30:10,1.8,gauge_height_ft,00065
2026-08-09 14:35:10,1.87,gauge_height_ft,00065
2026-08-09 14:40:10,1.98,gauge_height_ft,00065
2026-08-09 14:45:10,2.07,gauge_height_ft,00065
2026-08-09 14:50:10,2.17,gauge_height_ft,00065
2026-08-09 14:55:10,2.25,gauge_height_ft,00065
2026-08-09 15:00:10,2.35,gauge_height_ft,00065
2026-08-09 15:05:10,2.43,gauge_height_ft,00065
2026-08-09 15:10:10,2.5,gauge_height_ft,00065
2026-08-09 15:15:10,2.59,gauge_height_ft,00065
2026-08-09 15:20:10,2.69,gauge_height_ft,00065
2026-08-09 15:25:10,2.76,gauge_height_ft,00065
2026-08-09 15:30:10,2.83,gauge_height_ft,00065
2026-08-09 15:35:10,2.92,gauge_height_ft,00065
2026-08-09 15:40:10,3.01,gauge_height_ft,00065
2026-08-09 15:45:10,3.1,gauge_height_ft,00065
2026-08-09 15:50:10,3.19,gauge_height_ft,00065
2026-08-09 15:55:10,3.29,gauge_height_ft,00065
2026-08-09 16:00:10,3.38,gauge_height_ft,00065
2026-08-09 16:05:10,3.4299999999999997,gauge_height_ft,00065
2026-08-09 16:10:10,3.51,gauge_height_ft,00065
2026-08-09 16:15:10,3.58,gauge_height_ft,00065
2026-08-09 16:20:10,3.65,gauge_height_ft,00065
2026-08-09 16:25:10,3.75,gauge_height_ft,00065
2026-08-09 16:30:10,3.8,gauge_height_ft,00065
2026-08-09 16:35:10,3.87,gauge_height_ft,00065
2026-08-09 16:40:10,3.92,gauge_height_ft,00065
2026-08-09 16:45:10,3.99,gauge_height_ft,00065
2026-08-09 16:50:10,4.05,gauge_height_ft,00065
2026-08-09 16:55:10,4.1,gauge_height_ft,00065
2026-08-09 17:00:10,4.17,gauge_height_ft,00065
2026-08-09 17:05:10,4.2,gauge_height_ft,00065
2026-08-09 17:10:10,4.23,gauge_height_ft,00065
2026-08-09 17:15:10,4.3,gauge_height_ft,00065
2026-08-09 17:20:10,4.33,gauge_height_ft,00065
2026-08-09 17:25:10,4.35,gauge_height_ft,00065
2026-08-09 17:30:10,4.38,gauge_height_ft,00065
2026-08-09 17:35:10,4.43,gauge_height_ft,00065
2026-08-09 17:40:10,4.43,gauge_height_ft,00065
2026-08-09 17:45:10,4.45,gauge_height_ft,00065
2026-08-09 17:50:10,4.470000000000001,gauge_height_ft,00065
2026-08-09 17:55:10,4.46,gauge_height_ft,00065
2026-08-09 18:00:10,4.48,gauge_height_ft,00065
2026-08-09 18:05:10,4.46,gauge_height_ft,00065
2026-08-09 18:10:10,4.470000000000001,gauge_height_ft,00065
2026-08-09 18:15:10,4.4399999999999995,gauge_height_ft,00065
2026-08-09 18:20:10,4.41,gauge_height_ft,00065
2026-08-09 18:25:10,4.37,gauge_height_ft,00065
2026-08-09 18:30:10,4.33,gauge_height_ft,00065
2026-08-09 18:35:10,4.3,gauge_height_ft,00065
2026-08-09 18:40:10,4.26,gauge_height_ft,00065
2026-08-09 18:45:10,4.23,gauge_height_ft,00065
2026-08-09 18:50:10,4.17,gauge_height_ft,00065
2026-08-09 18:55:10,4.109999999999999,gauge_height_ft,00065
2026-08-09 19:00:10,4.04,gauge_height_ft,00065
2026-08-09 19:05:10,4.0,gauge_height_ft,00065
2026-08-09 19:10:10,3.95,gauge_height_ft,00065
2026-08-09 19:15:10,3.9,gauge_height_ft,00065
2026-08-09 19:20:10,3.84,gauge_height_ft,00065
2026-08-09 19:25:10,3.79,gauge_height_ft,00065
2026-08-09 19:30:10,3.7199999999999998,gauge_height_ft,00065
2026-08-09 19:35:10,3.67,gauge_height_ft,00065
2026-08-09 19:40:10,3.6100000000000003,gauge_height_ft,00065
2026-08-09 19:45:10,3.55,gauge_height_ft,00065
2026-08-09 19:50:10,3.51,gauge_height_ft,00065
2026-08-09 19:55:10,3.45,gauge_height_ft,00065
2026-08-09 20:00:10,3.37,gauge_height_ft,00065
2026-08-09 20:05:10,3.3,gauge_height_ft,00065
2026-08-09 20:10:10,3.25,gauge_height_ft,00065
2026-08-09 20:15:10,3.19,gauge_height_ft,00065
2026-08-09 20:20:10,3.1100000000000003,gauge_height_ft,00065
2026-08-09 20:25:10,3.06,gauge_height_ft,00065
2026-08-09 20:30:10,2.99,gauge_height_ft,00065
2026-08-09 20:35:10,2.93,gauge_height_ft,00065
2026-08-09 20:40:10,2.86,gauge_height_ft,00065
2026-08-09 20:45:10,2.7800000000000002,gauge_height_ft,00065
2026-08-09 20:50:10,2.7,gauge_height_ft,00065
2026-08-09 20:55:10,2.64,gauge_height_ft,00065
2026-08-09 21:00:10,2.57,gauge_height_ft,00065
2026-08-09 21:05:10,2.5,gauge_height_ft,00065
2026-08-09 21:10:10,2.41,gauge_height_ft,00065
2026-08-09 21:15:10,2.35,gauge_height_ft,00065
2026-08-09 21:20:10,2.2800000000000002,gauge_height_ft,00065
2026-08-09 21:25:10,2.21,gauge_height_ft,00065
2026-08-09 21:30:10,2.14,gauge_height_ft,00065
2026-08-09 21:35:10,2.07,gauge_height_ft,00065
2026-08-09 21:40:10,1.99,gauge_height_ft,00065
2026-08-09 21:45:10,1.92,gauge_height_ft,00065
2026-08-09 21:50:10,1.85,gauge_height_ft,00065
2026-08-09 21:55:10,1.77,gauge_height_ft,00065
2026-08-09 22:00:10,1.7,gauge_height_ft,00065
2026-08-09 22:05:10,1.6099999999999999,gauge_height_ft,00065
2026-08-09 22:10:10,1.54,gauge_height_ft,00065
2026-08-09 22:15:10,1.46,gauge_height_ft,00065
2026-08-09 22:20:10,1.38,gauge_height_ft,00065
2026-08-09 22:25:10,1.3,gauge_height_ft,00065
2026-08-09 22:30:10,1.22,gauge_height_ft,00065
2026-08-09 22:35:10,1.15,gauge_height_ft,00065
2026-08-09 22:40:10,1.0699999999999998,gauge_height_ft,00065
2026-08-09 22:45:10,1.0,gauge_height_ft,00065
2026-08-09 22:50:10,0.9199999999999999,gauge_height_ft,00065
2026-08-09 22:55:10,0.8500000000000001,gauge_height_ft,00065
2026-08-09 23:00:10,0.78,gauge_height_ft,00065
2026-08-09 23:05:10,0.7,gauge_height_ft,00065
2026-08-09 23:10:10,0.6299999999999999,gauge_height_ft,00065
2026-08-09 23:15:10,0.54,gauge_height_ft,00065
2026-08-09 23:20:10,0.47,gauge_height_ft,00065
2026-08-09 23:25:10,0.3999999999999999,gauge_height_ft,00065
2026-08-09 23:30:10,0.32000000000000006,gauge_height_ft,00065
2026-08-09 23:35:10,0.25,gauge_height_ft,00065
2026-08-09 23:40:10,0.16999999999999993,gauge_height_ft,00065
2026-08-09 23:45:10,0.1100000000000001,gauge_height_ft,00065
2026-08-09 23:50:10,0.06000000000000005,gauge_height_ft,00065
2026-08-09 23:55:10,0.020000000000000018,gauge_height_ft,00065
2026-08-10 01:10:10,0.040000000000000036,gauge_height_ft,00065
2026-08-10 01:15:10,0.09000000000000008,gauge_height_ft,00065
2026-08-10 01:20:10,0.15999999999999992,gauge_height_ft,00065
2026-08-10 01:25:10,0.19999999999999996,gauge_height_ft,00065
2026-08-10 01:30:10,0.27,gauge_height_ft,00065
2026-08-10 01:35:10,0.32000000000000006,gauge_height_ft,00065
2026-08-10 01:40:10,0.3400000000000001,gauge_height_ft,00065
2026-08-10 01:45:10,0.3799999999999999,gauge_height_ft,00065
2026-08-10 01:50:10,0.43999999999999995,gauge_height_ft,00065
2026-08-10 01:55:10,0.51,gauge_height_ft,00065
2026-08-10 02:00:10,0.5800000000000001,gauge_height_ft,00065
2026-08-10 02:05:10,0.6299999999999999,gauge_height_ft,00065
2026-08-10 02:10:10,0.6699999999999999,gauge_height_ft,00065
2026-08-10 02:15:10,0.75,gauge_height_ft,00065
2026-08-10 02:20:10,0.8200000000000001,gauge_height_ft,00065
2026-08-10 02:25:10,0.8999999999999999,gauge_height_ft,00065
2026-08-10 02:30:10,0.95,gauge_height_ft,00065
2026-08-10 02:35:10,1.03,gauge_height_ft,00065
2026-08-10 02:40:10,1.0899999999999999,gauge_height_ft,00065
2026-08-10 02:45:10,1.13,gauge_height_ft,00065
2026-08-10 02:50:10,1.19,gauge_height_ft,00065
2026-08-10 02:55:10,1.26,gauge_height_ft,00065
2026-08-10 03:00:10,1.3199999999999998,gauge_height_ft,00065
2026-08-10 03:05:10,1.38,gauge_height_ft,00065
2026-08-10 03:10:10,1.4300000000000002,gauge_height_ft,00065
2026-08-10 03:15:10,1.48,gauge_height_ft,00065
2026-08-10 03:20:10,1.55,gauge_height_ft,00065
2026-08-10 03:25:10,1.6099999999999999,gauge_height_ft,00065
2026-08-10 03:30:10,1.6400000000000001,gauge_height_ft,00065
2026-08-10 03:35:10,1.69,gauge_height_ft,00065
2026-08-10 03:40:10,1.77,gauge_height_ft,00065
2026-08-10 03:45:10,1.83,gauge_height_ft,00065
2026-08-10 03:50:10,1.89,gauge_height_ft,00065
2026-08-10 03:55:10,1.96,gauge_height_ft,00065
2026-08-10 04:00:10,2.03,gauge_height_ft,00065
2026-08-10 04:05:10,2.1,gauge_height_ft,00065
2026-08-10 04:10:10,2.17,gauge_height_ft,00065
2026-08-10 04:15:10,2.23,gauge_height_ft,00065
2026-08-10 04:20:10,2.3,gauge_height_ft,00065
2026-08-10 04:25:10,2.36,gauge_height_ft,00065
2026-08-10 04:30:10,2.42,gauge_height_ft,00065
2026-08-10 04:35:10,2.48,gauge_height_ft,00065
2026-08-10 04:40:10,2.54,gauge_height_ft,00065
2026-08-10 04:45:10,2.59,gauge_height_ft,00065
2026-08-10 04:50:10,2.67,gauge_height_ft,00065
2026-08-10 04:55:10,2.73,gauge_height_ft,00065
2026-08-10 05:00:10,2.7800000000000002,gauge_height_ft,00065
2026-08-10 05:05:10,2.83,gauge_height_ft,00065
2026-08-10 05:10:10,2.89,gauge_height_ft,00065
2026-08-10 05:15:10,2.94,gauge_height_ft,00065
2026-08-10 05:20:10,2.98,gauge_height_ft,00065
2026-08-10 05:25:10,3.0300000000000002,gauge_height_ft,00065
2026-08-10 05:30:10,3.08,gauge_height_ft,00065
2026-08-10 05:35:10,3.12,gauge_height_ft,00065
2026-08-10 05:40:10,3.17,gauge_height_ft,00065
2026-08-10 05:45:10,3.2,gauge_height_ft,00065
2026-08-10 05:50:10,3.23,gauge_height_ft,00065
2026-08-10 05:55:10,3.25,gauge_height_ft,00065
2026-08-10 06:00:10,3.29,gauge_height_ft,00065
2026-08-10 06:05:10,3.29,gauge_height_ft,00065
2026-08-10 06:10:10,3.31,gauge_height_ft,00065
2026-08-10 06:15:10,3.3200000000000003,gauge_height_ft,00065
2026-08-10 06:20:10,3.33,gauge_height_ft,00065
2026-08-10 06:25:10,3.35,gauge_height_ft,00065
2026-08-10 06:30:10,3.3600000000000003,gauge_height_ft,00065
2026-08-10 06:35:10,3.38,gauge_height_ft,00065
2026-08-10 06:40:10,3.3600000000000003,gauge_height_ft,00065
2026-08-10 06:45:10,3.35,gauge_height_ft,00065
2026-08-10 06:50:10,3.34,gauge_height_ft,00065
2026-08-10 06:55:10,3.31,gauge_height_ft,00065
2026-08-10 07:00:10,3.26,gauge_height_ft,00065
2026-08-10 07:05:10,3.21,gauge_height_ft,00065
2026-08-10 07:10:10,3.19,gauge_height_ft,00065
2026-08-10 07:15:10,3.16,gauge_height_ft,00065
2026-08-10 07:20:10,3.1100000000000003,gauge_height_ft,00065
2026-08-10 07:25:10,3.06,gauge_height_ft,00065
2026-08-10 07:30:10,2.98,gauge_height_ft,00065
2026-08-10 07:35:10,2.92,gauge_height_ft,00065
2026-08-10 07:40:10,2.86,gauge_height_ft,00065
2026-08-10 07:45:10,2.81,gauge_height_ft,00065
2026-08-10 07:50:10,2.75,gauge_height_ft,00065
2026-08-10 07:55:10,2.68,gauge_height_ft,00065
2026-08-10 08:00:10,2.59,gauge_height_ft,00065
2026-08-10 08:05:10,2.54,gauge_height_ft,00065
2026-08-10 08:10:10,2.46,gauge_height_ft,00065
2026-08-10 08:15:10,2.41,gauge_height_ft,00065
2026-08-10 08:20:10,2.34,gauge_height_ft,00065
2026-08-10 08:25:10,2.29,gauge_height_ft,00065
2026-08-10 08:30:10,2.22,gauge_height_ft,00065
2026-08-10 08:35:10,2.16,gauge_height_ft,00065
2026-08-10 08:40:10,2.1,gauge_height_ft,00065
2026-08-10 08:45:10,2.02,gauge_height_ft,00065
2026-08-10 08:50:10,1.94,gauge_height_ft,00065
2026-08-10 08:55:10,1.87,gauge_height_ft,00065
2026-08-10 09:00:10,1.82,gauge_height_ft,00065
2026-08-10 09:05:10,1.75,gauge_height_ft,00065
2026-08-10 09:10:10,1.67,gauge_height_ft,00065
2026-08-10 09:15:10,1.6,gauge_height_ft,00065
2026-08-10 09:20:10,1.53,gauge_height_ft,00065
2026-08-10 09:25:10,1.45,gauge_height_ft,00065
2026-08-10 09:30:10,1.3599999999999999,gauge_height_ft,00065
2026-08-10 09:35:10,1.3199999999999998,gauge_height_ft,00065
2026-08-10 09:40:10,1.25,gauge_height_ft,00065
2026-08-10 09:45:10,1.1800000000000002,gauge_height_ft,00065
2026-08-10 09:50:10,1.0899999999999999,gauge_height_ft,00065
2026-08-10 09:55:10,1.02,gauge_height_ft,00065
2026-08-10 10:00:10,0.95,gauge_height_ft,00065
2026-08-10 10:05:10,0.8700000000000001,gauge_height_ft,00065
2026-08-10 10:10:10,0.8,gauge_height_ft,00065
2026-08-10 10:15:10,0.71,gauge_height_ft,00065
2026-08-10 10:20:10,0.6499999999999999,gauge_height_ft,00065
2026-08-10 10:25:10,0.5800000000000001,gauge_height_ft,00065
2026-08-10 10:30:10,0.47,gauge_height_ft,00065
2026-08-10 10:35:10,0.4099999999999999,gauge_height_ft,00065
2026-08-10 10:40:10,0.31000000000000005,gauge_height_ft,00065
2026-08-10 10:45:10,0.21999999999999997,gauge_height_ft,00065
2026-08-10 10:50:10,0.1499999999999999,gauge_height_ft,00065
2026-08-10 10:55:10,0.07000000000000006,gauge_height_ft,00065
2026-08-10 11:00:10,0.0,gauge_height_ft,00065
2026-08-10 13:30:10,0.010000000000000009,gauge_height_ft,00065
2026-08-10 13:35:10,0.1200000000000001,gauge_height_ft,00065
2026-08-10 13:40:10,0.21999999999999997,gauge_height_ft,00065
2026-08-10 13:45:10,0.31000000000000005,gauge_height_ft,00065
2026-08-10 13:50:10,0.3899999999999999,gauge_height_ft,00065
2026-08-10 13:55:10,0.47,gauge_height_ft,00065
2026-08-10 14:00:10,0.53,gauge_height_ft,00065
2026-08-10 14:05:10,0.6100000000000001,gauge_height_ft,00065
2026-08-10 14:10:10,0.6799999999999999,gauge_height_ft,00065
2026-08-10 14:15:10,0.74,gauge_height_ft,00065
2026-08-10 14:20:10,0.8200000000000001,gauge_height_ft,00065
2026-08-10 14:25:10,0.8700000000000001,gauge_height_ft,00065
2026-08-10 14:30:10,0.8999999999999999,gauge_height_ft,00065
2026-08-10 14:35:10,0.94,gauge_height_ft,00065
2026-08-10 14:40:10,1.01,gauge_height_ft,00065
2026-08-10 14:45:10,1.08,gauge_height_ft,00065
2026-08-10 14:50:10,1.13,gauge_height_ft,00065
2026-08-10 14:55:10,1.2,gauge_height_ft,00065
2026-08-10 15:00:10,1.3,gauge_height_ft,00065
2026-08-10 15:05:10,1.4100000000000001,gauge_height_ft,00065
2026-08-10 15:10:10,1.51,gauge_height_ft,00065
2026-08-10 15:15:10,1.6099999999999999,gauge_height_ft,00065
2026-08-10 15:20:10,1.72,gauge_height_ft,00065
2026-08-10 15:25:10,1.82,gauge_height_ft,00065
2026-08-10 15:30:10,1.92,gauge_height_ft,00065
2026-08-10 15:35:10,2.05,gauge_height_ft,00065
2026-08-10 15:40:10,2.15,gauge_height_ft,00065
2026-08-10 15:45:10,2.24,gauge_height_ft,00065
2026-08-10 15:50:10,2.34,gauge_height_ft,00065
2026-08-10 15:55:10,2.43,gauge_height_ft,00065
2026-08-10 16:00:10,2.51,gauge_height_ft,00065
2026-08-10 16:05:10,2.61,gauge_height_ft,00065
2026-08-10 16:10:10,2.71,gauge_height_ft,00065
2026-08-10 16:15:10,2.8,gauge_height_ft,00065
2026-08-10 16:20:10,2.91,gauge_height_ft,00065
2026-08-10 16:25:10,3.01,gauge_height_ft,00065
2026-08-10 16:30:10,3.1,gauge_height_ft,00065
2026-08-10 16:35:10,3.19,gauge_height_ft,00065
2026-08-10 16:40:10,3.29,gauge_height_ft,00065
2026-08-10 16:45:10,3.38,gauge_height_ft,00065
2026-08-10 16:50:10,3.46,gauge_height_ft,00065
2026-08-10 16:55:10,3.54,gauge_height_ft,00065
2026-08-10 17:00:10,3.6100000000000003,gauge_height_ft,00065
2026-08-10 17:05:10,3.7,gauge_height_ft,00065
2026-08-10 17:10:10,3.79,gauge_height_ft,00065
2026-08-10 17:15:10,3.87,gauge_height_ft,00065
2026-08-10 17:20:10,3.94,gauge_height_ft,00065
2026-08-10 17:25:10,4.01,gauge_height_ft,00065
2026-08-10 17:30:10,4.07,gauge_height_ft,00065
2026-08-10 17:35:10,4.15,gauge_height_ft,00065
2026-08-10 17:40:10,4.220000000000001,gauge_height_ft,00065
2026-08-10 17:45:10,4.29,gauge_height_ft,00065
2026-08-10 17:50:10,4.35,gauge_height_ft,00065
2026-08-10 17:55:10,4.41,gauge_height_ft,00065
2026-08-10 18:00:10,4.49,gauge_height_ft,00065
2026-08-10 18:05:10,4.54,gauge_height_ft,00065
2026-08-10 18:10:10,4.59,gauge_height_ft,00065
2026-08-10 18:15:10,4.640000000000001,gauge_height_ft,00065
2026-08-10 18:20:10,4.6899999999999995,gauge_height_ft,00065
2026-08-10 18:25:10,4.74,gauge_height_ft,00065
2026-08-10 18:30:10,4.779999999999999,gauge_height_ft,00065
2026-08-10 18:35:10,4.8,gauge_height_ft,00065
2026-08-10 18:40:10,4.83,gauge_height_ft,00065
2026-08-10 18:45:10,4.859999999999999,gauge_height_ft,00065
2026-08-10 18:50:10,4.87,gauge_height_ft,00065
2026-08-10 18:55:10,4.87,gauge_height_ft,00065
2026-08-10 19:00:10,4.87,gauge_height_ft,00065
2026-08-10 19:05:10,4.84,gauge_height_ft,00065
2026-08-10 19:10:10,4.8100000000000005,gauge_height_ft,00065
2026-08-10 19:15:10,4.76,gauge_height_ft,00065
2026-08-10 19:20:10,4.720000000000001,gauge_height_ft,00065
2026-08-10 19:25:10,4.67,gauge_height_ft,00065
2026-08-10 19:30:10,4.62,gauge_height_ft,00065
2026-08-10 19:35:10,4.58,gauge_height_ft,00065
2026-08-10 19:40:10,4.52,gauge_height_ft,00065
2026-08-10 19:45:10,4.45,gauge_height_ft,00065
2026-08-10 19:50:10,4.38,gauge_height_ft,00065
2026-08-10 19:55:10,4.32,gauge_height_ft,00065
2026-08-10 20:00:10,4.26,gauge_height_ft,00065
2026-08-10 20:05:10,4.1899999999999995,gauge_height_ft,00065
2026-08-10 20:10:10,4.109999999999999,gauge_height_ft,00065
2026-08-10 20:15:10,4.02,gauge_height_ft,00065
2026-08-10 20:20:10,3.95,gauge_height_ft,00065
2026-08-10 20:25:10,3.8899999999999997,gauge_height_ft,00065
2026-08-10 20:30:10,3.83,gauge_height_ft,00065
2026-08-10 20:35:10,3.7199999999999998,gauge_height_ft,00065
2026-08-10 20:40:10,3.6399999999999997,gauge_height_ft,00065
2026-08-10 20:45:10,3.5700000000000003,gauge_height_ft,00065
2026-08-10 20:50:10,3.52,gauge_height_ft,00065
2026-08-10 20:55:10,3.46,gauge_height_ft,00065
2026-08-10 21:00:10,3.3899999999999997,gauge_height_ft,00065
2026-08-10 21:05:10,3.3,gauge_height_ft,00065
2026-08-10 21:10:10,3.25,gauge_height_ft,00065
2026-08-10 21:15:10,3.21,gauge_height_ft,00065
2026-08-10 21:20:10,3.16,gauge_height_ft,00065
2026-08-10 21:25:10,3.1,gauge_height_ft,00065
2026-08-10 21:30:10,3.0300000000000002,gauge_height_ft,00065
2026-08-10 21:35:10,2.9699999999999998,gauge_height_ft,00065
2026-08-10 21:40:10,2.9,gauge_height_ft,00065
2026-08-10 21:45:10,2.83,gauge_height_ft,00065
2026-08-10 21:50:10,2.77,gauge_height_ft,00065
2026-08-10 21:55:10,2.71,gauge_height_ft,00065
2026-08-10 22:00:10,2.63,gauge_height_ft,00065
2026-08-10 22:05:10,2.56,gauge_height_ft,00065
2026-08-10 22:10:10,2.5,gauge_height_ft,00065
2026-08-10 22:15:10,2.43,gauge_height_ft,00065
2026-08-10 22:20:10,2.36,gauge_height_ft,00065
2026-08-10 22:25:10,2.29,gauge_height_ft,00065
2026-08-10 22:30:10,2.21,gauge_height_ft,00065
2026-08-10 22:35:10,2.13,gauge_height_ft,00065
2026-08-10 22:40:10,2.06,gauge_height_ft,00065
2026-08-10 22:45:10,1.98,gauge_height_ft,00065
2026-08-10 22:50:10,1.91,gauge_height_ft,00065
2026-08-10 22:55:10,1.85,gauge_height_ft,00065
2026-08-10 23:00:10,1.78,gauge_height_ft,00065
2026-08-10 23:05:10,1.7,gauge_height_ft,00065
2026-08-10 23:10:10,1.63,gauge_height_ft,00065
2026-08-10 23:15:10,1.55,gauge_height_ft,00065
2026-08-10 23:20:10,1.48,gauge_height_ft,00065
2026-08-10 23:25:10,1.4,gauge_height_ft,00065
2026-08-10 23:30:10,1.3199999999999998,gauge_height_ft,00065
2026-08-10 23:35:10,1.24,gauge_height_ft,00065
2026-08-10 23:40:10,1.1800000000000002,gauge_height_ft,00065
2026-08-10 23:45:10,1.1,gauge_height_ft,00065
2026-08-10 23:50:10,1.03,gauge_height_ft,00065
2026-08-10 23:55:10,0.96,gauge_height_ft,00065
2026-08-11 00:00:10,0.8899999999999999,gauge_height_ft,00065
2026-08-11 00:05:10,0.8200000000000001,gauge_height_ft,00065
2026-08-11 00:10:10,0.75,gauge_height_ft,00065
2026-08-11 00:15:10,0.6799999999999999,gauge_height_ft,00065
2026-08-11 00:20:10,0.6200000000000001,gauge_height_ft,00065
2026-08-11 00:25:10,0.55,gauge_height_ft,00065
2026-08-11 00:30:10,0.5,gauge_height_ft,00065
2026-08-11 00:35:10,0.42999999999999994,gauge_height_ft,00065
2026-08-11 00:40:10,0.3799999999999999,gauge_height_ft,00065
2026-08-11 00:45:10,0.33000000000000007,gauge_height_ft,00065
2026-08-11 00:50:10,0.28,gauge_height_ft,00065
2026-08-11 00:55:10,0.20999999999999996,gauge_height_ft,00065
2026-08-11 01:00:10,0.1499999999999999,gauge_height_ft,00065
2026-08-11 01:05:10,0.08000000000000007,gauge_height_ft,00065
2026-08-11 01:10:10,0.020000000000000018,gauge_height_ft,00065
2026-08-11 02:25:10,0.07000000000000006,gauge_height_ft,00065
2026-08-11 02:30:10,0.20999999999999996,gauge_height_ft,00065
2026-08-11 02:35:10,0.29000000000000004,gauge_height_ft,00065
2026-08-11 02:40:10,0.3400000000000001,gauge_height_ft,00065
2026-08-11 02:45:10,0.3500000000000001,gauge_height_ft,00065
2026-08-11 02:50:10,0.3799999999999999,gauge_height_ft,00065
2026-08-11 02:55:10,0.45999999999999996,gauge_height_ft,00065
2026-08-11 03:00:10,0.52,gauge_height_ft,00065
2026-08-11 03:05:10,0.55,gauge_height_ft,00065
2026-08-11 03:10:10,0.5800000000000001,gauge_height_ft,00065
2026-08-11 03:15:10,0.6100000000000001,gauge_height_ft,00065
2026-08-11 03:20:10,0.6499999999999999,gauge_height_ft,00065
2026-08-11 03:25:10,0.71,gauge_height_ft,00065
2026-08-11 03:30:10,0.81,gauge_height_ft,00065
2026-08-11 03:35:10,0.9099999999999999,gauge_height_ft,00065
2026-08-11 03:40:10,0.97,gauge_height_ft,00065
2026-08-11 03:45:10,1.05,gauge_height_ft,00065
2026-08-11 03:50:10,1.1099999999999999,gauge_height_ft,00065
2026-08-11 03:55:10,1.19,gauge_height_ft,00065
2026-08-11 04:00:10,1.27,gauge_height_ft,00065
2026-08-11 04:05:10,1.35,gauge_height_ft,00065
2026-08-11 04:10:10,1.4100000000000001,gauge_height_ft,00065
2026-08-11 04:15:10,1.48,gauge_height_ft,00065
2026-08-11 04:20:10,1.57,gauge_height_ft,00065
2026-08-11 04:25:10,1.68,gauge_height_ft,00065
2026-08-11 04:30:10,1.77,gauge_height_ft,00065
2026-08-11 04:35:10,1.85,gauge_height_ft,00065
2026-08-11 04:40:10,1.95,gauge_height_ft,00065
2026-08-11 04:45:10,2.05,gauge_height_ft,00065
2026-08-11 04:50:10,2.15,gauge_height_ft,00065
2026-08-11 04:55:10,2.24,gauge_height_ft,00065
2026-08-11 05:00:10,2.33,gauge_height_ft,00065
2026-08-11 05:05:10,2.4,gauge_height_ft,00065
2026-08-11 05:10:10,2.48,gauge_height_ft,00065
2026-08-11 05:15:10,2.56,gauge_height_ft,00065
2026-08-11 05:20:10,2.62,gauge_height_ft,00065
2026-08-11 05:25:10,2.7,gauge_height_ft,00065
2026-08-11 05:30:10,2.77,gauge_height_ft,00065
2026-08-11 05:35:10,2.84,gauge_height_ft,00065
2026-08-11 05:40:10,2.91,gauge_height_ft,00065
2026-08-11 05:45:10,2.9699999999999998,gauge_height_ft,00065
2026-08-11 05:50:10,3.04,gauge_height_ft,00065
