t,rain_inches,station
2026-07-21 19:09:00+00:00,0.0,KFBG
2026-07-21 19:55:00+00:00,0.0,KFBG
2026-07-21 20:19:00+00:00,0.0,KFBG
2026-07-21 20:55:00+00:00,0.0,KFBG
2026-07-21 21:55:00+00:00,0.0,KFBG
2026-07-21 22:55:00+00:00,0.0,KFBG
2026-07-21 23:55:00+00:00,0.0,KFBG
2026-07-22 00:55:00+00:00,0.0,KFBG
2026-07-22 01:19:00+00:00,0.0,KFBG
2026-07-22 01:55:00+00:00,0.0,KFBG
2026-07-22 03:40:00+00:00,0.0,KFBG
2026-07-22 04:55:00+00:00,0.0,KFBG
2026-07-22 06:15:00+00:00,0.0,KACZ
2026-07-22 06:35:00+00:00,0.0,KACZ
2026-07-22 07:15:00+00:00,0.0,KACZ
2026-07-22 07:35:00+00:00,0.0,KACZ
2026-07-22 07:55:00+00:00,0.0,KFBG
2026-07-22 08:15:00+00:00,0.0,KACZ
2026-07-22 08:35:00+00:00,0.0,KACZ
2026-07-22 09:15:00+00:00,0.0,KACZ
2026-07-22 09:35:00+00:00,0.0,KACZ
2026-07-22 09:55:00+00:00,0.0,KFBG
2026-07-22 10:15:00+00:00,0.0,KACZ
2026-07-22 10:25:00+00:00,0.0,KFBG
2026-07-22 10:35:00+00:00,0.0,KACZ
2026-07-22 11:15:00+00:00,0.0,KACZ
2026-07-22 11:35:00+00:00,0.0,KFBG
2026-07-22 11:55:00+00:00,0.0,KACZ
2026-07-22 12:15:00+00:00,0.0,KACZ
2026-07-22 12:35:00+00:00,0.0,KACZ
2026-07-22 13:15:00+00:00,0.0,KFBG
2026-07-22 13:20:00+00:00,0.0,KFBG
2026-07-22 13:25:00+00:00,0.0,KFBG
2026-07-22 13:35:00+00:00,0.0,KACZ
2026-07-22 14:15:00+00:00,0.0,KACZ
2026-07-22 14:35:00+00:00,0.0,KACZ
2026-07-22 14:55:00+00:00,0.0,KFBG
2026-07-22 15:15:00+00:00,0.0,KACZ
2026-07-22 15:35:00+00:00,0.0,KACZ
2026-07-22 16:15:00+00:00,0.0,KACZ
2026-07-22 16:35:00+00:00,0.0,KACZ
2026-07-22 16:55:00+00:00,0.0,KFBG
2026-07-22 17:15:00+00:00,0.0,KACZ
2026-07-22 17:35:00+00:00,0.0,KACZ
2026-07-22 18:15:00+00:00,0.0,KACZ
2026-07-22 18:35:00+00:00,0.0,KACZ
2026-07-22 19:15:00+00:00,0.0,KACZ
2026-07-22 19:35:00+00:00,0.0,KACZ
2026-07-22 20:15:00+00:00,0.0,KACZ
2026-07-22 20:35:00+00:00,0.0,KACZ
2026-07-22 21:15:00+00:00,0.0,KACZ
2026-07-22 21:35:00+00:00,0.0,KACZ
2026-07-22 21:55:00+00:00,0.0,KACZ
2026-07-22 22:15:00+00:00,0.0,KACZ
2026-07-22 22:35:00+00:00,0.0,KACZ
2026-07-22 22:45:00+00:00,0.0,KFBG
2026-07-22 23:15:00+00:00,0.0,KACZ
2026-07-22 23:55:00+00:00,0.0,KFBG
2026-07-23 00:15:00+00:00,0.0,KACZ
2026-07-23 00:35:00+00:00,0.0,KACZ
2026-07-23 00:37:00+00:00,0.0,KFBG
2026-07-23 00:55:00+00:00,0.0,KFBG
2026-07-23 01:15:00+00:00,0.0,KACZ
2026-07-23 01:35:00+00:00,0.0,KACZ
2026-07-23 01:49:00+00:00,0.0,KFBG
2026-07-23 01:55:00+00:00,0.0,KFBG
2026-07-23 02:15:00+00:00,0.0,KACZ
2026-07-23 02:35:00+00:00,0.0,KACZ
2026-07-23 02:55:00+00:00,0.0,KFBG
2026-07-23 03:15:00+00:00,0.0,KACZ
2026-07-23 03:35:00+00:00,0.0,KACZ
2026-07-23 03:55:00+00:00,0.0,KFBG
2026-07-23 04:15:00+00:00,0.0,KACZ
2026-07-23 04:35:00+00:00,0.0,KACZ
2026-07-23 04:55:00+00:00,0.0,KFBG
2026-07-23 05:15:00+00:00,0.0,KACZ
2026-07-23 05:35:00+00:00,0.0,KACZ
2026-07-23 05:55:00+00:00,0.0,KFBG
2026-07-23 06:15:00+00:00,0.0,KACZ
2026-07-23 06:35:00+00:00,0.0,KACZ
2026-07-23 06:55:00+00:00,0.0,KFBG
2026-07-23 07:15:00+00:00,0.0,KACZ
2026-07-23 07:35:00+00:00,0.0,KACZ
2026-07-23 07:55:00+00:00,0.0,KFBG
2026-07-23 08:15:00+00:00,0.0,KACZ
2026-07-23 08:35:00+00:00,0.0,KACZ
2026-07-23 08:55:00+00:00,0.0,KFBG
2026-07-23 09:15:00+00:00,0.0,KACZ
2026-07-23 09:35:00+00:00,0.0,KACZ
2026-07-23 09:55:00+00:00,0.0,KFBG
2026-07-23 10:15:00+00:00,0.0,KACZ
2026-07-23 10:35:00+00:00,0.0,KACZ
2026-07-23 10:55:00+00:00,0.0,KFBG
2026-07-23 11:15:00+00:00,0.0,KACZ
2026-07-23 11:30:00+00:00,0.0,KFBG
2026-07-23 11:35:00+00:00,0.0,KACZ
2026-07-23 11:55:00+00:00,0.0,KFBG
2026-07-23 12:15:00+00:00,0.0,KACZ
2026-07-23 12:35:00+00:00,0.0,KACZ
2026-07-23 12:50:00+00:00,0.0,KFBG
2026-07-23 12:55:00+00:00,0.0,KFBG
2026-07-23 13:02:00+00:00,0.0,KFBG
2026-07-23 13:15:00+00:00,0.0,KACZ
2026-07-23 13:17:00+00:00,0.0,KFBG
2026-07-23 13:35:00+00:00,0.0,KACZ
2026-07-23 13:55:00+00:00,0.0393700787401574,KFBG
2026-07-23 14:05:00+00:00,0.0,KFBG
2026-07-23 14:15:00+00:00,0.0,KACZ
2026-07-23 14:16:00+00:00,0.0,KFBG
2026-07-23 14:22:00+00:00,0.0,KFBG
2026-07-23 14:27:00+00:00,0.0,KFBG
2026-07-23 14:31:00+00:00,0.0,KFBG
2026-07-23 14:34:00+00:00,0.0,KFBG
2026-07-23 14:35:00+00:00,0.0,KACZ
2026-07-23 14:39:00+00:00,0.0,KFBG
2026-07-23 14:42:00+00:00,0.0,KFBG
2026-07-23 14:46:00+00:00,0.0,KFBG
2026-07-23 14:55:00+00:00,0.4015748031496063,KFBG
2026-07-23 15:00:00+00:00,0.0,KFBG
2026-07-23 15:10:00+00:00,0.0,KFBG
2026-07-23 15:15:00+00:00,0.0,KACZ
2026-07-23 15:30:00+00:00,0.0,KFBG
2026-07-23 15:35:00+00:00,0.0,KFBG
2026-07-23 15:45:00+00:00,0.0,KFBG
2026-07-23 15:55:00+00:00,0.0,KFBG
2026-07-23 16:04:00+00:00,0.0,KFBG
2026-07-23 16:09:00+00:00,0.0,KFBG
2026-07-23 16:14:00+00:00,0.0,KFBG
2026-07-23 16:15:00+00:00,0.0,KACZ
2026-07-23 16:16:00+00:00,0.0,KFBG
2026-07-23 16:21:00+00:00,0.0,KFBG
2026-07-23 16:29:00+00:00,0.0,KFBG
2026-07-23 16:35:00+00:00,0.0,KACZ
2026-07-23 16:47:00+00:00,0.0,KFBG
2026-07-23 16:50:00+00:00,0.0,KFBG
2026-07-23 16:55:00+00:00,0.5905511811023623,KFBG
2026-07-23 16:59:00+00:00,0.0,KFBG
2026-07-23 17:09:00+00:00,0.0,KFBG
2026-07-23 17:14:00+00:00,0.0,KFBG
2026-07-23 17:15:00+00:00,0.0,KACZ
2026-07-23 17:29:00+00:00,0.0,KFBG
2026-07-23 17:35:00+00:00,0.0118110236220472,KACZ
2026-07-23 17:47:00+00:00,0.0,KFBG
2026-07-23 17:52:00+00:00,0.0,KFBG
2026-07-23 17:55:00+00:00,0.0905511811023622,KFBG
2026-07-23 18:05:00+00:00,0.0,KFBG
2026-07-23 18:15:00+00:00,0.0,KFBG
2026-07-23 18:24:00+00:00,0.0,KFBG
2026-07-23 18:29:00+00:00,0.0,KFBG
2026-07-23 18:34:00+00:00,0.0,KFBG
2026-07-23 18:35:00+00:00,0.0984251968503937,KACZ
2026-07-23 18:44:00+00:00,0.0,KFBG
2026-07-23 18:49:00+00:00,0.0,KFBG
2026-07-23 18:55:00+00:00,0.0118110236220472,KFBG
2026-07-23 19:05:00+00:00,0.0,KFBG
2026-07-23 19:13:00+00:00,0.0,KFBG
2026-07-23 19:15:00+00:00,0.0314960629921259,KACZ
2026-07-23 19:35:00+00:00,0.0511811023622047,KACZ
2026-07-23 19:48:00+00:00,0.0,KFBG
2026-07-23 19:55:00+00:00,0.0708661417322834,KFBG
2026-07-23 20:05:00+00:00,0.0,KFBG
2026-07-23 20:15:00+00:00,0.0,KFBG
2026-07-23 20:22:00+00:00,0.0,KFBG
2026-07-23 20:27:00+00:00,0.0,KFBG
2026-07-23 20:35:00+00:00,0.0,KACZ
2026-07-23 20:42:00+00:00,0.0,KFBG
2026-07-23 20:44:00+00:00,0.0,KFBG
2026-07-23 20:55:00+00:00,0.1417322834645669,KFBG
2026-07-23 21:15:00+00:00,0.0,KACZ
2026-07-23 21:25:00+00:00,0.0,KFBG
2026-07-23 21:35:00+00:00,0.0,KFBG
2026-07-23 21:40:00+00:00,0.0,KFBG
2026-07-23 21:50:00+00:00,0.0,KFBG
2026-07-23 21:55:00+00:00,0.1614173228346456,KFBG
2026-07-23 22:05:00+00:00,0.0,KFBG
2026-07-23 22:15:00+00:00,0.0,KACZ
2026-07-23 22:28:00+00:00,0.0,KFBG
2026-07-23 22:35:00+00:00,0.0,KACZ
2026-07-23 22:55:00+00:00,0.0196850393700787,KFBG
2026-07-23 23:15:00+00:00,0.0,KFBG
2026-07-23 23:29:00+00:00,0.0,KFBG
2026-07-23 23:35:00+00:00,0.0984251968503937,KACZ
2026-07-23 23:41:00+00:00,0.0,KFBG
2026-07-23 23:55:00+00:00,0.0,KFBG
2026-07-23 23:56:00+00:00,0.0,KFBG
2026-07-23 23:57:00+00:00,0.0,KFBG
2026-07-24 00:15:00+00:00,0.0118110236220472,KACZ
2026-07-24 00:22:00+00:00,0.0,KFBG
2026-07-24 00:35:00+00:00,0.0118110236220472,KACZ
2026-07-24 00:55:00+00:00,0.0,KFBG
2026-07-24 01:15:00+00:00,0.0,KACZ
2026-07-24 01:33:00+00:00,0.0,KFBG
2026-07-24 01:35:00+00:00,0.0,KACZ
2026-07-24 01:38:00+00:00,0.0,KFBG
2026-07-24 01:55:00+00:00,0.0708661417322834,KFBG
2026-07-24 02:15:00+00:00,0.0,KACZ
2026-07-24 02:35:00+00:00,0.0,KACZ
2026-07-24 02:55:00+00:00,0.0393700787401574,KFBG
2026-07-24 03:15:00+00:00,0.0,KACZ
2026-07-24 03:35:00+00:00,0.0,KFBG
2026-07-24 03:55:00+00:00,0.0118110236220472,KFBG
2026-07-24 04:15:00+00:00,0.0,KACZ
2026-07-24 04:35:00+00:00,0.0118110236220472,KACZ
2026-07-24 04:50:00+00:00,0.0,KFBG
2026-07-24 04:52:00+00:00,0.0,KFBG
2026-07-24 04:55:00+00:00,0.0787401574803149,KFBG
2026-07-24 05:03:00+00:00,0.0,KFBG
2026-07-24 05:08:00+00:00,0.0,KFBG
2026-07-24 05:15:00+00:00,0.0,KACZ
2026-07-24 05:20:00+00:00,0.0,KFBG
2026-07-24 05:25:00+00:00,0.0,KFBG
2026-07-24 05:30:00+00:00,0.0,KFBG
2026-07-24 05:35:00+00:00,0.0,KFBG
2026-07-24 05:37:00+00:00,0.0,KFBG
2026-07-24 05:42:00+00:00,0.0,KFBG
2026-07-24 05:47:00+00:00,0.0,KFBG
2026-07-24 05:50:00+00:00,0.0,KFBG
2026-07-24 05:55:00+00:00,0.8110236220472442,KFBG
2026-07-24 06:00:00+00:00,0.0,KFBG
2026-07-24 06:05:00+00:00,0.0,KFBG
2026-07-24 06:15:00+00:00,0.0,KFBG
2026-07-24 06:35:00+00:00,0.0,KACZ
2026-07-24 06:45:00+00:00,0.0,KFBG
2026-07-24 06:50:00+00:00,0.0,KFBG
2026-07-24 06:55:00+00:00,0.0984251968503937,KFBG
2026-07-24 06:56:00+00:00,0.0,KFBG
2026-07-24 07:15:00+00:00,0.0,KACZ
2026-07-24 07:35:00+00:00,0.0,KACZ
2026-07-24 07:55:00+00:00,0.0,KFBG
2026-07-24 08:15:00+00:00,0.0,KFBG
2026-07-24 08:35:00+00:00,0.0708661417322834,KACZ
2026-07-24 08:45:00+00:00,0.0,KFBG
2026-07-24 08:55:00+00:00,0.0,KFBG
2026-07-24 09:15:00+00:00,0.0,KACZ
2026-07-24 09:20:00+00:00,0.0,KFBG
2026-07-24 09:35:00+00:00,0.0,KACZ
2026-07-24 09:43:00+00:00,0.0,KFBG
2026-07-24 09:55:00+00:00,0.0,KFBG
2026-07-24 09:56:00+00:00,0.0,KFBG
2026-07-24 09:58:00+00:00,0.0,KFBG
2026-07-24 10:00:00+00:00,0.0,KFBG
2026-07-24 10:05:00+00:00,0.0,KFBG
2026-07-24 10:06:00+00:00,0.0,KFBG
2026-07-24 10:15:00+00:00,0.0,KACZ
2026-07-24 10:35:00+00:00,0.0,KACZ
2026-07-24 11:15:00+00:00,0.0,KACZ
2026-07-24 11:35:00+00:00,0.0118110236220472,KACZ
2026-07-24 12:05:00+00:00,0.0,KFBG
2026-07-24 12:15:00+00:00,0.0,KFBG
2026-07-24 12:16:00+00:00,0.0,KFBG
2026-07-24 12:26:00+00:00,0.0,KFBG
2026-07-24 12:35:00+00:00,0.0,KACZ
2026-07-24 12:36:00+00:00,0.0,KFBG
2026-07-24 12:46:00+00:00,0.0,KFBG
2026-07-24 12:50:00+00:00,0.0,KFBG
2026-07-24 12:55:00+00:00,0.0511811023622047,KFBG
2026-07-24 13:10:00+00:00,0.0,KFBG
2026-07-24 13:11:00+00:00,0.0,KFBG
2026-07-24 13:15:00+00:00,0.0,KACZ
2026-07-24 13:35:00+00:00,0.0,KACZ
2026-07-24 13:41:00+00:00,0.0,KFBG
2026-07-24 13:42:00+00:00,0.0,KFBG
2026-07-24 13:55:00+00:00,0.0118110236220472,KFBG
2026-07-24 14:15:00+00:00,0.0,KACZ
2026-07-24 14:20:00+00:00,0.0,KFBG
2026-07-24 14:35:00+00:00,0.0,KACZ
2026-07-24 14:55:00+00:00,0.0,KFBG
2026-07-24 15:05:00+00:00,0.0,KFBG
2026-07-24 15:15:00+00:00,0.0,KFBG
2026-07-24 15:30:00+00:00,0.0,KFBG
2026-07-24 15:35:00+00:00,0.0,KACZ
2026-07-24 15:40:00+00:00,0.0,KFBG
2026-07-24 15:45:00+00:00,0.0,KFBG
2026-07-24 15:55:00+00:00,0.0,KFBG
2026-07-24 16:07:00+00:00,0.0,KFBG
2026-07-24 16:15:00+00:00,0.0,KACZ
2026-07-24 16:35:00+00:00,0.0,KACZ
2026-07-24 16:55:00+00:00,0.0314960629921259,KACZ
2026-07-24 17:15:00+00:00,0.0118110236220472,KACZ
2026-07-24 17:35:00+00:00,0.0,KACZ
2026-07-24 18:15:00+00:00,0.0,KACZ
2026-07-24 18:35:00+00:00,0.0,KACZ
2026-07-24 19:15:00+00:00,0.0,KACZ
2026-07-24 19:35:00+00:00,0.0,KACZ
2026-07-24 20:15:00+00:00,0.0,KACZ
2026-07-24 20:35:00+00:00,0.0,KACZ
2026-07-24 21:15:00+00:00,0.0,KACZ
2026-07-24 21:35:00+00:00,0.0,KACZ
2026-07-24 22:15:00+00:00,0.0,KACZ
2026-07-24 22:35:00+00:00,0.0,KACZ
2026-07-24 23:05:00+00:00,0.0,KFBG
2026-07-24 23:08:00+00:00,0.0,KFBG
2026-07-24 23:35:00+00:00,0.0,KACZ
2026-07-24 23:44:00+00:00,0.0,KFBG
2026-07-24 23:49:00+00:00,0.0,KFBG
2026-07-24 23:55:00+00:00,0.0,KFBG
2026-07-25 00:05:00+00:00,0.0,KFBG
2026-07-25 00:15:00+00:00,0.0,KACZ
2026-07-25 00:20:00+00:00,0.0,KFBG
2026-07-25 00:30:00+00:00,0.0,KFBG
2026-07-25 00:35:00+00:00,0.0,KACZ
2026-07-25 00:40:00+00:00,0.0,KFBG
2026-07-25 00:51:00+00:00,0.0,KFBG
2026-07-25 00:55:00+00:00,0.0,KFBG
2026-07-25 01:05:00+00:00,0.0,KFBG
2026-07-25 01:10:00+00:00,0.0,KFBG
2026-07-25 01:15:00+00:00,0.0,KACZ
2026-07-25 01:20:00+00:00,0.0,KFBG
2026-07-25 01:27:00+00:00,0.0,KFBG
2026-07-25 01:32:00+00:00,0.0,KFBG
2026-07-25 01:35:00+00:00,0.0,KACZ
2026-07-25 01:47:00+00:00,0.0,KFBG
2026-07-25 01:55:00+00:00,0.0118110236220472,KFBG
2026-07-25 02:10:00+00:00,0.0,KFBG
2026-07-25 02:15:00+00:00,0.0,KACZ
2026-07-25 02:20:00+00:00,0.0,KFBG
2026-07-25 02:35:00+00:00,0.0,KFBG
2026-07-25 02:42:00+00:00,0.0,KFBG
2026-07-25 02:55:00+00:00,0.0,KFBG
2026-07-25 03:06:00+00:00,0.0,KFBG
2026-07-25 03:15:00+00:00,0.0,KACZ
2026-07-25 03:16:00+00:00,0.0,KFBG
2026-07-25 03:35:00+00:00,0.0,KACZ
2026-07-25 03:55:00+00:00,0.0,KFBG
2026-07-25 04:15:00+00:00,0.0,KACZ
2026-07-25 04:35:00+00:00,0.0,KACZ
2026-07-25 04:45:00+00:00,0.0,KFBG
2026-07-25 04:55:00+00:00,0.0,KFBG
2026-07-25 05:05:00+00:00,0.0,KFBG
2026-07-25 05:15:00+00:00,0.0,KFBG
2026-07-25 05:25:00+00:00,0.0,KFBG
2026-07-25 05:35:00+00:00,0.0,KFBG
2026-07-25 05:45:00+00:00,0.0,KFBG
2026-07-25 05:55:00+00:00,0.0,KFBG
2026-07-25 06:05:00+00:00,0.0,KFBG
2026-07-25 06:10:00+00:00,0.0,KFBG
2026-07-25 06:15:00+00:00,0.0,KACZ
2026-07-25 06:20:00+00:00,0.0,KFBG
2026-07-25 06:35:00+00:00,0.0,KACZ
2026-07-25 06:45:00+00:00,0.0,KFBG
2026-07-25 06:55:00+00:00,0.0,KFBG
2026-07-25 07:00:00+00:00,0.0,KFBG
2026-07-25 07:05:00+00:00,0.0,KFBG
2026-07-25 07:15:00+00:00,0.0,KACZ
2026-07-25 07:20:00+00:00,0.0,KFBG
2026-07-25 07:30:00+00:00,0.0,KFBG
2026-07-25 07:35:00+00:00,0.0,KACZ
2026-07-25 07:51:00+00:00,0.0,KFBG
2026-07-25 07:55:00+00:00,0.0,KFBG
2026-07-25 07:57:00+00:00,0.0,KFBG
2026-07-25 08:07:00+00:00,0.0,KFBG
2026-07-25 08:15:00+00:00,0.0,KACZ
2026-07-25 08:17:00+00:00,0.0,KFBG
2026-07-25 08:26:00+00:00,0.0,KFBG
2026-07-25 08:27:00+00:00,0.0,KFBG
2026-07-25 08:35:00+00:00,0.0,KACZ
2026-07-25 08:53:00+00:00,0.0,KFBG
2026-07-25 08:55:00+00:00,0.0196850393700787,KFBG
2026-07-25 09:05:00+00:00,0.0,KFBG
2026-07-25 09:10:00+00:00,0.0,KFBG
2026-07-25 09:15:00+00:00,0.0,KFBG
2026-07-25 09:25:00+00:00,0.0,KFBG
2026-07-25 09:29:00+00:00,0.0,KFBG
2026-07-25 09:34:00+00:00,0.0,KFBG
2026-07-25 09:35:00+00:00,0.0,KFBG
2026-07-25 09:45:00+00:00,0.0,KFBG
2026-07-25 09:50:00+00:00,0.0,KFBG
2026-07-25 09:55:00+00:00,0.9488188976377954,KFBG
2026-07-25 10:00:00+00:00,0.0,KFBG
2026-07-25 10:06:00+00:00,0.0,KFBG
2026-07-25 10:15:00+00:00,0.0,KACZ
2026-07-25 10:16:00+00:00,0.0,KFBG
2026-07-25 10:21:00+00:00,0.0,KFBG
2026-07-25 10:23:00+00:00,0.0,KFBG
2026-07-25 10:26:00+00:00,0.0,KFBG
2026-07-25 10:29:00+00:00,0.0,KFBG
2026-07-25 10:35:00+00:00,0.0,KFBG
2026-07-25 10:45:00+00:00,0.0,KFBG
2026-07-25 10:55:00+00:00,0.2795275590551181,KFBG
2026-07-25 10:56:00+00:00,0.0,KFBG
2026-07-25 10:59:00+00:00,0.0,KFBG
2026-07-25 11:09:00+00:00,0.0,KFBG
2026-07-25 11:15:00+00:00,0.0118110236220472,KACZ
2026-07-25 11:17:00+00:00,0.0,KFBG
2026-07-25 11:19:00+00:00,0.0,KFBG
2026-07-25 11:25:00+00:00,0.0,KFBG
2026-07-25 11:35:00+00:00,0.0,KFBG
2026-07-25 11:44:00+00:00,0.0,KFBG
2026-07-25 11:49:00+00:00,0.0,KFBG
2026-07-25 11:55:00+00:00,0.4015748031496063,KFBG
2026-07-25 12:15:00+00:00,0.0,KACZ
2026-07-25 12:18:00+00:00,0.0,KFBG
2026-07-25 12:21:00+00:00,0.0,KFBG
2026-07-25 12:24:00+00:00,0.0,KFBG
2026-07-25 12:29:00+00:00,0.0,KFBG
2026-07-25 12:34:00+00:00,0.0,KFBG
2026-07-25 12:35:00+00:00,0.0,KACZ
2026-07-25 12:37:00+00:00,0.0,KFBG
2026-07-25 12:39:00+00:00,0.0,KFBG
2026-07-25 12:55:00+00:00,0.0393700787401574,KFBG
2026-07-25 13:05:00+00:00,0.0,KFBG
2026-07-25 13:15:00+00:00,0.0,KACZ
2026-07-25 13:20:00+00:00,0.0,KFBG
2026-07-25 13:26:00+00:00,0.0,KFBG
2026-07-25 13:31:00+00:00,0.0,KFBG
2026-07-25 13:35:00+00:00,0.0,KACZ
2026-07-25 13:36:00+00:00,0.0,KFBG
2026-07-25 13:41:00+00:00,0.0,KFBG
2026-07-25 13:46:00+00:00,0.0,KFBG
2026-07-25 13:55:00+00:00,0.7401574803149606,KFBG
2026-07-25 14:01:00+00:00,0.0,KFBG
2026-07-25 14:06:00+00:00,0.0,KFBG
2026-07-25 14:15:00+00:00,0.0,KACZ
2026-07-25 14:16:00+00:00,0.0,KFBG
2026-07-25 14:26:00+00:00,0.0,KFBG
2026-07-25 14:35:00+00:00,0.0118110236220472,KACZ
2026-07-25 14:36:00+00:00,0.0,KFBG
2026-07-25 14:55:00+00:00,0.1692913385826771,KFBG
2026-07-25 15:00:00+00:00,0.0,KFBG
2026-07-25 15:01:00+00:00,0.0,KFBG
2026-07-25 15:06:00+00:00,0.0,KFBG
2026-07-25 15:07:00+00:00,0.0,KFBG
2026-07-25 15:15:00+00:00,0.0118110236220472,KACZ
2026-07-25 15:35:00+00:00,0.0118110236220472,KACZ
2026-07-25 15:39:00+00:00,0.0,KFBG
2026-07-25 15:54:00+00:00,0.0,KFBG
2026-07-25 15:55:00+00:00,0.0196850393700787,KFBG
2026-07-25 16:15:00+00:00,0.0196850393700787,KACZ
2026-07-25 16:35:00+00:00,0.421259842519685,KACZ
2026-07-25 16:40:00+00:00,0.0,KFBG
2026-07-25 16:55:00+00:00,0.0,KFBG
2026-07-25 17:15:00+00:00,0.0118110236220472,KACZ
2026-07-25 17:35:00+00:00,0.0393700787401574,KACZ
2026-07-25 17:55:00+00:00,0.0,KFBG
2026-07-25 18:15:00+00:00,0.0,KMQI
2026-07-25 18:35:00+00:00,0.0393700787401574,KACZ
2026-07-25 18:43:00+00:00,0.0,KFBG
2026-07-25 18:55:00+00:00,0.0,KFBG
2026-07-25 19:15:00+00:00,0.0,KACZ
2026-07-25 19:20:00+00:00,0.0,KFBG
2026-07-25 19:35:00+00:00,0.0118110236220472,KACZ
2026-07-25 19:55:00+00:00,0.0,KFBG
2026-07-25 20:15:00+00:00,0.0,KACZ
2026-07-25 20:17:00+00:00,0.0,KFBG
2026-07-25 20:30:00+00:00,0.0,KFBG
2026-07-25 20:35:00+00:00,0.0,KACZ
2026-07-25 20:50:00+00:00,0.0,KFBG
2026-07-25 20:55:00+00:00,0.0,KFBG
2026-07-25 21:15:00+00:00,0.0,KACZ
2026-07-25 21:35:00+00:00,0.0,KACZ
2026-07-25 21:45:00+00:00,0.0,KFBG
2026-07-25 21:55:00+00:00,0.0,KFBG
2026-07-25 22:15:00+00:00,0.0,KACZ
2026-07-25 22:35:00+00:00,0.0,KFBG
2026-07-25 22:55:00+00:00,0.0,KFBG
2026-07-25 23:15:00+00:00,0.0,KACZ
2026-07-25 23:35:00+00:00,0.0,KACZ
2026-07-25 23:55:00+00:00,0.0,KFBG
2026-07-26 00:15:00+00:00,0.0,KACZ
2026-07-26 00:35:00+00:00,0.0,KACZ
2026-07-26 00:55:00+00:00,0.0,KFBG
2026-07-26 01:15:00+00:00,0.0,KACZ
2026-07-26 01:35:00+00:00,0.0,KACZ
2026-07-26 01:55:00+00:00,0.0,KFBG
2026-07-26 02:05:00+00:00,0.0,KFBG
2026-07-26 02:15:00+00:00,0.0,KACZ
2026-07-26 02:35:00+00:00,0.0,KACZ
2026-07-26 02:55:00+00:00,0.0,KFBG
2026-07-26 03:00:00+00:00,0.0,KFBG
2026-07-26 03:10:00+00:00,0.0,KFBG
2026-07-26 03:15:00+00:00,0.0,KACZ
2026-07-26 03:35:00+00:00,0.0,KACZ
2026-07-26 03:50:00+00:00,0.0,KFBG
2026-07-26 03:55:00+00:00,0.0,KFBG
2026-07-26 04:15:00+00:00,0.0,KACZ
2026-07-26 04:35:00+00:00,0.0,KACZ
2026-07-26 04:55:00+00:00,0.0,KFBG
2026-07-26 05:15:00+00:00,0.0,KACZ
2026-07-26 05:24:00+00:00,0.0,KFBG
2026-07-26 05:35:00+00:00,0.0,KACZ
2026-07-26 05:55:00+00:00,0.0,KFBG
2026-07-26 06:15:00+00:00,0.0,KACZ
2026-07-26 06:35:00+00:00,0.0,KACZ
2026-07-26 06:55:00+00:00,0.0,KFBG
2026-07-26 07:15:00+00:00,0.0,KACZ
2026-07-26 07:35:00+00:00,0.0118110236220472,KACZ
2026-07-26 07:41:00+00:00,0.0,KFBG
2026-07-26 07:51:00+00:00,0.0,KFBG
2026-07-26 07:55:00+00:00,0.0,KFBG
2026-07-26 08:05:00+00:00,0.0,KFBG
2026-07-26 08:15:00+00:00,0.0,KACZ
2026-07-26 08:35:00+00:00,0.0,KACZ
2026-07-26 08:40:00+00:00,0.0,KFBG
2026-07-26 08:50:00+00:00,0.0,KFBG
2026-07-26 08:55:00+00:00,0.0,KFBG
2026-07-26 09:00:00+00:00,0.0,KFBG
2026-07-26 09:05:00+00:00,0.0,KFBG
2026-07-26 09:15:00+00:00,0.0,KFBG
2026-07-26 09:30:00+00:00,0.0,KFBG
2026-07-26 09:35:00+00:00,0.0,KFBG
2026-07-26 09:40:00+00:00,0.0,KFBG
2026-07-26 09:55:00+00:00,0.0,KFBG
2026-07-26 10:15:00+00:00,0.0,KACZ
2026-07-26 10:35:00+00:00,0.0,KACZ
2026-07-26 10:40:00+00:00,0.0,KFBG
2026-07-26 10:55:00+00:00,0.0,KFBG
2026-07-26 11:00:00+00:00,0.0,KFBG
2026-07-26 11:11:00+00:00,0.0,KFBG
2026-07-26 11:15:00+00:00,0.0,KACZ
2026-07-26 11:16:00+00:00,0.0,KFBG
2026-07-26 11:35:00+00:00,0.0,KACZ
2026-07-26 11:51:00+00:00,0.0,KFBG
2026-07-26 11:52:00+00:00,0.0,KFBG
2026-07-26 11:55:00+00:00,0.0,KFBG
2026-07-26 12:15:00+00:00,0.0,KACZ
2026-07-26 12:30:00+00:00,0.0,KFBG
2026-07-26 12:35:00+00:00,0.0,KACZ
2026-07-26 12:55:00+00:00,0.0,KFBG
2026-07-26 13:15:00+00:00,0.0,KFBG
2026-07-26 13:25:00+00:00,0.0,KFBG
2026-07-26 13:35:00+00:00,0.0,KACZ
2026-07-26 13:50:00+00:00,0.0,KFBG
2026-07-26 13:55:00+00:00,0.0,KFBG
2026-07-26 14:15:00+00:00,0.0,KFBG
2026-07-26 14:30:00+00:00,0.0,KFBG
2026-07-26 14:35:00+00:00,0.0,KFBG
2026-07-26 14:55:00+00:00,0.0,KFBG
2026-07-26 15:00:00+00:00,0.0,KFBG
2026-07-26 15:05:00+00:00,0.0,KFBG
2026-07-26 15:10:00+00:00,0.0,KFBG
2026-07-26 15:15:00+00:00,0.0,KACZ
2026-07-26 15:35:00+00:00,0.0,KACZ
2026-07-26 15:55:00+00:00,0.0,KFBG
2026-07-26 16:15:00+00:00,0.0,KFBG
2026-07-26 16:25:00+00:00,0.0,KFBG
2026-07-26 16:35:00+00:00,0.0,KACZ
2026-07-26 16:55:00+00:00,0.0,KFBG
2026-07-26 17:10:00+00:00,0.0,KFBG
2026-07-26 17:15:00+00:00,0.0,KACZ
2026-07-26 17:35:00+00:00,0.0,KACZ
2026-07-26 17:41:00+00:00,0.0,KFBG
2026-07-26 17:51:00+00:00,0.0,KFBG
2026-07-26 17:55:00+00:00,0.0,KFBG
2026-07-26 18:00:00+00:00,0.0,KFBG
2026-07-26 18:15:00+00:00,0.0,KACZ
2026-07-26 18:35:00+00:00,0.0,KACZ
2026-07-26 18:55:00+00:00,0.0,KFBG
2026-07-26 19:15:00+00:00,0.0,KACZ
2026-07-26 19:35:00+00:00,0.0,KACZ
2026-07-26 19:48:00+00:00,0.0,KFBG
2026-07-26 19:55:00+00:00,0.0,KFBG
2026-07-26 20:15:00+00:00,0.0,KACZ
2026-07-26 20:35:00+00:00,0.0,KACZ
2026-07-26 20:55:00+00:00,0.0,KFBG
2026-07-26 21:15:00+00:00,0.0,KACZ
2026-07-26 21:35:00+00:00,0.0,KACZ
2026-07-26 21:46:00+00:00,0.0,KFBG
2026-07-26 21:55:00+00:00,0.0,KFBG
2026-07-26 22:15:00+00:00,0.0,KACZ
2026-07-26 22:35:00+00:00,0.0,KACZ
2026-07-26 22:55:00+00:00,0.0,KFBG
2026-07-26 23:15:00+00:00,0.0,KACZ
2026-07-26 23:35:00+00:00,0.0,KACZ
2026-07-26 23:52:00+00:00,0.0,KFBG
2026-07-26 23:55:00+00:00,0.0,KFBG
2026-07-27 00:15:00+00:00,0.0,KACZ
2026-07-27 00:35:00+00:00,0.0,KACZ
2026-07-27 00:55:00+00:00,0.0,KFBG
2026-07-27 01:15:00+00:00,0.0,KACZ
2026-07-27 01:35:00+00:00,0.0,KACZ
2026-07-27 01:55:00+00:00,0.0,KFBG
2026-07-27 02:15:00+00:00,0.0,KACZ
2026-07-27 02:35:00+00:00,0.0,KACZ
2026-07-27 02:55:00+00:00,0.0,KFBG
2026-07-27 03:15:00+00:00,0.0,KACZ
2026-07-27 03:32:00+00:00,0.0,KFBG
2026-07-27 03:35:00+00:00,0.0,KACZ
2026-07-27 03:47:00+00:00,0.0,KFBG
2026-07-27 03:55:00+00:00,0.0,KFBG
2026-07-27 04:04:00+00:00,0.0,KFBG
2026-07-27 04:08:00+00:00,0.0,KFBG
2026-07-27 04:15:00+00:00,0.0,KACZ
2026-07-27 04:35:00+00:00,0.0,KACZ
2026-07-27 04:55:00+00:00,0.0,KFBG
2026-07-27 05:15:00+00:00,0.0,KACZ
2026-07-27 05:35:00+00:00,0.0,KACZ
2026-07-27 05:55:00+00:00,0.0,KFBG
2026-07-27 06:15:00+00:00,0.0,KACZ
2026-07-27 06:28:00+00:00,0.0,KFBG
2026-07-27 06:35:00+00:00,0.0,KACZ
2026-07-27 06:55:00+00:00,0.0,KFBG
2026-07-27 07:15:00+00:00,0.0,KACZ
2026-07-27 07:35:00+00:00,0.0,KACZ
2026-07-27 07:55:00+00:00,0.0,KFBG
2026-07-27 07:59:00+00:00,0.0,KFBG
2026-07-27 08:15:00+00:00,0.0,KACZ
2026-07-27 08:24:00+00:00,0.0,KFBG
2026-07-27 08:35:00+00:00,0.0,KACZ
2026-07-27 08:55:00+00:00,0.0,KFBG
2026-07-27 09:15:00+00:00,0.0,KACZ
2026-07-27 09:35:00+00:00,0.0,KACZ
2026-07-27 09:55:00+00:00,0.0,KFBG
2026-07-27 10:15:00+00:00,0.0,KACZ
2026-07-27 10:26:00+00:00,0.0,KFBG
2026-07-27 10:35:00+00:00,0.0,KMQI
2026-07-27 10:55:00+00:00,0.0,KFBG
2026-07-27 11:15:00+00:00,0.0,KACZ
2026-07-27 11:35:00+00:00,0.0,KACZ
2026-07-27 11:52:00+00:00,0.0,KFBG
2026-07-27 11:54:00+00:00,0.0,KFBG
2026-07-27 11:55:00+00:00,0.0,KFBG
2026-07-27 11:56:00+00:00,0.0,KFBG
2026-07-27 12:11:00+00:00,0.0,KFBG
2026-07-27 12:15:00+00:00,0.0,KACZ
2026-07-27 12:19:00+00:00,0.0,KFBG
2026-07-27 12:29:00+00:00,0.0,KFBG
2026-07-27 12:35:00+00:00,0.0,KACZ
2026-07-27 12:37:00+00:00,0.0,KFBG
2026-07-27 12:53:00+00:00,0.0,KFBG
2026-07-27 12:55:00+00:00,0.0,KFBG
2026-07-27 13:00:00+00:00,0.0,KFBG
2026-07-27 13:05:00+00:00,0.0,KFBG
2026-07-27 13:15:00+00:00,0.0,KFBG
2026-07-27 13:30:00+00:00,0.0,KFBG
2026-07-27 13:55:00+00:00,0.0,KFBG
2026-07-27 14:00:00+00:00,0.0,KFBG
2026-07-27 14:35:00+00:00,0.0,KMQI
2026-07-27 14:50:00+00:00,0.0,KFBG
2026-07-27 14:55:00+00:00,0.0,KFBG
2026-07-27 15:14:00+00:00,0.0,KFBG
2026-07-27 15:15:00+00:00,0.0,KACZ
2026-07-27 15:26:00+00:00,0.0,KFBG
2026-07-27 15:35:00+00:00,0.0,KACZ
2026-07-27 15:41:00+00:00,0.0,KFBG
2026-07-27 15:55:00+00:00,0.0,KFBG
2026-07-27 16:15:00+00:00,0.0,KACZ
2026-07-27 16:35:00+00:00,0.0,KACZ
2026-07-27 16:55:00+00:00,0.0,KFBG
2026-07-27 17:15:00+00:00,0.0,KACZ
2026-07-27 17:55:00+00:00,0.0,KFBG
2026-07-27 18:15:00+00:00,0.0,KACZ
2026-07-27 18:29:00+00:00,0.0,KFBG
2026-07-27 18:35:00+00:00,0.0,KACZ
2026-07-27 18:55:00+00:00,0.0,KFBG
2026-07-27 19:10:00+00:00,0.0,KMQI
2026-07-27 19:14:00+00:00,0.0,KFBG
2026-07-27 19:15:00+00:00,0.0,KACZ
2026-07-27 19:35:00+00:00,0.0,KACZ
2026-07-27 19:51:00+00:00,0.0,KFBG
2026-07-27 19:55:00+00:00,0.0,KFBG
2026-07-27 20:15:00+00:00,0.0,KACZ
2026-07-27 20:35:00+00:00,0.0,KACZ
2026-07-27 20:55:00+00:00,0.0,KFBG
2026-07-27 21:15:00+00:00,0.0,KACZ
2026-07-27 21:35:00+00:00,0.0,KACZ
2026-07-27 21:55:00+00:00,0.0,KFBG
2026-07-27 22:15:00+00:00,0.0,KMQI
2026-07-27 22:20:00+00:00,0.0,KACZ
2026-07-27 22:21:00+00:00,0.0,KFBG
2026-07-27 22:35:00+00:00,0.0,KMQI
2026-07-27 22:55:00+00:00,0.0,KFBG
2026-07-27 23:15:00+00:00,0.0,KACZ
2026-07-27 23:26:00+00:00,0.0,KFBG
2026-07-27 23:35:00+00:00,0.0,KACZ
2026-07-27 23:55:00+00:00,0.0,KFBG
2026-07-28 00:15:00+00:00,0.0,KACZ
2026-07-28 00:35:00+00:00,0.0,KACZ
2026-07-28 00:55:00+00:00,0.0,KFBG
2026-07-28 01:15:00+00:00,0.0,KMQI
2026-07-28 01:35:00+00:00,0.0,KACZ
2026-07-28 01:55:00+00:00,0.0,KFBG
2026-07-28 02:15:00+00:00,0.0,KMQI
2026-07-28 02:35:00+00:00,0.0,KMQI
2026-07-28 02:55:00+00:00,0.0,KFBG
2026-07-28 03:15:00+00:00,0.0,KACZ
2026-07-28 03:35:00+00:00,0.0,KMQI
2026-07-28 03:55:00+00:00,0.0,KFBG
2026-07-28 04:15:00+00:00,0.0,KACZ
2026-07-28 04:35:00+00:00,0.0,KACZ
2026-07-28 04:55:00+00:00,0.0,KFBG
2026-07-28 05:00:00+00:00,0.0,KACZ
2026-07-28 05:15:00+00:00,0.0,KACZ
2026-07-28 05:35:00+00:00,0.0,KACZ
2026-07-28 05:55:00+00:00,0.0,KFBG
2026-07-28 06:10:00+00:00,0.0,KMQI
2026-07-28 06:15:00+00:00,0.0,KACZ
2026-07-28 06:35:00+00:00,0.0,KACZ
2026-07-28 06:55:00+00:00,0.0,KFBG
2026-07-28 07:15:00+00:00,0.0,KACZ
2026-07-28 07:35:00+00:00,0.0,KACZ
2026-07-28 07:55:00+00:00,0.0,KFBG
2026-07-28 08:15:00+00:00,0.0,KACZ
2026-07-28 08:35:00+00:00,0.0,KACZ
2026-07-28 08:55:00+00:00,0.0,KFBG
2026-07-28 09:15:00+00:00,0.0,KACZ
2026-07-28 09:35:00+00:00,0.0,KACZ
2026-07-28 09:55:00+00:00,0.0,KFBG
2026-07-28 10:15:00+00:00,0.0,KACZ
2026-07-28 10:35:00+00:00,0.0,KACZ
2026-07-28 10:40:00+00:00,0.0,KFBG
2026-07-28 10:55:00+00:00,0.0,KFBG
2026-07-28 11:15:00+00:00,0.0,KACZ
2026-07-28 11:35:00+00:00,0.0,KACZ
2026-07-28 11:55:00+00:00,0.0,KFBG
2026-07-28 12:15:00+00:00,0.0,KACZ
2026-07-28 12:33:00+00:00,0.0,KFBG
2026-07-28 12:35:00+00:00,0.0,KACZ
2026-07-28 12:55:00+00:00,0.0,KFBG
2026-07-28 13:15:00+00:00,0.0,KACZ
2026-07-28 13:35:00+00:00,0.0,KACZ
2026-07-28 13:48:00+00:00,0.0,KFBG
2026-07-28 13:55:00+00:00,0.0,KFBG
2026-07-28 14:15:00+00:00,0.0,KACZ
2026-07-28 14:35:00+00:00,0.0,KACZ
2026-07-28 14:55:00+00:00,0.0,KFBG
2026-07-28 15:15:00+00:00,0.0,KACZ
2026-07-28 15:35:00+00:00,0.0,KACZ
2026-07-28 15:55:00+00:00,0.0,KFBG
2026-07-28 16:10:00+00:00,0.0,KOAJ
2026-07-28 16:15:00+00:00,0.0,KOAJ
2026-07-28 16:20:00+00:00,0.0,KOAJ
2026-07-28 16:25:00+00:00,0.0,KOAJ
2026-07-28 16:30:00+00:00,0.0,KOAJ
2026-07-28 16:35:00+00:00,0.0,KACZ
2026-07-28 16:40:00+00:00,0.0,KOAJ
2026-07-28 16:45:00+00:00,0.0,KOAJ
2026-07-28 16:50:00+00:00,0.0,KOAJ
2026-07-28 16:55:00+00:00,0.0,KFBG
2026-07-28 16:56:00+00:00,0.0,KOAJ
2026-07-28 17:00:00+00:00,0.0,KOAJ
2026-07-28 17:05:00+00:00,0.0,KOAJ
2026-07-28 17:10:00+00:00,0.0,KOAJ
2026-07-28 17:15:00+00:00,0.0,KACZ
2026-07-28 17:20:00+00:00,0.0,KOAJ
2026-07-28 17:25:00+00:00,0.0,KOAJ
2026-07-28 17:30:00+00:00,0.0,KOAJ
2026-07-28 17:35:00+00:00,0.0,KACZ
2026-07-28 17:40:00+00:00,0.0,KOAJ
2026-07-28 17:45:00+00:00,0.0,KOAJ
2026-07-28 17:50:00+00:00,0.0,KOAJ
2026-07-28 17:55:00+00:00,0.0,KFBG
2026-07-28 17:56:00+00:00,0.0,KOAJ
2026-07-28 18:00:00+00:00,0.0,KOAJ
2026-07-28 18:05:00+00:00,0.0,KOAJ
2026-07-28 18:10:00+00:00,0.0,KOAJ
2026-07-28 18:12:00+00:00,0.0,KFBG
2026-07-28 18:15:00+00:00,0.0,KACZ
2026-07-28 18:20:00+00:00,0.0,KOAJ
2026-07-28 18:23:00+00:00,0.0,KFBG
2026-07-28 18:25:00+00:00,0.0,KOAJ
2026-07-28 18:30:00+00:00,0.0,KOAJ
2026-07-28 18:34:00+00:00,0.0,KFBG
2026-07-28 18:35:00+00:00,0.0,KFBG
2026-07-28 18:40:00+00:00,0.0,KOAJ
2026-07-28 18:45:00+00:00,0.0,KOAJ
2026-07-28 18:50:00+00:00,0.0,KOAJ
2026-07-28 18:55:00+00:00,0.0,KFBG
2026-07-28 18:56:00+00:00,0.0,KOAJ
2026-07-28 19:00:00+00:00,0.0,KOAJ
2026-07-28 19:05:00+00:00,0.0,KOAJ
2026-07-28 19:10:00+00:00,0.0,KOAJ
2026-07-28 19:15:00+00:00,0.0,KACZ
2026-07-28 19:20:00+00:00,0.0,KOAJ
2026-07-28 19:25:00+00:00,0.0,KFBG
2026-07-28 19:30:00+00:00,0.0,KOAJ
2026-07-28 19:35:00+00:00,0.0,KACZ
2026-07-28 19:40:00+00:00,0.0,KOAJ
2026-07-28 19:45:00+00:00,0.0,KOAJ
2026-07-28 19:50:00+00:00,0.0,KOAJ
2026-07-28 19:55:00+00:00,0.0,KFBG
2026-07-28 19:56:00+00:00,0.0,KOAJ
2026-07-28 20:00:00+00:00,0.0,KOAJ
2026-07-28 20:05:00+00:00,0.0,KOAJ
2026-07-28 20:10:00+00:00,0.0,KOAJ
2026-07-28 20:15:00+00:00,0.0,KACZ
2026-07-28 20:20:00+00:00,0.0,KOAJ
2026-07-28 20:25:00+00:00,0.0,KOAJ
2026-07-28 20:30:00+00:00,0.0,KOAJ
2026-07-28 20:35:00+00:00,0.0,KACZ
2026-07-28 20:40:00+00:00,0.0,KOAJ
2026-07-28 20:45:00+00:00,0.0,KOAJ
2026-07-28 20:50:00+00:00,0.0,KOAJ
2026-07-28 20:55:00+00:00,0.0,KFBG
2026-07-28 20:56:00+00:00,0.0,KOAJ
2026-07-28 21:00:00+00:00,0.0,KOAJ
2026-07-28 21:05:00+00:00,0.0,KOAJ
2026-07-28 21:10:00+00:00,0.0,KOAJ
2026-07-28 21:15:00+00:00,0.0,KACZ
2026-07-28 21:20:00+00:00,0.0,KOAJ
2026-07-28 21:25:00+00:00,0.0,KOAJ
2026-07-28 21:30:00+00:00,0.0,KOAJ
2026-07-28 21:33:00+00:00,0.0,KFBG
2026-07-28 21:35:00+00:00,0.0,KACZ
2026-07-28 21:40:00+00:00,0.0,KOAJ
2026-07-28 21:45:00+00:00,0.0,KOAJ
2026-07-28 21:50:00+00:00,0.0,KOAJ
2026-07-28 21:55:00+00:00,0.0,KFBG
2026-07-28 21:56:00+00:00,0.0,KOAJ
2026-07-28 22:00:00+00:00,0.0,KOAJ
2026-07-28 22:05:00+00:00,0.0,KOAJ
2026-07-28 22:10:00+00:00,0.0,KOAJ
2026-07-28 22:15:00+00:00,0.0,KACZ
2026-07-28 22:20:00+00:00,0.0,KOAJ
2026-07-28 22:25:00+00:00,0.0,KOAJ
2026-07-28 22:30:00+00:00,0.0,KOAJ
2026-07-28 22:35:00+00:00,0.0,KACZ
2026-07-28 22:40:00+00:00,0.0,KOAJ
2026-07-28 22:45:00+00:00,0.0,KOAJ
2026-07-28 22:47:00+00:00,0.0,KFBG
2026-07-28 22:50:00+00:00,0.0,KOAJ
2026-07-28 22:55:00+00:00,0.0,KFBG
2026-07-28 22:56:00+00:00,0.0,KOAJ
2026-07-28 23:00:00+00:00,0.0,KOAJ
2026-07-28 23:05:00+00:00,0.0,KOAJ
2026-07-28 23:10:00+00:00,0.0,KOAJ
2026-07-28 23:15:00+00:00,0.0,KACZ
2026-07-28 23:20:00+00:00,0.0,KOAJ
2026-07-28 23:25:00+00:00,0.0,KOAJ
2026-07-28 23:30:00+00:00,0.0,KOAJ
2026-07-28 23:35:00+00:00,0.0,KACZ
2026-07-28 23:40:00+00:00,0.0,KOAJ
2026-07-28 23:45:00+00:00,0.0,KOAJ
2026-07-28 23:50:00+00:00,0.0,KOAJ
2026-07-28 23:52:00+00:00,0.0,KFBG
2026-07-28 23:55:00+00:00,0.0,KFBG
2026-07-28 23:56:00+00:00,0.0,KOAJ
2026-07-29 00:00:00+00:00,0.0,KOAJ
2026-07-29 00:05:00+00:00,0.0,KOAJ
2026-07-29 00:10:00+00:00,0.0,KOAJ
2026-07-29 00:15:00+00:00,0.0,KACZ
2026-07-29 00:20:00+00:00,0.0,KOAJ
2026-07-29 00:25:00+00:00,0.0,KOAJ
2026-07-29 00:30:00+00:00,0.0,KOAJ
2026-07-29 00:35:00+00:00,0.0,KACZ
2026-07-29 00:40:00+00:00,0.0,KOAJ
2026-07-29 00:45:00+00:00,0.0,KOAJ
2026-07-29 00:50:00+00:00,0.0,KOAJ
2026-07-29 00:55:00+00:00,0.0,KFBG
2026-07-29 00:56:00+00:00,0.0,KOAJ
2026-07-29 01:00:00+00:00,0.0,KOAJ
2026-07-29 01:05:00+00:00,0.0,KOAJ
2026-07-29 01:10:00+00:00,0.0,KOAJ
2026-07-29 01:15:00+00:00,0.0,KACZ
2026-07-29 01:20:00+00:00,0.0,KOAJ
2026-07-29 01:25:00+00:00,0.0,KOAJ
2026-07-29 01:30:00+00:00,0.0,KOAJ
2026-07-29 01:35:00+00:00,0.0,KACZ
2026-07-29 01:40:00+00:00,0.0,KOAJ
2026-07-29 01:45:00+00:00,0.0,KOAJ
2026-07-29 01:50:00+00:00,0.0,KOAJ
2026-07-29 01:55:00+00:00,0.0,KFBG
2026-07-29 01:56:00+00:00,0.0,KOAJ
2026-07-29 02:00:00+00:00,0.0,KOAJ
2026-07-29 02:05:00+00:00,0.0,KOAJ
2026-07-29 02:10:00+00:00,0.0,KOAJ
2026-07-29 02:15:00+00:00,0.0,KACZ
2026-07-29 02:20:00+00:00,0.0,KOAJ
2026-07-29 02:25:00+00:00,0.0,KOAJ
2026-07-29 02:26:00+00:00,0.0,KFBG
2026-07-29 02:30:00+00:00,0.0,KOAJ
2026-07-29 02:35:00+00:00,0.0,KACZ
2026-07-29 02:36:00+00:00,0.0,KFBG
2026-07-29 02:37:00+00:00,0.0,KFBG
2026-07-29 02:38:00+00:00,0.0,KFBG
2026-07-29 02:39:00+00:00,0.0,KFBG
2026-07-29 02:40:00+00:00,0.0,KOAJ
2026-07-29 02:41:00+00:00,0.0,KFBG
2026-07-29 02:43:00+00:00,0.0,KFBG
2026-07-29 02:45:00+00:00,0.0,KOAJ
2026-07-29 02:47:00+00:00,0.0,KFBG
2026-07-29 02:48:00+00:00,0.0,KFBG
2026-07-29 02:49:00+00:00,0.0,KFBG
2026-07-29 02:50:00+00:00,0.0,KOAJ
2026-07-29 02:51:00+00:00,0.0,KFBG
2026-07-29 02:55:00+00:00,0.0,KACZ
2026-07-29 02:56:00+00:00,0.0,KOAJ
2026-07-29 03:00:00+00:00,0.0,KOAJ
2026-07-29 03:01:00+00:00,0.0,KFBG
2026-07-29 03:05:00+00:00,0.0,KOAJ
2026-07-29 03:08:00+00:00,0.0,KFBG
2026-07-29 03:10:00+00:00,0.0,KOAJ
2026-07-29 03:11:00+00:00,0.0,KFBG
2026-07-29 03:15:00+00:00,0.0,KACZ
2026-07-29 03:20:00+00:00,0.0,KOAJ
2026-07-29 03:25:00+00:00,0.0,KOAJ
2026-07-29 03:30:00+00:00,0.0,KOAJ
2026-07-29 03:35:00+00:00,0.1496062992125984,KACZ
2026-07-29 03:37:00+00:00,0.0,KFBG
2026-07-29 03:40:00+00:00,0.0,KOAJ
2026-07-29 03:45:00+00:00,0.0,KOAJ
2026-07-29 03:50:00+00:00,0.0,KOAJ
2026-07-29 03:55:00+00:00,0.0,KOAJ
2026-07-29 03:56:00+00:00,0.0,KOAJ
2026-07-29 04:00:00+00:00,0.0,KOAJ
2026-07-29 04:05:00+00:00,0.0,KOAJ
2026-07-29 04:10:00+00:00,0.0,KOAJ
2026-07-29 04:15:00+00:00,0.0,KACZ
2026-07-29 04:20:00+00:00,0.0,KOAJ
2026-07-29 04:23:00+00:00,0.0,KOAJ
2026-07-29 04:25:00+00:00,0.0,KOAJ
2026-07-29 04:30:00+00:00,0.0,KOAJ
2026-07-29 04:35:00+00:00,0.3307086614173228,KACZ
2026-07-29 04:38:00+00:00,0.3385826771653543,KOAJ
2026-07-29 04:40:00+00:00,0.0,KOAJ
2026-07-29 04:45:00+00:00,0.0,KOAJ
2026-07-29 04:48:00+00:00,0.3385826771653543,KOAJ
2026-07-29 04:50:00+00:00,0.0,KOAJ
2026-07-29 04:55:00+00:00,0.0,KOAJ
2026-07-29 04:56:00+00:00,0.3385826771653543,KOAJ
2026-07-29 05:00:00+00:00,0.0,KOAJ
2026-07-29 05:05:00+00:00,0.0,KOAJ
2026-07-29 05:10:00+00:00,0.0,KOAJ
2026-07-29 05:15:00+00:00,0.0,KACZ
2026-07-29 05:17:00+00:00,0.0,KOAJ
2026-07-29 05:20:00+00:00,0.0,KOAJ
2026-07-29 05:25:00+00:00,0.0,KOAJ
2026-07-29 05:30:00+00:00,0.0,KOAJ
2026-07-29 05:35:00+00:00,0.0,KACZ
2026-07-29 05:40:00+00:00,0.0,KOAJ
2026-07-29 05:45:00+00:00,0.0,KOAJ
2026-07-29 05:50:00+00:00,0.0,KOAJ
2026-07-29 05:55:00+00:00,0.0,KOAJ
2026-07-29 05:56:00+00:00,0.0,KOAJ
2026-07-29 06:00:00+00:00,0.0,KOAJ
2026-07-29 06:05:00+00:00,0.0,KOAJ
2026-07-29 06:10:00+00:00,0.0,KOAJ
2026-07-29 06:14:00+00:00,0.0196850393700787,KOAJ
2026-07-29 06:15:00+00:00,0.0118110236220472,KACZ
2026-07-29 06:20:00+00:00,0.0,KOAJ
2026-07-29 06:25:00+00:00,0.0,KOAJ
2026-07-29 06:30:00+00:00,0.0,KOAJ
2026-07-29 06:35:00+00:00,0.0118110236220472,KACZ
2026-07-29 06:40:00+00:00,0.0,KOAJ
2026-07-29 06:45:00+00:00,0.0,KOAJ
2026-07-29 06:50:00+00:00,0.0,KOAJ
2026-07-29 06:55:00+00:00,0.0,KOAJ
2026-07-29 06:56:00+00:00,0.3110236220472441,KOAJ
2026-07-29 07:00:00+00:00,0.0,KOAJ
2026-07-29 07:05:00+00:00,0.0,KOAJ
2026-07-29 07:07:00+00:00,0.0,KOAJ
2026-07-29 07:10:00+00:00,0.0,KOAJ
2026-07-29 07:15:00+00:00,0.0,KACZ
2026-07-29 07:20:00+00:00,0.0,KOAJ
2026-07-29 07:25:00+00:00,0.0,KOAJ
2026-07-29 07:30:00+00:00,0.0,KOAJ
2026-07-29 07:35:00+00:00,0.0,KACZ
2026-07-29 07:40:00+00:00,0.0,KOAJ
2026-07-29 07:45:00+00:00,0.0,KOAJ
2026-07-29 07:50:00+00:00,0.0,KOAJ
2026-07-29 07:55:00+00:00,0.0,KOAJ
2026-07-29 07:56:00+00:00,0.0,KOAJ
2026-07-29 08:00:00+00:00,0.0,KOAJ
2026-07-29 08:05:00+00:00,0.0,KOAJ
2026-07-29 08:10:00+00:00,0.0,KOAJ
2026-07-29 08:15:00+00:00,0.0,KACZ
2026-07-29 08:20:00+00:00,0.0,KOAJ
2026-07-29 08:25:00+00:00,0.0,KOAJ
2026-07-29 08:30:00+00:00,0.0,KOAJ
2026-07-29 08:35:00+00:00,0.0,KACZ
2026-07-29 08:40:00+00:00,0.0,KOAJ
2026-07-29 08:45:00+00:00,0.0,KOAJ
2026-07-29 08:50:00+00:00,0.0,KOAJ
2026-07-29 08:55:00+00:00,0.0,KOAJ
2026-07-29 08:56:00+00:00,0.0,KOAJ
2026-07-29 09:00:00+00:00,0.0,KOAJ
2026-07-29 09:05:00+00:00,0.0,KOAJ
2026-07-29 09:10:00+00:00,0.0,KOAJ
2026-07-29 09:15:00+00:00,0.0,KACZ
2026-07-29 09:20:00+00:00,0.0,KOAJ
2026-07-29 09:25:00+00:00,0.0,KOAJ
2026-07-29 09:30:00+00:00,0.0,KOAJ
2026-07-29 09:35:00+00:00,0.0,KACZ
2026-07-29 09:40:00+00:00,0.0,KOAJ
2026-07-29 09:45:00+00:00,0.0,KOAJ
2026-07-29 09:50:00+00:00,0.0,KOAJ
2026-07-29 09:55:00+00:00,0.0,KOAJ
2026-07-29 09:56:00+00:00,0.0,KOAJ
2026-07-29 10:00:00+00:00,0.0,KOAJ
2026-07-29 10:05:00+00:00,0.0,KOAJ
2026-07-29 10:10:00+00:00,0.0,KOAJ
2026-07-29 10:15:00+00:00,0.0,KACZ
2026-07-29 10:20:00+00:00,0.0,KOAJ
2026-07-29 10:25:00+00:00,0.0,KOAJ
2026-07-29 10:30:00+00:00,0.0,KOAJ
2026-07-29 10:35:00+00:00,0.0,KACZ
2026-07-29 10:40:00+00:00,0.0,KOAJ
2026-07-29 10:45:00+00:00,0.0,KOAJ
2026-07-29 10:50:00+00:00,0.0,KOAJ
2026-07-29 10:55:00+00:00,0.0,KACZ
2026-07-29 10:56:00+00:00,0.0,KOAJ
2026-07-29 11:00:00+00:00,0.0,KOAJ
2026-07-29 11:05:00+00:00,0.0,KOAJ
2026-07-29 11:10:00+00:00,0.0,KOAJ
2026-07-29 11:15:00+00:00,0.0,KACZ
2026-07-29 11:20:00+00:00,0.0,KOAJ
2026-07-29 11:23:00+00:00,0.0,KFBG
2026-07-29 11:25:00+00:00,0.0,KOAJ
2026-07-29 11:30:00+00:00,0.0,KOAJ
2026-07-29 11:35:00+00:00,0.0,KACZ
2026-07-29 11:40:00+00:00,0.0,KOAJ
2026-07-29 11:45:00+00:00,0.0,KOAJ
2026-07-29 11:50:00+00:00,0.0,KOAJ
2026-07-29 11:55:00+00:00,0.0,KOAJ
2026-07-29 11:56:00+00:00,0.0,KOAJ
2026-07-29 12:00:00+00:00,0.0,KOAJ
2026-07-29 12:05:00+00:00,0.0,KOAJ
2026-07-29 12:10:00+00:00,0.0,KOAJ
2026-07-29 12:15:00+00:00,0.0,KACZ
2026-07-29 12:19:00+00:00,0.0,KFBG
2026-07-29 12:20:00+00:00,0.0,KOAJ
2026-07-29 12:25:00+00:00,0.0,KOAJ
2026-07-29 12:30:00+00:00,0.0,KOAJ
2026-07-29 12:35:00+00:00,0.0,KACZ
2026-07-29 12:40:00+00:00,0.0,KOAJ
2026-07-29 12:45:00+00:00,0.0,KOAJ
2026-07-29 12:50:00+00:00,0.0,KOAJ
2026-07-29 12:55:00+00:00,0.0,KACZ
2026-07-29 12:56:00+00:00,0.0,KOAJ
2026-07-29 13:00:00+00:00,0.0,KOAJ
2026-07-29 13:05:00+00:00,0.0,KOAJ
2026-07-29 13:10:00+00:00,0.0,KOAJ
2026-07-29 13:15:00+00:00,0.0,KACZ
2026-07-29 13:20:00+00:00,0.0,KOAJ
2026-07-29 13:25:00+00:00,0.0,KOAJ
2026-07-29 13:30:00+00:00,0.0,KOAJ
2026-07-29 13:35:00+00:00,0.0,KACZ
2026-07-29 13:40:00+00:00,0.0,KOAJ
2026-07-29 13:42:00+00:00,0.0,KFBG
2026-07-29 13:45:00+00:00,0.0,KOAJ
2026-07-29 13:50:00+00:00,0.0,KOAJ
2026-07-29 13:55:00+00:00,0.0,KOAJ
2026-07-29 13:56:00+00:00,0.0,KOAJ
2026-07-29 14:00:00+00:00,0.0,KOAJ
2026-07-29 14:05:00+00:00,0.0,KOAJ
2026-07-29 14:10:00+00:00,0.0,KOAJ
2026-07-29 14:15:00+00:00,0.0,KACZ
2026-07-29 14:20:00+00:00,0.0,KOAJ
2026-07-29 14:25:00+00:00,0.0,KOAJ
2026-07-29 14:30:00+00:00,0.0,KOAJ
2026-07-29 14:35:00+00:00,0.0,KACZ
2026-07-29 14:40:00+00:00,0.0,KOAJ
2026-07-29 14:45:00+00:00,0.0,KOAJ
2026-07-29 14:50:00+00:00,0.0,KOAJ
2026-07-29 14:55:00+00:00,0.0,KOAJ
2026-07-29 14:56:00+00:00,0.0,KOAJ
2026-07-29 15:00:00+00:00,0.0,KOAJ
2026-07-29 15:05:00+00:00,0.0,KOAJ
2026-07-29 15:10:00+00:00,0.0,KOAJ
2026-07-29 15:15:00+00:00,0.0,KACZ
2026-07-29 15:20:00+00:00,0.0,KOAJ
2026-07-29 15:25:00+00:00,0.0,KOAJ
2026-07-29 15:30:00+00:00,0.0,KOAJ
2026-07-29 15:35:00+00:00,0.0,KACZ
2026-07-29 15:40:00+00:00,0.0,KOAJ
2026-07-29 15:45:00+00:00,0.0,KOAJ
2026-07-29 15:50:00+00:00,0.0,KOAJ
2026-07-29 15:55:00+00:00,0.0,KACZ
2026-07-29 15:56:00+00:00,0.0,KOAJ
2026-07-29 16:00:00+00:00,0.0,KOAJ
2026-07-29 16:05:00+00:00,0.0,KOAJ
2026-07-29 16:10:00+00:00,0.0,KOAJ
2026-07-29 16:15:00+00:00,0.0,KACZ
2026-07-29 16:20:00+00:00,0.0,KOAJ
2026-07-29 16:25:00+00:00,0.0,KOAJ
2026-07-29 16:30:00+00:00,0.0,KOAJ
2026-07-29 16:35:00+00:00,0.0,KACZ
2026-07-29 16:40:00+00:00,0.0,KOAJ
2026-07-29 16:45:00+00:00,0.0,KOAJ
2026-07-29 16:50:00+00:00,0.0,KOAJ
2026-07-29 16:55:00+00:00,0.0,KOAJ
2026-07-29 16:56:00+00:00,0.0,KOAJ
2026-07-29 17:00:00+00:00,0.0,KOAJ
2026-07-29 17:05:00+00:00,0.0,KOAJ
2026-07-29 17:10:00+00:00,0.0,KOAJ
2026-07-29 17:15:00+00:00,0.0,KOAJ
2026-07-29 17:20:00+00:00,0.0,KOAJ
2026-07-29 17:25:00+00:00,0.0,KOAJ
2026-07-29 17:30:00+00:00,0.0,KOAJ
2026-07-29 17:35:00+00:00,0.0,KACZ
2026-07-29 17:40:00+00:00,0.0,KOAJ
2026-07-29 17:45:00+00:00,0.0,KOAJ
2026-07-29 17:50:00+00:00,0.0,KOAJ
2026-07-29 17:55:00+00:00,0.0,KACZ
2026-07-29 17:56:00+00:00,0.0,KOAJ
2026-07-29 18:00:00+00:00,0.0,KOAJ
2026-07-29 18:05:00+00:00,0.0,KOAJ
2026-07-29 18:10:00+00:00,0.0,KOAJ
2026-07-29 18:15:00+00:00,0.0,KACZ
2026-07-29 18:20:00+00:00,0.0,KOAJ
2026-07-29 18:25:00+00:00,0.0,KOAJ
2026-07-29 18:30:00+00:00,0.0,KOAJ
2026-07-29 18:35:00+00:00,0.0,KACZ
2026-07-29 18:40:00+00:00,0.0,KOAJ
2026-07-29 18:45:00+00:00,0.0,KOAJ
2026-07-29 18:50:00+00:00,0.0,KOAJ
2026-07-29 18:55:00+00:00,0.0,KOAJ
2026-07-29 18:56:00+00:00,0.0,KOAJ
2026-07-29 19:00:00+00:00,0.0,KOAJ
2026-07-29 19:05:00+00:00,0.0,KOAJ
2026-07-29 19:10:00+00:00,0.0,KOAJ
2026-07-29 19:15:00+00:00,0.0,KACZ
2026-07-29 19:20:00+00:00,0.0,KOAJ
2026-07-29 19:25:00+00:00,0.0,KOAJ
2026-07-29 19:30:00+00:00,0.0,KOAJ
2026-07-29 19:35:00+00:00,0.0,KACZ
2026-07-29 19:40:00+00:00,0.0,KOAJ
2026-07-29 19:45:00+00:00,0.0,KOAJ
2026-07-29 19:50:00+00:00,0.0,KOAJ
2026-07-29 19:55:00+00:00,0.0,KOAJ
2026-07-29 19:56:00+00:00,0.0,KOAJ
2026-07-29 20:00:00+00:00,0.0,KOAJ
2026-07-29 20:05:00+00:00,0.0,KOAJ
2026-07-29 20:10:00+00:00,0.0,KOAJ
2026-07-29 20:15:00+00:00,0.0,KACZ
2026-07-29 20:20:00+00:00,0.0,KOAJ
2026-07-29 20:25:00+00:00,0.0,KOAJ
2026-07-29 20:30:00+00:00,0.0,KOAJ
2026-07-29 20:35:00+00:00,0.0,KACZ
2026-07-29 20:40:00+00:00,0.0,KOAJ
2026-07-29 20:45:00+00:00,0.0,KOAJ
2026-07-29 20:50:00+00:00,0.0,KOAJ
2026-07-29 20:55:00+00:00,0.0,KOAJ
2026-07-29 20:56:00+00:00,0.0,KOAJ
2026-07-29 21:00:00+00:00,0.0,KOAJ
2026-07-29 21:05:00+00:00,0.0,KOAJ
2026-07-29 21:10:00+00:00,0.0,KOAJ
2026-07-29 21:15:00+00:00,0.0,KACZ
2026-07-29 21:20:00+00:00,0.0,KOAJ
2026-07-29 21:25:00+00:00,0.0,KOAJ
2026-07-29 21:30:00+00:00,0.0,KOAJ
2026-07-29 21:35:00+00:00,0.0,KACZ
2026-07-29 21:40:00+00:00,0.0,KOAJ
2026-07-29 21:45:00+00:00,0.0,KOAJ
2026-07-29 21:50:00+00:00,0.0,KOAJ
2026-07-29 21:55:00+00:00,0.0,KACZ
2026-07-29 21:56:00+00:00,0.0,KOAJ
2026-07-29 22:00:00+00:00,0.0,KOAJ
2026-07-29 22:05:00+00:00,0.0,KOAJ
2026-07-29 22:10:00+00:00,0.0,KOAJ
2026-07-29 22:15:00+00:00,0.0,KACZ
2026-07-29 22:20:00+00:00,0.0,KOAJ
2026-07-29 22:25:00+00:00,0.0,KOAJ
2026-07-29 22:30:00+00:00,0.0,KOAJ
2026-07-29 22:35:00+00:00,0.0,KACZ
2026-07-29 22:40:00+00:00,0.0,KOAJ
2026-07-29 22:45:00+00:00,0.0,KOAJ
2026-07-29 22:50:00+00:00,0.0,KOAJ
2026-07-29 22:55:00+00:00,0.0,KOAJ
2026-07-29 22:56:00+00:00,0.0,KOAJ
2026-07-29 23:00:00+00:00,0.0,KOAJ
2026-07-29 23:05:00+00:00,0.0,KOAJ
2026-07-29 23:10:00+00:00,0.0,KOAJ
2026-07-29 23:15:00+00:00,0.0,KACZ
2026-07-29 23:20:00+00:00,0.0,KOAJ
2026-07-29 23:25:00+00:00,0.0,KOAJ
2026-07-29 23:30:00+00:00,0.0,KOAJ
2026-07-29 23:33:00+00:00,0.0,KFBG
2026-07-29 23:35:00+00:00,0.0,KACZ
2026-07-29 23:40:00+00:00,0.0,KOAJ
2026-07-29 23:45:00+00:00,0.0,KOAJ
2026-07-29 23:50:00+00:00,0.0,KOAJ
2026-07-29 23:55:00+00:00,0.0,KOAJ
2026-07-29 23:56:00+00:00,0.0,KOAJ
2026-07-30 00:00:00+00:00,0.0,KOAJ
2026-07-30 00:05:00+00:00,0.0,KOAJ
2026-07-30 00:10:00+00:00,0.0,KOAJ
2026-07-30 00:15:00+00:00,0.0,KACZ
2026-07-30 00:18:00+00:00,0.0,KFBG
2026-07-30 00:20:00+00:00,0.0,KOAJ
2026-07-30 00:25:00+00:00,0.0,KOAJ
2026-07-30 00:30:00+00:00,0.0,KOAJ
2026-07-30 00:35:00+00:00,0.0,KACZ
2026-07-30 00:40:00+00:00,0.0,KOAJ
2026-07-30 00:45:00+00:00,0.0,KOAJ
2026-07-30 00:50:00+00:00,0.0,KOAJ
2026-07-30 00:52:00+00:00,0.0,KMEB
2026-07-30 00:55:00+00:00,0.0,KOAJ
2026-07-30 00:56:00+00:00,0.0,KOAJ
2026-07-30 01:00:00+00:00,0.0,KOAJ
2026-07-30 01:05:00+00:00,0.0,KOAJ
2026-07-30 01:10:00+00:00,0.0,KOAJ
2026-07-30 01:15:00+00:00,0.0,KACZ
2026-07-30 01:20:00+00:00,0.0,KOAJ
2026-07-30 01:25:00+00:00,0.0,KOAJ
2026-07-30 01:30:00+00:00,0.0,KACZ
2026-07-30 01:35:00+00:00,0.0,KOAJ
2026-07-30 01:40:00+00:00,0.0,KOAJ
2026-07-30 01:45:00+00:00,0.0,KOAJ
2026-07-30 01:50:00+00:00,0.0,KOAJ
2026-07-30 01:52:00+00:00,0.0,KMEB
2026-07-30 01:55:00+00:00,0.0,KOAJ
2026-07-30 01:56:00+00:00,0.0,KOAJ
2026-07-30 02:00:00+00:00,0.0,KOAJ
2026-07-30 02:05:00+00:00,0.0,KOAJ
2026-07-30 02:10:00+00:00,0.0,KOAJ
2026-07-30 02:15:00+00:00,0.0,KOAJ
2026-07-30 02:20:00+00:00,0.0,KOAJ
2026-07-30 02:22:00+00:00,0.0,KFBG
2026-07-30 02:25:00+00:00,0.0,KOAJ
2026-07-30 02:30:00+00:00,0.0,KOAJ
2026-07-30 02:35:00+00:00,0.0,KOAJ
2026-07-30 02:40:00+00:00,0.0,KOAJ
2026-07-30 02:45:00+00:00,0.0,KOAJ
2026-07-30 02:50:00+00:00,0.0,KOAJ
2026-07-30 02:52:00+00:00,0.0,KMEB
2026-07-30 02:55:00+00:00,0.0,KOAJ
2026-07-30 02:56:00+00:00,0.0,KOAJ
2026-07-30 03:00:00+00:00,0.0,KOAJ
2026-07-30 03:05:00+00:00,0.0,KOAJ
2026-07-30 03:10:00+00:00,0.0,KOAJ
2026-07-30 03:15:00+00:00,0.0,KOAJ
2026-07-30 03:20:00+00:00,0.0,KOAJ
2026-07-30 03:25:00+00:00,0.0,KOAJ
2026-07-30 03:30:00+00:00,0.0,KOAJ
2026-07-30 03:35:00+00:00,0.0,KOAJ
2026-07-30 03:40:00+00:00,0.0,KOAJ
2026-07-30 03:45:00+00:00,0.0,KOAJ
2026-07-30 03:50:00+00:00,0.0,KOAJ
2026-07-30 03:52:00+00:00,0.0,KMEB
2026-07-30 03:55:00+00:00,0.0,KOAJ
2026-07-30 03:56:00+00:00,0.0,KOAJ
2026-07-30 04:00:00+00:00,0.0,KOAJ
2026-07-30 04:05:00+00:00,0.0,KOAJ
2026-07-30 04:10:00+00:00,0.0,KOAJ
2026-07-30 04:15:00+00:00,0.0,KOAJ
2026-07-30 04:20:00+00:00,0.0,KOAJ
2026-07-30 04:25:00+00:00,0.0,KOAJ
2026-07-30 04:30:00+00:00,0.0,KOAJ
2026-07-30 04:35:00+00:00,0.0,KOAJ
2026-07-30 04:40:00+00:00,0.0,KOAJ
2026-07-30 04:45:00+00:00,0.0,KOAJ
2026-07-30 04:50:00+00:00,0.0,KOAJ
2026-07-30 04:52:00+00:00,0.0,KMEB
2026-07-30 04:55:00+00:00,0.0,KOAJ
2026-07-30 04:56:00+00:00,0.0,KOAJ
2026-07-30 05:00:00+00:00,0.0,KOAJ
2026-07-30 05:05:00+00:00,0.0,KOAJ
2026-07-30 05:10:00+00:00,0.0,KOAJ
2026-07-30 05:15:00+00:00,0.0,KOAJ
2026-07-30 05:20:00+00:00,0.0,KOAJ
2026-07-30 05:25:00+00:00,0.0,KOAJ
2026-07-30 05:30:00+00:00,0.0,KOAJ
2026-07-30 05:35:00+00:00,0.0,KOAJ
2026-07-30 05:40:00+00:00,0.0,KOAJ
2026-07-30 05:45:00+00:00,0.0,KOAJ
2026-07-30 05:50:00+00:00,0.0,KOAJ
2026-07-30 05:52:00+00:00,0.0,KMEB
2026-07-30 05:55:00+00:00,0.0,KOAJ
2026-07-30 05:56:00+00:00,0.0,KOAJ
2026-07-30 06:00:00+00:00,0.0,KOAJ
2026-07-30 06:05:00+00:00,0.0,KOAJ
2026-07-30 06:10:00+00:00,0.0,KOAJ
2026-07-30 06:15:00+00:00,0.0,KOAJ
2026-07-30 06:20:00+00:00,0.0,KOAJ
2026-07-30 06:25:00+00:00,0.0,KOAJ
2026-07-30 06:30:00+00:00,0.0,KOAJ
2026-07-30 06:35:00+00:00,0.0,KOAJ
2026-07-30 06:40:00+00:00,0.0,KOAJ
2026-07-30 06:45:00+00:00,0.0,KOAJ
2026-07-30 06:50:00+00:00,0.0,KOAJ
2026-07-30 06:52:00+00:00,0.0,KMEB
2026-07-30 06:55:00+00:00,0.0,KOAJ
2026-07-30 06:56:00+00:00,0.0,KOAJ
2026-07-30 07:00:00+00:00,0.0,KOAJ
2026-07-30 07:05:00+00:00,0.0,KOAJ
2026-07-30 07:10:00+00:00,0.0,KOAJ
2026-07-30 07:15:00+00:00,0.0,KOAJ
2026-07-30 07:20:00+00:00,0.0,KOAJ
2026-07-30 07:25:00+00:00,0.0,KOAJ
2026-07-30 07:30:00+00:00,0.0,KOAJ
2026-07-30 07:35:00+00:00,0.0,KOAJ
2026-07-30 07:40:00+00:00,0.0,KOAJ
2026-07-30 07:45:00+00:00,0.0,KOAJ
2026-07-30 07:50:00+00:00,0.0,KOAJ
2026-07-30 07:52:00+00:00,0.0,KMEB
2026-07-30 07:55:00+00:00,0.0,KOAJ
2026-07-30 07:56:00+00:00,0.0,KOAJ
2026-07-30 08:00:00+00:00,0.0,KOAJ
2026-07-30 08:05:00+00:00,0.0,KOAJ
2026-07-30 08:10:00+00:00,0.0,KOAJ
2026-07-30 08:15:00+00:00,0.0,KOAJ
2026-07-30 08:20:00+00:00,0.0,KOAJ
2026-07-30 08:25:00+00:00,0.0,KOAJ
2026-07-30 08:30:00+00:00,0.0,KOAJ
2026-07-30 08:35:00+00:00,0.0,KOAJ
2026-07-30 08:40:00+00:00,0.0,KOAJ
2026-07-30 08:45:00+00:00,0.0,KOAJ
2026-07-30 08:50:00+00:00,0.0,KOAJ
2026-07-30 08:52:00+00:00,0.0,KMEB
2026-07-30 08:55:00+00:00,0.0,KOAJ
2026-07-30 08:56:00+00:00,0.0,KOAJ
2026-07-30 09:00:00+00:00,0.0,KOAJ
2026-07-30 09:05:00+00:00,0.0,KOAJ
2026-07-30 09:10:00+00:00,0.0,KOAJ
2026-07-30 09:15:00+00:00,0.0,KOAJ
2026-07-30 09:20:00+00:00,0.0,KMEB
2026-07-30 09:25:00+00:00,0.0,KMEB
2026-07-30 09:30:00+00:00,0.0,KMEB
2026-07-30 09:35:00+00:00,0.0,KMQI
2026-07-30 09:40:00+00:00,0.0,KMEB
2026-07-30 09:45:00+00:00,0.0,KMEB
2026-07-30 09:50:00+00:00,0.0,KMEB
2026-07-30 09:52:00+00:00,0.0,KMEB
2026-07-30 09:55:00+00:00,0.0,KFBG
2026-07-30 10:00:00+00:00,0.0,KMEB
2026-07-30 10:05:00+00:00,0.0,KMEB
2026-07-30 10:10:00+00:00,0.0,KMEB
2026-07-30 10:15:00+00:00,0.0,KMQI
2026-07-30 10:20:00+00:00,0.0,KMEB
2026-07-30 10:23:00+00:00,0.0,KFBG
2026-07-30 10:25:00+00:00,0.0,KMEB
2026-07-30 10:30:00+00:00,0.0,KMEB
2026-07-30 10:35:00+00:00,0.0,KMQI
2026-07-30 10:40:00+00:00,0.0,KMEB
2026-07-30 10:45:00+00:00,0.0,KMEB
2026-07-30 10:50:00+00:00,0.0,KMEB
2026-07-30 10:52:00+00:00,0.0,KMEB
2026-07-30 10:55:00+00:00,0.0,KFBG
2026-07-30 11:00:00+00:00,0.0,KMEB
2026-07-30 11:05:00+00:00,0.0,KMEB
2026-07-30 11:10:00+00:00,0.0,KMEB
2026-07-30 11:15:00+00:00,0.0,KMQI
2026-07-30 11:20:00+00:00,0.0,KMEB
2026-07-30 11:25:00+00:00,0.0,KMEB
2026-07-30 11:27:00+00:00,0.0,KFBG
2026-07-30 11:30:00+00:00,0.0,KMEB
2026-07-30 11:35:00+00:00,0.0,KMQI
2026-07-30 11:40:00+00:00,0.0,KMEB
2026-07-30 11:45:00+00:00,0.0,KMEB
2026-07-30 11:50:00+00:00,0.0,KMEB
2026-07-30 11:52:00+00:00,0.0,KMEB
2026-07-30 11:55:00+00:00,0.0,KFBG
2026-07-30 12:00:00+00:00,0.0,KMEB
2026-07-30 12:05:00+00:00,0.0,KMEB
2026-07-30 12:10:00+00:00,0.0,KMEB
2026-07-30 12:15:00+00:00,0.0,KMQI
2026-07-30 12:20:00+00:00,0.0,KMEB
2026-07-30 12:25:00+00:00,0.0,KMEB
2026-07-30 12:30:00+00:00,0.0,KMEB
2026-07-30 12:35:00+00:00,0.0,KMQI
2026-07-30 12:40:00+00:00,0.0,KMEB
2026-07-30 12:45:00+00:00,0.0,KMEB
2026-07-30 12:50:00+00:00,0.0,KMEB
2026-07-30 12:52:00+00:00,0.0,KMEB
2026-07-30 12:55:00+00:00,0.0,KFBG
2026-07-30 13:00:00+00:00,0.0,KMEB
2026-07-30 13:05:00+00:00,0.0,KMEB
2026-07-30 13:10:00+00:00,0.0,KMEB
2026-07-30 13:15:00+00:00,0.0,KMQI
2026-07-30 13:20:00+00:00,0.0,KMEB
2026-07-30 13:25:00+00:00,0.0,KMEB
2026-07-30 13:30:00+00:00,0.0,KMEB
2026-07-30 13:35:00+00:00,0.0118110236220472,KMQI
2026-07-30 13:40:00+00:00,0.0,KMEB
2026-07-30 13:45:00+00:00,0.0,KMEB
2026-07-30 13:50:00+00:00,0.0,KMEB
2026-07-30 13:52:00+00:00,0.0,KMEB
2026-07-30 13:55:00+00:00,0.0393700787401574,KFBG
2026-07-30 14:00:00+00:00,0.0,KMEB
2026-07-30 14:05:00+00:00,0.0,KMEB
2026-07-30 14:10:00+00:00,0.0,KMEB
2026-07-30 14:15:00+00:00,0.0,KMQI
2026-07-30 14:20:00+00:00,0.0,KMEB
2026-07-30 14:25:00+00:00,0.0,KMEB
2026-07-30 14:30:00+00:00,0.0,KMEB
2026-07-30 14:35:00+00:00,0.0,KMQI
2026-07-30 14:40:00+00:00,0.0,KMEB
2026-07-30 14:45:00+00:00,0.0,KMEB
2026-07-30 14:50:00+00:00,0.0,KMEB
2026-07-30 14:52:00+00:00,0.0,KMEB
2026-07-30 14:55:00+00:00,0.0,KFBG
2026-07-30 15:00:00+00:00,0.0,KMEB
2026-07-30 15:05:00+00:00,0.0,KMEB
2026-07-30 15:10:00+00:00,0.0,KMEB
2026-07-30 15:15:00+00:00,0.0,KMQI
2026-07-30 15:20:00+00:00,0.0,KMEB
2026-07-30 15:30:00+00:00,0.0,KMEB
2026-07-30 15:35:00+00:00,0.0,KMQI
2026-07-30 15:45:00+00:00,0.0,KMEB
2026-07-30 15:50:00+00:00,0.0,KMEB
2026-07-30 15:52:00+00:00,0.0,KMEB
2026-07-30 15:55:00+00:00,0.0,KFBG
2026-07-30 16:00:00+00:00,0.0,KMEB
2026-07-30 16:05:00+00:00,0.0,KMEB
2026-07-30 16:10:00+00:00,0.0,KMEB
2026-07-30 16:15:00+00:00,0.0,KMQI
2026-07-30 16:20:00+00:00,0.0,KMEB
2026-07-30 16:25:00+00:00,0.0,KMEB
2026-07-30 16:30:00+00:00,0.0,KMEB
2026-07-30 16:35:00+00:00,0.0,KMQI
2026-07-30 16:40:00+00:00,0.0,KMEB
2026-07-30 16:45:00+00:00,0.0,KMEB
2026-07-30 16:50:00+00:00,0.0,KMEB
2026-07-30 16:52:00+00:00,0.0,KMEB
2026-07-30 16:55:00+00:00,0.0,KFBG
2026-07-30 17:00:00+00:00,0.0,KMEB
2026-07-30 17:05:00+00:00,0.0,KMEB
2026-07-30 17:10:00+00:00,0.0,KMEB
2026-07-30 17:15:00+00:00,0.0,KMQI
2026-07-30 17:20:00+00:00,0.0,KMEB
2026-07-30 17:25:00+00:00,0.0,KMEB
2026-07-30 17:30:00+00:00,0.0,KMEB
2026-07-30 17:35:00+00:00,0.0,KMQI
2026-07-30 17:40:00+00:00,0.0,KMEB
2026-07-30 17:45:00+00:00,0.0,KMEB
2026-07-30 17:50:00+00:00,0.0,KMEB
2026-07-30 17:52:00+00:00,0.0,KMEB
2026-07-30 17:55:00+00:00,0.0,KFBG
2026-07-30 18:00:00+00:00,0.0,KMEB
2026-07-30 18:05:00+00:00,0.0,KMEB
2026-07-30 18:10:00+00:00,0.0,KMEB
2026-07-30 18:15:00+00:00,0.0118110236220472,KMQI
2026-07-30 18:20:00+00:00,0.0,KMEB
2026-07-30 18:25:00+00:00,0.0,KMEB
2026-07-30 18:30:00+00:00,0.0,KMEB
2026-07-30 18:35:00+00:00,0.0118110236220472,KMQI
2026-07-30 18:40:00+00:00,0.0,KMEB
2026-07-30 18:45:00+00:00,0.0,KMEB
2026-07-30 18:50:00+00:00,0.0,KMEB
2026-07-30 18:52:00+00:00,0.0,KMEB
2026-07-30 18:55:00+00:00,0.0,KFBG
2026-07-30 19:00:00+00:00,0.0,KMEB
2026-07-30 19:05:00+00:00,0.0,KMEB
2026-07-30 19:10:00+00:00,0.0,KMEB
2026-07-30 19:15:00+00:00,0.0,KMQI
2026-07-30 19:20:00+00:00,0.0,KMEB
2026-07-30 19:25:00+00:00,0.0,KMEB
2026-07-30 19:30:00+00:00,0.0,KMEB
2026-07-30 19:35:00+00:00,0.0,KMQI
2026-07-30 19:40:00+00:00,0.0,KMEB
2026-07-30 19:45:00+00:00,0.0,KMEB
2026-07-30 19:50:00+00:00,0.0,KMEB
2026-07-30 19:52:00+00:00,0.0,KMEB
2026-07-30 19:55:00+00:00,0.0,KFBG
2026-07-30 20:00:00+00:00,0.0,KMEB
2026-07-30 20:05:00+00:00,0.0,KMEB
2026-07-30 20:10:00+00:00,0.0,KMEB
2026-07-30 20:15:00+00:00,0.0,KMQI
2026-07-30 20:20:00+00:00,0.0,KMEB
2026-07-30 20:25:00+00:00,0.0,KMEB
2026-07-30 20:30:00+00:00,0.0,KMEB
2026-07-30 20:35:00+00:00,0.0,KMQI
2026-07-30 20:40:00+00:00,0.0,KMEB
2026-07-30 20:45:00+00:00,0.0,KMEB
2026-07-30 20:50:00+00:00,0.0,KMEB
2026-07-30 20:52:00+00:00,0.0,KMEB
2026-07-30 20:55:00+00:00,0.0,KFBG
2026-07-30 21:00:00+00:00,0.0,KMEB
2026-07-30 21:05:00+00:00,0.0,KMEB
2026-07-30 21:10:00+00:00,0.0,KMEB
2026-07-30 21:15:00+00:00,0.0,KMQI
2026-07-30 21:20:00+00:00,0.0,KMEB
2026-07-30 21:25:00+00:00,0.0,KMEB
2026-07-30 21:30:00+00:00,0.0,KMEB
2026-07-30 21:35:00+00:00,0.0,KMQI
2026-07-30 21:40:00+00:00,0.0,KMEB
2026-07-30 21:45:00+00:00,0.0,KMEB
2026-07-30 21:50:00+00:00,0.0,KMEB
2026-07-30 21:52:00+00:00,0.0,KMEB
2026-07-30 21:55:00+00:00,0.0,KFBG
2026-07-30 22:00:00+00:00,0.0,KMEB
2026-07-30 22:05:00+00:00,0.0,KMEB
2026-07-30 22:10:00+00:00,0.0,KMEB
2026-07-30 22:15:00+00:00,0.0,KMQI
2026-07-30 22:20:00+00:00,0.0,KMEB
2026-07-30 22:25:00+00:00,0.0,KMEB
2026-07-30 22:30:00+00:00,0.0,KMEB
2026-07-30 22:35:00+00:00,0.0,KMQI
2026-07-30 22:40:00+00:00,0.0,KMEB
2026-07-30 22:45:00+00:00,0.0,KMEB
2026-07-30 22:50:00+00:00,0.0,KMEB
2026-07-30 22:52:00+00:00,0.0,KMEB
2026-07-30 22:55:00+00:00,0.0,KFBG
2026-07-30 23:00:00+00:00,0.0,KMEB
2026-07-30 23:05:00+00:00,0.0,KMEB
2026-07-30 23:10:00+00:00,0.0,KMEB
2026-07-30 23:15:00+00:00,0.0,KMQI
2026-07-30 23:20:00+00:00,0.0,KMEB
2026-07-30 23:25:00+00:00,0.0,KMEB
2026-07-30 23:30:00+00:00,0.0,KMEB
2026-07-30 23:35:00+00:00,0.0118110236220472,KMQI
2026-07-30 23:40:00+00:00,0.0,KMEB
2026-07-30 23:45:00+00:00,0.0,KMEB
2026-07-30 23:50:00+00:00,0.0,KMEB
2026-07-30 23:52:00+00:00,0.0,KMEB
2026-07-30 23:54:00+00:00,0.0,KFBG
2026-07-30 23:55:00+00:00,0.0,KFBG
2026-07-31 00:00:00+00:00,0.0,KMEB
2026-07-31 00:05:00+00:00,0.0,KMEB
2026-07-31 00:10:00+00:00,0.0,KMEB
2026-07-31 00:15:00+00:00,0.0,KMQI
2026-07-31 00:20:00+00:00,0.0,KMEB
2026-07-31 00:25:00+00:00,0.0,KMEB
2026-07-31 00:30:00+00:00,0.0,KMEB
2026-07-31 00:35:00+00:00,0.0,KMQI
2026-07-31 00:40:00+00:00,0.0,KMEB
2026-07-31 00:45:00+00:00,0.0,KMEB
2026-07-31 00:50:00+00:00,0.0,KMEB
2026-07-31 00:52:00+00:00,0.0,KMEB
2026-07-31 00:55:00+00:00,0.0,KFBG
2026-07-31 01:00:00+00:00,0.0,KMEB
2026-07-31 01:05:00+00:00,0.0,KMEB
2026-07-31 01:10:00+00:00,0.0,KMEB
2026-07-31 01:15:00+00:00,0.0,KMQI
2026-07-31 01:20:00+00:00,0.0,KMEB
2026-07-31 01:23:00+00:00,0.0,KFBG
2026-07-31 01:25:00+00:00,0.0,KMEB
2026-07-31 01:30:00+00:00,0.0,KMEB
2026-07-31 01:35:00+00:00,0.0,KMQI
2026-07-31 01:40:00+00:00,0.0,KMEB
2026-07-31 01:45:00+00:00,0.0,KMEB
2026-07-31 01:50:00+00:00,0.0,KMEB
2026-07-31 01:52:00+00:00,0.0,KMEB
2026-07-31 01:55:00+00:00,0.0,KFBG
2026-07-31 02:00:00+00:00,0.0,KMEB
2026-07-31 02:05:00+00:00,0.0,KMEB
2026-07-31 02:10:00+00:00,0.0,KMEB
2026-07-31 02:15:00+00:00,0.0,KMQI
2026-07-31 02:20:00+00:00,0.0,KMEB
2026-07-31 02:25:00+00:00,0.0,KMEB
2026-07-31 02:27:00+00:00,0.0,KFBG
2026-07-31 02:30:00+00:00,0.0,KMEB
2026-07-31 02:35:00+00:00,0.0,KMQI
2026-07-31 02:40:00+00:00,0.0,KMEB
2026-07-31 02:45:00+00:00,0.0,KMEB
2026-07-31 02:50:00+00:00,0.0,KMEB
2026-07-31 02:52:00+00:00,0.0,KMEB
2026-07-31 02:55:00+00:00,0.0,KFBG
2026-07-31 03:00:00+00:00,0.0,KMEB
2026-07-31 03:05:00+00:00,0.0,KMEB
2026-07-31 03:10:00+00:00,0.0,KMEB
2026-07-31 03:15:00+00:00,0.0,KMQI
2026-07-31 03:20:00+00:00,0.0,KMEB
2026-07-31 03:25:00+00:00,0.0,KMEB
2026-07-31 03:30:00+00:00,0.0,KMEB
2026-07-31 03:35:00+00:00,0.0,KMQI
2026-07-31 03:40:00+00:00,0.0,KMEB
2026-07-31 03:45:00+00:00,0.0,KMEB
2026-07-31 03:50:00+00:00,0.0,KMEB
2026-07-31 03:52:00+00:00,0.0,KFBG
2026-07-31 03:55:00+00:00,0.0,KFBG
2026-07-31 04:00:00+00:00,0.0,KMEB
2026-07-31 04:05:00+00:00,0.0,KMEB
2026-07-31 04:10:00+00:00,0.0,KMEB
2026-07-31 04:15:00+00:00,0.0,KMQI
2026-07-31 04:20:00+00:00,0.0,KMEB
2026-07-31 04:25:00+00:00,0.0,KMEB
2026-07-31 04:30:00+00:00,0.0,KMEB
2026-07-31 04:35:00+00:00,0.0118110236220472,KMQI
2026-07-31 04:40:00+00:00,0.0,KMEB
2026-07-31 04:45:00+00:00,0.0,KMEB
2026-07-31 04:50:00+00:00,0.0,KMEB
2026-07-31 04:52:00+00:00,0.0,KMEB
2026-07-31 04:55:00+00:00,0.0,KFBG
2026-07-31 05:00:00+00:00,0.0,KMEB
2026-07-31 05:05:00+00:00,0.0,KMEB
2026-07-31 05:10:00+00:00,0.0,KMEB
2026-07-31 05:15:00+00:00,0.0,KMQI
2026-07-31 05:20:00+00:00,0.0,KMEB
2026-07-31 05:25:00+00:00,0.0,KMEB
2026-07-31 05:30:00+00:00,0.0,KMEB
2026-07-31 05:35:00+00:00,0.0,KMQI
2026-07-31 05:40:00+00:00,0.0,KMEB
2026-07-31 05:45:00+00:00,0.0,KMEB
2026-07-31 05:50:00+00:00,0.0,KMEB
2026-07-31 05:52:00+00:00,0.0,KMEB
2026-07-31 05:55:00+00:00,0.0,KFBG
2026-07-31 06:00:00+00:00,0.0,KMEB
2026-07-31 06:05:00+00:00,0.0,KMEB
2026-07-31 06:10:00+00:00,0.0,KMEB
2026-07-31 06:15:00+00:00,0.0,KMQI
2026-07-31 06:20:00+00:00,0.0,KMEB
2026-07-31 06:25:00+00:00,0.0,KMEB
2026-07-31 06:30:00+00:00,0.0,KMEB
2026-07-31 06:35:00+00:00,0.0,KMQI
2026-07-31 06:40:00+00:00,0.0,KMEB
2026-07-31 06:45:00+00:00,0.0,KMEB
2026-07-31 06:50:00+00:00,0.0,KMEB
2026-07-31 06:52:00+00:00,0.0,KMEB
2026-07-31 06:55:00+00:00,0.0,KFBG
2026-07-31 07:00:00+00:00,0.0,KMEB
2026-07-31 07:05:00+00:00,0.0,KMEB
2026-07-31 07:10:00+00:00,0.0,KMEB
2026-07-31 07:15:00+00:00,0.0,KMQI
2026-07-31 07:20:00+00:00,0.0,KMEB
2026-07-31 07:25:00+00:00,0.0,KMEB
2026-07-31 07:30:00+00:00,0.0,KMEB
2026-07-31 07:35:00+00:00,0.0,KMQI
2026-07-31 07:40:00+00:00,0.0,KMEB
2026-07-31 07:45:00+00:00,0.0,KMEB
2026-07-31 07:50:00+00:00,0.0,KMEB
2026-07-31 07:52:00+00:00,0.0,KMEB
2026-07-31 07:55:00+00:00,0.0,KFBG
2026-07-31 08:00:00+00:00,0.0,KMEB
2026-07-31 08:05:00+00:00,0.0,KMEB
2026-07-31 08:10:00+00:00,0.0,KMEB
2026-07-31 08:15:00+00:00,0.0,KMQI
2026-07-31 08:20:00+00:00,0.0,KMEB
2026-07-31 08:25:00+00:00,0.0,KMEB
2026-07-31 08:30:00+00:00,0.0,KMEB
2026-07-31 08:35:00+00:00,0.0,KMQI
2026-07-31 08:40:00+00:00,0.0,KMEB
2026-07-31 08:45:00+00:00,0.0,KMEB
2026-07-31 08:50:00+00:00,0.0,KMEB
2026-07-31 08:52:00+00:00,0.0,KMEB
2026-07-31 08:55:00+00:00,0.0,KFBG
2026-07-31 09:00:00+00:00,0.0,KMEB
2026-07-31 09:05:00+00:00,0.0,KMEB
2026-07-31 09:10:00+00:00,0.0,KMEB
2026-07-31 09:15:00+00:00,0.0,KMQI
2026-07-31 09:20:00+00:00,0.0,KMEB
2026-07-31 09:25:00+00:00,0.0,KMEB
2026-07-31 09:30:00+00:00,0.0,KMEB
2026-07-31 09:35:00+00:00,0.0,KMQI
2026-07-31 09:40:00+00:00,0.0,KMEB
2026-07-31 09:45:00+00:00,0.0,KMEB
2026-07-31 09:50:00+00:00,0.0,KMEB
2026-07-31 09:52:00+00:00,0.0,KMEB
2026-07-31 09:55:00+00:00,0.0,KFBG
2026-07-31 10:00:00+00:00,0.0,KMEB
2026-07-31 10:05:00+00:00,0.0,KMEB
2026-07-31 10:10:00+00:00,0.0,KMEB
2026-07-31 10:15:00+00:00,0.0,KMQI
2026-07-31 10:20:00+00:00,0.0,KMEB
2026-07-31 10:25:00+00:00,0.0,KMEB
2026-07-31 10:30:00+00:00,0.0,KMEB
2026-07-31 10:35:00+00:00,0.0118110236220472,KMQI
2026-07-31 10:40:00+00:00,0.0,KMEB
2026-07-31 10:45:00+00:00,0.0,KMEB
2026-07-31 10:50:00+00:00,0.0,KMEB
2026-07-31 10:52:00+00:00,0.0,KMEB
2026-07-31 10:55:00+00:00,0.0,KFBG
2026-07-31 11:00:00+00:00,0.0,KMEB
2026-07-31 11:05:00+00:00,0.0,KMEB
2026-07-31 11:10:00+00:00,0.0,KMEB
2026-07-31 11:15:00+00:00,0.0,KMQI
2026-07-31 11:20:00+00:00,0.0,KMEB
2026-07-31 11:25:00+00:00,0.0,KMEB
2026-07-31 11:30:00+00:00,0.0,KMEB
2026-07-31 11:35:00+00:00,0.0,KMQI
2026-07-31 11:40:00+00:00,0.0,KMEB
2026-07-31 11:45:00+00:00,0.0,KMEB
2026-07-31 11:50:00+00:00,0.0,KMEB
2026-07-31 11:52:00+00:00,0.0,KMEB
2026-07-31 11:55:00+00:00,0.0,KFBG
2026-07-31 12:00:00+00:00,0.0,KMEB
2026-07-31 12:05:00+00:00,0.0,KMEB
2026-07-31 12:10:00+00:00,0.0,KMEB
2026-07-31 12:15:00+00:00,0.0,KMQI
2026-07-31 12:20:00+00:00,0.0,KILM
2026-07-31 12:25:00+00:00,0.0,KILM
2026-07-31 12:30:00+00:00,0.0,KILM
2026-07-31 12:35:00+00:00,0.0,KMQI
2026-07-31 12:40:00+00:00,0.0,KILM
2026-07-31 12:45:00+00:00,0.0,KILM
2026-07-31 12:50:00+00:00,0.0,KILM
2026-07-31 12:52:00+00:00,0.0,KMEB
2026-07-31 12:53:00+00:00,0.0,KILM
2026-07-31 12:55:00+00:00,0.0,KFBG
2026-07-31 13:00:00+00:00,0.0,KILM
2026-07-31 13:05:00+00:00,0.0,KILM
2026-07-31 13:10:00+00:00,0.0,KILM
2026-07-31 13:15:00+00:00,0.0,KMQI
2026-07-31 13:20:00+00:00,0.0,KILM
2026-07-31 13:25:00+00:00,0.0,KILM
2026-07-31 13:30:00+00:00,0.0,KILM
2026-07-31 13:35:00+00:00,0.0,KMQI
2026-07-31 13:40:00+00:00,0.0,KILM
2026-07-31 13:45:00+00:00,0.0,KILM
2026-07-31 13:50:00+00:00,0.0,KILM
2026-07-31 13:52:00+00:00,0.0,KMEB
2026-07-31 13:53:00+00:00,0.0,KILM
2026-07-31 13:55:00+00:00,0.0,KFBG
2026-07-31 14:00:00+00:00,0.0,KILM
2026-07-31 14:05:00+00:00,0.0,KILM
2026-07-31 14:10:00+00:00,0.0,KILM
2026-07-31 14:15:00+00:00,0.0,KMQI
2026-07-31 14:20:00+00:00,0.0,KILM
2026-07-31 14:25:00+00:00,0.0,KILM
2026-07-31 14:30:00+00:00,0.0,KILM
2026-07-31 14:35:00+00:00,0.0,KMQI
2026-07-31 14:40:00+00:00,0.0,KILM
2026-07-31 14:45:00+00:00,0.0,KILM
2026-07-31 14:50:00+00:00,0.0,KILM
2026-07-31 14:52:00+00:00,0.0,KMEB
2026-07-31 14:53:00+00:00,0.0,KILM
2026-07-31 14:55:00+00:00,0.0,KFBG
2026-07-31 15:00:00+00:00,0.0,KILM
2026-07-31 15:05:00+00:00,0.0,KILM
2026-07-31 15:10:00+00:00,0.0,KILM
2026-07-31 15:15:00+00:00,0.0,KMQI
2026-07-31 15:20:00+00:00,0.0,KILM
2026-07-31 15:25:00+00:00,0.0,KILM
2026-07-31 15:30:00+00:00,0.0,KILM
2026-07-31 15:35:00+00:00,0.0118110236220472,KMQI
2026-07-31 15:40:00+00:00,0.0,KILM
2026-07-31 15:45:00+00:00,0.0,KILM
2026-07-31 15:50:00+00:00,0.0,KILM
2026-07-31 15:52:00+00:00,0.0,KMEB
2026-07-31 15:53:00+00:00,0.0,KILM
2026-07-31 15:55:00+00:00,0.0,KFBG
2026-07-31 16:00:00+00:00,0.0,KILM
2026-07-31 16:05:00+00:00,0.0,KILM
2026-07-31 16:10:00+00:00,0.0,KILM
2026-07-31 16:15:00+00:00,0.0,KMQI
2026-07-31 16:20:00+00:00,0.0,KILM
2026-07-31 16:25:00+00:00,0.0,KILM
2026-07-31 16:30:00+00:00,0.0,KILM
2026-07-31 16:35:00+00:00,0.0,KILM
2026-07-31 16:40:00+00:00,0.0,KILM
2026-07-31 16:45:00+00:00,0.0,KILM
2026-07-31 16:50:00+00:00,0.0,KILM
2026-07-31 16:55:00+00:00,0.0,KFBG
2026-07-31 17:00:00+00:00,0.0,KILM
2026-07-31 17:05:00+00:00,0.0,KILM
2026-07-31 17:10:00+00:00,0.0,KILM
2026-07-31 17:15:00+00:00,0.0,KMQI
2026-07-31 17:20:00+00:00,0.0,KILM
2026-07-31 17:25:00+00:00,0.0,KILM
2026-07-31 17:30:00+00:00,0.0,KILM
2026-07-31 17:35:00+00:00,0.0,KMQI
2026-07-31 17:40:00+00:00,0.0,KILM
2026-07-31 17:45:00+00:00,0.0,KILM
2026-07-31 17:50:00+00:00,0.0,KFBG
2026-07-31 17:52:00+00:00,0.0,KMEB
2026-07-31 17:53:00+00:00,0.0,KILM
2026-07-31 17:55:00+00:00,0.0,KFBG
2026-07-31 18:00:00+00:00,0.0,KILM
2026-07-31 18:05:00+00:00,0.0,KILM
2026-07-31 18:10:00+00:00,0.0,KILM
2026-07-31 18:15:00+00:00,0.0,KMQI
2026-07-31 18:20:00+00:00,0.0,KILM
2026-07-31 18:25:00+00:00,0.0,KILM
2026-07-31 18:30:00+00:00,0.0,KILM
2026-07-31 18:35:00+00:00,0.0,KMQI
2026-07-31 18:40:00+00:00,0.0,KILM
2026-07-31 18:45:00+00:00,0.0,KILM
2026-07-31 18:50:00+00:00,0.0,KILM
2026-07-31 18:52:00+00:00,0.0,KMEB
2026-07-31 18:53:00+00:00,0.0,KILM
2026-07-31 18:55:00+00:00,0.0,KFBG
2026-07-31 19:00:00+00:00,0.0,KILM
2026-07-31 19:05:00+00:00,0.0,KILM
2026-07-31 19:10:00+00:00,0.0,KILM
2026-07-31 19:15:00+00:00,0.0,KMQI
2026-07-31 19:20:00+00:00,0.0,KILM
2026-07-31 19:25:00+00:00,0.0,KILM
2026-07-31 19:30:00+00:00,0.0,KILM
2026-07-31 19:35:00+00:00,0.0,KMQI
2026-07-31 19:40:00+00:00,0.0,KILM
2026-07-31 19:45:00+00:00,0.0,KILM
2026-07-31 19:50:00+00:00,0.0,KILM
2026-07-31 19:52:00+00:00,0.0,KMEB
2026-07-31 19:53:00+00:00,0.0,KILM
2026-07-31 19:55:00+00:00,0.0,KFBG
2026-07-31 20:00:00+00:00,0.0,KILM
2026-07-31 20:05:00+00:00,0.0,KILM
2026-07-31 20:10:00+00:00,0.0,KILM
2026-07-31 20:15:00+00:00,0.0,KMQI
2026-07-31 20:20:00+00:00,0.0,KILM
2026-07-31 20:25:00+00:00,0.0,KILM
2026-07-31 20:30:00+00:00,0.0,KILM
2026-07-31 20:35:00+00:00,0.0,KMQI
2026-07-31 20:40:00+00:00,0.0,KILM
2026-07-31 20:45:00+00:00,0.0,KILM
2026-07-31 20:50:00+00:00,0.0,KILM
2026-07-31 20:52:00+00:00,0.0,KMEB
2026-07-31 20:53:00+00:00,0.0,KILM
2026-07-31 20:55:00+00:00,0.0,KFBG
2026-07-31 21:00:00+00:00,0.0,KILM
2026-07-31 21:05:00+00:00,0.0,KILM
2026-07-31 21:10:00+00:00,0.0,KILM
2026-07-31 21:15:00+00:00,0.0,KMQI
2026-07-31 21:20:00+00:00,0.0,KILM
2026-07-31 21:25:00+00:00,0.0,KILM
2026-07-31 21:30:00+00:00,0.0,KILM
2026-07-31 21:35:00+00:00,0.0,KMQI
2026-07-31 21:40:00+00:00,0.0,KILM
2026-07-31 21:45:00+00:00,0.0,KILM
2026-07-31 21:50:00+00:00,0.0,KILM
2026-07-31 21:52:00+00:00,0.0,KMEB
2026-07-31 21:53:00+00:00,0.0,KILM
2026-07-31 21:55:00+00:00,0.0,KFBG
2026-07-31 22:00:00+00:00,0.0,KILM
2026-07-31 22:05:00+00:00,0.0,KILM
2026-07-31 22:10:00+00:00,0.0,KILM
2026-07-31 22:15:00+00:00,0.0,KMQI
2026-07-31 22:20:00+00:00,0.0,KILM
2026-07-31 22:25:00+00:00,0.0,KILM
2026-07-31 22:30:00+00:00,0.0,KILM
2026-07-31 22:35:00+00:00,0.0,KMQI
2026-07-31 22:39:00+00:00,0.0,KMYR
2026-07-31 22:40:00+00:00,0.0,KILM
2026-07-31 22:45:00+00:00,0.0,KILM
2026-07-31 22:50:00+00:00,0.0,KILM
2026-07-31 22:52:00+00:00,0.0,KMEB
2026-07-31 22:53:00+00:00,0.0,KILM
2026-07-31 22:55:00+00:00,0.0,KFBG
2026-07-31 22:56:00+00:00,0.0,KOAJ
2026-07-31 23:00:00+00:00,0.0,KILM
2026-07-31 23:05:00+00:00,0.0,KILM
2026-07-31 23:10:00+00:00,0.0,KILM
2026-07-31 23:15:00+00:00,0.0,KMQI
2026-07-31 23:20:00+00:00,0.0,KILM
2026-07-31 23:25:00+00:00,0.0,KILM
2026-07-31 23:30:00+00:00,0.0,KILM
2026-07-31 23:35:00+00:00,0.0,KMQI
2026-07-31 23:40:00+00:00,0.0,KILM
2026-07-31 23:45:00+00:00,0.0,KILM
2026-07-31 23:50:00+00:00,0.0,KILM
2026-07-31 23:52:00+00:00,0.0,KMEB
2026-07-31 23:53:00+00:00,0.0,KILM
2026-07-31 23:55:00+00:00,0.0,KFBG
2026-07-31 23:56:00+00:00,0.0,KOAJ
2026-08-01 00:00:00+00:00,0.0,KILM
2026-08-01 00:05:00+00:00,0.0,KILM
2026-08-01 00:10:00+00:00,0.0,KILM
2026-08-01 00:15:00+00:00,0.0118110236220472,KMQI
2026-08-01 00:20:00+00:00,0.0,KILM
2026-08-01 00:25:00+00:00,0.0,KILM
2026-08-01 00:30:00+00:00,0.0,KILM
2026-08-01 00:35:00+00:00,0.0118110236220472,KMQI
2026-08-01 00:40:00+00:00,0.0,KILM
2026-08-01 00:45:00+00:00,0.0,KILM
2026-08-01 00:50:00+00:00,0.0,KILM
2026-08-01 00:52:00+00:00,0.0,KMEB
2026-08-01 00:53:00+00:00,0.0,KILM
2026-08-01 00:55:00+00:00,0.0,KFBG
2026-08-01 00:56:00+00:00,0.0,KOAJ
2026-08-01 01:00:00+00:00,0.0,KILM
2026-08-01 01:05:00+00:00,0.0,KILM
2026-08-01 01:10:00+00:00,0.0,KILM
2026-08-01 01:15:00+00:00,0.0,KMQI
2026-08-01 01:20:00+00:00,0.0,KILM
2026-08-01 01:25:00+00:00,0.0,KILM
2026-08-01 01:30:00+00:00,0.0,KILM
2026-08-01 01:35:00+00:00,0.0,KMQI
2026-08-01 01:40:00+00:00,0.0,KILM
2026-08-01 01:45:00+00:00,0.0,KILM
2026-08-01 01:49:00+00:00,0.0,KFBG
2026-08-01 01:50:00+00:00,0.0,KILM
2026-08-01 01:52:00+00:00,0.0,KMEB
2026-08-01 01:53:00+00:00,0.0,KILM
2026-08-01 01:55:00+00:00,0.0,KFBG
2026-08-01 01:56:00+00:00,0.0,KOAJ
2026-08-01 02:00:00+00:00,0.0,KILM
2026-08-01 02:05:00+00:00,0.0,KILM
2026-08-01 02:10:00+00:00,0.0,KILM
2026-08-01 02:15:00+00:00,0.0,KMQI
2026-08-01 02:20:00+00:00,0.0,KILM
2026-08-01 02:25:00+00:00,0.0,KILM
2026-08-01 02:30:00+00:00,0.0,KILM
2026-08-01 02:35:00+00:00,0.0,KMQI
2026-08-01 02:40:00+00:00,0.0,KILM
2026-08-01 02:45:00+00:00,0.0,KILM
2026-08-01 02:47:00+00:00,0.0,KFBG
2026-08-01 02:50:00+00:00,0.0,KILM
2026-08-01 02:52:00+00:00,0.0,KMEB
2026-08-01 02:53:00+00:00,0.0,KILM
2026-08-01 02:55:00+00:00,0.0,KFBG
2026-08-01 02:56:00+00:00,0.0,KOAJ
2026-08-01 03:00:00+00:00,0.0,KILM
2026-08-01 03:05:00+00:00,0.0,KILM
2026-08-01 03:10:00+00:00,0.0,KILM
2026-08-01 03:15:00+00:00,0.0,KMQI
2026-08-01 03:20:00+00:00,0.0,KILM
2026-08-01 03:25:00+00:00,0.0,KILM
2026-08-01 03:30:00+00:00,0.0,KILM
2026-08-01 03:35:00+00:00,0.0,KMQI
2026-08-01 03:40:00+00:00,0.0,KILM
2026-08-01 03:45:00+00:00,0.0,KILM
2026-08-01 03:50:00+00:00,0.0,KILM
2026-08-01 03:52:00+00:00,0.0,KMEB
2026-08-01 03:53:00+00:00,0.0,KILM
2026-08-01 03:55:00+00:00,0.0,KFBG
2026-08-01 03:56:00+00:00,0.0,KOAJ
2026-08-01 04:00:00+00:00,0.0,KILM
2026-08-01 04:05:00+00:00,0.0,KILM
2026-08-01 04:10:00+00:00,0.0,KILM
2026-08-01 04:15:00+00:00,0.0,KMQI
2026-08-01 04:20:00+00:00,0.0,KILM
2026-08-01 04:25:00+00:00,0.0,KILM
2026-08-01 04:30:00+00:00,0.0,KILM
2026-08-01 04:35:00+00:00,0.0,KMQI
2026-08-01 04:40:00+00:00,0.0,KILM
2026-08-01 04:45:00+00:00,0.0,KILM
2026-08-01 04:50:00+00:00,0.0,KILM
2026-08-01 04:52:00+00:00,0.0,KMEB
2026-08-01 04:53:00+00:00,0.0,KILM
2026-08-01 04:55:00+00:00,0.0,KFBG
2026-08-01 04:56:00+00:00,0.0,KOAJ
2026-08-01 05:00:00+00:00,0.0,KILM
2026-08-01 05:05:00+00:00,0.0,KILM
2026-08-01 05:10:00+00:00,0.0,KILM
2026-08-01 05:15:00+00:00,0.0,KMQI
2026-08-01 05:20:00+00:00,0.0,KILM
2026-08-01 05:25:00+00:00,0.0,KILM
2026-08-01 05:30:00+00:00,0.0,KILM
2026-08-01 05:35:00+00:00,0.0,KMQI
2026-08-01 05:39:00+00:00,0.0,KFBG
2026-08-01 05:40:00+00:00,0.0,KILM
2026-08-01 05:45:00+00:00,0.0,KILM
2026-08-01 05:50:00+00:00,0.0,KILM
2026-08-01 05:52:00+00:00,0.0,KMEB
2026-08-01 05:53:00+00:00,0.0,KILM
2026-08-01 05:55:00+00:00,0.0,KFBG
2026-08-01 05:56:00+00:00,0.0,KOAJ
2026-08-01 06:00:00+00:00,0.0,KILM
2026-08-01 06:05:00+00:00,0.0,KILM
2026-08-01 06:10:00+00:00,0.0,KILM
2026-08-01 06:15:00+00:00,0.0118110236220472,KMQI
2026-08-01 06:20:00+00:00,0.0,KILM
2026-08-01 06:25:00+00:00,0.0,KILM
2026-08-01 06:30:00+00:00,0.0,KILM
2026-08-01 06:35:00+00:00,0.0118110236220472,KMQI
2026-08-01 06:40:00+00:00,0.0,KILM
2026-08-01 06:45:00+00:00,0.0,KILM
2026-08-01 06:50:00+00:00,0.0,KILM
2026-08-01 06:52:00+00:00,0.0,KMEB
2026-08-01 06:53:00+00:00,0.0,KILM
2026-08-01 06:55:00+00:00,0.0,KFBG
2026-08-01 06:56:00+00:00,0.0,KOAJ
2026-08-01 07:00:00+00:00,0.0,KILM
2026-08-01 07:05:00+00:00,0.0,KILM
2026-08-01 07:10:00+00:00,0.0,KILM
2026-08-01 07:15:00+00:00,0.0,KMQI
2026-08-01 07:20:00+00:00,0.0,KILM
2026-08-01 07:25:00+00:00,0.0,KILM
2026-08-01 07:30:00+00:00,0.0,KILM
2026-08-01 07:35:00+00:00,0.0,KMQI
2026-08-01 07:40:00+00:00,0.0,KILM
2026-08-01 07:45:00+00:00,0.0,KILM
2026-08-01 07:50:00+00:00,0.0,KILM
2026-08-01 07:52:00+00:00,0.0,KMEB
2026-08-01 07:53:00+00:00,0.0,KILM
2026-08-01 07:55:00+00:00,0.0,KFBG
2026-08-01 07:56:00+00:00,0.0,KOAJ
2026-08-01 08:00:00+00:00,0.0,KILM
2026-08-01 08:05:00+00:00,0.0,KILM
2026-08-01 08:10:00+00:00,0.0,KILM
2026-08-01 08:15:00+00:00,0.0,KMQI
2026-08-01 08:20:00+00:00,0.0,KILM
2026-08-01 08:25:00+00:00,0.0,KILM
2026-08-01 08:30:00+00:00,0.0,KILM
2026-08-01 08:35:00+00:00,0.0,KMQI
2026-08-01 08:40:00+00:00,0.0,KILM
2026-08-01 08:45:00+00:00,0.0,KILM
2026-08-01 08:50:00+00:00,0.0,KILM
2026-08-01 08:52:00+00:00,0.0,KMEB
2026-08-01 08:53:00+00:00,0.0,KILM
2026-08-01 08:55:00+00:00,0.0,KFBG
2026-08-01 08:56:00+00:00,0.0,KOAJ
2026-08-01 09:00:00+00:00,0.0,KILM
2026-08-01 09:05:00+00:00,0.0,KILM
2026-08-01 09:10:00+00:00,0.0,KILM
2026-08-01 09:15:00+00:00,0.0,KMQI
2026-08-01 09:20:00+00:00,0.0,KILM
2026-08-01 09:25:00+00:00,0.0,KILM
2026-08-01 09:30:00+00:00,0.0,KILM
2026-08-01 09:35:00+00:00,0.0,KMQI
2026-08-01 09:40:00+00:00,0.0,KILM
2026-08-01 09:45:00+00:00,0.0,KILM
2026-08-01 09:50:00+00:00,0.0,KILM
2026-08-01 09:52:00+00:00,0.0,KMEB
2026-08-01 09:53:00+00:00,0.0,KILM
2026-08-01 09:55:00+00:00,0.0,KFBG
2026-08-01 09:56:00+00:00,0.0,KOAJ
2026-08-01 10:00:00+00:00,0.0,KILM
2026-08-01 10:05:00+00:00,0.0,KILM
2026-08-01 10:10:00+00:00,0.0,KILM
2026-08-01 10:15:00+00:00,0.0,KMQI
2026-08-01 10:20:00+00:00,0.0,KILM
2026-08-01 10:25:00+00:00,0.0,KILM
2026-08-01 10:30:00+00:00,0.0,KILM
2026-08-01 10:35:00+00:00,0.0,KMQI
2026-08-01 10:40:00+00:00,0.0,KILM
2026-08-01 10:45:00+00:00,0.0,KILM
2026-08-01 10:47:00+00:00,0.0,KFBG
2026-08-01 10:50:00+00:00,0.0,KILM
2026-08-01 10:52:00+00:00,0.0,KMEB
2026-08-01 10:53:00+00:00,0.0,KILM
2026-08-01 10:55:00+00:00,0.0,KMQI
2026-08-01 10:56:00+00:00,0.0,KOAJ
2026-08-01 11:00:00+00:00,0.0,KILM
2026-08-01 11:05:00+00:00,0.0,KILM
2026-08-01 11:10:00+00:00,0.0,KILM
2026-08-01 11:15:00+00:00,0.0,KMQI
2026-08-01 11:20:00+00:00,0.0,KILM
2026-08-01 11:25:00+00:00,0.0,KILM
2026-08-01 11:30:00+00:00,0.0,KILM
2026-08-01 11:35:00+00:00,0.0,KMQI
2026-08-01 11:40:00+00:00,0.0,KILM
2026-08-01 11:45:00+00:00,0.0,KILM
2026-08-01 11:50:00+00:00,0.0,KILM
2026-08-01 11:52:00+00:00,0.0,KMEB
2026-08-01 11:53:00+00:00,0.0,KILM
2026-08-01 11:55:00+00:00,0.0,KMQI
2026-08-01 11:56:00+00:00,0.0,KOAJ
2026-08-01 12:00:00+00:00,0.0,KILM
2026-08-01 12:05:00+00:00,0.0,KILM
2026-08-01 12:10:00+00:00,0.0,KILM
2026-08-01 12:15:00+00:00,0.0,KMQI
2026-08-01 12:20:00+00:00,0.0,KILM
2026-08-01 12:25:00+00:00,0.0,KILM
2026-08-01 12:30:00+00:00,0.0,KILM
2026-08-01 12:35:00+00:00,0.0,KMQI
2026-08-01 12:40:00+00:00,0.0,KILM
2026-08-01 12:45:00+00:00,0.0,KILM
2026-08-01 12:50:00+00:00,0.0,KILM
2026-08-01 12:52:00+00:00,0.0,KMEB
2026-08-01 12:53:00+00:00,0.0,KILM
2026-08-01 12:55:00+00:00,0.0,KMQI
2026-08-01 12:56:00+00:00,0.0,KOAJ
2026-08-01 13:00:00+00:00,0.0,KILM
2026-08-01 13:05:00+00:00,0.0,KILM
2026-08-01 13:10:00+00:00,0.0,KILM
2026-08-01 13:15:00+00:00,0.0118110236220472,KMQI
2026-08-01 13:20:00+00:00,0.0,KILM
2026-08-01 13:25:00+00:00,0.0,KILM
2026-08-01 13:30:00+00:00,0.0,KILM
2026-08-01 13:35:00+00:00,0.0118110236220472,KMQI
2026-08-01 13:40:00+00:00,0.0,KILM
2026-08-01 13:45:00+00:00,0.0,KILM
2026-08-01 13:50:00+00:00,0.0,KILM
2026-08-01 13:52:00+00:00,0.0,KMEB
2026-08-01 13:53:00+00:00,0.0,KILM
2026-08-01 13:55:00+00:00,0.0118110236220472,KMQI
2026-08-01 13:56:00+00:00,0.0,KOAJ
2026-08-01 14:00:00+00:00,0.0,KILM
2026-08-01 14:05:00+00:00,0.0,KILM
2026-08-01 14:10:00+00:00,0.0,KILM
2026-08-01 14:15:00+00:00,0.0,KMQI
2026-08-01 14:20:00+00:00,0.0,KILM
2026-08-01 14:25:00+00:00,0.0,KILM
2026-08-01 14:30:00+00:00,0.0,KILM
2026-08-01 14:35:00+00:00,0.0,KMQI
2026-08-01 14:40:00+00:00,0.0,KILM
2026-08-01 14:45:00+00:00,0.0,KILM
2026-08-01 14:50:00+00:00,0.0,KILM
2026-08-01 14:53:00+00:00,0.0,KILM
2026-08-01 14:55:00+00:00,0.0,KMQI
2026-08-01 14:56:00+00:00,0.0,KOAJ
2026-08-01 15:00:00+00:00,0.0,KILM
2026-08-01 15:05:00+00:00,0.0,KILM
2026-08-01 15:10:00+00:00,0.0,KILM
2026-08-01 15:15:00+00:00,0.0,KMQI
2026-08-01 15:20:00+00:00,0.0,KILM
2026-08-01 15:25:00+00:00,0.0,KILM
2026-08-01 15:30:00+00:00,0.0,KILM
2026-08-01 15:35:00+00:00,0.0,KMQI
2026-08-01 15:40:00+00:00,0.0,KILM
2026-08-01 15:45:00+00:00,0.0,KILM
2026-08-01 15:50:00+00:00,0.0,KILM
2026-08-01 15:52:00+00:00,0.0,KMEB
2026-08-01 15:53:00+00:00,0.0,KILM
2026-08-01 15:55:00+00:00,0.0,KMQI
2026-08-01 15:56:00+00:00,0.0,KOAJ
2026-08-01 16:00:00+00:00,0.0,KILM
2026-08-01 16:05:00+00:00,0.0,KILM
2026-08-01 16:10:00+00:00,0.0,KILM
2026-08-01 16:15:00+00:00,0.0,KMQI
2026-08-01 16:20:00+00:00,0.0,KILM
2026-08-01 16:25:00+00:00,0.0,KILM
2026-08-01 16:30:00+00:00,0.0,KILM
2026-08-01 16:35:00+00:00,0.0,KMQI
2026-08-01 16:40:00+00:00,0.0,KILM
2026-08-01 16:45:00+00:00,0.0,KILM
2026-08-01 16:47:00+00:00,0.0,KFBG
2026-08-01 16:50:00+00:00,0.0,KILM
2026-08-01 16:52:00+00:00,0.0,KMEB
2026-08-01 16:53:00+00:00,0.0,KILM
2026-08-01 16:55:00+00:00,0.0,KMQI
2026-08-01 16:56:00+00:00,0.0,KOAJ
2026-08-01 17:00:00+00:00,0.0,KILM
2026-08-01 17:05:00+00:00,0.0,KILM
2026-08-01 17:10:00+00:00,0.0,KILM
2026-08-01 17:15:00+00:00,0.0,KMQI
2026-08-01 17:20:00+00:00,0.0,KILM
2026-08-01 17:21:00+00:00,0.0,KFBG
2026-08-01 17:25:00+00:00,0.0,KILM
2026-08-01 17:30:00+00:00,0.0,KILM
2026-08-01 17:35:00+00:00,0.0,KMQI
2026-08-01 17:40:00+00:00,0.0,KILM
2026-08-01 17:45:00+00:00,0.0,KILM
2026-08-01 17:50:00+00:00,0.0,KILM
2026-08-01 17:52:00+00:00,0.0,KMEB
2026-08-01 17:53:00+00:00,0.0,KILM
2026-08-01 17:55:00+00:00,0.0,KMQI
2026-08-01 17:56:00+00:00,0.0,KOAJ
2026-08-01 18:00:00+00:00,0.0,KILM
2026-08-01 18:05:00+00:00,0.0,KILM
2026-08-01 18:10:00+00:00,0.0,KILM
2026-08-01 18:15:00+00:00,0.0,KMQI
2026-08-01 18:20:00+00:00,0.0,KILM
2026-08-01 18:25:00+00:00,0.0,KILM
2026-08-01 18:30:00+00:00,0.0,KILM
2026-08-01 18:35:00+00:00,0.0,KMQI
2026-08-01 18:36:00+00:00,0.0,KFBG
2026-08-01 18:40:00+00:00,0.0,KILM
2026-08-01 18:45:00+00:00,0.0,KILM
2026-08-01 18:50:00+00:00,0.0,KILM
2026-08-01 18:52:00+00:00,0.0,KMEB
2026-08-01 18:53:00+00:00,0.0,KILM
2026-08-01 18:55:00+00:00,0.0,KMQI
2026-08-01 18:56:00+00:00,0.0,KOAJ
2026-08-01 19:00:00+00:00,0.0,KILM
2026-08-01 19:05:00+00:00,0.0,KILM
2026-08-01 19:10:00+00:00,0.0,KILM
2026-08-01 19:15:00+00:00,0.0,KMQI
2026-08-01 19:20:00+00:00,0.0,KILM
2026-08-01 19:24:00+00:00,0.0,KFBG
2026-08-01 19:25:00+00:00,0.0,KILM
2026-08-01 19:30:00+00:00,0.0,KILM
2026-08-01 19:35:00+00:00,0.0,KMQI
2026-08-01 19:40:00+00:00,0.0,KILM
2026-08-01 19:45:00+00:00,0.0,KILM
2026-08-01 19:50:00+00:00,0.0,KILM
2026-08-01 19:52:00+00:00,0.0,KMEB
2026-08-01 19:53:00+00:00,0.0,KILM
2026-08-01 19:55:00+00:00,0.0,KMQI
2026-08-01 19:56:00+00:00,0.0,KOAJ
2026-08-01 20:00:00+00:00,0.0,KILM
2026-08-01 20:05:00+00:00,0.0,KILM
2026-08-01 20:10:00+00:00,0.0,KILM
2026-08-01 20:15:00+00:00,0.0,KMQI
2026-08-01 20:20:00+00:00,0.0,KILM
2026-08-01 20:25:00+00:00,0.0,KILM
2026-08-01 20:30:00+00:00,0.0,KILM
2026-08-01 20:35:00+00:00,0.0,KILM
2026-08-01 20:40:00+00:00,0.0,KILM
2026-08-01 20:45:00+00:00,0.0,KILM
2026-08-01 20:50:00+00:00,0.0,KILM
2026-08-01 20:52:00+00:00,0.0,KMEB
2026-08-01 20:53:00+00:00,0.0,KILM
2026-08-01 20:55:00+00:00,0.0,KILM
2026-08-01 20:56:00+00:00,0.0,KOAJ
2026-08-01 21:00:00+00:00,0.0,KILM
2026-08-01 21:03:00+00:00,0.0,KILM
2026-08-01 21:05:00+00:00,0.0,KILM
2026-08-01 21:10:00+00:00,0.0,KILM
2026-08-01 21:15:00+00:00,0.0,KILM
2026-08-01 21:18:00+00:00,0.0,KILM
2026-08-01 21:20:00+00:00,0.0,KILM
2026-08-01 21:25:00+00:00,0.0,KILM
2026-08-01 21:28:00+00:00,0.0,KILM
2026-08-01 21:30:00+00:00,0.0,KILM
2026-08-01 21:35:00+00:00,0.0,KILM
2026-08-01 21:38:00+00:00,0.0,KILM
2026-08-01 21:40:00+00:00,0.0,KILM
2026-08-01 21:41:00+00:00,0.0,KFBG
2026-08-01 21:45:00+00:00,0.0,KILM
2026-08-01 21:50:00+00:00,0.0,KILM
2026-08-01 21:52:00+00:00,0.0,KMEB
2026-08-01 21:53:00+00:00,0.0,KILM
2026-08-01 21:55:00+00:00,0.0,KILM
2026-08-01 21:56:00+00:00,0.0,KOAJ
2026-08-01 22:00:00+00:00,0.0,KILM
2026-08-01 22:05:00+00:00,0.0,KILM
2026-08-01 22:10:00+00:00,0.0,KILM
2026-08-01 22:15:00+00:00,0.0,KILM
2026-08-01 22:20:00+00:00,0.0,KILM
2026-08-01 22:25:00+00:00,0.0,KILM
2026-08-01 22:30:00+00:00,0.0,KILM
2026-08-01 22:35:00+00:00,0.0,KILM
2026-08-01 22:40:00+00:00,0.0,KILM
2026-08-01 22:45:00+00:00,0.0,KILM
2026-08-01 22:50:00+00:00,0.0,KILM
2026-08-01 22:52:00+00:00,0.0,KMEB
2026-08-01 22:53:00+00:00,0.0,KILM
2026-08-01 22:55:00+00:00,0.0,KILM
2026-08-01 22:56:00+00:00,0.0,KOAJ
2026-08-01 23:00:00+00:00,0.0,KILM
2026-08-01 23:05:00+00:00,0.0,KILM
2026-08-01 23:10:00+00:00,0.0,KILM
2026-08-01 23:15:00+00:00,0.0,KILM
2026-08-01 23:20:00+00:00,0.0,KILM
2026-08-01 23:25:00+00:00,0.0,KILM
2026-08-01 23:30:00+00:00,0.0,KILM
2026-08-01 23:35:00+00:00,0.0,KILM
2026-08-01 23:39:00+00:00,0.0,KMYR
2026-08-01 23:40:00+00:00,0.0,KILM
2026-08-01 23:45:00+00:00,0.0,KILM
2026-08-01 23:50:00+00:00,0.0,KILM
2026-08-01 23:53:00+00:00,0.0,KILM
2026-08-01 23:55:00+00:00,0.0,KILM
2026-08-01 23:56:00+00:00,0.0,KOAJ
2026-08-02 00:00:00+00:00,0.0,KILM
2026-08-02 00:05:00+00:00,0.0,KILM
2026-08-02 00:10:00+00:00,0.0,KILM
2026-08-02 00:15:00+00:00,0.0,KILM
2026-08-02 00:20:00+00:00,0.0,KILM
2026-08-02 00:25:00+00:00,0.0,KILM
2026-08-02 00:30:00+00:00,0.0,KILM
2026-08-02 00:35:00+00:00,0.0,KILM
2026-08-02 00:40:00+00:00,0.0,KILM
2026-08-02 00:45:00+00:00,0.0,KILM
2026-08-02 00:50:00+00:00,0.0,KILM
2026-08-02 00:53:00+00:00,0.0118110236220472,KILM
2026-08-02 00:55:00+00:00,0.0,KILM
2026-08-02 00:56:00+00:00,0.0,KOAJ
2026-08-02 01:00:00+00:00,0.0,KILM
2026-08-02 01:05:00+00:00,0.0,KILM
2026-08-02 01:10:00+00:00,0.0,KILM
2026-08-02 01:15:00+00:00,0.0,KILM
2026-08-02 01:25:00+00:00,0.0,KILM
2026-08-02 01:30:00+00:00,0.0,KILM
2026-08-02 01:35:00+00:00,0.0,KILM
2026-08-02 01:40:00+00:00,0.0,KILM
2026-08-02 01:45:00+00:00,0.0,KILM
2026-08-02 01:50:00+00:00,0.0,KILM
2026-08-02 01:53:00+00:00,0.0511811023622047,KILM
2026-08-02 01:55:00+00:00,0.0,KILM
2026-08-02 01:56:00+00:00,0.0,KOAJ
2026-08-02 02:00:00+00:00,0.0,KILM
2026-08-02 02:05:00+00:00,0.0,KILM
2026-08-02 02:10:00+00:00,0.0,KILM
2026-08-02 02:14:00+00:00,0.0,KMYR
2026-08-02 02:15:00+00:00,0.0,KILM
2026-08-02 02:20:00+00:00,0.0,KILM
2026-08-02 02:25:00+00:00,0.0,KILM
2026-08-02 02:29:00+00:00,0.0,KMYR
2026-08-02 02:30:00+00:00,0.0,KILM
2026-08-02 02:35:00+00:00,0.0,KILM
2026-08-02 02:40:00+00:00,0.0,KILM
2026-08-02 02:45:00+00:00,0.0,KILM
2026-08-02 02:50:00+00:00,0.0,KILM
2026-08-02 02:53:00+00:00,0.0,KILM
2026-08-02 02:55:00+00:00,0.0,KILM
2026-08-02 02:56:00+00:00,0.0,KOAJ
2026-08-02 03:00:00+00:00,0.0,KILM
2026-08-02 03:05:00+00:00,0.0,KILM
2026-08-02 03:10:00+00:00,0.0,KILM
2026-08-02 03:15:00+00:00,0.0,KILM
2026-08-02 03:20:00+00:00,0.0,KILM
2026-08-02 03:25:00+00:00,0.0,KILM
2026-08-02 03:30:00+00:00,0.0,KILM
2026-08-02 03:35:00+00:00,0.0,KILM
2026-08-02 03:40:00+00:00,0.0,KILM
2026-08-02 03:45:00+00:00,0.0,KILM
2026-08-02 03:50:00+00:00,0.0,KILM
2026-08-02 03:53:00+00:00,0.0,KILM
2026-08-02 03:55:00+00:00,0.0,KILM
2026-08-02 03:56:00+00:00,0.0,KOAJ
2026-08-02 04:00:00+00:00,0.0,KILM
2026-08-02 04:05:00+00:00,0.0,KILM
2026-08-02 04:10:00+00:00,0.0,KILM
2026-08-02 04:15:00+00:00,0.0,KILM
2026-08-02 04:20:00+00:00,0.0,KILM
2026-08-02 04:25:00+00:00,0.0,KILM
2026-08-02 04:30:00+00:00,0.0,KILM
2026-08-02 04:35:00+00:00,0.0,KILM
2026-08-02 04:40:00+00:00,0.0,KILM
2026-08-02 04:45:00+00:00,0.0,KILM
2026-08-02 04:50:00+00:00,0.0,KILM
2026-08-02 04:53:00+00:00,0.0,KILM
2026-08-02 04:55:00+00:00,0.0,KILM
2026-08-02 04:56:00+00:00,0.0,KOAJ
2026-08-02 05:00:00+00:00,0.0,KILM
2026-08-02 05:05:00+00:00,0.0,KILM
2026-08-02 05:10:00+00:00,0.0,KILM
2026-08-02 05:15:00+00:00,0.0,KILM
2026-08-02 05:20:00+00:00,0.0,KILM
2026-08-02 05:25:00+00:00,0.0,KILM
2026-08-02 05:30:00+00:00,0.0,KILM
2026-08-02 05:35:00+00:00,0.0,KILM
2026-08-02 05:36:00+00:00,0.0,KMYR
2026-08-02 05:40:00+00:00,0.0,KILM
2026-08-02 05:45:00+00:00,0.0,KILM
2026-08-02 05:50:00+00:00,0.0,KILM
2026-08-02 05:53:00+00:00,0.0,KILM
2026-08-02 05:55:00+00:00,0.0,KILM
2026-08-02 05:56:00+00:00,0.0,KOAJ
2026-08-02 06:00:00+00:00,0.0,KILM
2026-08-02 06:05:00+00:00,0.0,KILM
2026-08-02 06:10:00+00:00,0.0,KILM
2026-08-02 06:15:00+00:00,0.0,KILM
2026-08-02 06:20:00+00:00,0.0,KILM
2026-08-02 06:21:00+00:00,0.0,KMYR
2026-08-02 06:25:00+00:00,0.0,KILM
2026-08-02 06:30:00+00:00,0.0,KILM
2026-08-02 06:35:00+00:00,0.0,KILM
2026-08-02 06:40:00+00:00,0.0,KILM
2026-08-02 06:45:00+00:00,0.0,KILM
2026-08-02 06:50:00+00:00,0.0,KILM
2026-08-02 06:53:00+00:00,0.0,KILM
2026-08-02 06:55:00+00:00,0.0,KILM
2026-08-02 06:56:00+00:00,0.0,KOAJ
2026-08-02 07:00:00+00:00,0.0,KILM
2026-08-02 07:05:00+00:00,0.0,KILM
2026-08-02 07:10:00+00:00,0.0,KILM
2026-08-02 07:15:00+00:00,0.0,KILM
2026-08-02 07:20:00+00:00,0.0,KILM
2026-08-02 07:25:00+00:00,0.0,KILM
2026-08-02 07:29:00+00:00,0.0,KFBG
2026-08-02 07:30:00+00:00,0.0,KILM
2026-08-02 07:33:00+00:00,0.0,KMYR
2026-08-02 07:35:00+00:00,0.0,KILM
2026-08-02 07:40:00+00:00,0.0,KILM
2026-08-02 07:41:00+00:00,0.0,KFBG
2026-08-02 07:45:00+00:00,0.0,KILM
2026-08-02 07:50:00+00:00,0.0,KILM
2026-08-02 07:53:00+00:00,0.0,KILM
2026-08-02 07:55:00+00:00,0.0,KILM
2026-08-02 07:56:00+00:00,0.0,KOAJ
2026-08-02 08:00:00+00:00,0.0,KILM
2026-08-02 08:04:00+00:00,0.0,KMYR
2026-08-02 08:05:00+00:00,0.0,KILM
2026-08-02 08:10:00+00:00,0.0,KILM
2026-08-02 08:15:00+00:00,0.0,KMYR
2026-08-02 08:20:00+00:00,0.0,KMYR
2026-08-02 08:21:00+00:00,0.0,KMYR
2026-08-02 08:25:00+00:00,0.0,KMYR
2026-08-02 08:30:00+00:00,0.0,KMYR
2026-08-02 08:33:00+00:00,0.0,KMYR
2026-08-02 08:35:00+00:00,0.0,KMYR
2026-08-02 08:40:00+00:00,0.0,KMYR
2026-08-02 08:45:00+00:00,0.0,KMYR
2026-08-02 08:50:00+00:00,0.0,KMYR
2026-08-02 08:53:00+00:00,0.0,KMYR
2026-08-02 08:55:00+00:00,0.0,KMYR
2026-08-02 08:56:00+00:00,0.0,KOAJ
2026-08-02 09:00:00+00:00,0.0,KMYR
2026-08-02 09:05:00+00:00,0.0,KMYR
2026-08-02 09:10:00+00:00,0.0,KMYR
2026-08-02 09:15:00+00:00,0.0,KMYR
2026-08-02 09:20:00+00:00,0.0,KMYR
2026-08-02 09:25:00+00:00,0.0,KMYR
2026-08-02 09:30:00+00:00,0.0,KMYR
2026-08-02 09:35:00+00:00,0.0,KMYR
2026-08-02 09:40:00+00:00,0.0,KMYR
2026-08-02 09:45:00+00:00,0.0,KMYR
2026-08-02 09:50:00+00:00,0.0,KMYR
2026-08-02 09:53:00+00:00,0.0,KMYR
2026-08-02 09:55:00+00:00,0.0,KMYR
2026-08-02 09:56:00+00:00,0.0,KOAJ
2026-08-02 10:00:00+00:00,0.0,KMYR
2026-08-02 10:05:00+00:00,0.0,KMYR
2026-08-02 10:10:00+00:00,0.0,KMYR
2026-08-02 10:15:00+00:00,0.0,KMYR
2026-08-02 10:20:00+00:00,0.0,KMYR
2026-08-02 10:25:00+00:00,0.0,KMYR
2026-08-02 10:30:00+00:00,0.0,KMYR
2026-08-02 10:35:00+00:00,0.0,KMYR
2026-08-02 10:40:00+00:00,0.0,KMYR
2026-08-02 10:45:00+00:00,0.0,KMYR
2026-08-02 10:50:00+00:00,0.0,KMYR
2026-08-02 10:53:00+00:00,0.0,KMYR
2026-08-02 10:54:00+00:00,0.0,KFBG
2026-08-02 10:55:00+00:00,0.0,KMYR
2026-08-02 10:56:00+00:00,0.0,KOAJ
2026-08-02 11:00:00+00:00,0.0,KMYR
2026-08-02 11:03:00+00:00,0.0,KFBG
2026-08-02 11:05:00+00:00,0.0,KMYR
2026-08-02 11:08:00+00:00,0.0,KFBG
2026-08-02 11:10:00+00:00,0.0,KMYR
2026-08-02 11:15:00+00:00,0.0,KMYR
2026-08-02 11:16:00+00:00,0.0,KMYR
2026-08-02 11:20:00+00:00,0.0,KMYR
2026-08-02 11:25:00+00:00,0.0,KMYR
2026-08-02 11:30:00+00:00,0.0,KMYR
2026-08-02 11:35:00+00:00,0.0,KMYR
2026-08-02 11:40:00+00:00,0.0,KMYR
2026-08-02 11:43:00+00:00,0.0,KFBG
2026-08-02 11:45:00+00:00,0.0,KMYR
2026-08-02 11:50:00+00:00,0.0,KOAJ
2026-08-02 11:53:00+00:00,0.0,KILM
2026-08-02 11:55:00+00:00,0.0,KOAJ
2026-08-02 11:56:00+00:00,0.0118110236220472,KOAJ
2026-08-02 12:00:00+00:00,0.0,KOAJ
2026-08-02 12:05:00+00:00,0.0,KOAJ
2026-08-02 12:10:00+00:00,0.0,KOAJ
2026-08-02 12:15:00+00:00,0.0,KOAJ
2026-08-02 12:20:00+00:00,0.0,KOAJ
2026-08-02 12:25:00+00:00,0.0,KOAJ
2026-08-02 12:30:00+00:00,0.0,KOAJ
2026-08-02 12:35:00+00:00,0.0,KOAJ
2026-08-02 12:40:00+00:00,0.0,KOAJ
2026-08-02 12:45:00+00:00,0.0,KOAJ
2026-08-02 12:50:00+00:00,0.0,KOAJ
2026-08-02 12:53:00+00:00,0.0,KILM
2026-08-02 12:55:00+00:00,0.0,KOAJ
2026-08-02 12:56:00+00:00,0.0,KOAJ
2026-08-02 13:00:00+00:00,0.0,KOAJ
2026-08-02 13:05:00+00:00,0.0,KOAJ
2026-08-02 13:10:00+00:00,0.0,KOAJ
2026-08-02 13:15:00+00:00,0.0,KOAJ
2026-08-02 13:20:00+00:00,0.0,KOAJ
2026-08-02 13:25:00+00:00,0.0,KOAJ
2026-08-02 13:30:00+00:00,0.0,KILM
2026-08-02 13:35:00+00:00,0.0,KILM
2026-08-02 13:40:00+00:00,0.0,KILM
2026-08-02 13:45:00+00:00,0.0,KILM
2026-08-02 13:50:00+00:00,0.0,KILM
2026-08-02 13:53:00+00:00,0.0,KILM
2026-08-02 13:55:00+00:00,0.0,KILM
2026-08-02 14:00:00+00:00,0.0,KILM
2026-08-02 14:05:00+00:00,0.0,KILM
2026-08-02 14:10:00+00:00,0.0,KILM
2026-08-02 14:14:00+00:00,0.0511811023622047,KILM
2026-08-02 14:15:00+00:00,0.0,KILM
2026-08-02 14:20:00+00:00,0.0,KILM
2026-08-02 14:21:00+00:00,0.1496062992125984,KILM
2026-08-02 14:25:00+00:00,0.0,KILM
2026-08-02 14:30:00+00:00,0.0,KILM
2026-08-02 14:35:00+00:00,0.0,KILM
2026-08-02 14:40:00+00:00,0.0,KILM
2026-08-02 14:45:00+00:00,0.0,KILM
2026-08-02 14:50:00+00:00,0.0,KILM
2026-08-02 14:53:00+00:00,0.0,KILM
2026-08-02 14:55:00+00:00,0.0,KILM
2026-08-02 14:59:00+00:00,0.0,KILM
2026-08-02 15:00:00+00:00,0.0,KILM
2026-08-02 15:01:00+00:00,0.0,KILM
2026-08-02 15:05:00+00:00,0.0,KILM
2026-08-02 15:09:00+00:00,0.0,KILM
2026-08-02 15:10:00+00:00,0.0,KILM
2026-08-02 15:13:00+00:00,0.0,KILM
2026-08-02 15:15:00+00:00,0.0,KILM
2026-08-02 15:20:00+00:00,0.3503937007874016,KILM
2026-08-02 15:25:00+00:00,0.0,KILM
2026-08-02 15:29:00+00:00,0.3503937007874016,KILM
2026-08-02 15:30:00+00:00,0.0,KILM
2026-08-02 15:35:00+00:00,0.0,KILM
2026-08-02 15:40:00+00:00,0.0,KILM
2026-08-02 15:45:00+00:00,0.0,KILM
2026-08-02 15:50:00+00:00,0.0,KILM
2026-08-02 15:53:00+00:00,0.3503937007874016,KILM
2026-08-02 15:55:00+00:00,0.0,KILM
2026-08-02 16:00:00+00:00,0.0,KILM
2026-08-02 16:05:00+00:00,0.0,KILM
2026-08-02 16:10:00+00:00,0.0,KILM
2026-08-02 16:15:00+00:00,0.0,KILM
2026-08-02 16:20:00+00:00,0.0,KILM
2026-08-02 16:25:00+00:00,0.0,KILM
2026-08-02 16:30:00+00:00,0.0,KILM
2026-08-02 16:35:00+00:00,0.0,KILM
2026-08-02 16:40:00+00:00,0.0,KILM
2026-08-02 16:45:00+00:00,0.0,KILM
2026-08-02 16:50:00+00:00,0.0,KILM
2026-08-02 16:53:00+00:00,0.0,KILM
2026-08-02 16:55:00+00:00,0.0,KILM
2026-08-02 17:00:00+00:00,0.0,KILM
2026-08-02 17:05:00+00:00,0.0,KILM
2026-08-02 17:10:00+00:00,0.0,KILM
2026-08-02 17:15:00+00:00,0.0,KILM
2026-08-02 17:20:00+00:00,0.0,KILM
2026-08-02 17:25:00+00:00,0.0,KILM
2026-08-02 17:30:00+00:00,0.0,KILM
2026-08-02 17:35:00+00:00,0.0,KILM
2026-08-02 17:40:00+00:00,0.0,KILM
2026-08-02 17:45:00+00:00,0.0,KILM
2026-08-02 17:50:00+00:00,0.0,KILM
2026-08-02 17:53:00+00:00,0.0,KILM
2026-08-02 17:55:00+00:00,0.0,KILM
2026-08-02 18:00:00+00:00,0.0,KILM
2026-08-02 18:05:00+00:00,0.0,KILM
2026-08-02 18:10:00+00:00,0.0,KILM
2026-08-02 18:15:00+00:00,0.0,KILM
2026-08-02 18:20:00+00:00,0.0,KILM
2026-08-02 18:25:00+00:00,0.0,KILM
2026-08-02 18:30:00+00:00,0.0,KILM
2026-08-02 18:35:00+00:00,0.0,KILM
2026-08-02 18:40:00+00:00,0.0,KILM
2026-08-02 18:45:00+00:00,0.0,KILM
2026-08-02 18:50:00+00:00,0.0,KILM
2026-08-02 18:53:00+00:00,0.0,KILM
2026-08-02 18:55:00+00:00,0.0,KILM
2026-08-02 19:00:00+00:00,0.0,KILM
2026-08-02 19:05:00+00:00,0.0,KILM
2026-08-02 19:10:00+00:00,0.0,KILM
2026-08-02 19:15:00+00:00,0.0,KILM
2026-08-02 19:20:00+00:00,0.0,KILM
2026-08-02 19:25:00+00:00,0.0,KILM
2026-08-02 19:30:00+00:00,0.0,KILM
2026-08-02 19:35:00+00:00,0.0,KILM
2026-08-02 19:40:00+00:00,0.0,KILM
2026-08-02 19:45:00+00:00,0.0,KILM
2026-08-02 19:50:00+00:00,0.0,KILM
2026-08-02 19:53:00+00:00,0.0,KILM
2026-08-02 19:55:00+00:00,0.0,KILM
2026-08-02 20:00:00+00:00,0.0,KILM
2026-08-02 20:05:00+00:00,0.0,KILM
2026-08-02 20:10:00+00:00,0.0,KILM
2026-08-02 20:15:00+00:00,0.0,KILM
2026-08-02 20:20:00+00:00,0.0,KILM
2026-08-02 20:25:00+00:00,0.0,KILM
2026-08-02 20:30:00+00:00,0.0,KILM
2026-08-02 20:35:00+00:00,0.0,KILM
2026-08-02 20:40:00+00:00,0.0,KILM
2026-08-02 20:45:00+00:00,0.0,KILM
2026-08-02 20:50:00+00:00,0.0,KILM
2026-08-02 20:53:00+00:00,0.0,KILM
2026-08-02 20:55:00+00:00,0.0,KILM
2026-08-02 21:00:00+00:00,0.0,KILM
2026-08-02 21:05:00+00:00,0.0,KILM
2026-08-02 21:10:00+00:00,0.0,KILM
2026-08-02 21:15:00+00:00,0.0,KILM
2026-08-02 21:20:00+00:00,0.0,KILM
2026-08-02 21:25:00+00:00,0.0,KILM
2026-08-02 21:30:00+00:00,0.0,KILM
2026-08-02 21:35:00+00:00,0.0,KILM
2026-08-02 21:40:00+00:00,0.0,KILM
2026-08-02 21:45:00+00:00,0.0,KILM
2026-08-02 21:50:00+00:00,0.0,KILM
2026-08-02 21:53:00+00:00,0.0,KILM
2026-08-02 21:55:00+00:00,0.0,KILM
2026-08-02 22:00:00+00:00,0.0,KILM
2026-08-02 22:05:00+00:00,0.0,KILM
2026-08-02 22:10:00+00:00,0.0,KILM
2026-08-02 22:15:00+00:00,0.0,KILM
2026-08-02 22:20:00+00:00,0.0,KILM
2026-08-02 22:25:00+00:00,0.0,KILM
2026-08-02 22:30:00+00:00,0.0,KILM
2026-08-02 22:35:00+00:00,0.0,KILM
2026-08-02 22:40:00+00:00,0.0,KILM
2026-08-02 22:42:00+00:00,0.0,KFBG
2026-08-02 22:44:00+00:00,0.0,KFBG
2026-08-02 22:45:00+00:00,0.0,KILM
2026-08-02 22:49:00+00:00,0.0,KFBG
2026-08-02 22:50:00+00:00,0.0,KILM
2026-08-02 22:51:00+00:00,0.0,KFBG
2026-08-02 22:53:00+00:00,0.0,KILM
2026-08-02 22:55:00+00:00,0.0,KILM
2026-08-02 23:00:00+00:00,0.0,KILM
2026-08-02 23:03:00+00:00,0.0,KFBG
2026-08-02 23:05:00+00:00,0.0,KILM
2026-08-02 23:10:00+00:00,0.0,KILM
2026-08-02 23:15:00+00:00,0.0,KACZ
2026-08-02 23:16:00+00:00,0.0,KFBG
2026-08-02 23:20:00+00:00,0.0,KILM
2026-08-02 23:24:00+00:00,0.0,KFBG
2026-08-02 23:25:00+00:00,0.0,KILM
2026-08-02 23:26:00+00:00,0.0,KILM
2026-08-02 23:30:00+00:00,0.0,KILM
2026-08-02 23:35:00+00:00,0.0,KILM
2026-08-02 23:37:00+00:00,0.0,KFBG
2026-08-02 23:38:00+00:00,0.0,KFBG
2026-08-02 23:40:00+00:00,0.0,KILM
2026-08-02 23:45:00+00:00,0.0,KILM
2026-08-02 23:50:00+00:00,0.0,KILM
2026-08-02 23:53:00+00:00,0.0,KILM
2026-08-02 23:55:00+00:00,0.0,KILM
2026-08-03 00:00:00+00:00,0.0,KILM
2026-08-03 00:05:00+00:00,0.0,KILM
2026-08-03 00:10:00+00:00,0.0,KILM
2026-08-03 00:15:00+00:00,0.0,KILM
2026-08-03 00:20:00+00:00,0.0,KILM
2026-08-03 00:21:00+00:00,0.0,KFBG
2026-08-03 00:25:00+00:00,0.0,KILM
2026-08-03 00:26:00+00:00,0.0,KFBG
2026-08-03 00:27:00+00:00,0.0,KFBG
2026-08-03 00:30:00+00:00,0.0,KILM
2026-08-03 00:35:00+00:00,0.0,KILM
2026-08-03 00:40:00+00:00,0.0,KILM
2026-08-03 00:45:00+00:00,0.0,KILM
2026-08-03 00:50:00+00:00,0.0,KILM
2026-08-03 00:53:00+00:00,0.0,KILM
2026-08-03 00:55:00+00:00,0.0,KILM
2026-08-03 00:56:00+00:00,0.0,KFBG
2026-08-03 01:00:00+00:00,0.0,KILM
2026-08-03 01:03:00+00:00,0.0,KFBG
2026-08-03 01:05:00+00:00,0.0,KILM
2026-08-03 01:10:00+00:00,0.0,KILM
2026-08-03 01:13:00+00:00,0.0,KFBG
2026-08-03 01:15:00+00:00,0.0,KILM
2026-08-03 01:20:00+00:00,0.0,KILM
2026-08-03 01:25:00+00:00,0.0,KILM
2026-08-03 01:30:00+00:00,0.0,KILM
2026-08-03 01:35:00+00:00,0.0,KILM
2026-08-03 01:40:00+00:00,0.0,KILM
2026-08-03 01:45:00+00:00,0.0,KILM
2026-08-03 01:50:00+00:00,0.0,KILM
2026-08-03 01:53:00+00:00,0.0,KILM
2026-08-03 01:55:00+00:00,0.0,KILM
2026-08-03 02:00:00+00:00,0.0,KILM
2026-08-03 02:05:00+00:00,0.0,KILM
2026-08-03 02:10:00+00:00,0.0,KILM
2026-08-03 02:15:00+00:00,0.0,KILM
2026-08-03 02:20:00+00:00,0.0,KILM
2026-08-03 02:25:00+00:00,0.0,KILM
2026-08-03 02:30:00+00:00,0.0,KILM
2026-08-03 02:35:00+00:00,0.0,KILM
2026-08-03 02:36:00+00:00,0.0,KFBG
2026-08-03 02:40:00+00:00,0.0,KILM
2026-08-03 02:45:00+00:00,0.0,KILM
2026-08-03 02:50:00+00:00,0.0,KILM
2026-08-03 02:53:00+00:00,0.0,KILM
2026-08-03 02:55:00+00:00,0.0,KILM
2026-08-03 02:59:00+00:00,0.0,KFBG
2026-08-03 03:00:00+00:00,0.0,KILM
2026-08-03 03:05:00+00:00,0.0,KILM
2026-08-03 03:10:00+00:00,0.0,KILM
2026-08-03 03:15:00+00:00,0.0,KILM
2026-08-03 03:20:00+00:00,0.0,KILM
2026-08-03 03:21:00+00:00,0.0393700787401574,KILM
2026-08-03 03:25:00+00:00,0.0,KILM
2026-08-03 03:30:00+00:00,0.0,KILM
2026-08-03 03:33:00+00:00,0.0,KFBG
2026-08-03 03:35:00+00:00,0.0,KILM
2026-08-03 03:38:00+00:00,0.0,KFBG
2026-08-03 03:40:00+00:00,0.0,KILM
2026-08-03 03:45:00+00:00,0.0,KILM
2026-08-03 03:50:00+00:00,0.0,KILM
2026-08-03 03:53:00+00:00,0.0,KILM
2026-08-03 03:55:00+00:00,0.0,KILM
2026-08-03 04:00:00+00:00,0.0,KILM
2026-08-03 04:05:00+00:00,0.0,KILM
2026-08-03 04:10:00+00:00,0.0,KILM
2026-08-03 04:15:00+00:00,0.0,KILM
2026-08-03 04:19:00+00:00,0.0,KFBG
2026-08-03 04:20:00+00:00,0.0,KILM
2026-08-03 04:25:00+00:00,0.0,KILM
2026-08-03 04:30:00+00:00,0.0,KILM
2026-08-03 04:34:00+00:00,0.0,KFBG
2026-08-03 04:35:00+00:00,0.0,KILM
2026-08-03 04:40:00+00:00,0.0,KILM
2026-08-03 04:44:00+00:00,0.0,KFBG
2026-08-03 04:45:00+00:00,0.0,KILM
2026-08-03 04:50:00+00:00,0.0,KILM
2026-08-03 04:53:00+00:00,0.0511811023622047,KILM
2026-08-03 04:54:00+00:00,0.0,KFBG
2026-08-03 04:55:00+00:00,0.0,KILM
2026-08-03 05:00:00+00:00,0.0,KILM
2026-08-03 05:05:00+00:00,0.0,KILM
2026-08-03 05:10:00+00:00,0.0,KILM
2026-08-03 05:15:00+00:00,0.0118110236220472,KILM
2026-08-03 05:20:00+00:00,0.0,KILM
2026-08-03 05:25:00+00:00,0.0,KILM
2026-08-03 05:28:00+00:00,0.0118110236220472,KILM
2026-08-03 05:30:00+00:00,0.0,KILM
2026-08-03 05:35:00+00:00,0.0,KILM
2026-08-03 05:40:00+00:00,0.0,KILM
2026-08-03 05:45:00+00:00,0.0,KILM
2026-08-03 05:50:00+00:00,0.0118110236220472,KILM
2026-08-03 05:53:00+00:00,0.0118110236220472,KILM
2026-08-03 05:55:00+00:00,0.0,KILM
2026-08-03 06:00:00+00:00,0.0,KILM
2026-08-03 06:05:00+00:00,0.0,KILM
2026-08-03 06:10:00+00:00,0.0,KILM
2026-08-03 06:15:00+00:00,0.0,KILM
2026-08-03 06:20:00+00:00,0.0,KILM
2026-08-03 06:25:00+00:00,0.0,KILM
2026-08-03 06:30:00+00:00,0.0,KILM
2026-08-03 06:35:00+00:00,0.0,KILM
2026-08-03 06:40:00+00:00,0.0,KILM
2026-08-03 06:45:00+00:00,0.0,KILM
2026-08-03 06:50:00+00:00,0.0,KILM
2026-08-03 06:53:00+00:00,0.0118110236220472,KILM
2026-08-03 06:55:00+00:00,0.0,KILM
2026-08-03 07:00:00+00:00,0.0,KILM
2026-08-03 07:05:00+00:00,0.0,KILM
2026-08-03 07:10:00+00:00,0.0,KILM
2026-08-03 07:15:00+00:00,0.0,KILM
2026-08-03 07:20:00+00:00,0.0,KILM
2026-08-03 07:25:00+00:00,0.0,KILM
2026-08-03 07:30:00+00:00,0.0,KILM
2026-08-03 07:35:00+00:00,0.0,KILM
2026-08-03 07:40:00+00:00,0.0,KILM
2026-08-03 07:45:00+00:00,0.0,KILM
2026-08-03 07:50:00+00:00,0.0,KILM
2026-08-03 07:53:00+00:00,0.0,KILM
2026-08-03 07:55:00+00:00,0.0,KILM
2026-08-03 08:00:00+00:00,0.0,KILM
2026-08-03 08:05:00+00:00,0.0,KILM
2026-08-03 08:10:00+00:00,0.0,KILM
2026-08-03 08:15:00+00:00,0.0,KILM
2026-08-03 08:20:00+00:00,0.0,KILM
2026-08-03 08:25:00+00:00,0.0,KILM
2026-08-03 08:30:00+00:00,0.0,KILM
2026-08-03 08:35:00+00:00,0.0,KILM
2026-08-03 08:40:00+00:00,0.0,KILM
2026-08-03 08:45:00+00:00,0.0,KILM
2026-08-03 08:48:00+00:00,0.0,KILM
2026-08-03 08:50:00+00:00,0.0,KILM
2026-08-03 08:53:00+00:00,0.0,KILM
2026-08-03 08:55:00+00:00,0.0,KILM
2026-08-03 09:00:00+00:00,0.0,KILM
2026-08-03 09:05:00+00:00,0.0,KILM
2026-08-03 09:10:00+00:00,0.0,KILM
2026-08-03 09:12:00+00:00,0.0,KILM
2026-08-03 09:15:00+00:00,0.0,KILM
2026-08-03 09:20:00+00:00,0.0,KILM
2026-08-03 09:25:00+00:00,0.0,KILM
2026-08-03 09:30:00+00:00,0.0,KILM
2026-08-03 09:35:00+00:00,0.0,KILM
2026-08-03 09:40:00+00:00,0.0,KILM
2026-08-03 09:45:00+00:00,0.0,KILM
2026-08-03 09:50:00+00:00,0.0,KILM
2026-08-03 09:53:00+00:00,0.0,KILM
2026-08-03 09:55:00+00:00,0.0,KILM
2026-08-03 10:00:00+00:00,0.0,KILM
2026-08-03 10:05:00+00:00,0.0,KILM
2026-08-03 10:10:00+00:00,0.0,KILM
2026-08-03 10:15:00+00:00,0.0,KILM
2026-08-03 10:20:00+00:00,0.0,KILM
2026-08-03 10:25:00+00:00,0.0,KILM
2026-08-03 10:30:00+00:00,0.0,KILM
2026-08-03 10:35:00+00:00,0.0,KILM
2026-08-03 10:39:00+00:00,0.0,KFBG
2026-08-03 10:40:00+00:00,0.0,KILM
2026-08-03 10:45:00+00:00,0.0,KILM
2026-08-03 10:50:00+00:00,0.0,KILM
2026-08-03 10:53:00+00:00,0.0118110236220472,KILM
2026-08-03 10:55:00+00:00,0.0,KILM
2026-08-03 11:00:00+00:00,0.0,KILM
2026-08-03 11:05:00+00:00,0.0,KILM
2026-08-03 11:10:00+00:00,0.0,KILM
2026-08-03 11:15:00+00:00,0.0,KILM
2026-08-03 11:20:00+00:00,0.0,KILM
2026-08-03 11:25:00+00:00,0.0,KILM
2026-08-03 11:30:00+00:00,0.0,KILM
2026-08-03 11:35:00+00:00,0.0,KILM
2026-08-03 11:40:00+00:00,0.0,KILM
2026-08-03 11:45:00+00:00,0.0,KILM
2026-08-03 11:50:00+00:00,0.0,KILM
2026-08-03 11:53:00+00:00,0.0,KILM
2026-08-03 11:55:00+00:00,0.0,KILM
2026-08-03 12:00:00+00:00,0.0,KILM
2026-08-03 12:05:00+00:00,0.0,KILM
2026-08-03 12:10:00+00:00,0.0,KILM
2026-08-03 12:15:00+00:00,0.0,KILM
2026-08-03 12:20:00+00:00,0.0,KILM
2026-08-03 12:25:00+00:00,0.0,KILM
2026-08-03 12:30:00+00:00,0.0,KILM
2026-08-03 12:35:00+00:00,0.0,KILM
2026-08-03 12:40:00+00:00,0.0,KILM
2026-08-03 12:45:00+00:00,0.0,KILM
2026-08-03 12:50:00+00:00,0.0,KILM
2026-08-03 12:53:00+00:00,0.0,KILM
2026-08-03 12:55:00+00:00,0.0,KILM
2026-08-03 13:00:00+00:00,0.0,KILM
2026-08-03 13:05:00+00:00,0.0,KILM
2026-08-03 13:10:00+00:00,0.0,KILM
2026-08-03 13:15:00+00:00,0.0,KILM
2026-08-03 13:20:00+00:00,0.0,KILM
2026-08-03 13:25:00+00:00,0.0,KILM
2026-08-03 13:30:00+00:00,0.0,KILM
2026-08-03 13:35:00+00:00,0.0,KILM
2026-08-03 13:40:00+00:00,0.0,KILM
2026-08-03 13:45:00+00:00,0.0,KILM
2026-08-03 13:50:00+00:00,0.0,KILM
2026-08-03 13:53:00+00:00,0.0,KILM
2026-08-03 13:55:00+00:00,0.0,KILM
2026-08-03 14:00:00+00:00,0.0,KILM
2026-08-03 14:05:00+00:00,0.0,KILM
2026-08-03 14:10:00+00:00,0.0,KILM
2026-08-03 14:15:00+00:00,0.0,KILM
2026-08-03 14:20:00+00:00,0.0,KILM
2026-08-03 14:25:00+00:00,0.0,KILM
2026-08-03 14:30:00+00:00,0.0,KILM
2026-08-03 14:35:00+00:00,0.0,KILM
2026-08-03 14:40:00+00:00,0.0,KILM
2026-08-03 14:45:00+00:00,0.0,KILM
2026-08-03 14:50:00+00:00,0.0,KILM
2026-08-03 14:53:00+00:00,0.0,KILM
2026-08-03 14:55:00+00:00,0.0,KILM
2026-08-03 15:00:00+00:00,0.0,KILM
2026-08-03 15:05:00+00:00,0.0,KILM
2026-08-03 15:10:00+00:00,0.0,KILM
2026-08-03 15:13:00+00:00,0.0,KILM
2026-08-03 15:15:00+00:00,0.0,KILM
2026-08-03 15:20:00+00:00,0.0,KILM
2026-08-03 15:25:00+00:00,0.0,KILM
2026-08-03 15:29:00+00:00,0.0,KILM
2026-08-03 15:30:00+00:00,0.0,KILM
2026-08-03 15:35:00+00:00,0.0,KILM
2026-08-03 15:40:00+00:00,0.0,KILM
2026-08-03 15:45:00+00:00,0.0,KILM
2026-08-03 15:50:00+00:00,0.0,KILM
2026-08-03 15:53:00+00:00,0.0,KILM
2026-08-03 15:55:00+00:00,0.0,KILM
2026-08-03 16:00:00+00:00,0.0,KILM
2026-08-03 16:05:00+00:00,0.0,KILM
2026-08-03 16:10:00+00:00,0.0,KILM
2026-08-03 16:15:00+00:00,0.0,KILM
2026-08-03 16:16:00+00:00,0.0,KILM
2026-08-03 16:20:00+00:00,0.0,KILM
2026-08-03 16:25:00+00:00,0.0,KILM
2026-08-03 16:26:00+00:00,0.0,KILM
2026-08-03 16:30:00+00:00,0.0,KILM
2026-08-03 16:35:00+00:00,0.0,KILM
2026-08-03 16:40:00+00:00,0.0,KILM
2026-08-03 16:42:00+00:00,0.0393700787401574,KILM
2026-08-03 16:45:00+00:00,0.0,KILM
2026-08-03 16:47:00+00:00,0.0905511811023622,KILM
2026-08-03 16:50:00+00:00,0.0,KILM
2026-08-03 16:53:00+00:00,0.1299212598425196,KILM
2026-08-03 16:55:00+00:00,0.0,KILM
2026-08-03 17:00:00+00:00,0.0,KILM
2026-08-03 17:02:00+00:00,0.0,KILM
2026-08-03 17:05:00+00:00,0.0,KILM
2026-08-03 17:10:00+00:00,0.0,KILM
2026-08-03 17:15:00+00:00,0.0,KILM
2026-08-03 17:20:00+00:00,0.0,KILM
2026-08-03 17:25:00+00:00,0.0,KILM
2026-08-03 17:30:00+00:00,0.0,KILM
2026-08-03 17:35:00+00:00,0.0,KILM
2026-08-03 17:40:00+00:00,0.0,KILM
2026-08-03 17:43:00+00:00,0.0118110236220472,KILM
2026-08-03 17:45:00+00:00,0.0,KILM
2026-08-03 17:50:00+00:00,0.0,KILM
2026-08-03 17:53:00+00:00,0.0196850393700787,KILM
2026-08-03 17:55:00+00:00,0.0,KILM
2026-08-03 18:00:00+00:00,0.0,KILM
2026-08-03 18:05:00+00:00,0.0,KILM
2026-08-03 18:10:00+00:00,0.0,KILM
2026-08-03 18:15:00+00:00,0.0,KILM
2026-08-03 18:20:00+00:00,0.0,KILM
2026-08-03 18:25:00+00:00,0.0,KILM
2026-08-03 18:30:00+00:00,0.0,KILM
2026-08-03 18:35:00+00:00,0.0,KILM
2026-08-03 18:40:00+00:00,0.0,KILM
2026-08-03 18:45:00+00:00,0.0,KILM
2026-08-03 18:50:00+00:00,0.0,KILM
2026-08-03 18:53:00+00:00,0.0,KILM
2026-08-03 18:55:00+00:00,0.0,KILM
2026-08-03 19:00:00+00:00,0.0,KILM
2026-08-03 19:05:00+00:00,0.0,KILM
2026-08-03 19:10:00+00:00,0.0,KILM
2026-08-03 19:15:00+00:00,0.0,KILM
2026-08-03 19:20:00+00:00,0.0,KILM
2026-08-03 19:25:00+00:00,0.0,KILM
2026-08-03 19:30:00+00:00,0.0,KILM
2026-08-03 19:35:00+00:00,0.0,KILM
2026-08-03 19:40:00+00:00,0.0,KILM
2026-08-03 19:45:00+00:00,0.0,KILM
2026-08-03 19:50:00+00:00,0.0,KILM
2026-08-03 19:53:00+00:00,0.0,KILM
2026-08-03 19:55:00+00:00,0.0,KILM
2026-08-03 20:00:00+00:00,0.0,KILM
2026-08-03 20:05:00+00:00,0.0,KILM
2026-08-03 20:10:00+00:00,0.0,KILM
2026-08-03 20:15:00+00:00,0.0,KILM
2026-08-03 20:20:00+00:00,0.0,KILM
2026-08-03 20:23:00+00:00,0.0,KILM
2026-08-03 20:25:00+00:00,0.0,KILM
2026-08-03 20:30:00+00:00,0.0,KILM
2026-08-03 20:35:00+00:00,0.0,KILM
2026-08-03 20:40:00+00:00,0.0,KILM
2026-08-03 20:44:00+00:00,0.0,KILM
2026-08-03 20:45:00+00:00,0.0,KILM
2026-08-03 20:50:00+00:00,0.0,KILM
2026-08-03 20:53:00+00:00,0.0,KILM
2026-08-03 20:55:00+00:00,0.0,KILM
2026-08-03 21:00:00+00:00,0.0,KILM
2026-08-03 21:05:00+00:00,0.0,KILM
2026-08-03 21:10:00+00:00,0.0,KILM
2026-08-03 21:15:00+00:00,0.0,KILM
2026-08-03 21:20:00+00:00,0.0,KILM
2026-08-03 21:25:00+00:00,0.0,KILM
2026-08-03 21:30:00+00:00,0.0,KILM
2026-08-03 21:35:00+00:00,0.0,KILM
2026-08-03 21:40:00+00:00,0.0,KILM
2026-08-03 21:43:00+00:00,0.0196850393700787,KILM
2026-08-03 21:45:00+00:00,0.0,KILM
2026-08-03 21:50:00+00:00,0.0,KILM
2026-08-03 21:53:00+00:00,0.0393700787401574,KILM
2026-08-03 21:55:00+00:00,0.0,KILM
2026-08-03 22:00:00+00:00,0.0,KILM
2026-08-03 22:05:00+00:00,0.0,KILM
2026-08-03 22:10:00+00:00,0.0,KILM
2026-08-03 22:11:00+00:00,0.0511811023622047,KILM
2026-08-03 22:15:00+00:00,0.0,KILM
2026-08-03 22:20:00+00:00,0.0,KILM
2026-08-03 22:25:00+00:00,0.0,KILM
2026-08-03 22:30:00+00:00,0.0,KILM
2026-08-03 22:35:00+00:00,0.0,KILM
2026-08-03 22:40:00+00:00,0.0,KILM
2026-08-03 22:45:00+00:00,0.0,KILM
2026-08-03 22:50:00+00:00,0.0,KILM
2026-08-03 22:53:00+00:00,0.0787401574803149,KILM
2026-08-03 22:55:00+00:00,0.0,KILM
2026-08-03 23:00:00+00:00,0.0,KILM
2026-08-03 23:05:00+00:00,0.0,KILM
2026-08-03 23:08:00+00:00,0.0,KFBG
2026-08-03 23:10:00+00:00,0.0,KILM
2026-08-03 23:15:00+00:00,0.0,KILM
2026-08-03 23:20:00+00:00,0.0,KILM
2026-08-03 23:25:00+00:00,0.0,KILM
2026-08-03 23:30:00+00:00,0.0,KILM
2026-08-03 23:35:00+00:00,0.0,KILM
2026-08-03 23:38:00+00:00,0.0,KFBG
2026-08-03 23:40:00+00:00,0.0,KILM
2026-08-03 23:45:00+00:00,0.0,KILM
2026-08-03 23:50:00+00:00,0.0,KILM
2026-08-03 23:53:00+00:00,0.0905511811023622,KILM
2026-08-03 23:55:00+00:00,0.0,KILM
2026-08-04 00:00:00+00:00,0.0,KILM
2026-08-04 00:05:00+00:00,0.0,KILM
2026-08-04 00:10:00+00:00,0.0,KILM
2026-08-04 00:12:00+00:00,0.0,KFBG
2026-08-04 00:15:00+00:00,0.0,KILM
2026-08-04 00:20:00+00:00,0.0,KILM
2026-08-04 00:25:00+00:00,0.0,KILM
2026-08-04 00:29:00+00:00,0.0,KFBG
2026-08-04 00:30:00+00:00,0.0,KILM
2026-08-04 00:35:00+00:00,0.0,KILM
2026-08-04 00:40:00+00:00,0.0,KILM
2026-08-04 00:44:00+00:00,0.0,KFBG
2026-08-04 00:45:00+00:00,0.0,KILM
2026-08-04 00:50:00+00:00,0.0,KILM
2026-08-04 00:53:00+00:00,0.0,KILM
2026-08-04 00:55:00+00:00,0.0,KILM
2026-08-04 01:00:00+00:00,0.0,KILM
2026-08-04 01:05:00+00:00,0.0,KILM
2026-08-04 01:10:00+00:00,0.0,KILM
2026-08-04 01:15:00+00:00,0.0,KILM
2026-08-04 01:16:00+00:00,0.0,KFBG
2026-08-04 01:17:00+00:00,0.0,KFBG
2026-08-04 01:20:00+00:00,0.0,KILM
2026-08-04 01:25:00+00:00,0.0,KILM
2026-08-04 01:30:00+00:00,0.0,KILM
2026-08-04 01:35:00+00:00,0.0,KILM
2026-08-04 01:40:00+00:00,0.0,KILM
2026-08-04 01:45:00+00:00,0.0,KILM
2026-08-04 01:50:00+00:00,0.0,KILM
2026-08-04 01:53:00+00:00,0.0118110236220472,KILM
2026-08-04 01:55:00+00:00,0.0,KILM
2026-08-04 02:00:00+00:00,0.0,KILM
2026-08-04 02:05:00+00:00,0.0,KILM
2026-08-04 02:10:00+00:00,0.0,KILM
2026-08-04 02:15:00+00:00,0.0,KILM
2026-08-04 02:20:00+00:00,0.0,KILM
2026-08-04 02:25:00+00:00,0.0,KILM
2026-08-04 02:30:00+00:00,0.0,KILM
2026-08-04 02:35:00+00:00,0.0,KILM
2026-08-04 02:40:00+00:00,0.0,KILM
2026-08-04 02:45:00+00:00,0.0,KILM
2026-08-04 02:50:00+00:00,0.0,KILM
2026-08-04 02:53:00+00:00,0.0,KILM
2026-08-04 02:55:00+00:00,0.0,KILM
2026-08-04 03:00:00+00:00,0.0,KILM
2026-08-04 03:05:00+00:00,0.0,KILM
2026-08-04 03:10:00+00:00,0.0,KILM
2026-08-04 03:15:00+00:00,0.0,KILM
2026-08-04 03:20:00+00:00,0.0,KILM
2026-08-04 03:25:00+00:00,0.0,KILM
2026-08-04 03:30:00+00:00,0.0,KILM
2026-08-04 03:35:00+00:00,0.0,KILM
2026-08-04 03:40:00+00:00,0.0,KILM
2026-08-04 03:45:00+00:00,0.0,KILM
2026-08-04 03:50:00+00:00,0.0,KILM
2026-08-04 03:53:00+00:00,0.0,KILM
2026-08-04 03:55:00+00:00,0.0,KILM
2026-08-04 04:00:00+00:00,0.0,KILM
2026-08-04 04:05:00+00:00,0.0,KILM
2026-08-04 04:10:00+00:00,0.0,KILM
2026-08-04 04:15:00+00:00,0.0,KILM
2026-08-04 04:20:00+00:00,0.0,KILM
2026-08-04 04:25:00+00:00,0.0,KILM
2026-08-04 04:30:00+00:00,0.0,KILM
2026-08-04 04:35:00+00:00,0.0,KILM
2026-08-04 04:40:00+00:00,0.0,KILM
2026-08-04 04:45:00+00:00,0.0,KILM
2026-08-04 04:50:00+00:00,0.0,KILM
2026-08-04 04:53:00+00:00,0.0,KILM
2026-08-04 04:55:00+00:00,0.0,KILM
2026-08-04 05:00:00+00:00,0.0,KILM
2026-08-04 05:05:00+00:00,0.0,KILM
2026-08-04 05:10:00+00:00,0.0,KILM
2026-08-04 05:15:00+00:00,0.0,KILM
2026-08-04 05:19:00+00:00,0.0,KFBG
2026-08-04 05:20:00+00:00,0.0,KILM
2026-08-04 05:25:00+00:00,0.0,KILM
2026-08-04 05:30:00+00:00,0.0,KILM
2026-08-04 05:35:00+00:00,0.0,KILM
2026-08-04 05:40:00+00:00,0.0,KILM
2026-08-04 05:45:00+00:00,0.0,KILM
2026-08-04 05:50:00+00:00,0.0,KILM
2026-08-04 05:53:00+00:00,0.0196850393700787,KILM
2026-08-04 05:55:00+00:00,0.0,KILM
2026-08-04 06:00:00+00:00,0.0,KILM
2026-08-04 06:05:00+00:00,0.0,KILM
2026-08-04 06:10:00+00:00,0.0,KILM
2026-08-04 06:15:00+00:00,0.0,KILM
2026-08-04 06:20:00+00:00,0.0,KILM
2026-08-04 06:25:00+00:00,0.0,KILM
2026-08-04 06:30:00+00:00,0.0,KILM
2026-08-04 06:35:00+00:00,0.0,KILM
2026-08-04 06:40:00+00:00,0.0,KILM
2026-08-04 06:45:00+00:00,0.0,KILM
2026-08-04 06:50:00+00:00,0.0,KILM
2026-08-04 06:53:00+00:00,0.0905511811023622,KILM
2026-08-04 06:55:00+00:00,0.0,KILM
2026-08-04 07:00:00+00:00,0.0,KILM
2026-08-04 07:05:00+00:00,0.0,KILM
2026-08-04 07:10:00+00:00,0.0,KILM
2026-08-04 07:15:00+00:00,0.0,KILM
2026-08-04 07:20:00+00:00,0.0,KILM
2026-08-04 07:25:00+00:00,0.0,KILM
2026-08-04 07:30:00+00:00,0.0,KILM
2026-08-04 07:35:00+00:00,0.0,KILM
2026-08-04 07:40:00+00:00,0.0,KILM
2026-08-04 07:45:00+00:00,0.0,KILM
2026-08-04 07:50:00+00:00,0.0,KILM
2026-08-04 07:53:00+00:00,0.0,KILM
2026-08-04 07:55:00+00:00,0.0,KILM
2026-08-04 08:00:00+00:00,0.0,KILM
2026-08-04 08:05:00+00:00,0.0,KILM
2026-08-04 08:10:00+00:00,0.0,KILM
2026-08-04 08:15:00+00:00,0.0,KILM
2026-08-04 08:20:00+00:00,0.0,KILM
2026-08-04 08:25:00+00:00,0.0,KILM
2026-08-04 08:30:00+00:00,0.0,KILM
2026-08-04 08:35:00+00:00,0.0,KILM
2026-08-04 08:40:00+00:00,0.0,KILM
2026-08-04 08:42:00+00:00,0.0118110236220472,KILM
2026-08-04 08:45:00+00:00,0.0,KILM
2026-08-04 08:46:00+00:00,0.0984251968503937,KILM
2026-08-04 08:50:00+00:00,0.0,KILM
2026-08-04 08:53:00+00:00,0.1811023622047244,KILM
2026-08-04 08:55:00+00:00,0.0,KILM
2026-08-04 09:00:00+00:00,0.0,KILM
2026-08-04 09:04:00+00:00,0.1299212598425196,KILM
2026-08-04 09:05:00+00:00,0.0,KILM
2026-08-04 09:10:00+00:00,0.1811023622047244,KILM
2026-08-04 09:15:00+00:00,0.0,KILM
2026-08-04 09:19:00+00:00,0.2007874015748031,KILM
2026-08-04 09:20:00+00:00,0.0,KILM
2026-08-04 09:25:00+00:00,0.0,KILM
2026-08-04 09:27:00+00:00,0.2401574803149606,KILM
2026-08-04 09:30:00+00:00,0.0,KILM
2026-08-04 09:35:00+00:00,0.0,KILM
2026-08-04 09:40:00+00:00,0.0,KILM
2026-08-04 09:45:00+00:00,0.0,KILM
2026-08-04 09:48:00+00:00,0.4488188976377953,KILM
2026-08-04 09:50:00+00:00,0.0,KILM
2026-08-04 09:53:00+00:00,0.4606299212598425,KILM
2026-08-04 09:55:00+00:00,0.0,KILM
2026-08-04 09:59:00+00:00,0.0590551181102362,KILM
2026-08-04 10:00:00+00:00,0.0,KILM
2026-08-04 10:05:00+00:00,0.0,KILM
2026-08-04 10:09:00+00:00,0.1889763779527559,KILM
2026-08-04 10:10:00+00:00,0.0,KILM
2026-08-04 10:15:00+00:00,0.0,KILM
2026-08-04 10:19:00+00:00,0.531496062992126,KILM
2026-08-04 10:20:00+00:00,0.0,KILM
2026-08-04 10:22:00+00:00,0.5984251968503937,KILM
2026-08-04 10:25:00+00:00,0.6181102362204725,KILM
2026-08-04 10:30:00+00:00,0.0,KILM
2026-08-04 10:33:00+00:00,0.6496062992125985,KILM
2026-08-04 10:35:00+00:00,0.0,KILM
2026-08-04 10:40:00+00:00,0.0,KILM
2026-08-04 10:45:00+00:00,0.0,KILM
2026-08-04 10:50:00+00:00,0.0,KILM
2026-08-04 10:53:00+00:00,0.7204724409448819,KILM
2026-08-04 10:55:00+00:00,0.0,KILM
2026-08-04 11:00:00+00:00,0.0,KILM
2026-08-04 11:05:00+00:00,0.0,KILM
2026-08-04 11:10:00+00:00,0.0,KILM
2026-08-04 11:15:00+00:00,0.0,KILM
2026-08-04 11:20:00+00:00,0.0,KILM
2026-08-04 11:24:00+00:00,0.1299212598425196,KILM
2026-08-04 11:25:00+00:00,0.0,KILM
2026-08-04 11:30:00+00:00,0.0,KILM
2026-08-04 11:35:00+00:00,0.0,KILM
2026-08-04 11:40:00+00:00,0.0,KILM
2026-08-04 11:41:00+00:00,0.2401574803149606,KILM
2026-08-04 11:45:00+00:00,0.0,KILM
2026-08-04 11:50:00+00:00,0.0,KILM
2026-08-04 11:53:00+00:00,0.2598425196850393,KILM
2026-08-04 11:55:00+00:00,0.0,KILM
2026-08-04 12:00:00+00:00,0.0,KILM
2026-08-04 12:05:00+00:00,0.0,KILM
2026-08-04 12:07:00+00:00,0.0511811023622047,KILM
2026-08-04 12:10:00+00:00,0.0,KILM
2026-08-04 12:15:00+00:00,0.0590551181102362,KILM
2026-08-04 12:20:00+00:00,0.0,KILM
2026-08-04 12:25:00+00:00,0.0787401574803149,KILM
2026-08-04 12:30:00+00:00,0.0,KILM
2026-08-04 12:35:00+00:00,0.0,KILM
2026-08-04 12:40:00+00:00,0.0,KILM
2026-08-04 12:45:00+00:00,0.0,KILM
2026-08-04 12:50:00+00:00,0.0,KILM
2026-08-04 12:53:00+00:00,0.0984251968503937,KILM
2026-08-04 12:55:00+00:00,0.0,KILM
2026-08-04 13:00:00+00:00,0.0,KILM
2026-08-04 13:05:00+00:00,0.0,KILM
2026-08-04 13:10:00+00:00,0.0,KILM
2026-08-04 13:15:00+00:00,0.0,KILM
2026-08-04 13:20:00+00:00,0.0,KILM
2026-08-04 13:25:00+00:00,0.0,KILM
2026-08-04 13:35:00+00:00,0.0,KILM
2026-08-04 13:40:00+00:00,0.0,KILM
2026-08-04 13:45:00+00:00,0.0,KILM
2026-08-04 13:50:00+00:00,0.0,KILM
2026-08-04 13:53:00+00:00,0.0708661417322834,KILM
2026-08-04 13:55:00+00:00,0.0,KILM
2026-08-04 14:00:00+00:00,0.0,KILM
2026-08-04 14:05:00+00:00,0.0,KILM
2026-08-04 14:06:00+00:00,0.0118110236220472,KILM
2026-08-04 14:10:00+00:00,0.0,KILM
2026-08-04 14:15:00+00:00,0.0,KILM
2026-08-04 14:20:00+00:00,0.0,KILM
2026-08-04 14:25:00+00:00,0.0,KILM
2026-08-04 14:30:00+00:00,0.0,KILM
2026-08-04 14:33:00+00:00,0.0118110236220472,KILM
2026-08-04 14:35:00+00:00,0.0,KILM
2026-08-04 14:40:00+00:00,0.0,KILM
2026-08-04 14:45:00+00:00,0.0,KILM
2026-08-04 14:50:00+00:00,0.0,KILM
2026-08-04 14:53:00+00:00,0.0196850393700787,KILM
2026-08-04 14:55:00+00:00,0.0,KILM
2026-08-04 15:00:00+00:00,0.0,KILM
2026-08-04 15:05:00+00:00,0.0,KILM
2026-08-04 15:10:00+00:00,0.0,KILM
2026-08-04 15:15:00+00:00,0.0,KILM
2026-08-04 15:20:00+00:00,0.0,KILM
2026-08-04 15:25:00+00:00,0.0,KILM
2026-08-04 15:26:00+00:00,0.0708661417322834,KILM
2026-08-04 15:30:00+00:00,0.0,KILM
2026-08-04 15:35:00+00:00,0.0,KILM
2026-08-04 15:40:00+00:00,0.0,KILM
2026-08-04 15:45:00+00:00,0.0,KILM
2026-08-04 15:50:00+00:00,0.0,KILM
2026-08-04 15:53:00+00:00,0.0984251968503937,KILM
2026-08-04 15:55:00+00:00,0.0,KILM
2026-08-04 15:56:00+00:00,0.0,KFBG
2026-08-04 16:00:00+00:00,0.0,KILM
2026-08-04 16:01:00+00:00,0.0,KFBG
2026-08-04 16:05:00+00:00,0.0,KILM
2026-08-04 16:09:00+00:00,0.0,KFBG
2026-08-04 16:10:00+00:00,0.0,KILM
2026-08-04 16:14:00+00:00,0.0,KFBG
2026-08-04 16:15:00+00:00,0.0,KILM
2026-08-04 16:16:00+00:00,0.0,KFBG
2026-08-04 16:20:00+00:00,0.0,KILM
2026-08-04 16:22:00+00:00,0.0,KFBG
2026-08-04 16:25:00+00:00,0.0,KILM
2026-08-04 16:28:00+00:00,0.0,KFBG
2026-08-04 16:29:00+00:00,0.0,KFBG
2026-08-04 16:30:00+00:00,0.0,KILM
2026-08-04 16:35:00+00:00,0.0,KILM
2026-08-04 16:39:00+00:00,0.0,KFBG
2026-08-04 16:40:00+00:00,0.0,KILM
2026-08-04 16:45:00+00:00,0.0,KILM
2026-08-04 16:50:00+00:00,0.0,KILM
2026-08-04 16:53:00+00:00,0.0,KILM
2026-08-04 16:55:00+00:00,0.0,KILM
2026-08-04 17:00:00+00:00,0.0,KILM
2026-08-04 17:05:00+00:00,0.0,KILM
2026-08-04 17:10:00+00:00,0.0,KILM
2026-08-04 17:15:00+00:00,0.0,KILM
2026-08-04 17:19:00+00:00,0.0,KFBG
2026-08-04 17:20:00+00:00,0.0,KILM
2026-08-04 17:25:00+00:00,0.0,KILM
2026-08-04 17:29:00+00:00,0.0,KFBG
2026-08-04 17:30:00+00:00,0.0,KILM
2026-08-04 17:34:00+00:00,0.0,KFBG
2026-08-04 17:35:00+00:00,0.0,KILM
2026-08-04 17:40:00+00:00,0.0,KILM
2026-08-04 17:42:00+00:00,0.0,KILM
2026-08-04 17:45:00+00:00,0.0,KILM
2026-08-04 17:50:00+00:00,0.0,KILM
2026-08-04 17:53:00+00:00,0.0,KILM
2026-08-04 17:54:00+00:00,0.0,KFBG
2026-08-04 17:55:00+00:00,0.0,KILM
2026-08-04 17:57:00+00:00,0.0,KFBG
2026-08-04 18:00:00+00:00,0.0,KILM
2026-08-04 18:05:00+00:00,0.0,KILM
2026-08-04 18:07:00+00:00,0.0,KFBG
2026-08-04 18:10:00+00:00,0.0,KILM
2026-08-04 18:13:00+00:00,0.0,KILM
2026-08-04 18:15:00+00:00,0.0,KILM
2026-08-04 18:17:00+00:00,0.0,KFBG
2026-08-04 18:20:00+00:00,0.0,KILM
2026-08-04 18:25:00+00:00,0.0,KILM
2026-08-04 18:27:00+00:00,0.0,KFBG
2026-08-04 18:30:00+00:00,0.0,KILM
2026-08-04 18:35:00+00:00,0.0,KILM
2026-08-04 18:37:00+00:00,0.0,KFBG
2026-08-04 18:40:00+00:00,0.0,KILM
2026-08-04 18:45:00+00:00,0.0,KILM
2026-08-04 18:50:00+00:00,0.0,KILM
2026-08-04 18:53:00+00:00,0.0,KILM
2026-08-04 18:55:00+00:00,0.0,KILM
2026-08-04 19:00:00+00:00,0.0,KILM
2026-08-04 19:03:00+00:00,0.0,KFBG
2026-08-04 19:05:00+00:00,0.0,KILM
2026-08-04 19:10:00+00:00,0.0,KILM
2026-08-04 19:15:00+00:00,0.0,KILM
2026-08-04 19:20:00+00:00,0.0,KILM
2026-08-04 19:25:00+00:00,0.0,KILM
2026-08-04 19:30:00+00:00,0.0,KILM
2026-08-04 19:35:00+00:00,0.0,KILM
2026-08-04 19:38:00+00:00,0.0,KFBG
2026-08-04 19:40:00+00:00,0.0,KILM
2026-08-04 19:43:00+00:00,0.0118110236220472,KILM
2026-08-04 19:45:00+00:00,0.0,KILM
2026-08-04 19:50:00+00:00,0.0,KILM
2026-08-04 19:53:00+00:00,0.0118110236220472,KILM
2026-08-04 19:55:00+00:00,0.0,KILM
2026-08-04 20:00:00+00:00,0.0,KILM
2026-08-04 20:05:00+00:00,0.0,KILM
2026-08-04 20:10:00+00:00,0.0,KILM
2026-08-04 20:15:00+00:00,0.0,KILM
2026-08-04 20:20:00+00:00,0.0,KILM
2026-08-04 20:25:00+00:00,0.0,KILM
2026-08-04 20:30:00+00:00,0.0,KILM
2026-08-04 20:35:00+00:00,0.0,KILM
2026-08-04 20:36:00+00:00,0.0,KFBG
2026-08-04 20:40:00+00:00,0.0,KILM
2026-08-04 20:45:00+00:00,0.0,KILM
2026-08-04 20:46:00+00:00,0.0,KFBG
2026-08-04 20:50:00+00:00,0.0,KILM
2026-08-04 20:53:00+00:00,0.0,KILM
2026-08-04 20:55:00+00:00,0.0,KILM
2026-08-04 21:00:00+00:00,0.0,KILM
2026-08-04 21:05:00+00:00,0.0,KILM
2026-08-04 21:10:00+00:00,0.0,KILM
2026-08-04 21:14:00+00:00,0.0,KFBG
2026-08-04 21:15:00+00:00,0.0,KILM
2026-08-04 21:20:00+00:00,0.0,KILM
2026-08-04 21:22:00+00:00,0.0,KILM
2026-08-04 21:25:00+00:00,0.0,KILM
2026-08-04 21:28:00+00:00,0.0,KFBG
2026-08-04 21:30:00+00:00,0.0,KILM
2026-08-04 21:35:00+00:00,0.0,KILM
2026-08-04 21:40:00+00:00,0.0,KILM
2026-08-04 21:45:00+00:00,0.0,KILM
2026-08-04 21:50:00+00:00,0.0,KILM
2026-08-04 21:53:00+00:00,0.0,KILM
2026-08-04 21:55:00+00:00,0.0,KILM
2026-08-04 22:00:00+00:00,0.0,KILM
2026-08-04 22:05:00+00:00,0.0,KILM
2026-08-04 22:10:00+00:00,0.0,KILM
2026-08-04 22:15:00+00:00,0.0,KILM
2026-08-04 22:20:00+00:00,0.0,KILM
2026-08-04 22:25:00+00:00,0.0,KILM
2026-08-04 22:30:00+00:00,0.0,KILM
2026-08-04 22:35:00+00:00,0.0,KILM
2026-08-04 22:36:00+00:00,0.0,KFBG
2026-08-04 22:40:00+00:00,0.0,KILM
2026-08-04 22:44:00+00:00,0.0,KFBG
2026-08-04 22:45:00+00:00,0.0,KILM
2026-08-04 22:50:00+00:00,0.0,KILM
2026-08-04 22:53:00+00:00,0.0,KILM
2026-08-04 22:55:00+00:00,0.0,KILM
2026-08-04 23:00:00+00:00,0.0,KILM
2026-08-04 23:05:00+00:00,0.0,KILM
2026-08-04 23:10:00+00:00,0.0,KILM
2026-08-04 23:15:00+00:00,0.0,KILM
2026-08-04 23:18:00+00:00,0.0,KFBG
2026-08-04 23:20:00+00:00,0.0,KILM
2026-08-04 23:25:00+00:00,0.0,KILM
2026-08-04 23:30:00+00:00,0.0,KILM
2026-08-04 23:35:00+00:00,0.0,KILM
2026-08-04 23:40:00+00:00,0.0,KILM
2026-08-04 23:45:00+00:00,0.0,KILM
2026-08-04 23:50:00+00:00,0.0,KILM
2026-08-04 23:53:00+00:00,0.0,KILM
2026-08-04 23:55:00+00:00,0.0,KSUT
2026-08-05 00:00:00+00:00,0.0,KILM
2026-08-05 00:05:00+00:00,0.0,KILM
2026-08-05 00:06:00+00:00,0.0,KFBG
2026-08-05 00:10:00+00:00,0.0,KILM
2026-08-05 00:15:00+00:00,0.0,KSUT
2026-08-05 00:20:00+00:00,0.0,KILM
2026-08-05 00:25:00+00:00,0.0,KILM
2026-08-05 00:30:00+00:00,0.0,KILM
2026-08-05 00:35:00+00:00,0.0,KSUT
2026-08-05 00:40:00+00:00,0.0,KILM
2026-08-05 00:45:00+00:00,0.0,KILM
2026-08-05 00:50:00+00:00,0.0,KILM
2026-08-05 00:53:00+00:00,0.0,KILM
2026-08-05 00:55:00+00:00,0.0,KSUT
2026-08-05 01:00:00+00:00,0.0,KILM
2026-08-05 01:05:00+00:00,0.0,KILM
2026-08-05 01:10:00+00:00,0.0,KILM
2026-08-05 01:15:00+00:00,0.0,KSUT
2026-08-05 01:20:00+00:00,0.0,KILM
2026-08-05 01:25:00+00:00,0.0,KILM
2026-08-05 01:30:00+00:00,0.0,KILM
2026-08-05 01:35:00+00:00,0.0,KSUT
2026-08-05 01:38:00+00:00,0.0,KFBG
2026-08-05 01:40:00+00:00,0.0,KILM
2026-08-05 01:45:00+00:00,0.0,KILM
2026-08-05 01:50:00+00:00,0.0,KILM
2026-08-05 01:53:00+00:00,0.0,KILM
2026-08-05 01:55:00+00:00,0.0,KSUT
2026-08-05 02:00:00+00:00,0.0,KILM
2026-08-05 02:01:00+00:00,0.0,KFBG
2026-08-05 02:05:00+00:00,0.0,KILM
2026-08-05 02:07:00+00:00,0.0,KFBG
2026-08-05 02:10:00+00:00,0.0,KILM
2026-08-05 02:15:00+00:00,0.0,KSUT
2026-08-05 02:20:00+00:00,0.0,KILM
2026-08-05 02:25:00+00:00,0.0,KILM
2026-08-05 02:30:00+00:00,0.0,KILM
2026-08-05 02:35:00+00:00,0.0,KSUT
2026-08-05 02:40:00+00:00,0.0,KILM
2026-08-05 02:45:00+00:00,0.0,KILM
2026-08-05 02:50:00+00:00,0.0,KILM
2026-08-05 02:53:00+00:00,0.0,KILM
2026-08-05 02:55:00+00:00,0.0,KSUT
2026-08-05 03:00:00+00:00,0.0,KILM
2026-08-05 03:05:00+00:00,0.0,KILM
2026-08-05 03:10:00+00:00,0.0,KILM
2026-08-05 03:15:00+00:00,0.0,KSUT
2026-08-05 03:20:00+00:00,0.0,KILM
2026-08-05 03:25:00+00:00,0.0,KILM
2026-08-05 03:30:00+00:00,0.0,KILM
2026-08-05 03:35:00+00:00,0.0,KSUT
2026-08-05 03:40:00+00:00,0.0,KILM
2026-08-05 03:45:00+00:00,0.0,KILM
2026-08-05 03:50:00+00:00,0.0,KILM
2026-08-05 03:53:00+00:00,0.0,KILM
2026-08-05 03:55:00+00:00,0.0,KILM
2026-08-05 04:00:00+00:00,0.0,KILM
2026-08-05 04:05:00+00:00,0.0,KILM
2026-08-05 04:10:00+00:00,0.0,KILM
2026-08-05 04:15:00+00:00,0.0,KILM
2026-08-05 04:20:00+00:00,0.0,KILM
2026-08-05 04:25:00+00:00,0.0,KILM
2026-08-05 04:30:00+00:00,0.0,KILM
2026-08-05 04:35:00+00:00,0.0,KILM
2026-08-05 04:40:00+00:00,0.0,KILM
2026-08-05 04:45:00+00:00,0.0,KILM
2026-08-05 04:50:00+00:00,0.0,KILM
2026-08-05 04:53:00+00:00,0.0,KILM
2026-08-05 04:55:00+00:00,0.0,KILM
2026-08-05 05:00:00+00:00,0.0,KILM
2026-08-05 05:05:00+00:00,0.0,KILM
2026-08-05 05:10:00+00:00,0.0,KILM
2026-08-05 05:15:00+00:00,0.0,KILM
2026-08-05 05:20:00+00:00,0.0,KILM
2026-08-05 05:25:00+00:00,0.0,KILM
2026-08-05 05:30:00+00:00,0.0,KILM
2026-08-05 05:35:00+00:00,0.0,KILM
2026-08-05 05:40:00+00:00,0.0,KILM
2026-08-05 05:45:00+00:00,0.0,KILM
2026-08-05 05:50:00+00:00,0.0,KILM
2026-08-05 05:53:00+00:00,0.0,KILM
2026-08-05 05:55:00+00:00,0.0,KILM
2026-08-05 06:00:00+00:00,0.0,KILM
2026-08-05 06:05:00+00:00,0.0,KILM
2026-08-05 06:10:00+00:00,0.0,KILM
2026-08-05 06:15:00+00:00,0.0,KILM
2026-08-05 06:20:00+00:00,0.0,KILM
2026-08-05 06:25:00+00:00,0.0,KILM
2026-08-05 06:30:00+00:00,0.0,KILM
2026-08-05 06:35:00+00:00,0.0,KILM
2026-08-05 06:40:00+00:00,0.0,KILM
2026-08-05 06:45:00+00:00,0.0,KILM
2026-08-05 06:50:00+00:00,0.0,KILM
2026-08-05 06:53:00+00:00,0.0511811023622047,KILM
2026-08-05 06:55:00+00:00,0.0,KILM
2026-08-05 07:00:00+00:00,0.0,KILM
2026-08-05 07:03:00+00:00,0.0,KILM
2026-08-05 07:05:00+00:00,0.0,KILM
2026-08-05 07:10:00+00:00,0.0,KILM
2026-08-05 07:11:00+00:00,0.1299212598425196,KILM
2026-08-05 07:15:00+00:00,0.0,KILM
2026-08-05 07:19:00+00:00,0.1299212598425196,KILM
2026-08-05 07:20:00+00:00,0.0,KILM
2026-08-05 07:25:00+00:00,0.0,KILM
2026-08-05 07:30:00+00:00,0.0,KILM
2026-08-05 07:35:00+00:00,0.0,KILM
2026-08-05 07:40:00+00:00,0.0,KILM
2026-08-05 07:45:00+00:00,0.0,KILM
2026-08-05 07:50:00+00:00,0.0,KILM
2026-08-05 07:53:00+00:00,0.1889763779527559,KILM
2026-08-05 07:55:00+00:00,0.0,KILM
2026-08-05 08:00:00+00:00,0.0,KILM
2026-08-05 08:05:00+00:00,0.0,KILM
2026-08-05 08:10:00+00:00,0.0,KILM
2026-08-05 08:15:00+00:00,0.0,KILM
2026-08-05 08:20:00+00:00,0.0,KILM
2026-08-05 08:25:00+00:00,0.0,KILM
2026-08-05 08:30:00+00:00,0.0,KILM
2026-08-05 08:35:00+00:00,0.0,KILM
2026-08-05 08:40:00+00:00,0.0,KILM
2026-08-05 08:45:00+00:00,0.0,KILM
2026-08-05 08:50:00+00:00,0.0,KILM
2026-08-05 08:53:00+00:00,0.0,KILM
2026-08-05 08:55:00+00:00,0.0,KILM
2026-08-05 09:00:00+00:00,0.0,KILM
2026-08-05 09:05:00+00:00,0.0,KILM
2026-08-05 09:10:00+00:00,0.0,KILM
2026-08-05 09:15:00+00:00,0.0,KILM
2026-08-05 09:20:00+00:00,0.0,KILM
2026-08-05 09:25:00+00:00,0.0,KILM
2026-08-05 09:30:00+00:00,0.0,KILM
2026-08-05 09:32:00+00:00,0.0,KFBG
2026-08-05 09:35:00+00:00,0.0,KILM
2026-08-05 09:40:00+00:00,0.0,KILM
2026-08-05 09:42:00+00:00,0.0,KFBG
2026-08-05 09:45:00+00:00,0.0,KILM
2026-08-05 09:50:00+00:00,0.0,KILM
2026-08-05 09:52:00+00:00,0.0,KFBG
2026-08-05 09:53:00+00:00,0.0,KILM
2026-08-05 09:55:00+00:00,0.0,KILM
2026-08-05 10:00:00+00:00,0.0,KILM
2026-08-05 10:04:00+00:00,0.0,KILM
2026-08-05 10:05:00+00:00,0.0,KILM
2026-08-05 10:10:00+00:00,0.0,KILM
2026-08-05 10:12:00+00:00,0.0314960629921259,KILM
2026-08-05 10:15:00+00:00,0.0,KILM
2026-08-05 10:20:00+00:00,0.2007874015748031,KILM
2026-08-05 10:25:00+00:00,0.0,KILM
2026-08-05 10:27:00+00:00,0.2204724409448819,KILM
2026-08-05 10:30:00+00:00,0.0,KILM
2026-08-05 10:35:00+00:00,0.0,KILM
2026-08-05 10:40:00+00:00,0.0,KILM
2026-08-05 10:45:00+00:00,0.0,KILM
2026-08-05 10:50:00+00:00,0.0,KILM
2026-08-05 10:53:00+00:00,0.2283464566929134,KILM
2026-08-05 10:55:00+00:00,0.0,KILM
2026-08-05 11:00:00+00:00,0.0,KILM
2026-08-05 11:05:00+00:00,0.0,KILM
2026-08-05 11:10:00+00:00,0.0,KILM
2026-08-05 11:15:00+00:00,0.0,KILM
2026-08-05 11:20:00+00:00,0.0,KILM
2026-08-05 11:21:00+00:00,0.0,KFBG
2026-08-05 11:25:00+00:00,0.0,KILM
2026-08-05 11:30:00+00:00,0.0,KILM
2026-08-05 11:31:00+00:00,0.0,KFBG
2026-08-05 11:35:00+00:00,0.0,KILM
2026-08-05 11:40:00+00:00,0.0,KILM
2026-08-05 11:45:00+00:00,0.0,KILM
2026-08-05 11:50:00+00:00,0.0,KILM
2026-08-05 11:53:00+00:00,0.0,KILM
2026-08-05 11:55:00+00:00,0.0,KILM
2026-08-05 12:00:00+00:00,0.0,KILM
2026-08-05 12:05:00+00:00,0.0,KILM
2026-08-05 12:10:00+00:00,0.0,KILM
2026-08-05 12:15:00+00:00,0.0,KILM
2026-08-05 12:20:00+00:00,0.0,KILM
2026-08-05 12:25:00+00:00,0.0,KILM
2026-08-05 12:30:00+00:00,0.0,KILM
2026-08-05 12:35:00+00:00,0.0,KILM
2026-08-05 12:40:00+00:00,0.0,KILM
2026-08-05 12:45:00+00:00,0.0,KILM
2026-08-05 12:50:00+00:00,0.0,KILM
2026-08-05 12:53:00+00:00,0.0393700787401574,KILM
2026-08-05 12:55:00+00:00,0.0,KILM
2026-08-05 13:00:00+00:00,0.0,KILM
2026-08-05 13:05:00+00:00,0.0,KILM
2026-08-05 13:10:00+00:00,0.0,KILM
2026-08-05 13:15:00+00:00,0.0,KILM
2026-08-05 13:20:00+00:00,0.0,KILM
2026-08-05 13:25:00+00:00,0.0,KILM
2026-08-05 13:30:00+00:00,0.0,KILM
2026-08-05 13:35:00+00:00,0.0,KILM
2026-08-05 13:40:00+00:00,0.0,KILM
2026-08-05 13:45:00+00:00,0.0,KILM
2026-08-05 13:50:00+00:00,0.0,KILM
2026-08-05 13:53:00+00:00,0.0511811023622047,KILM
2026-08-05 13:55:00+00:00,0.0,KILM
2026-08-05 14:00:00+00:00,0.0,KILM
2026-08-05 14:05:00+00:00,0.0,KILM
2026-08-05 14:10:00+00:00,0.0,KILM
2026-08-05 14:15:00+00:00,0.0,KILM
2026-08-05 14:20:00+00:00,0.0,KILM
2026-08-05 14:25:00+00:00,0.0,KILM
2026-08-05 14:30:00+00:00,0.0,KILM
2026-08-05 14:35:00+00:00,0.0,KILM
2026-08-05 14:40:00+00:00,0.0,KILM
2026-08-05 14:45:00+00:00,0.0,KILM
2026-08-05 14:50:00+00:00,0.0,KILM
2026-08-05 14:53:00+00:00,0.0118110236220472,KILM
2026-08-05 14:55:00+00:00,0.0,KILM
2026-08-05 15:00:00+00:00,0.0,KILM
2026-08-05 15:05:00+00:00,0.0,KILM
2026-08-05 15:10:00+00:00,0.0,KILM
2026-08-05 15:15:00+00:00,0.0,KILM
2026-08-05 15:20:00+00:00,0.0,KILM
2026-08-05 15:24:00+00:00,0.0,KFBG
2026-08-05 15:25:00+00:00,0.0,KILM
2026-08-05 15:30:00+00:00,0.0,KILM
2026-08-05 15:35:00+00:00,0.0,KILM
2026-08-05 15:40:00+00:00,0.0,KILM
2026-08-05 15:45:00+00:00,0.0,KILM
2026-08-05 15:50:00+00:00,0.0,KILM
2026-08-05 15:53:00+00:00,0.0,KILM
2026-08-05 15:55:00+00:00,0.0,KILM
2026-08-05 16:00:00+00:00,0.0,KILM
2026-08-05 16:05:00+00:00,0.0,KILM
2026-08-05 16:10:00+00:00,0.0,KILM
2026-08-05 16:15:00+00:00,0.0,KILM
2026-08-05 16:20:00+00:00,0.0,KILM
2026-08-05 16:25:00+00:00,0.0,KILM
2026-08-05 16:29:00+00:00,0.0,KILM
2026-08-05 16:30:00+00:00,0.0,KILM
2026-08-05 16:35:00+00:00,0.0,KILM
2026-08-05 16:40:00+00:00,0.0,KILM
2026-08-05 16:45:00+00:00,0.0,KILM
2026-08-05 16:50:00+00:00,0.0,KILM
2026-08-05 16:53:00+00:00,0.0,KILM
2026-08-05 16:55:00+00:00,0.0,KILM
2026-08-05 17:00:00+00:00,0.0,KILM
2026-08-05 17:05:00+00:00,0.0,KILM
2026-08-05 17:10:00+00:00,0.0,KILM
2026-08-05 17:15:00+00:00,0.0,KILM
2026-08-05 17:19:00+00:00,0.0,KFBG
2026-08-05 17:20:00+00:00,0.0,KILM
2026-08-05 17:25:00+00:00,0.0,KILM
2026-08-05 17:30:00+00:00,0.0,KILM
2026-08-05 17:35:00+00:00,0.0,KILM
2026-08-05 17:40:00+00:00,0.0,KILM
2026-08-05 17:45:00+00:00,0.0,KILM
2026-08-05 17:50:00+00:00,0.0,KILM
2026-08-05 17:53:00+00:00,0.0,KILM
2026-08-05 17:55:00+00:00,0.0,KILM
2026-08-05 18:00:00+00:00,0.0,KILM
2026-08-05 18:05:00+00:00,0.0,KILM
2026-08-05 18:10:00+00:00,0.0,KILM
2026-08-05 18:15:00+00:00,0.0,KILM
2026-08-05 18:20:00+00:00,0.0,KILM
2026-08-05 18:25:00+00:00,0.0,KILM
2026-08-05 18:30:00+00:00,0.0,KILM
2026-08-05 18:35:00+00:00,0.0,KILM
2026-08-05 18:40:00+00:00,0.0,KILM
2026-08-05 18:45:00+00:00,0.0,KILM
2026-08-05 18:50:00+00:00,0.0,KILM
2026-08-05 18:53:00+00:00,0.0,KILM
2026-08-05 18:55:00+00:00,0.0,KILM
2026-08-05 19:00:00+00:00,0.0,KILM
2026-08-05 19:05:00+00:00,0.0,KILM
2026-08-05 19:10:00+00:00,0.0,KILM
2026-08-05 19:15:00+00:00,0.0,KILM
2026-08-05 19:20:00+00:00,0.0,KILM
2026-08-05 19:25:00+00:00,0.0,KILM
2026-08-05 19:30:00+00:00,0.0,KILM
2026-08-05 19:35:00+00:00,0.0,KILM
2026-08-05 19:38:00+00:00,0.0,KFBG
2026-08-05 19:40:00+00:00,0.0,KILM
2026-08-05 19:45:00+00:00,0.0,KILM
2026-08-05 19:50:00+00:00,0.0,KILM
2026-08-05 19:53:00+00:00,0.0,KILM
2026-08-05 19:55:00+00:00,0.0,KILM
2026-08-05 20:00:00+00:00,0.0,KILM
2026-08-05 20:05:00+00:00,0.0,KILM
2026-08-05 20:10:00+00:00,0.0,KILM
2026-08-05 20:15:00+00:00,0.0,KILM
2026-08-05 20:20:00+00:00,0.0,KILM
2026-08-05 20:25:00+00:00,0.0,KILM
2026-08-05 20:30:00+00:00,0.0,KILM
2026-08-05 20:35:00+00:00,0.0,KILM
2026-08-05 20:40:00+00:00,0.0,KILM
2026-08-05 20:45:00+00:00,0.0,KILM
2026-08-05 20:50:00+00:00,0.0,KILM
2026-08-05 20:53:00+00:00,0.0,KILM
2026-08-05 20:55:00+00:00,0.0,KILM
2026-08-05 21:00:00+00:00,0.0,KILM
2026-08-05 21:05:00+00:00,0.0,KILM
2026-08-05 21:10:00+00:00,0.0,KILM
2026-08-05 21:15:00+00:00,0.0,KSUT
2026-08-05 21:20:00+00:00,0.0,KILM
2026-08-05 21:25:00+00:00,0.0,KILM
2026-08-05 21:30:00+00:00,0.0,KILM
2026-08-05 21:35:00+00:00,0.0,KSUT
2026-08-05 21:40:00+00:00,0.0,KILM
2026-08-05 21:45:00+00:00,0.0,KILM
2026-08-05 21:50:00+00:00,0.0,KILM
2026-08-05 21:53:00+00:00,0.0,KILM
2026-08-05 21:55:00+00:00,0.0,KSUT
2026-08-05 22:00:00+00:00,0.0,KILM
2026-08-05 22:05:00+00:00,0.0,KILM
2026-08-05 22:10:00+00:00,0.0,KILM
2026-08-05 22:15:00+00:00,0.0,KSUT
2026-08-05 22:20:00+00:00,0.0,KILM
2026-08-05 22:25:00+00:00,0.0,KILM
2026-08-05 22:30:00+00:00,0.0,KILM
2026-08-05 22:35:00+00:00,0.0,KSUT
2026-08-05 22:40:00+00:00,0.0,KILM
2026-08-05 22:45:00+00:00,0.0,KILM
2026-08-05 22:50:00+00:00,0.0,KILM
2026-08-05 22:53:00+00:00,0.0,KILM
2026-08-05 22:55:00+00:00,0.0,KSUT
2026-08-05 23:00:00+00:00,0.0,KILM
2026-08-05 23:05:00+00:00,0.0,KILM
2026-08-05 23:10:00+00:00,0.0,KILM
2026-08-05 23:15:00+00:00,0.0,KSUT
2026-08-05 23:20:00+00:00,0.0,KILM
2026-08-05 23:25:00+00:00,0.0,KILM
2026-08-05 23:30:00+00:00,0.0,KILM
2026-08-05 23:35:00+00:00,0.0,KSUT
2026-08-05 23:40:00+00:00,0.0,KILM
2026-08-05 23:45:00+00:00,0.0,KILM
2026-08-05 23:50:00+00:00,0.0,KILM
2026-08-05 23:53:00+00:00,0.0,KILM
2026-08-05 23:55:00+00:00,0.0,KSUT
2026-08-06 00:00:00+00:00,0.0,KILM
2026-08-06 00:05:00+00:00,0.0,KILM
2026-08-06 00:10:00+00:00,0.0,KILM
2026-08-06 00:15:00+00:00,0.0,KSUT
2026-08-06 00:20:00+00:00,0.0,KILM
2026-08-06 00:25:00+00:00,0.0,KILM
2026-08-06 00:30:00+00:00,0.0,KILM
2026-08-06 00:35:00+00:00,0.0,KSUT
2026-08-06 00:40:00+00:00,0.0,KILM
2026-08-06 00:45:00+00:00,0.0,KILM
2026-08-06 00:50:00+00:00,0.0,KILM
2026-08-06 00:53:00+00:00,0.0,KILM
2026-08-06 00:55:00+00:00,0.0,KSUT
2026-08-06 01:00:00+00:00,0.0,KILM
2026-08-06 01:05:00+00:00,0.0,KILM
2026-08-06 01:10:00+00:00,0.0,KILM
2026-08-06 01:15:00+00:00,0.0,KSUT
2026-08-06 01:20:00+00:00,0.0,KILM
2026-08-06 01:25:00+00:00,0.0,KILM
2026-08-06 01:30:00+00:00,0.0,KILM
2026-08-06 01:34:00+00:00,0.0,KFBG
2026-08-06 01:35:00+00:00,0.0,KSUT
2026-08-06 01:40:00+00:00,0.0,KILM
2026-08-06 01:45:00+00:00,0.0,KILM
2026-08-06 01:50:00+00:00,0.0,KILM
2026-08-06 01:53:00+00:00,0.0,KILM
2026-08-06 01:55:00+00:00,0.0,KSUT
2026-08-06 02:00:00+00:00,0.0,KILM
2026-08-06 02:05:00+00:00,0.0,KILM
2026-08-06 02:10:00+00:00,0.0,KILM
2026-08-06 02:15:00+00:00,0.0,KSUT
2026-08-06 02:20:00+00:00,0.0,KILM
2026-08-06 02:25:00+00:00,0.0,KILM
2026-08-06 02:30:00+00:00,0.0,KILM
2026-08-06 02:34:00+00:00,0.0,KFBG
2026-08-06 02:35:00+00:00,0.0,KSUT
2026-08-06 02:40:00+00:00,0.0,KILM
2026-08-06 02:45:00+00:00,0.0,KILM
2026-08-06 02:50:00+00:00,0.0,KILM
2026-08-06 02:53:00+00:00,0.0,KILM
2026-08-06 02:55:00+00:00,0.0,KSUT
2026-08-06 03:00:00+00:00,0.0,KILM
2026-08-06 03:05:00+00:00,0.0,KILM
2026-08-06 03:10:00+00:00,0.0,KILM
2026-08-06 03:15:00+00:00,0.0,KSUT
2026-08-06 03:20:00+00:00,0.0,KILM
2026-08-06 03:25:00+00:00,0.0,KILM
2026-08-06 03:30:00+00:00,0.0,KILM
2026-08-06 03:35:00+00:00,0.0,KSUT
2026-08-06 03:40:00+00:00,0.0,KILM
2026-08-06 03:45:00+00:00,0.0,KILM
2026-08-06 03:49:00+00:00,0.0,KFBG
2026-08-06 03:50:00+00:00,0.0,KILM
2026-08-06 03:53:00+00:00,0.0,KILM
2026-08-06 03:55:00+00:00,0.0,KSUT
2026-08-06 04:00:00+00:00,0.0,KILM
2026-08-06 04:05:00+00:00,0.0,KILM
2026-08-06 04:10:00+00:00,0.0,KILM
2026-08-06 04:15:00+00:00,0.0,KSUT
2026-08-06 04:20:00+00:00,0.0,KILM
2026-08-06 04:25:00+00:00,0.0,KILM
2026-08-06 04:30:00+00:00,0.0,KILM
2026-08-06 04:35:00+00:00,0.0,KSUT
2026-08-06 04:40:00+00:00,0.0,KILM
2026-08-06 04:45:00+00:00,0.0,KILM
2026-08-06 04:50:00+00:00,0.0,KILM
2026-08-06 04:53:00+00:00,0.0,KILM
2026-08-06 04:55:00+00:00,0.0,KSUT
2026-08-06 05:00:00+00:00,0.0,KILM
2026-08-06 05:05:00+00:00,0.0,KILM
2026-08-06 05:10:00+00:00,0.0,KACZ
2026-08-06 05:15:00+00:00,0.0,KSUT
2026-08-06 05:20:00+00:00,0.0,KILM
2026-08-06 05:25:00+00:00,0.0,KILM
2026-08-06 05:30:00+00:00,0.0,KILM
2026-08-06 05:35:00+00:00,0.0,KACZ
2026-08-06 05:40:00+00:00,0.0,KILM
2026-08-06 05:45:00+00:00,0.0,KILM
2026-08-06 05:50:00+00:00,0.0,KILM
2026-08-06 05:53:00+00:00,0.0,KILM
2026-08-06 05:55:00+00:00,0.0,KILM
2026-08-06 06:00:00+00:00,0.0,KILM
2026-08-06 06:05:00+00:00,0.0,KILM
2026-08-06 06:10:00+00:00,0.0,KILM
2026-08-06 06:15:00+00:00,0.0,KACZ
2026-08-06 06:20:00+00:00,0.0,KILM
2026-08-06 06:25:00+00:00,0.0,KILM
2026-08-06 06:30:00+00:00,0.0,KILM
2026-08-06 06:35:00+00:00,0.0,KACZ
2026-08-06 06:40:00+00:00,0.0,KILM
2026-08-06 06:45:00+00:00,0.0,KILM
2026-08-06 06:50:00+00:00,0.0,KILM
2026-08-06 06:53:00+00:00,0.0,KILM
2026-08-06 06:55:00+00:00,0.0,KILM
2026-08-06 07:00:00+00:00,0.0,KILM
2026-08-06 07:05:00+00:00,0.0,KILM
2026-08-06 07:10:00+00:00,0.0,KILM
2026-08-06 07:15:00+00:00,0.0,KACZ
2026-08-06 07:20:00+00:00,0.0,KILM
2026-08-06 07:25:00+00:00,0.0,KILM
2026-08-06 07:30:00+00:00,0.0,KILM
2026-08-06 07:31:00+00:00,0.0,KILM
2026-08-06 07:35:00+00:00,0.0,KACZ
2026-08-06 07:38:00+00:00,0.0,KILM
2026-08-06 07:40:00+00:00,0.0,KILM
2026-08-06 07:45:00+00:00,0.0,KILM
2026-08-06 07:50:00+00:00,0.0,KILM
2026-08-06 07:53:00+00:00,0.0,KILM
2026-08-06 07:55:00+00:00,0.0,KILM
2026-08-06 08:00:00+00:00,0.0,KILM
2026-08-06 08:05:00+00:00,0.0,KILM
2026-08-06 08:10:00+00:00,0.0,KILM
2026-08-06 08:15:00+00:00,0.0,KACZ
2026-08-06 08:20:00+00:00,0.0,KILM
2026-08-06 08:25:00+00:00,0.0,KILM
2026-08-06 08:30:00+00:00,0.0,KILM
2026-08-06 08:35:00+00:00,0.0,KACZ
2026-08-06 08:40:00+00:00,0.0,KILM
2026-08-06 08:45:00+00:00,0.0,KILM
2026-08-06 08:50:00+00:00,0.0,KILM
2026-08-06 08:53:00+00:00,0.0,KILM
2026-08-06 08:55:00+00:00,0.0,KILM
2026-08-06 09:00:00+00:00,0.0,KILM
2026-08-06 09:05:00+00:00,0.0,KILM
2026-08-06 09:10:00+00:00,0.0,KILM
2026-08-06 09:15:00+00:00,0.0,KACZ
2026-08-06 09:20:00+00:00,0.0,KILM
2026-08-06 09:25:00+00:00,0.0,KILM
2026-08-06 09:30:00+00:00,0.0,KILM
2026-08-06 09:32:00+00:00,0.0,KFBG
2026-08-06 09:35:00+00:00,0.0,KACZ
2026-08-06 09:37:00+00:00,0.0,KFBG
2026-08-06 09:40:00+00:00,0.0,KILM
2026-08-06 09:45:00+00:00,0.0,KILM
2026-08-06 09:50:00+00:00,0.0,KILM
2026-08-06 09:53:00+00:00,0.0,KILM
2026-08-06 09:55:00+00:00,0.0,KILM
2026-08-06 09:59:00+00:00,0.0,KFBG
2026-08-06 10:00:00+00:00,0.0,KILM
2026-08-06 10:05:00+00:00,0.0,KILM
2026-08-06 10:10:00+00:00,0.0,KILM
2026-08-06 10:15:00+00:00,0.0,KACZ
2026-08-06 10:20:00+00:00,0.0,KILM
2026-08-06 10:25:00+00:00,0.0,KILM
2026-08-06 10:30:00+00:00,0.0,KILM
2026-08-06 10:35:00+00:00,0.0,KACZ
2026-08-06 10:39:00+00:00,0.0,KFBG
2026-08-06 10:40:00+00:00,0.0,KILM
2026-08-06 10:45:00+00:00,0.0,KILM
2026-08-06 10:50:00+00:00,0.0,KILM
2026-08-06 10:53:00+00:00,0.0,KILM
2026-08-06 10:55:00+00:00,0.0,KACZ
2026-08-06 11:00:00+00:00,0.0,KILM
2026-08-06 11:05:00+00:00,0.0,KILM
2026-08-06 11:10:00+00:00,0.0,KILM
2026-08-06 11:15:00+00:00,0.0,KACZ
2026-08-06 11:20:00+00:00,0.0,KILM
2026-08-06 11:25:00+00:00,0.0,KILM
2026-08-06 11:30:00+00:00,0.0,KILM
2026-08-06 11:35:00+00:00,0.0,KACZ
2026-08-06 11:38:00+00:00,0.0,KFBG
2026-08-06 11:40:00+00:00,0.0,KILM
2026-08-06 11:45:00+00:00,0.0,KILM
2026-08-06 11:50:00+00:00,0.0,KILM
2026-08-06 11:53:00+00:00,0.0,KILM
2026-08-06 11:55:00+00:00,0.0,KILM
2026-08-06 12:00:00+00:00,0.0,KILM
2026-08-06 12:05:00+00:00,0.0,KILM
2026-08-06 12:10:00+00:00,0.0,KILM
2026-08-06 12:15:00+00:00,0.0,KACZ
2026-08-06 12:20:00+00:00,0.0,KILM
2026-08-06 12:25:00+00:00,0.0,KILM
2026-08-06 12:30:00+00:00,0.0,KILM
2026-08-06 12:35:00+00:00,0.0,KILM
2026-08-06 12:40:00+00:00,0.0,KILM
2026-08-06 12:45:00+00:00,0.0,KILM
2026-08-06 12:50:00+00:00,0.0,KILM
2026-08-06 12:53:00+00:00,0.0,KILM
2026-08-06 12:55:00+00:00,0.0,KACZ
2026-08-06 13:00:00+00:00,0.0,KILM
2026-08-06 13:05:00+00:00,0.0,KILM
2026-08-06 13:10:00+00:00,0.0,KILM
2026-08-06 13:15:00+00:00,0.0,KACZ
2026-08-06 13:20:00+00:00,0.0,KILM
2026-08-06 13:25:00+00:00,0.0,KILM
2026-08-06 13:30:00+00:00,0.0,KILM
2026-08-06 13:35:00+00:00,0.0,KACZ
2026-08-06 13:40:00+00:00,0.0,KILM
2026-08-06 13:45:00+00:00,0.0,KILM
2026-08-06 13:50:00+00:00,0.0,KILM
2026-08-06 13:53:00+00:00,0.0,KILM
2026-08-06 13:55:00+00:00,0.0,KILM
2026-08-06 14:00:00+00:00,0.0,KILM
2026-08-06 14:05:00+00:00,0.0,KILM
2026-08-06 14:09:00+00:00,0.0,KFBG
2026-08-06 14:10:00+00:00,0.0,KILM
2026-08-06 14:14:00+00:00,0.0,KFBG
2026-08-06 14:15:00+00:00,0.0,KILM
2026-08-06 14:20:00+00:00,0.0,KILM
2026-08-06 14:25:00+00:00,0.0,KILM
2026-08-06 14:30:00+00:00,0.0,KILM
2026-08-06 14:35:00+00:00,0.0,KILM
2026-08-06 14:40:00+00:00,0.0,KILM
2026-08-06 14:45:00+00:00,0.0,KILM
2026-08-06 14:46:00+00:00,0.0,KILM
2026-08-06 14:50:00+00:00,0.0,KILM
2026-08-06 14:53:00+00:00,0.0,KILM
2026-08-06 14:55:00+00:00,0.0,KILM
2026-08-06 15:00:00+00:00,0.0,KILM
2026-08-06 15:03:00+00:00,0.0,KILM
2026-08-06 15:05:00+00:00,0.0,KILM
2026-08-06 15:10:00+00:00,0.0,KILM
2026-08-06 15:15:00+00:00,0.0,KILM
2026-08-06 15:20:00+00:00,0.0,KILM
2026-08-06 15:21:00+00:00,0.0,KFBG
2026-08-06 15:25:00+00:00,0.0,KILM
2026-08-06 15:26:00+00:00,0.0,KFBG
2026-08-06 15:30:00+00:00,0.0,KILM
2026-08-06 15:35:00+00:00,0.0,KILM
2026-08-06 15:40:00+00:00,0.0,KILM
2026-08-06 15:45:00+00:00,0.0,KILM
2026-08-06 15:46:00+00:00,0.0,KFBG
2026-08-06 15:50:00+00:00,0.0,KILM
2026-08-06 15:53:00+00:00,0.0,KILM
2026-08-06 15:55:00+00:00,0.0,KILM
2026-08-06 16:00:00+00:00,0.0,KILM
2026-08-06 16:05:00+00:00,0.0,KILM
2026-08-06 16:10:00+00:00,0.0,KILM
2026-08-06 16:15:00+00:00,0.0,KILM
2026-08-06 16:20:00+00:00,0.0,KILM
2026-08-06 16:25:00+00:00,0.0,KILM
2026-08-06 16:30:00+00:00,0.0,KILM
2026-08-06 16:35:00+00:00,0.0,KILM
2026-08-06 16:40:00+00:00,0.0,KILM
2026-08-06 16:42:00+00:00,0.0,KILM
2026-08-06 16:45:00+00:00,0.0,KILM
2026-08-06 16:50:00+00:00,0.0,KILM
2026-08-06 16:51:00+00:00,0.0,KFBG
2026-08-06 16:53:00+00:00,0.0,KILM
2026-08-06 16:55:00+00:00,0.0,KILM
2026-08-06 17:00:00+00:00,0.0,KILM
2026-08-06 17:05:00+00:00,0.0,KILM
2026-08-06 17:10:00+00:00,0.0,KILM
2026-08-06 17:15:00+00:00,0.0,KILM
2026-08-06 17:20:00+00:00,0.0,KILM
2026-08-06 17:25:00+00:00,0.0,KILM
2026-08-06 17:30:00+00:00,0.0,KILM
2026-08-06 17:35:00+00:00,0.0,KILM
2026-08-06 17:40:00+00:00,0.0,KILM
2026-08-06 17:45:00+00:00,0.0,KILM
2026-08-06 17:50:00+00:00,0.0,KILM
2026-08-06 17:53:00+00:00,0.0,KILM
2026-08-06 17:55:00+00:00,0.0,KILM
2026-08-06 18:00:00+00:00,0.0,KILM
2026-08-06 18:05:00+00:00,0.0,KILM
2026-08-06 18:10:00+00:00,0.0,KILM
2026-08-06 18:15:00+00:00,0.0,KILM
2026-08-06 18:20:00+00:00,0.0,KILM
2026-08-06 18:23:00+00:00,0.0,KFBG
2026-08-06 18:25:00+00:00,0.0,KILM
2026-08-06 18:30:00+00:00,0.0,KILM
2026-08-06 18:35:00+00:00,0.0,KILM
2026-08-06 18:40:00+00:00,0.0,KILM
2026-08-06 18:45:00+00:00,0.0,KILM
2026-08-06 18:50:00+00:00,0.0,KILM
2026-08-06 18:51:00+00:00,0.0,KILM
2026-08-06 18:53:00+00:00,0.0,KILM
2026-08-06 18:55:00+00:00,0.0,KILM
2026-08-06 19:00:00+00:00,0.0,KILM
2026-08-06 19:05:00+00:00,0.0,KILM
2026-08-06 19:10:00+00:00,0.0,KILM
2026-08-06 19:15:00+00:00,0.0,KILM
2026-08-06 19:17:00+00:00,0.0,KFBG
2026-08-06 19:20:00+00:00,0.0,KILM
2026-08-06 19:21:00+00:00,0.0,KILM
2026-08-06 19:25:00+00:00,0.0,KILM
2026-08-06 19:30:00+00:00,0.0,KILM
2026-08-06 19:35:00+00:00,0.0,KILM
2026-08-06 19:40:00+00:00,0.0,KILM
2026-08-06 19:45:00+00:00,0.0,KILM
2026-08-06 19:50:00+00:00,0.0,KILM
2026-08-06 19:53:00+00:00,0.0,KILM
2026-08-06 19:55:00+00:00,0.0,KILM
2026-08-06 20:00:00+00:00,0.0,KILM
2026-08-06 20:03:00+00:00,0.0,KILM
2026-08-06 20:05:00+00:00,0.0,KILM
2026-08-06 20:10:00+00:00,0.0,KILM
2026-08-06 20:15:00+00:00,0.0,KILM
2026-08-06 20:20:00+00:00,0.0,KILM
2026-08-06 20:25:00+00:00,0.0,KILM
2026-08-06 20:30:00+00:00,0.0,KILM
2026-08-06 20:32:00+00:00,0.0984251968503937,KILM
2026-08-06 20:35:00+00:00,0.0,KILM
2026-08-06 20:40:00+00:00,0.1181102362204724,KILM
2026-08-06 20:45:00+00:00,0.0,KILM
2026-08-06 20:50:00+00:00,0.0,KILM
2026-08-06 20:53:00+00:00,0.2480314960629921,KILM
2026-08-06 20:55:00+00:00,0.0,KILM
2026-08-06 21:00:00+00:00,0.0,KILM
2026-08-06 21:05:00+00:00,0.0,KILM
2026-08-06 21:10:00+00:00,0.0,KILM
2026-08-06 21:15:00+00:00,0.0,KILM
2026-08-06 21:20:00+00:00,0.0,KILM
2026-08-06 21:25:00+00:00,0.0,KILM
2026-08-06 21:30:00+00:00,0.0,KILM
2026-08-06 21:35:00+00:00,0.0,KILM
2026-08-06 21:40:00+00:00,0.0,KILM
2026-08-06 21:45:00+00:00,0.0,KILM
2026-08-06 21:50:00+00:00,0.0,KILM
2026-08-06 21:53:00+00:00,0.0118110236220472,KILM
2026-08-06 21:55:00+00:00,0.0,KILM
2026-08-06 22:00:00+00:00,0.0,KILM
2026-08-06 22:05:00+00:00,0.0,KILM
2026-08-06 22:10:00+00:00,0.0,KILM
2026-08-06 22:15:00+00:00,0.0,KILM
2026-08-06 22:20:00+00:00,0.0,KILM
2026-08-06 22:25:00+00:00,0.0,KILM
2026-08-06 22:30:00+00:00,0.0,KILM
2026-08-06 22:35:00+00:00,0.0,KILM
2026-08-06 22:40:00+00:00,0.0,KILM
2026-08-06 22:45:00+00:00,0.0,KILM
2026-08-06 22:50:00+00:00,0.0,KILM
2026-08-06 22:53:00+00:00,0.0,KILM
2026-08-06 22:55:00+00:00,0.0,KILM
2026-08-06 23:00:00+00:00,0.0,KILM
2026-08-06 23:05:00+00:00,0.0,KILM
2026-08-06 23:10:00+00:00,0.0,KILM
2026-08-06 23:15:00+00:00,0.0,KILM
2026-08-06 23:20:00+00:00,0.0,KILM
2026-08-06 23:25:00+00:00,0.0,KILM
2026-08-06 23:30:00+00:00,0.0,KILM
2026-08-06 23:35:00+00:00,0.0,KILM
2026-08-06 23:40:00+00:00,0.0,KILM
2026-08-06 23:45:00+00:00,0.0,KILM
2026-08-06 23:50:00+00:00,0.0,KILM
2026-08-06 23:53:00+00:00,0.0,KILM
2026-08-06 23:55:00+00:00,0.0,KILM
2026-08-07 00:00:00+00:00,0.0,KILM
2026-08-07 00:05:00+00:00,0.0,KILM
2026-08-07 00:10:00+00:00,0.0,KILM
2026-08-07 00:15:00+00:00,0.0,KILM
2026-08-07 00:20:00+00:00,0.0,KILM
2026-08-07 00:25:00+00:00,0.0,KILM
2026-08-07 00:30:00+00:00,0.0,KILM
2026-08-07 00:35:00+00:00,0.0,KILM
2026-08-07 00:40:00+00:00,0.0,KILM
2026-08-07 00:45:00+00:00,0.0,KILM
2026-08-07 00:50:00+00:00,0.0,KILM
2026-08-07 00:53:00+00:00,0.0,KILM
2026-08-07 00:55:00+00:00,0.0,KILM
2026-08-07 01:00:00+00:00,0.0,KILM
2026-08-07 01:05:00+00:00,0.0,KILM
2026-08-07 01:10:00+00:00,0.0,KILM
2026-08-07 01:15:00+00:00,0.0,KILM
2026-08-07 01:20:00+00:00,0.0,KILM
2026-08-07 01:25:00+00:00,0.0,KILM
2026-08-07 01:30:00+00:00,0.0,KILM
2026-08-07 01:35:00+00:00,0.0,KILM
2026-08-07 01:40:00+00:00,0.0,KILM
2026-08-07 01:45:00+00:00,0.0,KILM
2026-08-07 01:50:00+00:00,0.0,KILM
2026-08-07 01:53:00+00:00,0.0,KILM
2026-08-07 01:55:00+00:00,0.0,KILM
2026-08-07 02:00:00+00:00,0.0,KILM
2026-08-07 02:05:00+00:00,0.0,KILM
2026-08-07 02:10:00+00:00,0.0,KILM
2026-08-07 02:15:00+00:00,0.0,KILM
2026-08-07 02:20:00+00:00,0.0,KILM
2026-08-07 02:25:00+00:00,0.0,KILM
2026-08-07 02:30:00+00:00,0.0,KILM
2026-08-07 02:35:00+00:00,0.0,KILM
2026-08-07 02:40:00+00:00,0.0,KILM
2026-08-07 02:45:00+00:00,0.0,KILM
2026-08-07 02:50:00+00:00,0.0,KILM
2026-08-07 02:53:00+00:00,0.0,KILM
2026-08-07 02:55:00+00:00,0.0,KILM
2026-08-07 03:00:00+00:00,0.0,KILM
2026-08-07 03:05:00+00:00,0.0,KILM
2026-08-07 03:10:00+00:00,0.0,KILM
2026-08-07 03:15:00+00:00,0.0,KILM
2026-08-07 03:20:00+00:00,0.0,KILM
2026-08-07 03:25:00+00:00,0.0,KILM
2026-08-07 03:30:00+00:00,0.0,KILM
2026-08-07 03:35:00+00:00,0.0,KILM
2026-08-07 03:40:00+00:00,0.0,KILM
2026-08-07 03:45:00+00:00,0.0,KILM
2026-08-07 03:50:00+00:00,0.0,KILM
2026-08-07 03:53:00+00:00,0.0,KILM
2026-08-07 03:55:00+00:00,0.0,KFBG
2026-08-07 04:00:00+00:00,0.0,KILM
2026-08-07 04:05:00+00:00,0.0,KILM
2026-08-07 04:10:00+00:00,0.0,KILM
2026-08-07 04:15:00+00:00,0.0,KILM
2026-08-07 04:20:00+00:00,0.0,KILM
2026-08-07 04:25:00+00:00,0.0,KILM
2026-08-07 04:30:00+00:00,0.0,KILM
2026-08-07 04:35:00+00:00,0.0,KILM
2026-08-07 04:40:00+00:00,0.0,KILM
2026-08-07 04:45:00+00:00,0.0,KILM
2026-08-07 04:50:00+00:00,0.0,KILM
2026-08-07 04:53:00+00:00,0.0,KILM
2026-08-07 04:55:00+00:00,0.0,KFBG
2026-08-07 05:00:00+00:00,0.0,KILM
2026-08-07 05:05:00+00:00,0.0,KILM
2026-08-07 05:10:00+00:00,0.0,KILM
2026-08-07 05:15:00+00:00,0.0,KILM
2026-08-07 05:20:00+00:00,0.0,KILM
2026-08-07 05:25:00+00:00,0.0,KFBG
2026-08-07 05:30:00+00:00,0.0,KILM
2026-08-07 05:35:00+00:00,0.0,KILM
2026-08-07 05:40:00+00:00,0.0,KILM
2026-08-07 05:45:00+00:00,0.0,KILM
2026-08-07 05:50:00+00:00,0.0,KILM
2026-08-07 05:53:00+00:00,0.0,KILM
2026-08-07 05:55:00+00:00,0.0,KFBG
2026-08-07 06:00:00+00:00,0.0,KILM
2026-08-07 06:05:00+00:00,0.0,KILM
2026-08-07 06:10:00+00:00,0.0,KILM
2026-08-07 06:15:00+00:00,0.0,KILM
2026-08-07 06:20:00+00:00,0.0,KILM
2026-08-07 06:25:00+00:00,0.0,KILM
2026-08-07 06:30:00+00:00,0.0,KILM
2026-08-07 06:35:00+00:00,0.0,KFBG
2026-08-07 06:40:00+00:00,0.0,KILM
2026-08-07 06:45:00+00:00,0.0,KFBG
2026-08-07 06:50:00+00:00,0.0,KILM
2026-08-07 06:53:00+00:00,0.0,KILM
2026-08-07 06:55:00+00:00,0.0,KFBG
2026-08-07 07:00:00+00:00,0.0,KILM
2026-08-07 07:05:00+00:00,0.0,KILM
2026-08-07 07:10:00+00:00,0.0,KILM
2026-08-07 07:15:00+00:00,0.0,KILM
2026-08-07 07:20:00+00:00,0.0,KILM
2026-08-07 07:25:00+00:00,0.0,KILM
2026-08-07 07:30:00+00:00,0.0,KFBG
2026-08-07 07:35:00+00:00,0.0,KILM
2026-08-07 07:40:00+00:00,0.0,KILM
2026-08-07 07:45:00+00:00,0.0,KILM
2026-08-07 07:50:00+00:00,0.0,KILM
2026-08-07 07:53:00+00:00,0.0,KILM
2026-08-07 07:55:00+00:00,0.0,KFBG
2026-08-07 08:00:00+00:00,0.0,KILM
2026-08-07 08:05:00+00:00,0.0,KILM
2026-08-07 08:10:00+00:00,0.0,KILM
2026-08-07 08:15:00+00:00,0.0,KILM
2026-08-07 08:20:00+00:00,0.0,KILM
2026-08-07 08:25:00+00:00,0.0,KILM
2026-08-07 08:30:00+00:00,0.0,KILM
2026-08-07 08:35:00+00:00,0.0,KILM
2026-08-07 08:40:00+00:00,0.0,KILM
2026-08-07 08:45:00+00:00,0.0,KILM
2026-08-07 08:50:00+00:00,0.0,KILM
2026-08-07 08:53:00+00:00,0.0,KILM
2026-08-07 08:55:00+00:00,0.0,KFBG
2026-08-07 09:00:00+00:00,0.0,KILM
2026-08-07 09:05:00+00:00,0.0,KFBG
2026-08-07 09:10:00+00:00,0.0,KFBG
2026-08-07 09:15:00+00:00,0.0,KFBG
2026-08-07 09:20:00+00:00,0.0,KFBG
2026-08-07 09:25:00+00:00,0.0,KILM
2026-08-07 09:30:00+00:00,0.0,KILM
2026-08-07 09:35:00+00:00,0.0,KFBG
2026-08-07 09:40:00+00:00,0.0,KILM
2026-08-07 09:45:00+00:00,0.0,KFBG
2026-08-07 09:50:00+00:00,0.0,KILM
2026-08-07 09:53:00+00:00,0.0,KILM
2026-08-07 09:55:00+00:00,0.0,KFBG
2026-08-07 10:00:00+00:00,0.0,KILM
2026-08-07 10:05:00+00:00,0.0,KILM
2026-08-07 10:10:00+00:00,0.0,KILM
2026-08-07 10:15:00+00:00,0.0,KILM
2026-08-07 10:20:00+00:00,0.0,KILM
2026-08-07 10:25:00+00:00,0.0,KFBG
2026-08-07 10:30:00+00:00,0.0,KILM
2026-08-07 10:35:00+00:00,0.0,KILM
2026-08-07 10:40:00+00:00,0.0,KILM
2026-08-07 10:45:00+00:00,0.0,KILM
2026-08-07 10:50:00+00:00,0.0,KILM
2026-08-07 10:53:00+00:00,0.0,KILM
2026-08-07 10:55:00+00:00,0.0,KFBG
2026-08-07 11:00:00+00:00,0.0,KILM
2026-08-07 11:05:00+00:00,0.0,KILM
2026-08-07 11:10:00+00:00,0.0,KILM
2026-08-07 11:15:00+00:00,0.0,KILM
2026-08-07 11:20:00+00:00,0.0,KILM
2026-08-07 11:25:00+00:00,0.0,KILM
2026-08-07 11:30:00+00:00,0.0,KILM
2026-08-07 11:35:00+00:00,0.0,KILM
2026-08-07 11:40:00+00:00,0.0,KILM
2026-08-07 11:45:00+00:00,0.0,KILM
2026-08-07 11:50:00+00:00,0.0,KFBG
2026-08-07 11:53:00+00:00,0.0,KILM
2026-08-07 11:55:00+00:00,0.0,KFBG
2026-08-07 12:00:00+00:00,0.0,KILM
2026-08-07 12:05:00+00:00,0.0,KILM
2026-08-07 12:10:00+00:00,0.0,KILM
2026-08-07 12:15:00+00:00,0.0,KILM
2026-08-07 12:20:00+00:00,0.0,KILM
2026-08-07 12:25:00+00:00,0.0,KILM
2026-08-07 12:30:00+00:00,0.0,KILM
2026-08-07 12:35:00+00:00,0.0,KILM
2026-08-07 12:37:00+00:00,0.0,KFBG
2026-08-07 12:40:00+00:00,0.0,KILM
2026-08-07 12:42:00+00:00,0.0,KFBG
2026-08-07 12:45:00+00:00,0.0,KILM
2026-08-07 12:50:00+00:00,0.0,KILM
2026-08-07 12:53:00+00:00,0.0,KILM
2026-08-07 12:55:00+00:00,0.0,KFBG
2026-08-07 13:00:00+00:00,0.0,KILM
2026-08-07 13:05:00+00:00,0.0,KILM
2026-08-07 13:10:00+00:00,0.0,KILM
2026-08-07 13:15:00+00:00,0.0,KILM
2026-08-07 13:20:00+00:00,0.0,KILM
2026-08-07 13:25:00+00:00,0.0,KILM
2026-08-07 13:30:00+00:00,0.0,KFBG
2026-08-07 13:35:00+00:00,0.0,KFBG
2026-08-07 13:40:00+00:00,0.0,KILM
2026-08-07 13:43:00+00:00,0.0,KILM
2026-08-07 13:45:00+00:00,0.0,KILM
2026-08-07 13:50:00+00:00,0.0,KILM
2026-08-07 13:53:00+00:00,0.0,KILM
2026-08-07 13:55:00+00:00,0.0,KFBG
2026-08-07 14:00:00+00:00,0.0,KFBG
2026-08-07 14:05:00+00:00,0.0,KILM
2026-08-07 14:10:00+00:00,0.0,KILM
2026-08-07 14:15:00+00:00,0.0,KILM
2026-08-07 14:20:00+00:00,0.0,KFBG
2026-08-07 14:25:00+00:00,0.0,KILM
2026-08-07 14:30:00+00:00,0.0,KILM
2026-08-07 14:35:00+00:00,0.0,KILM
2026-08-07 14:40:00+00:00,0.0,KILM
2026-08-07 14:45:00+00:00,0.0,KILM
2026-08-07 14:50:00+00:00,0.0,KILM
2026-08-07 14:53:00+00:00,0.0,KILM
2026-08-07 14:55:00+00:00,0.0,KILM
2026-08-07 15:00:00+00:00,0.0,KILM
2026-08-07 15:05:00+00:00,0.0,KILM
2026-08-07 15:10:00+00:00,0.0,KILM
2026-08-07 15:15:00+00:00,0.0,KILM
2026-08-07 15:20:00+00:00,0.0,KILM
2026-08-07 15:25:00+00:00,0.0,KILM
2026-08-07 15:27:00+00:00,0.0,KILM
2026-08-07 15:30:00+00:00,0.0,KILM
2026-08-07 15:35:00+00:00,0.0,KILM
2026-08-07 15:40:00+00:00,0.0,KILM
2026-08-07 15:45:00+00:00,0.0,KILM
2026-08-07 15:50:00+00:00,0.0,KILM
2026-08-07 15:53:00+00:00,0.0,KILM
2026-08-07 15:55:00+00:00,0.0,KILM
2026-08-07 16:00:00+00:00,0.0,KILM
2026-08-07 16:05:00+00:00,0.0,KILM
2026-08-07 16:10:00+00:00,0.0,KILM
2026-08-07 16:15:00+00:00,0.0,KILM
2026-08-07 16:20:00+00:00,0.0,KILM
2026-08-07 16:24:00+00:00,0.0,KFBG
2026-08-07 16:25:00+00:00,0.0,KILM
2026-08-07 16:30:00+00:00,0.0,KILM
2026-08-07 16:35:00+00:00,0.0,KILM
2026-08-07 16:40:00+00:00,0.0,KILM
2026-08-07 16:45:00+00:00,0.0,KILM
2026-08-07 16:50:00+00:00,0.0,KILM
2026-08-07 16:53:00+00:00,0.0,KILM
2026-08-07 16:55:00+00:00,0.0,KILM
2026-08-07 16:56:00+00:00,0.0,KILM
2026-08-07 16:58:00+00:00,0.0590551181102362,KILM
2026-08-07 17:00:00+00:00,0.0,KILM
2026-08-07 17:05:00+00:00,0.0,KILM
2026-08-07 17:10:00+00:00,0.0,KILM
2026-08-07 17:15:00+00:00,0.0,KILM
2026-08-07 17:20:00+00:00,0.0,KILM
2026-08-07 17:25:00+00:00,0.0,KILM
2026-08-07 17:30:00+00:00,0.0,KILM
2026-08-07 17:35:00+00:00,0.0,KILM
2026-08-07 17:40:00+00:00,0.0,KILM
2026-08-07 17:45:00+00:00,0.0,KILM
2026-08-07 17:46:00+00:00,0.0590551181102362,KILM
2026-08-07 17:47:00+00:00,0.0,KFBG
2026-08-07 17:50:00+00:00,0.0,KILM
2026-08-07 17:53:00+00:00,0.0590551181102362,KILM
2026-08-07 17:55:00+00:00,0.0,KILM
2026-08-07 18:00:00+00:00,0.0,KILM
2026-08-07 18:05:00+00:00,0.0,KILM
2026-08-07 18:10:00+00:00,0.0,KILM
2026-08-07 18:15:00+00:00,0.0,KILM
2026-08-07 18:20:00+00:00,0.0,KILM
2026-08-07 18:25:00+00:00,0.0,KILM
2026-08-07 18:30:00+00:00,0.0,KILM
2026-08-07 18:35:00+00:00,0.0,KILM
2026-08-07 18:37:00+00:00,0.0,KFBG
2026-08-07 18:40:00+00:00,0.0,KILM
2026-08-07 18:45:00+00:00,0.0,KILM
2026-08-07 18:50:00+00:00,0.0,KILM
2026-08-07 18:53:00+00:00,0.0,KILM
2026-08-07 18:55:00+00:00,0.0,KILM
2026-08-07 19:00:00+00:00,0.0,KILM
2026-08-07 19:05:00+00:00,0.0,KILM
2026-08-07 19:10:00+00:00,0.0,KILM
2026-08-07 19:13:00+00:00,0.0196850393700787,KILM
2026-08-07 19:15:00+00:00,0.0,KILM
2026-08-07 19:20:00+00:00,0.0,KILM
2026-08-07 19:25:00+00:00,0.0,KILM
2026-08-07 19:30:00+00:00,0.0,KILM
2026-08-07 19:35:00+00:00,0.0,KILM
2026-08-07 19:40:00+00:00,0.0,KILM
2026-08-07 19:45:00+00:00,0.0,KILM
2026-08-07 19:50:00+00:00,0.0,KILM
2026-08-07 19:53:00+00:00,0.0314960629921259,KILM
2026-08-07 19:55:00+00:00,0.0,KILM
2026-08-07 20:00:00+00:00,0.0,KILM
2026-08-07 20:05:00+00:00,0.0,KILM
2026-08-07 20:10:00+00:00,0.0,KILM
2026-08-07 20:15:00+00:00,0.0,KILM
2026-08-07 20:20:00+00:00,0.0,KILM
2026-08-07 20:22:00+00:00,0.0,KFBG
2026-08-07 20:25:00+00:00,0.0,KILM
2026-08-07 20:30:00+00:00,0.0,KILM
2026-08-07 20:35:00+00:00,0.0,KILM
2026-08-07 20:40:00+00:00,0.0,KILM
2026-08-07 20:45:00+00:00,0.0,KILM
2026-08-07 20:50:00+00:00,0.0,KILM
2026-08-07 20:53:00+00:00,0.0,KILM
2026-08-07 20:55:00+00:00,0.0,KILM
2026-08-07 20:57:00+00:00,0.0,KFBG
2026-08-07 21:00:00+00:00,0.0,KILM
2026-08-07 21:05:00+00:00,0.0,KILM
2026-08-07 21:06:00+00:00,0.0,KFBG
2026-08-07 21:10:00+00:00,0.0,KILM
2026-08-07 21:15:00+00:00,0.0,KILM
2026-08-07 21:20:00+00:00,0.0,KILM
2026-08-07 21:25:00+00:00,0.0,KILM
2026-08-07 21:30:00+00:00,0.0,KILM
2026-08-07 21:35:00+00:00,0.0,KILM
2026-08-07 21:40:00+00:00,0.0,KILM
2026-08-07 21:45:00+00:00,0.0,KILM
2026-08-07 21:50:00+00:00,0.0,KILM
2026-08-07 21:53:00+00:00,0.0,KILM
2026-08-07 21:55:00+00:00,0.0,KILM
2026-08-07 22:00:00+00:00,0.0,KILM
2026-08-07 22:05:00+00:00,0.0,KILM
2026-08-07 22:10:00+00:00,0.0,KILM
2026-08-07 22:15:00+00:00,0.0,KILM
2026-08-07 22:20:00+00:00,0.0,KILM
2026-08-07 22:25:00+00:00,0.0,KILM
2026-08-07 22:30:00+00:00,0.0,KILM
2026-08-07 22:35:00+00:00,0.0,KILM
2026-08-07 22:40:00+00:00,0.0,KILM
2026-08-07 22:45:00+00:00,0.0,KILM
2026-08-07 22:50:00+00:00,0.0,KILM
2026-08-07 22:53:00+00:00,0.0,KILM
2026-08-07 22:55:00+00:00,0.0,KILM
2026-08-07 23:00:00+00:00,0.0,KILM
2026-08-07 23:05:00+00:00,0.0,KILM
2026-08-07 23:10:00+00:00,0.0,KILM
2026-08-07 23:15:00+00:00,0.0,KILM
2026-08-07 23:20:00+00:00,0.0,KILM
2026-08-07 23:25:00+00:00,0.0,KILM
2026-08-07 23:30:00+00:00,0.0,KILM
2026-08-07 23:35:00+00:00,0.0,KILM
2026-08-07 23:40:00+00:00,0.0,KILM
2026-08-07 23:45:00+00:00,0.0,KILM
2026-08-07 23:50:00+00:00,0.0,KILM
2026-08-07 23:53:00+00:00,0.0,KILM
2026-08-07 23:55:00+00:00,0.0,KILM
2026-08-08 00:00:00+00:00,0.0,KILM
2026-08-08 00:05:00+00:00,0.0,KILM
2026-08-08 00:10:00+00:00,0.0,KILM
2026-08-08 00:12:00+00:00,0.0,KFBG
2026-08-08 00:15:00+00:00,0.0,KILM
2026-08-08 00:20:00+00:00,0.0,KILM
2026-08-08 00:25:00+00:00,0.0,KILM
2026-08-08 00:30:00+00:00,0.0,KILM
2026-08-08 00:35:00+00:00,0.0,KILM
2026-08-08 00:40:00+00:00,0.0,KILM
2026-08-08 00:45:00+00:00,0.0,KILM
2026-08-08 00:50:00+00:00,0.0,KILM
2026-08-08 00:53:00+00:00,0.0,KILM
2026-08-08 00:55:00+00:00,0.0,KILM
2026-08-08 01:00:00+00:00,0.0,KILM
2026-08-08 01:05:00+00:00,0.0,KILM
2026-08-08 01:10:00+00:00,0.0,KILM
2026-08-08 01:15:00+00:00,0.0,KILM
2026-08-08 01:20:00+00:00,0.0,KILM
2026-08-08 01:25:00+00:00,0.0,KILM
2026-08-08 01:30:00+00:00,0.0,KILM
2026-08-08 01:35:00+00:00,0.0,KILM
2026-08-08 01:40:00+00:00,0.0,KILM
2026-08-08 01:45:00+00:00,0.0,KILM
2026-08-08 01:50:00+00:00,0.0,KILM
2026-08-08 01:53:00+00:00,0.0,KILM
2026-08-08 01:55:00+00:00,0.0,KILM
2026-08-08 02:00:00+00:00,0.0,KILM
2026-08-08 02:05:00+00:00,0.0,KILM
2026-08-08 02:10:00+00:00,0.0,KILM
2026-08-08 02:15:00+00:00,0.0,KILM
2026-08-08 02:20:00+00:00,0.0,KILM
2026-08-08 02:25:00+00:00,0.0,KILM
2026-08-08 02:30:00+00:00,0.0,KILM
2026-08-08 02:35:00+00:00,0.0,KILM
2026-08-08 02:40:00+00:00,0.0,KILM
2026-08-08 02:45:00+00:00,0.0,KILM
2026-08-08 02:50:00+00:00,0.0,KILM
2026-08-08 02:53:00+00:00,0.0,KILM
2026-08-08 02:55:00+00:00,0.0,KILM
2026-08-08 03:00:00+00:00,0.0,KILM
2026-08-08 03:05:00+00:00,0.0,KILM
2026-08-08 03:10:00+00:00,0.0,KILM
2026-08-08 03:15:00+00:00,0.0,KILM
2026-08-08 03:20:00+00:00,0.0,KILM
2026-08-08 03:35:00+00:00,0.0,KACZ
2026-08-08 03:55:00+00:00,0.0,KACZ
2026-08-08 04:15:00+00:00,0.0,KACZ
2026-08-08 04:35:00+00:00,0.0,KACZ
2026-08-08 04:55:00+00:00,0.0,KACZ
2026-08-08 05:15:00+00:00,0.0,KACZ
2026-08-08 05:35:00+00:00,0.0,KACZ
2026-08-08 05:45:00+00:00,0.0,KFBG
2026-08-08 05:55:00+00:00,0.0,KACZ
2026-08-08 06:15:00+00:00,0.0,KACZ
2026-08-08 06:35:00+00:00,0.0,KACZ
2026-08-08 06:55:00+00:00,0.0,KFBG
2026-08-08 07:15:00+00:00,0.0,KACZ
2026-08-08 07:35:00+00:00,0.0,KACZ
2026-08-08 07:55:00+00:00,0.0,KFBG
2026-08-08 08:15:00+00:00,0.0,KACZ
2026-08-08 08:35:00+00:00,0.0,KACZ
2026-08-08 09:15:00+00:00,0.0,KACZ
2026-08-08 09:35:00+00:00,0.0,KACZ
2026-08-08 10:15:00+00:00,0.0,KACZ
2026-08-08 10:35:00+00:00,0.0,KACZ
2026-08-08 11:15:00+00:00,0.0,KACZ
2026-08-08 11:35:00+00:00,0.0,KACZ
2026-08-08 12:15:00+00:00,0.0,KACZ
2026-08-08 12:35:00+00:00,0.0,KACZ
2026-08-08 13:15:00+00:00,0.0,KACZ
2026-08-08 13:35:00+00:00,0.0,KACZ
2026-08-08 13:55:00+00:00,0.0,KFBG
2026-08-08 14:15:00+00:00,0.0,KACZ
2026-08-08 14:35:00+00:00,0.0,KACZ
2026-08-08 14:55:00+00:00,0.0,KFBG
2026-08-08 15:15:00+00:00,0.0,KACZ
2026-08-08 15:35:00+00:00,0.0,KACZ
2026-08-08 15:54:00+00:00,0.0,KFBG
2026-08-08 15:55:00+00:00,0.0,KFBG
2026-08-08 16:15:00+00:00,0.0,KACZ
2026-08-08 16:35:00+00:00,0.0,KACZ
2026-08-08 16:40:00+00:00,0.0,KFBG
2026-08-08 18:48:00+00:00,0.0,KFBG
2026-08-08 18:55:00+00:00,0.0,KFBG
2026-08-08 19:55:00+00:00,0.0,KFBG
2026-08-08 20:27:00+00:00,0.0,KFBG
2026-08-08 20:55:00+00:00,0.0,KFBG
2026-08-08 21:55:00+00:00,0.0,KFBG
2026-08-08 22:33:00+00:00,0.0,KFBG
2026-08-08 22:55:00+00:00,0.0,KFBG
2026-08-08 23:46:00+00:00,0.0,KFBG
2026-08-08 23:55:00+00:00,0.0,KFBG
2026-08-09 00:13:00+00:00,0.0,KFBG
2026-08-09 00:55:00+00:00,0.0,KFBG
2026-08-09 01:55:00+00:00,0.0,KFBG
2026-08-09 02:55:00+00:00,0.0,KFBG
2026-08-09 03:55:00+00:00,0.0,KFBG
2026-08-09 04:55:00+00:00,0.0,KFBG
2026-08-09 05:55:00+00:00,0.0,KFBG
2026-08-09 06:55:00+00:00,0.0,KFBG
2026-08-09 07:55:00+00:00,0.0,KFBG
2026-08-09 08:55:00+00:00,0.0,KFBG
2026-08-09 09:55:00+00:00,0.0,KFBG
2026-08-09 10:35:00+00:00,0.0,KFBG
2026-08-09 10:55:00+00:00,0.0,KFBG
2026-08-09 11:55:00+00:00,0.0,KFBG
2026-08-09 12:55:00+00:00,0.0,KFBG
2026-08-09 13:49:00+00:00,0.0,KFBG
2026-08-09 13:55:00+00:00,0.0,KFBG
2026-08-09 14:55:00+00:00,0.0,KFBG
2026-08-09 15:55:00+00:00,0.0,KFBG
2026-08-09 16:55:00+00:00,0.0,KFBG
2026-08-09 17:38:00+00:00,0.0,KFBG
2026-08-09 17:55:00+00:00,0.0,KFBG
2026-08-09 18:53:00+00:00,0.0,KFBG
2026-08-09 18:55:00+00:00,0.0,KFBG
